Instance_accession,ELMIdentifier,FunctionalSiteName,ELMType,Description,InteractionDomainId,InteractionDomainDescription,InteractionDomainName,Regex,Instances (Matched Sequence),motif_start_in_query,motif_end_in_query,ProteinName,Organism,References,InstanceLogic,#Instances,#Instances_in_PDB,IUPred
ELME000102,CLV_NRD_NRD_1,NRD cleavage site,CLV,N-Arg dibasic convertase (NRD/Nardilysin) cleavage site (X-|-R-K or R-|-R-X).,PF00675,Peptidase_M16,Insulinase (Peptidase family M16),(.RK)|(RR[^KR]),RRQ,402,404,PDYN_RAT,Rattus norvegicus,8294457,true positive,2,0,disordered
ELME000102,CLV_NRD_NRD_1,NRD cleavage site,CLV,N-Arg dibasic convertase (NRD/Nardilysin) cleavage site (X-|-R-K or R-|-R-X).,PF00675,Peptidase_M16,Insulinase (Peptidase family M16),(.RK)|(RR[^KR]),RRQ,402,404,SMS_RAT,Rattus norvegicus,8294457,true positive,2,0,disordered
ELME000102,CLV_NRD_NRD_1,NRD cleavage site,CLV,N-Arg dibasic convertase (NRD/Nardilysin) cleavage site (X-|-R-K or R-|-R-X).,PF00675,Peptidase_M16,Insulinase (Peptidase family M16),(.RK)|(RR[^KR]),LRK,537,539,PDYN_RAT,Rattus norvegicus,8294457,true positive,2,0,disordered
ELME000102,CLV_NRD_NRD_1,NRD cleavage site,CLV,N-Arg dibasic convertase (NRD/Nardilysin) cleavage site (X-|-R-K or R-|-R-X).,PF00675,Peptidase_M16,Insulinase (Peptidase family M16),(.RK)|(RR[^KR]),LRK,537,539,SMS_RAT,Rattus norvegicus,8294457,true positive,2,0,disordered
ELME000102,CLV_NRD_NRD_1,NRD cleavage site,CLV,N-Arg dibasic convertase (NRD/Nardilysin) cleavage site (X-|-R-K or R-|-R-X).,PF00675,Peptidase_M16,Insulinase (Peptidase family M16),(.RK)|(RR[^KR]),RRS,544,546,PDYN_RAT,Rattus norvegicus,8294457,true positive,2,0,disordered
ELME000102,CLV_NRD_NRD_1,NRD cleavage site,CLV,N-Arg dibasic convertase (NRD/Nardilysin) cleavage site (X-|-R-K or R-|-R-X).,PF00675,Peptidase_M16,Insulinase (Peptidase family M16),(.RK)|(RR[^KR]),RRS,544,546,SMS_RAT,Rattus norvegicus,8294457,true positive,2,0,disordered
ELME000102,CLV_NRD_NRD_1,NRD cleavage site,CLV,N-Arg dibasic convertase (NRD/Nardilysin) cleavage site (X-|-R-K or R-|-R-X).,PF00675,Peptidase_M16,Insulinase (Peptidase family M16),(.RK)|(RR[^KR]),RRT,547,549,PDYN_RAT,Rattus norvegicus,8294457,true positive,2,0,disordered
ELME000102,CLV_NRD_NRD_1,NRD cleavage site,CLV,N-Arg dibasic convertase (NRD/Nardilysin) cleavage site (X-|-R-K or R-|-R-X).,PF00675,Peptidase_M16,Insulinase (Peptidase family M16),(.RK)|(RR[^KR]),RRT,547,549,SMS_RAT,Rattus norvegicus,8294457,true positive,2,0,disordered
ELME000101,CLV_PCSK_FUR_1,PCSK cleavage site,CLV,Furin (PACE) cleavage site (R-X-[RK]-R-|-X).,PF00082,Peptidase_S8,Subtilase family,R.[RK]R.,RRRRR,541,545,BMP1_HUMAN,Homo sapiens,12637569,true positive,13,0,disordered
ELME000101,CLV_PCSK_FUR_1,PCSK cleavage site,CLV,Furin (PACE) cleavage site (R-X-[RK]-R-|-X).,PF00082,Peptidase_S8,Subtilase family,R.[RK]R.,RRRRR,541,545,ENV_FFV,Feline foamy virus,15564468,true positive,13,0,disordered
ELME000101,CLV_PCSK_FUR_1,PCSK cleavage site,CLV,Furin (PACE) cleavage site (R-X-[RK]-R-|-X).,PF00082,Peptidase_S8,Subtilase family,R.[RK]R.,RRRRR,541,545,ENV_HTLV2,Human T-lymphotropic virus 2,12487813,true positive,13,0,disordered
ELME000101,CLV_PCSK_FUR_1,PCSK cleavage site,CLV,Furin (PACE) cleavage site (R-X-[RK]-R-|-X).,PF00082,Peptidase_S8,Subtilase family,R.[RK]R.,RRRRR,541,545,ENV_HV1B1,Human immunodeficiency virus type 1 BH10,11063880,true positive,13,0,disordered
ELME000101,CLV_PCSK_FUR_1,PCSK cleavage site,CLV,Furin (PACE) cleavage site (R-X-[RK]-R-|-X).,PF00082,Peptidase_S8,Subtilase family,R.[RK]R.,RRRRR,541,545,ENV_HV1H2,HIV-1 M:B_HXB2R,8163529 7774724,true positive,13,0,disordered
ELME000101,CLV_PCSK_FUR_1,PCSK cleavage site,CLV,Furin (PACE) cleavage site (R-X-[RK]-R-|-X).,PF00082,Peptidase_S8,Subtilase family,R.[RK]R.,RRRRR,541,545,FUS_HRSVA,Human respiratory syncytial virus A2,11369882,true positive,13,0,disordered
ELME000101,CLV_PCSK_FUR_1,PCSK cleavage site,CLV,Furin (PACE) cleavage site (R-X-[RK]-R-|-X).,PF00082,Peptidase_S8,Subtilase family,R.[RK]R.,RRRRR,541,545,GB_EBVB9,Human herpesvirus 4 (strain B95-8),19218203,true positive,13,0,disordered
ELME000101,CLV_PCSK_FUR_1,PCSK cleavage site,CLV,Furin (PACE) cleavage site (R-X-[RK]-R-|-X).,PF00082,Peptidase_S8,Subtilase family,R.[RK]R.,RRRRR,541,545,POLG_DEN1B,Dengue virus 1 Brazil/97-11/1997,20062797,true positive,13,0,disordered
ELME000101,CLV_PCSK_FUR_1,PCSK cleavage site,CLV,Furin (PACE) cleavage site (R-X-[RK]-R-|-X).,PF00082,Peptidase_S8,Subtilase family,R.[RK]R.,RRRRR,541,545,SPIKE_IBVB,Avian infectious bronchitis virus (strain Beaudette),19553314,true positive,13,0,disordered
ELME000101,CLV_PCSK_FUR_1,PCSK cleavage site,CLV,Furin (PACE) cleavage site (R-X-[RK]-R-|-X).,PF00082,Peptidase_S8,Subtilase family,R.[RK]R.,RRRRR,541,545,VGP_EBOZM,"Ebola virus - Mayinga, Zaire, 1976",9576958,true positive,13,0,disordered
ELME000101,CLV_PCSK_FUR_1,PCSK cleavage site,CLV,Furin (PACE) cleavage site (R-X-[RK]-R-|-X).,PF00082,Peptidase_S8,Subtilase family,R.[RK]R.,RRRRR,541,545,VL2_HPV16,Human papillomavirus type 16,16432208,true positive,13,0,disordered
ELME000101,CLV_PCSK_FUR_1,PCSK cleavage site,CLV,Furin (PACE) cleavage site (R-X-[RK]-R-|-X).,PF00082,Peptidase_S8,Subtilase family,R.[RK]R.,RRRRR,541,545,VSGP_EBOZM,"Ebola virus - Mayinga, Zaire, 1976",10603327,true positive,13,0,disordered
ELME000101,CLV_PCSK_FUR_1,PCSK cleavage site,CLV,Furin (PACE) cleavage site (R-X-[RK]-R-|-X).,PF00082,Peptidase_S8,Subtilase family,R.[RK]R.,RRRRS,542,546,BMP1_HUMAN,Homo sapiens,12637569,true positive,13,0,disordered
ELME000101,CLV_PCSK_FUR_1,PCSK cleavage site,CLV,Furin (PACE) cleavage site (R-X-[RK]-R-|-X).,PF00082,Peptidase_S8,Subtilase family,R.[RK]R.,RRRRS,542,546,ENV_FFV,Feline foamy virus,15564468,true positive,13,0,disordered
ELME000101,CLV_PCSK_FUR_1,PCSK cleavage site,CLV,Furin (PACE) cleavage site (R-X-[RK]-R-|-X).,PF00082,Peptidase_S8,Subtilase family,R.[RK]R.,RRRRS,542,546,ENV_HTLV2,Human T-lymphotropic virus 2,12487813,true positive,13,0,disordered
ELME000101,CLV_PCSK_FUR_1,PCSK cleavage site,CLV,Furin (PACE) cleavage site (R-X-[RK]-R-|-X).,PF00082,Peptidase_S8,Subtilase family,R.[RK]R.,RRRRS,542,546,ENV_HV1B1,Human immunodeficiency virus type 1 BH10,11063880,true positive,13,0,disordered
ELME000101,CLV_PCSK_FUR_1,PCSK cleavage site,CLV,Furin (PACE) cleavage site (R-X-[RK]-R-|-X).,PF00082,Peptidase_S8,Subtilase family,R.[RK]R.,RRRRS,542,546,ENV_HV1H2,HIV-1 M:B_HXB2R,8163529 7774724,true positive,13,0,disordered
ELME000101,CLV_PCSK_FUR_1,PCSK cleavage site,CLV,Furin (PACE) cleavage site (R-X-[RK]-R-|-X).,PF00082,Peptidase_S8,Subtilase family,R.[RK]R.,RRRRS,542,546,FUS_HRSVA,Human respiratory syncytial virus A2,11369882,true positive,13,0,disordered
ELME000101,CLV_PCSK_FUR_1,PCSK cleavage site,CLV,Furin (PACE) cleavage site (R-X-[RK]-R-|-X).,PF00082,Peptidase_S8,Subtilase family,R.[RK]R.,RRRRS,542,546,GB_EBVB9,Human herpesvirus 4 (strain B95-8),19218203,true positive,13,0,disordered
ELME000101,CLV_PCSK_FUR_1,PCSK cleavage site,CLV,Furin (PACE) cleavage site (R-X-[RK]-R-|-X).,PF00082,Peptidase_S8,Subtilase family,R.[RK]R.,RRRRS,542,546,POLG_DEN1B,Dengue virus 1 Brazil/97-11/1997,20062797,true positive,13,0,disordered
ELME000101,CLV_PCSK_FUR_1,PCSK cleavage site,CLV,Furin (PACE) cleavage site (R-X-[RK]-R-|-X).,PF00082,Peptidase_S8,Subtilase family,R.[RK]R.,RRRRS,542,546,SPIKE_IBVB,Avian infectious bronchitis virus (strain Beaudette),19553314,true positive,13,0,disordered
ELME000101,CLV_PCSK_FUR_1,PCSK cleavage site,CLV,Furin (PACE) cleavage site (R-X-[RK]-R-|-X).,PF00082,Peptidase_S8,Subtilase family,R.[RK]R.,RRRRS,542,546,VGP_EBOZM,"Ebola virus - Mayinga, Zaire, 1976",9576958,true positive,13,0,disordered
ELME000101,CLV_PCSK_FUR_1,PCSK cleavage site,CLV,Furin (PACE) cleavage site (R-X-[RK]-R-|-X).,PF00082,Peptidase_S8,Subtilase family,R.[RK]R.,RRRRS,542,546,VL2_HPV16,Human papillomavirus type 16,16432208,true positive,13,0,disordered
ELME000101,CLV_PCSK_FUR_1,PCSK cleavage site,CLV,Furin (PACE) cleavage site (R-X-[RK]-R-|-X).,PF00082,Peptidase_S8,Subtilase family,R.[RK]R.,RRRRS,542,546,VSGP_EBOZM,"Ebola virus - Mayinga, Zaire, 1976",10603327,true positive,13,0,disordered
ELME000101,CLV_PCSK_FUR_1,PCSK cleavage site,CLV,Furin (PACE) cleavage site (R-X-[RK]-R-|-X).,PF00082,Peptidase_S8,Subtilase family,R.[RK]R.,RSRRT,545,549,BMP1_HUMAN,Homo sapiens,12637569,true positive,13,0,disordered
ELME000101,CLV_PCSK_FUR_1,PCSK cleavage site,CLV,Furin (PACE) cleavage site (R-X-[RK]-R-|-X).,PF00082,Peptidase_S8,Subtilase family,R.[RK]R.,RSRRT,545,549,ENV_FFV,Feline foamy virus,15564468,true positive,13,0,disordered
ELME000101,CLV_PCSK_FUR_1,PCSK cleavage site,CLV,Furin (PACE) cleavage site (R-X-[RK]-R-|-X).,PF00082,Peptidase_S8,Subtilase family,R.[RK]R.,RSRRT,545,549,ENV_HTLV2,Human T-lymphotropic virus 2,12487813,true positive,13,0,disordered
ELME000101,CLV_PCSK_FUR_1,PCSK cleavage site,CLV,Furin (PACE) cleavage site (R-X-[RK]-R-|-X).,PF00082,Peptidase_S8,Subtilase family,R.[RK]R.,RSRRT,545,549,ENV_HV1B1,Human immunodeficiency virus type 1 BH10,11063880,true positive,13,0,disordered
ELME000101,CLV_PCSK_FUR_1,PCSK cleavage site,CLV,Furin (PACE) cleavage site (R-X-[RK]-R-|-X).,PF00082,Peptidase_S8,Subtilase family,R.[RK]R.,RSRRT,545,549,ENV_HV1H2,HIV-1 M:B_HXB2R,8163529 7774724,true positive,13,0,disordered
ELME000101,CLV_PCSK_FUR_1,PCSK cleavage site,CLV,Furin (PACE) cleavage site (R-X-[RK]-R-|-X).,PF00082,Peptidase_S8,Subtilase family,R.[RK]R.,RSRRT,545,549,FUS_HRSVA,Human respiratory syncytial virus A2,11369882,true positive,13,0,disordered
ELME000101,CLV_PCSK_FUR_1,PCSK cleavage site,CLV,Furin (PACE) cleavage site (R-X-[RK]-R-|-X).,PF00082,Peptidase_S8,Subtilase family,R.[RK]R.,RSRRT,545,549,GB_EBVB9,Human herpesvirus 4 (strain B95-8),19218203,true positive,13,0,disordered
ELME000101,CLV_PCSK_FUR_1,PCSK cleavage site,CLV,Furin (PACE) cleavage site (R-X-[RK]-R-|-X).,PF00082,Peptidase_S8,Subtilase family,R.[RK]R.,RSRRT,545,549,POLG_DEN1B,Dengue virus 1 Brazil/97-11/1997,20062797,true positive,13,0,disordered
ELME000101,CLV_PCSK_FUR_1,PCSK cleavage site,CLV,Furin (PACE) cleavage site (R-X-[RK]-R-|-X).,PF00082,Peptidase_S8,Subtilase family,R.[RK]R.,RSRRT,545,549,SPIKE_IBVB,Avian infectious bronchitis virus (strain Beaudette),19553314,true positive,13,0,disordered
ELME000101,CLV_PCSK_FUR_1,PCSK cleavage site,CLV,Furin (PACE) cleavage site (R-X-[RK]-R-|-X).,PF00082,Peptidase_S8,Subtilase family,R.[RK]R.,RSRRT,545,549,VGP_EBOZM,"Ebola virus - Mayinga, Zaire, 1976",9576958,true positive,13,0,disordered
ELME000101,CLV_PCSK_FUR_1,PCSK cleavage site,CLV,Furin (PACE) cleavage site (R-X-[RK]-R-|-X).,PF00082,Peptidase_S8,Subtilase family,R.[RK]R.,RSRRT,545,549,VL2_HPV16,Human papillomavirus type 16,16432208,true positive,13,0,disordered
ELME000101,CLV_PCSK_FUR_1,PCSK cleavage site,CLV,Furin (PACE) cleavage site (R-X-[RK]-R-|-X).,PF00082,Peptidase_S8,Subtilase family,R.[RK]R.,RSRRT,545,549,VSGP_EBOZM,"Ebola virus - Mayinga, Zaire, 1976",10603327,true positive,13,0,disordered
ELME000108,CLV_PCSK_KEX2_1,PCSK cleavage site,CLV,Yeast kexin 2 cleavage site (K-R-|-X or R-R-|-X).,PF00082,Peptidase_S8,Subtilase family,[KR]R.,RRQ,402,404,CIS3_YEAST,Saccharomyces cerevisiae S288c,10438739,true positive,1,0,disordered
ELME000108,CLV_PCSK_KEX2_1,PCSK cleavage site,CLV,Yeast kexin 2 cleavage site (K-R-|-X or R-R-|-X).,PF00082,Peptidase_S8,Subtilase family,[KR]R.,RRR,541,543,CIS3_YEAST,Saccharomyces cerevisiae S288c,10438739,true positive,1,0,disordered
ELME000108,CLV_PCSK_KEX2_1,PCSK cleavage site,CLV,Yeast kexin 2 cleavage site (K-R-|-X or R-R-|-X).,PF00082,Peptidase_S8,Subtilase family,[KR]R.,RRR,542,544,CIS3_YEAST,Saccharomyces cerevisiae S288c,10438739,true positive,1,0,disordered
ELME000108,CLV_PCSK_KEX2_1,PCSK cleavage site,CLV,Yeast kexin 2 cleavage site (K-R-|-X or R-R-|-X).,PF00082,Peptidase_S8,Subtilase family,[KR]R.,RRR,543,545,CIS3_YEAST,Saccharomyces cerevisiae S288c,10438739,true positive,1,0,disordered
ELME000108,CLV_PCSK_KEX2_1,PCSK cleavage site,CLV,Yeast kexin 2 cleavage site (K-R-|-X or R-R-|-X).,PF00082,Peptidase_S8,Subtilase family,[KR]R.,RRS,544,546,CIS3_YEAST,Saccharomyces cerevisiae S288c,10438739,true positive,1,0,disordered
ELME000108,CLV_PCSK_KEX2_1,PCSK cleavage site,CLV,Yeast kexin 2 cleavage site (K-R-|-X or R-R-|-X).,PF00082,Peptidase_S8,Subtilase family,[KR]R.,RRT,547,549,CIS3_YEAST,Saccharomyces cerevisiae S288c,10438739,true positive,1,0,disordered
ELME000103,CLV_PCSK_PC7_1,PCSK cleavage site,CLV,"Proprotein convertase 7 (PC7, PCSK7) cleavage site (R-X-X-X-[RK]-R-|-X).",PF00082,Peptidase_S8,Subtilase family,R...[KR]R.,RKQRRRR,538,544,BMP4_HUMAN,Homo sapiens,19651771,true positive,1,0,disordered
ELME000103,CLV_PCSK_PC7_1,PCSK cleavage site,CLV,"Proprotein convertase 7 (PC7, PCSK7) cleavage site (R-X-X-X-[RK]-R-|-X).",PF00082,Peptidase_S8,Subtilase family,R...[KR]R.,RRRSRRT,543,549,BMP4_HUMAN,Homo sapiens,19651771,true positive,1,0,disordered
ELME000388,DEG_SPOP_SBC_1,SPOP SBC docking motif,DEG,"The S/T rich motif known as the SPOP-binding consensus (SBC) of the MATH-BTB protein, SPOP, is present in substrates that undergo SPOP/Cul3-dependant ubiquitination.",PF00917,MATH,MATH domain,[AVP].[ST][ST][ST],PASTS,443,447,CI_DROME,Drosophila melanogaster,19818708,true positive,8,6,disordered
ELME000388,DEG_SPOP_SBC_1,SPOP SBC docking motif,DEG,"The S/T rich motif known as the SPOP-binding consensus (SBC) of the MATH-BTB protein, SPOP, is present in substrates that undergo SPOP/Cul3-dependant ubiquitination.",PF00917,MATH,MATH domain,[AVP].[ST][ST][ST],PASTS,443,447,DAXX_HUMAN,Homo sapiens,19818708,true positive,8,6,disordered
ELME000388,DEG_SPOP_SBC_1,SPOP SBC docking motif,DEG,"The S/T rich motif known as the SPOP-binding consensus (SBC) of the MATH-BTB protein, SPOP, is present in substrates that undergo SPOP/Cul3-dependant ubiquitination.",PF00917,MATH,MATH domain,[AVP].[ST][ST][ST],PASTS,443,447,H2AY_HUMAN,Homo sapiens,19818708,true positive,8,6,disordered
ELME000388,DEG_SPOP_SBC_1,SPOP SBC docking motif,DEG,"The S/T rich motif known as the SPOP-binding consensus (SBC) of the MATH-BTB protein, SPOP, is present in substrates that undergo SPOP/Cul3-dependant ubiquitination.",PF00917,MATH,MATH domain,[AVP].[ST][ST][ST],PASTS,443,447,Q9VHV8_DROME,Drosophila melanogaster,19818708,true positive,8,6,disordered
ELME000388,DEG_SPOP_SBC_1,SPOP SBC docking motif,DEG,"The S/T rich motif known as the SPOP-binding consensus (SBC) of the MATH-BTB protein, SPOP, is present in substrates that undergo SPOP/Cul3-dependant ubiquitination.",PF00917,MATH,MATH domain,[AVP].[ST][ST][ST],ASTSS,444,448,CI_DROME,Drosophila melanogaster,19818708,true positive,8,6,disordered
ELME000388,DEG_SPOP_SBC_1,SPOP SBC docking motif,DEG,"The S/T rich motif known as the SPOP-binding consensus (SBC) of the MATH-BTB protein, SPOP, is present in substrates that undergo SPOP/Cul3-dependant ubiquitination.",PF00917,MATH,MATH domain,[AVP].[ST][ST][ST],ASTSS,444,448,DAXX_HUMAN,Homo sapiens,19818708,true positive,8,6,disordered
ELME000388,DEG_SPOP_SBC_1,SPOP SBC docking motif,DEG,"The S/T rich motif known as the SPOP-binding consensus (SBC) of the MATH-BTB protein, SPOP, is present in substrates that undergo SPOP/Cul3-dependant ubiquitination.",PF00917,MATH,MATH domain,[AVP].[ST][ST][ST],ASTSS,444,448,H2AY_HUMAN,Homo sapiens,19818708,true positive,8,6,disordered
ELME000388,DEG_SPOP_SBC_1,SPOP SBC docking motif,DEG,"The S/T rich motif known as the SPOP-binding consensus (SBC) of the MATH-BTB protein, SPOP, is present in substrates that undergo SPOP/Cul3-dependant ubiquitination.",PF00917,MATH,MATH domain,[AVP].[ST][ST][ST],ASTSS,444,448,Q9VHV8_DROME,Drosophila melanogaster,19818708,true positive,8,6,disordered
ELME000358,DOC_CKS1_1,Cks1 ligand,DOC,Phospho-dependent motif that mediates docking of CDK substrates and regulators to cyclin-CDK-bound Cks1.,PF01111,CKS,Cyclin-dependent kinase regulatory subunit,[MPVLIFWYQ].(T)P..,VATPAP,346,351,CDC6_YEAST,Saccharomyces cerevisiae,24186063,true positive,8,1,disordered
ELME000358,DOC_CKS1_1,Cks1 ligand,DOC,Phospho-dependent motif that mediates docking of CDK substrates and regulators to cyclin-CDK-bound Cks1.,PF01111,CKS,Cyclin-dependent kinase regulatory subunit,[MPVLIFWYQ].(T)P..,VATPAP,346,351,SIC1_YEAST,Saccharomyces cerevisiae S288c,24186061 24186063,true positive,8,1,disordered
ELME000358,DOC_CKS1_1,Cks1 ligand,DOC,Phospho-dependent motif that mediates docking of CDK substrates and regulators to cyclin-CDK-bound Cks1.,PF01111,CKS,Cyclin-dependent kinase regulatory subunit,[MPVLIFWYQ].(T)P..,VATPAP,346,351,SIC1_YEAST,Saccharomyces cerevisiae S288c,24186061,true positive,8,1,disordered
ELME000358,DOC_CKS1_1,Cks1 ligand,DOC,Phospho-dependent motif that mediates docking of CDK substrates and regulators to cyclin-CDK-bound Cks1.,PF01111,CKS,Cyclin-dependent kinase regulatory subunit,[MPVLIFWYQ].(T)P..,VATPAP,346,351,SWE1_YEAST,Saccharomyces cerevisiae S288c,24186063,true positive,8,1,disordered
ELME000239,DOC_USP7_MATH_1,USP7 binding motif,DOC,The USP7 MATH domain binding motif variant based on the MDM2 and p53 interactions.,PF00917,MATH,MATH domain,[PA][^P][^FYWIL]S[^P],AAASK,431,435,MDM2_HUMAN,Homo sapiens,16474402,true positive,10,6,disordered
ELME000239,DOC_USP7_MATH_1,USP7 binding motif,DOC,The USP7 MATH domain binding motif variant based on the MDM2 and p53 interactions.,PF00917,MATH,MATH domain,[PA][^P][^FYWIL]S[^P],AAASK,431,435,MDM2_HUMAN,Homo sapiens,16402859,true positive,10,6,disordered
ELME000239,DOC_USP7_MATH_1,USP7 binding motif,DOC,The USP7 MATH domain binding motif variant based on the MDM2 and p53 interactions.,PF00917,MATH,MATH domain,[PA][^P][^FYWIL]S[^P],AAASK,431,435,MDM2_HUMAN,Homo sapiens,20713061,true positive,10,6,disordered
ELME000239,DOC_USP7_MATH_1,USP7 binding motif,DOC,The USP7 MATH domain binding motif variant based on the MDM2 and p53 interactions.,PF00917,MATH,MATH domain,[PA][^P][^FYWIL]S[^P],AAASK,431,435,MDM4_HUMAN,Homo sapiens,20713061,true positive,10,6,disordered
ELME000239,DOC_USP7_MATH_1,USP7 binding motif,DOC,The USP7 MATH domain binding motif variant based on the MDM2 and p53 interactions.,PF00917,MATH,MATH domain,[PA][^P][^FYWIL]S[^P],AAASK,431,435,P53_HUMAN,Homo sapiens,16474402 16402859,true positive,10,6,disordered
ELME000239,DOC_USP7_MATH_1,USP7 binding motif,DOC,The USP7 MATH domain binding motif variant based on the MDM2 and p53 interactions.,PF00917,MATH,MATH domain,[PA][^P][^FYWIL]S[^P],AAASK,431,435,P53_HUMAN,Homo sapiens,16474402,true positive,10,6,disordered
ELME000239,DOC_USP7_MATH_1,USP7 binding motif,DOC,The USP7 MATH domain binding motif variant based on the MDM2 and p53 interactions.,PF00917,MATH,MATH domain,[PA][^P][^FYWIL]S[^P],ASTSS,444,448,MDM2_HUMAN,Homo sapiens,16474402,true positive,10,6,disordered
ELME000239,DOC_USP7_MATH_1,USP7 binding motif,DOC,The USP7 MATH domain binding motif variant based on the MDM2 and p53 interactions.,PF00917,MATH,MATH domain,[PA][^P][^FYWIL]S[^P],ASTSS,444,448,MDM2_HUMAN,Homo sapiens,16402859,true positive,10,6,disordered
ELME000239,DOC_USP7_MATH_1,USP7 binding motif,DOC,The USP7 MATH domain binding motif variant based on the MDM2 and p53 interactions.,PF00917,MATH,MATH domain,[PA][^P][^FYWIL]S[^P],ASTSS,444,448,MDM2_HUMAN,Homo sapiens,20713061,true positive,10,6,disordered
ELME000239,DOC_USP7_MATH_1,USP7 binding motif,DOC,The USP7 MATH domain binding motif variant based on the MDM2 and p53 interactions.,PF00917,MATH,MATH domain,[PA][^P][^FYWIL]S[^P],ASTSS,444,448,MDM4_HUMAN,Homo sapiens,20713061,true positive,10,6,disordered
ELME000239,DOC_USP7_MATH_1,USP7 binding motif,DOC,The USP7 MATH domain binding motif variant based on the MDM2 and p53 interactions.,PF00917,MATH,MATH domain,[PA][^P][^FYWIL]S[^P],ASTSS,444,448,P53_HUMAN,Homo sapiens,16474402 16402859,true positive,10,6,disordered
ELME000239,DOC_USP7_MATH_1,USP7 binding motif,DOC,The USP7 MATH domain binding motif variant based on the MDM2 and p53 interactions.,PF00917,MATH,MATH domain,[PA][^P][^FYWIL]S[^P],ASTSS,444,448,P53_HUMAN,Homo sapiens,16474402,true positive,10,6,disordered
ELME000136,DOC_WW_Pin1_4,WW domain ligands,DOC,The Class IV WW domain interaction motif is recognised primarily by the Pin1 phosphorylation-dependent prolyl isomerase.,PF00397,WW,WW domain,...([ST])P.,AVATPA,345,350,A4_HUMAN,Homo sapiens,16139797,true positive,96,1,disordered
ELME000136,DOC_WW_Pin1_4,WW domain ligands,DOC,The Class IV WW domain interaction motif is recognised primarily by the Pin1 phosphorylation-dependent prolyl isomerase.,PF00397,WW,WW domain,...([ST])P.,AVATPA,345,350,A4_HUMAN,Homo sapiens,19602287,true positive,96,1,disordered
ELME000136,DOC_WW_Pin1_4,WW domain ligands,DOC,The Class IV WW domain interaction motif is recognised primarily by the Pin1 phosphorylation-dependent prolyl isomerase.,PF00397,WW,WW domain,...([ST])P.,AVATPA,345,350,AATF_HUMAN,Homo sapiens,17468107,true positive,96,1,disordered
ELME000136,DOC_WW_Pin1_4,WW domain ligands,DOC,The Class IV WW domain interaction motif is recognised primarily by the Pin1 phosphorylation-dependent prolyl isomerase.,PF00397,WW,WW domain,...([ST])P.,AVATPA,345,350,AGL24_ARATH,Arabidopsis thaliana,20129060,true positive,96,1,disordered
ELME000136,DOC_WW_Pin1_4,WW domain ligands,DOC,The Class IV WW domain interaction motif is recognised primarily by the Pin1 phosphorylation-dependent prolyl isomerase.,PF00397,WW,WW domain,...([ST])P.,AVATPA,345,350,AKT1_HUMAN,Homo sapiens,19448664,true positive,96,1,disordered
ELME000136,DOC_WW_Pin1_4,WW domain ligands,DOC,The Class IV WW domain interaction motif is recognised primarily by the Pin1 phosphorylation-dependent prolyl isomerase.,PF00397,WW,WW domain,...([ST])P.,AVATPA,345,350,ARBK1_MOUSE,Mus musculus,20080565,true positive,96,1,disordered
ELME000136,DOC_WW_Pin1_4,WW domain ligands,DOC,The Class IV WW domain interaction motif is recognised primarily by the Pin1 phosphorylation-dependent prolyl isomerase.,PF00397,WW,WW domain,...([ST])P.,AVATPA,345,350,B2L11_MOUSE,Mus musculus,1650491,true positive,96,1,disordered
ELME000136,DOC_WW_Pin1_4,WW domain ligands,DOC,The Class IV WW domain interaction motif is recognised primarily by the Pin1 phosphorylation-dependent prolyl isomerase.,PF00397,WW,WW domain,...([ST])P.,AVATPA,345,350,BTG2_HUMAN,Homo sapiens,15788397,true positive,96,1,disordered
ELME000136,DOC_WW_Pin1_4,WW domain ligands,DOC,The Class IV WW domain interaction motif is recognised primarily by the Pin1 phosphorylation-dependent prolyl isomerase.,PF00397,WW,WW domain,...([ST])P.,AVATPA,345,350,BTK_MOUSE,Mus musculus,16644721,true positive,96,1,disordered
ELME000136,DOC_WW_Pin1_4,WW domain ligands,DOC,The Class IV WW domain interaction motif is recognised primarily by the Pin1 phosphorylation-dependent prolyl isomerase.,PF00397,WW,WW domain,...([ST])P.,AVATPA,345,350,CCND1_MOUSE,Mus musculus,11805292,true positive,96,1,disordered
ELME000136,DOC_WW_Pin1_4,WW domain ligands,DOC,The Class IV WW domain interaction motif is recognised primarily by the Pin1 phosphorylation-dependent prolyl isomerase.,PF00397,WW,WW domain,...([ST])P.,AVATPA,345,350,CCNE1_MOUSE,Mus musculus,16223725,true positive,96,1,disordered
ELME000136,DOC_WW_Pin1_4,WW domain ligands,DOC,The Class IV WW domain interaction motif is recognised primarily by the Pin1 phosphorylation-dependent prolyl isomerase.,PF00397,WW,WW domain,...([ST])P.,AVATPA,345,350,CDN1B_HUMAN,Homo sapiens,19584057,true positive,96,1,disordered
ELME000136,DOC_WW_Pin1_4,WW domain ligands,DOC,The Class IV WW domain interaction motif is recognised primarily by the Pin1 phosphorylation-dependent prolyl isomerase.,PF00397,WW,WW domain,...([ST])P.,AVATPA,345,350,CEP55_MOUSE,Mus musculus,19638580,true positive,96,1,disordered
ELME000136,DOC_WW_Pin1_4,WW domain ligands,DOC,The Class IV WW domain interaction motif is recognised primarily by the Pin1 phosphorylation-dependent prolyl isomerase.,PF00397,WW,WW domain,...([ST])P.,AVATPA,345,350,CRTC2_MOUSE,Mus musculus,20675384,true positive,96,1,disordered
ELME000136,DOC_WW_Pin1_4,WW domain ligands,DOC,The Class IV WW domain interaction motif is recognised primarily by the Pin1 phosphorylation-dependent prolyl isomerase.,PF00397,WW,WW domain,...([ST])P.,AVATPA,345,350,CTNB1_HUMAN,Homo sapiens,11533658,true positive,96,1,disordered
ELME000136,DOC_WW_Pin1_4,WW domain ligands,DOC,The Class IV WW domain interaction motif is recognised primarily by the Pin1 phosphorylation-dependent prolyl isomerase.,PF00397,WW,WW domain,...([ST])P.,AVATPA,345,350,DAXX_HUMAN,Homo sapiens,17938171,true positive,96,1,disordered
ELME000136,DOC_WW_Pin1_4,WW domain ligands,DOC,The Class IV WW domain interaction motif is recognised primarily by the Pin1 phosphorylation-dependent prolyl isomerase.,PF00397,WW,WW domain,...([ST])P.,AVATPA,345,350,FAK1_HUMAN,Homo sapiens,19595712,true positive,96,1,disordered
ELME000136,DOC_WW_Pin1_4,WW domain ligands,DOC,The Class IV WW domain interaction motif is recognised primarily by the Pin1 phosphorylation-dependent prolyl isomerase.,PF00397,WW,WW domain,...([ST])P.,AVATPA,345,350,FAK1_MOUSE,Mus musculus,19595712,true positive,96,1,disordered
ELME000136,DOC_WW_Pin1_4,WW domain ligands,DOC,The Class IV WW domain interaction motif is recognised primarily by the Pin1 phosphorylation-dependent prolyl isomerase.,PF00397,WW,WW domain,...([ST])P.,AVATPA,345,350,FBX5A_XENLA,Xenopus laevis,17159919,true positive,96,1,disordered
ELME000136,DOC_WW_Pin1_4,WW domain ligands,DOC,The Class IV WW domain interaction motif is recognised primarily by the Pin1 phosphorylation-dependent prolyl isomerase.,PF00397,WW,WW domain,...([ST])P.,AVATPA,345,350,FBXW7_HUMAN,Homo sapiens,22608923,true positive,96,1,disordered
ELME000136,DOC_WW_Pin1_4,WW domain ligands,DOC,The Class IV WW domain interaction motif is recognised primarily by the Pin1 phosphorylation-dependent prolyl isomerase.,PF00397,WW,WW domain,...([ST])P.,AVATPA,345,350,FOS_MOUSE,Mus musculus,16123044,true positive,96,1,disordered
ELME000136,DOC_WW_Pin1_4,WW domain ligands,DOC,The Class IV WW domain interaction motif is recognised primarily by the Pin1 phosphorylation-dependent prolyl isomerase.,PF00397,WW,WW domain,...([ST])P.,AVATPA,345,350,FUBP2_HUMAN,Homo sapiens,19770516,true positive,96,1,disordered
ELME000136,DOC_WW_Pin1_4,WW domain ligands,DOC,The Class IV WW domain interaction motif is recognised primarily by the Pin1 phosphorylation-dependent prolyl isomerase.,PF00397,WW,WW domain,...([ST])P.,AVATPA,345,350,GEPH_MOUSE,Mus musculus,17347650,true positive,96,1,disordered
ELME000136,DOC_WW_Pin1_4,WW domain ligands,DOC,The Class IV WW domain interaction motif is recognised primarily by the Pin1 phosphorylation-dependent prolyl isomerase.,PF00397,WW,WW domain,...([ST])P.,AVATPA,345,350,IRF3_HUMAN,Homo sapiens,16699525,true positive,96,1,disordered
ELME000136,DOC_WW_Pin1_4,WW domain ligands,DOC,The Class IV WW domain interaction motif is recognised primarily by the Pin1 phosphorylation-dependent prolyl isomerase.,PF00397,WW,WW domain,...([ST])P.,AVATPA,345,350,IRS1_HUMAN,Homo sapiens,21454638,true positive,96,1,disordered
ELME000136,DOC_WW_Pin1_4,WW domain ligands,DOC,The Class IV WW domain interaction motif is recognised primarily by the Pin1 phosphorylation-dependent prolyl isomerase.,PF00397,WW,WW domain,...([ST])P.,AVATPA,345,350,JUN_HUMAN,Homo sapiens,11432833,true positive,96,1,disordered
ELME000136,DOC_WW_Pin1_4,WW domain ligands,DOC,The Class IV WW domain interaction motif is recognised primarily by the Pin1 phosphorylation-dependent prolyl isomerase.,PF00397,WW,WW domain,...([ST])P.,AVATPA,345,350,KI20B_HUMAN,Homo sapiens,11470801,true positive,96,1,disordered
ELME000136,DOC_WW_Pin1_4,WW domain ligands,DOC,The Class IV WW domain interaction motif is recognised primarily by the Pin1 phosphorylation-dependent prolyl isomerase.,PF00397,WW,WW domain,...([ST])P.,AVATPA,345,350,MEF2C_MOUSE,Mus musculus,20801874,true positive,96,1,disordered
ELME000136,DOC_WW_Pin1_4,WW domain ligands,DOC,The Class IV WW domain interaction motif is recognised primarily by the Pin1 phosphorylation-dependent prolyl isomerase.,PF00397,WW,WW domain,...([ST])P.,AVATPA,345,350,MYB_MOUSE,Mus musculus,18359295,true positive,96,1,disordered
ELME000136,DOC_WW_Pin1_4,WW domain ligands,DOC,The Class IV WW domain interaction motif is recognised primarily by the Pin1 phosphorylation-dependent prolyl isomerase.,PF00397,WW,WW domain,...([ST])P.,AVATPA,345,350,MYC_HUMAN,Homo sapiens,15048125,true positive,96,1,disordered
ELME000136,DOC_WW_Pin1_4,WW domain ligands,DOC,The Class IV WW domain interaction motif is recognised primarily by the Pin1 phosphorylation-dependent prolyl isomerase.,PF00397,WW,WW domain,...([ST])P.,AVATPA,345,350,NANOG_MOUSE,Mus musculus,20622153,true positive,96,1,disordered
ELME000136,DOC_WW_Pin1_4,WW domain ligands,DOC,The Class IV WW domain interaction motif is recognised primarily by the Pin1 phosphorylation-dependent prolyl isomerase.,PF00397,WW,WW domain,...([ST])P.,AVATPA,345,350,NCF1_HUMAN,Homo sapiens,20956805,true positive,96,1,disordered
ELME000136,DOC_WW_Pin1_4,WW domain ligands,DOC,The Class IV WW domain interaction motif is recognised primarily by the Pin1 phosphorylation-dependent prolyl isomerase.,PF00397,WW,WW domain,...([ST])P.,AVATPA,345,350,NCOR2_HUMAN,Homo sapiens,18838553,true positive,96,1,disordered
ELME000136,DOC_WW_Pin1_4,WW domain ligands,DOC,The Class IV WW domain interaction motif is recognised primarily by the Pin1 phosphorylation-dependent prolyl isomerase.,PF00397,WW,WW domain,...([ST])P.,AVATPA,345,350,NEK6_HUMAN,Homo sapiens,16476580,true positive,96,1,disordered
ELME000136,DOC_WW_Pin1_4,WW domain ligands,DOC,The Class IV WW domain interaction motif is recognised primarily by the Pin1 phosphorylation-dependent prolyl isomerase.,PF00397,WW,WW domain,...([ST])P.,AVATPA,345,350,NONO_MOUSE,Mus musculus,15701524,true positive,96,1,disordered
ELME000136,DOC_WW_Pin1_4,WW domain ligands,DOC,The Class IV WW domain interaction motif is recognised primarily by the Pin1 phosphorylation-dependent prolyl isomerase.,PF00397,WW,WW domain,...([ST])P.,AVATPA,345,350,NOTC1_HUMAN,Homo sapiens,19151708,true positive,96,1,disordered
ELME000136,DOC_WW_Pin1_4,WW domain ligands,DOC,The Class IV WW domain interaction motif is recognised primarily by the Pin1 phosphorylation-dependent prolyl isomerase.,PF00397,WW,WW domain,...([ST])P.,AVATPA,345,350,NR4A1_HUMAN,Homo sapiens,22002310,true positive,96,1,disordered
ELME000136,DOC_WW_Pin1_4,WW domain ligands,DOC,The Class IV WW domain interaction motif is recognised primarily by the Pin1 phosphorylation-dependent prolyl isomerase.,PF00397,WW,WW domain,...([ST])P.,AVATPA,345,350,P53_HUMAN,Homo sapiens,12388558,true positive,96,1,disordered
ELME000136,DOC_WW_Pin1_4,WW domain ligands,DOC,The Class IV WW domain interaction motif is recognised primarily by the Pin1 phosphorylation-dependent prolyl isomerase.,PF00397,WW,WW domain,...([ST])P.,AVATPA,345,350,P53_HUMAN,Homo sapiens,12397362,true positive,96,1,disordered
ELME000136,DOC_WW_Pin1_4,WW domain ligands,DOC,The Class IV WW domain interaction motif is recognised primarily by the Pin1 phosphorylation-dependent prolyl isomerase.,PF00397,WW,WW domain,...([ST])P.,AVATPA,345,350,P73_HUMAN,Homo sapiens,15175157,true positive,96,1,disordered
ELME000136,DOC_WW_Pin1_4,WW domain ligands,DOC,The Class IV WW domain interaction motif is recognised primarily by the Pin1 phosphorylation-dependent prolyl isomerase.,PF00397,WW,WW domain,...([ST])P.,AVATPA,345,350,PML_HUMAN,Homo sapiens,18039859,true positive,96,1,disordered
ELME000136,DOC_WW_Pin1_4,WW domain ligands,DOC,The Class IV WW domain interaction motif is recognised primarily by the Pin1 phosphorylation-dependent prolyl isomerase.,PF00397,WW,WW domain,...([ST])P.,AVATPA,345,350,PO5F1_HUMAN,Homo sapiens,21296877,true positive,96,1,disordered
ELME000136,DOC_WW_Pin1_4,WW domain ligands,DOC,The Class IV WW domain interaction motif is recognised primarily by the Pin1 phosphorylation-dependent prolyl isomerase.,PF00397,WW,WW domain,...([ST])P.,AVATPA,345,350,PPARG_HUMAN,Homo sapiens,19996102,true positive,96,1,disordered
ELME000136,DOC_WW_Pin1_4,WW domain ligands,DOC,The Class IV WW domain interaction motif is recognised primarily by the Pin1 phosphorylation-dependent prolyl isomerase.,PF00397,WW,WW domain,...([ST])P.,AVATPA,345,350,RARA_HUMAN,Homo sapiens,15670742,true positive,96,1,disordered
ELME000136,DOC_WW_Pin1_4,WW domain ligands,DOC,The Class IV WW domain interaction motif is recognised primarily by the Pin1 phosphorylation-dependent prolyl isomerase.,PF00397,WW,WW domain,...([ST])P.,AVATPA,345,350,SMAD3_HUMAN,Homo sapiens,19122240 21685363,true positive,96,1,disordered
ELME000136,DOC_WW_Pin1_4,WW domain ligands,DOC,The Class IV WW domain interaction motif is recognised primarily by the Pin1 phosphorylation-dependent prolyl isomerase.,PF00397,WW,WW domain,...([ST])P.,AVATPA,345,350,SMAD3_HUMAN,Homo sapiens,19122240,true positive,96,1,disordered
ELME000136,DOC_WW_Pin1_4,WW domain ligands,DOC,The Class IV WW domain interaction motif is recognised primarily by the Pin1 phosphorylation-dependent prolyl isomerase.,PF00397,WW,WW domain,...([ST])P.,AVATPA,345,350,SNCAP_HUMAN,Homo sapiens,16365047,true positive,96,1,disordered
ELME000136,DOC_WW_Pin1_4,WW domain ligands,DOC,The Class IV WW domain interaction motif is recognised primarily by the Pin1 phosphorylation-dependent prolyl isomerase.,PF00397,WW,WW domain,...([ST])P.,AVATPA,345,350,SOC1_ARATH,Arabidopsis thaliana,20129060,true positive,96,1,disordered
ELME000136,DOC_WW_Pin1_4,WW domain ligands,DOC,The Class IV WW domain interaction motif is recognised primarily by the Pin1 phosphorylation-dependent prolyl isomerase.,PF00397,WW,WW domain,...([ST])P.,AVATPA,345,350,SPT23_YEAST,Saccharomyces cerevisiae S288c,19597489,true positive,96,1,disordered
ELME000136,DOC_WW_Pin1_4,WW domain ligands,DOC,The Class IV WW domain interaction motif is recognised primarily by the Pin1 phosphorylation-dependent prolyl isomerase.,PF00397,WW,WW domain,...([ST])P.,AVATPA,345,350,ST4A1_HUMAN,Homo sapiens,19439498 20920535,true positive,96,1,disordered
ELME000136,DOC_WW_Pin1_4,WW domain ligands,DOC,The Class IV WW domain interaction motif is recognised primarily by the Pin1 phosphorylation-dependent prolyl isomerase.,PF00397,WW,WW domain,...([ST])P.,AVATPA,345,350,STAT3_HUMAN,Homo sapiens,17563747,true positive,96,1,disordered
ELME000136,DOC_WW_Pin1_4,WW domain ligands,DOC,The Class IV WW domain interaction motif is recognised primarily by the Pin1 phosphorylation-dependent prolyl isomerase.,PF00397,WW,WW domain,...([ST])P.,AVATPA,345,350,STF1_MOUSE,Mus musculus,19995909,true positive,96,1,disordered
ELME000136,DOC_WW_Pin1_4,WW domain ligands,DOC,The Class IV WW domain interaction motif is recognised primarily by the Pin1 phosphorylation-dependent prolyl isomerase.,PF00397,WW,WW domain,...([ST])P.,AVATPA,345,350,TAU_HUMAN,Homo sapiens,10391244,true positive,96,1,disordered
ELME000136,DOC_WW_Pin1_4,WW domain ligands,DOC,The Class IV WW domain interaction motif is recognised primarily by the Pin1 phosphorylation-dependent prolyl isomerase.,PF00397,WW,WW domain,...([ST])P.,AVATPA,345,350,TAX_HTL1A,Human T-cell lymphotrophic virus type 1 (strain ATK),19338781,true positive,96,1,disordered
ELME000136,DOC_WW_Pin1_4,WW domain ligands,DOC,The Class IV WW domain interaction motif is recognised primarily by the Pin1 phosphorylation-dependent prolyl isomerase.,PF00397,WW,WW domain,...([ST])P.,AVATPA,345,350,TERF1_HUMAN,Homo sapiens,19060891,true positive,96,1,disordered
ELME000136,DOC_WW_Pin1_4,WW domain ligands,DOC,The Class IV WW domain interaction motif is recognised primarily by the Pin1 phosphorylation-dependent prolyl isomerase.,PF00397,WW,WW domain,...([ST])P.,AVATPA,345,350,TF65_HUMAN,Homo sapiens,14690596,true positive,96,1,disordered
ELME000136,DOC_WW_Pin1_4,WW domain ligands,DOC,The Class IV WW domain interaction motif is recognised primarily by the Pin1 phosphorylation-dependent prolyl isomerase.,PF00397,WW,WW domain,...([ST])P.,AVATPA,345,350,TFCP2_HUMAN,Homo sapiens,20682773,true positive,96,1,disordered
ELME000136,DOC_WW_Pin1_4,WW domain ligands,DOC,The Class IV WW domain interaction motif is recognised primarily by the Pin1 phosphorylation-dependent prolyl isomerase.,PF00397,WW,WW domain,...([ST])P.,AVATPA,345,350,WEE1B_XENLA,Xenopus laevis,17360425,true positive,96,1,disordered
ELME000136,DOC_WW_Pin1_4,WW domain ligands,DOC,The Class IV WW domain interaction motif is recognised primarily by the Pin1 phosphorylation-dependent prolyl isomerase.,PF00397,WW,WW domain,...([ST])P.,AVATPA,345,350,X_HBVA3,Hepatitis B virus adw2/Rutter/1979,17383430,true positive,96,1,disordered
ELME000220,LIG_FHA_2,FHA phosphopeptide ligands,LIG,Phosphothreonine motif binding a subset of FHA domains that have a preference for an acidic amino acid at the pT+3 position.,PF00498,FHA,FHA domain,..(T)..[DE].,DNTSLDV,355,361,MRC1_SCHPO,Schizosaccharomyces pombe,14585996,true positive,6,2,disordered
ELME000220,LIG_FHA_2,FHA phosphopeptide ligands,LIG,Phosphothreonine motif binding a subset of FHA domains that have a preference for an acidic amino acid at the pT+3 position.,PF00498,FHA,FHA domain,..(T)..[DE].,DNTSLDV,355,361,RAD9_YEAST,Saccharomyces cerevisiae,11846567,true positive,6,2,disordered
ELME000220,LIG_FHA_2,FHA phosphopeptide ligands,LIG,Phosphothreonine motif binding a subset of FHA domains that have a preference for an acidic amino acid at the pT+3 position.,PF00498,FHA,FHA domain,..(T)..[DE].,DNTSLDV,355,361,XRCC1_HUMAN,Homo sapiens,15367657,true positive,6,2,disordered
ELME000220,LIG_FHA_2,FHA phosphopeptide ligands,LIG,Phosphothreonine motif binding a subset of FHA domains that have a preference for an acidic amino acid at the pT+3 position.,PF00498,FHA,FHA domain,..(T)..[DE].,DNTSLDV,355,361,XRCC4_HUMAN,Homo sapiens,15385968,true positive,6,2,disordered
ELME000220,LIG_FHA_2,FHA phosphopeptide ligands,LIG,Phosphothreonine motif binding a subset of FHA domains that have a preference for an acidic amino acid at the pT+3 position.,PF00498,FHA,FHA domain,..(T)..[DE].,DNTSLDV,355,361,XRCC4_MOUSE,Mus musculus,15749016,true positive,6,2,disordered
ELME000220,LIG_FHA_2,FHA phosphopeptide ligands,LIG,Phosphothreonine motif binding a subset of FHA domains that have a preference for an acidic amino acid at the pT+3 position.,PF00498,FHA,FHA domain,..(T)..[DE].,SKTQEEP,434,440,MRC1_SCHPO,Schizosaccharomyces pombe,14585996,true positive,6,2,disordered
ELME000220,LIG_FHA_2,FHA phosphopeptide ligands,LIG,Phosphothreonine motif binding a subset of FHA domains that have a preference for an acidic amino acid at the pT+3 position.,PF00498,FHA,FHA domain,..(T)..[DE].,SKTQEEP,434,440,RAD9_YEAST,Saccharomyces cerevisiae,11846567,true positive,6,2,disordered
ELME000220,LIG_FHA_2,FHA phosphopeptide ligands,LIG,Phosphothreonine motif binding a subset of FHA domains that have a preference for an acidic amino acid at the pT+3 position.,PF00498,FHA,FHA domain,..(T)..[DE].,SKTQEEP,434,440,XRCC1_HUMAN,Homo sapiens,15367657,true positive,6,2,disordered
ELME000220,LIG_FHA_2,FHA phosphopeptide ligands,LIG,Phosphothreonine motif binding a subset of FHA domains that have a preference for an acidic amino acid at the pT+3 position.,PF00498,FHA,FHA domain,..(T)..[DE].,SKTQEEP,434,440,XRCC4_HUMAN,Homo sapiens,15385968,true positive,6,2,disordered
ELME000220,LIG_FHA_2,FHA phosphopeptide ligands,LIG,Phosphothreonine motif binding a subset of FHA domains that have a preference for an acidic amino acid at the pT+3 position.,PF00498,FHA,FHA domain,..(T)..[DE].,SKTQEEP,434,440,XRCC4_MOUSE,Mus musculus,15749016,true positive,6,2,disordered
ELME000409,LIG_G3BP_FGDF_1,G3BP binding motif,LIG,The FGDF motif binds to a hydrophobic binding cleft within the N-terminal NTF2-like domain of the stress granule protein G3BP.,PF02136,NTF2,Nuclear transport factor 2 (NTF2) domain,[FYLIMV].FG[DES]F,MSFGSF,490,495,DNBI_HHV11,Herpes simplex virus (type 1 / strain 17),25658430,true positive,9,0,disordered
ELME000409,LIG_G3BP_FGDF_1,G3BP binding motif,LIG,The FGDF motif binds to a hydrophobic binding cleft within the N-terminal NTF2-like domain of the stress granule protein G3BP.,PF02136,NTF2,Nuclear transport factor 2 (NTF2) domain,[FYLIMV].FG[DES]F,MSFGSF,490,495,DNBI_HHV2,Human herpesvirus 2,25658430 22623775,true positive,9,0,disordered
ELME000409,LIG_G3BP_FGDF_1,G3BP binding motif,LIG,The FGDF motif binds to a hydrophobic binding cleft within the N-terminal NTF2-like domain of the stress granule protein G3BP.,PF02136,NTF2,Nuclear transport factor 2 (NTF2) domain,[FYLIMV].FG[DES]F,MSFGSF,490,495,POLN_CHIK3,Chikungunya virus strain Senegal 37997,24623412 22837213 25658430 26384002,true positive,9,0,disordered
ELME000409,LIG_G3BP_FGDF_1,G3BP binding motif,LIG,The FGDF motif binds to a hydrophobic binding cleft within the N-terminal NTF2-like domain of the stress granule protein G3BP.,PF02136,NTF2,Nuclear transport factor 2 (NTF2) domain,[FYLIMV].FG[DES]F,MSFGSF,490,495,POLN_SFV,Semliki forest virus,24623412 25658430 23087212,true positive,9,0,disordered
ELME000409,LIG_G3BP_FGDF_1,G3BP binding motif,LIG,The FGDF motif binds to a hydrophobic binding cleft within the N-terminal NTF2-like domain of the stress granule protein G3BP.,PF02136,NTF2,Nuclear transport factor 2 (NTF2) domain,[FYLIMV].FG[DES]F,MSFGSF,490,495,POLN_SINDV,Sindbis virus,18684830 16571828,true positive,9,0,disordered
ELME000409,LIG_G3BP_FGDF_1,G3BP binding motif,LIG,The FGDF motif binds to a hydrophobic binding cleft within the N-terminal NTF2-like domain of the stress granule protein G3BP.,PF02136,NTF2,Nuclear transport factor 2 (NTF2) domain,[FYLIMV].FG[DES]F,MSFGSF,490,495,UBP10_HUMAN,Homo sapiens,11439350 25658430,true positive,9,0,disordered
ELME000370,LIG_LIR_Nem_3,Atg8 protein family ligands,LIG,Nematode-specific variant of the canonical LIR motif that binds to Atg8 protein family members to mediate processes involved in autophagy.,PF02991,Atg8,Autophagy protein Atg8 ubiquitin like,"[EDST].{0,2}[WFY]..[ILVFY]",SFGSF,491,495,ALLO1_CAEEL,Caenorhabditis elegans,29255173,true positive,11,1,disordered
ELME000370,LIG_LIR_Nem_3,Atg8 protein family ligands,LIG,Nematode-specific variant of the canonical LIR motif that binds to Atg8 protein family members to mediate processes involved in autophagy.,PF02991,Atg8,Autophagy protein Atg8 ubiquitin like,"[EDST].{0,2}[WFY]..[ILVFY]",SFGSF,491,495,EPG2_CAEEL,Caenorhabditis elegans,26687600,true positive,11,1,disordered
ELME000370,LIG_LIR_Nem_3,Atg8 protein family ligands,LIG,Nematode-specific variant of the canonical LIR motif that binds to Atg8 protein family members to mediate processes involved in autophagy.,PF02991,Atg8,Autophagy protein Atg8 ubiquitin like,"[EDST].{0,2}[WFY]..[ILVFY]",SFGSF,491,495,G5EC37_CAEEL,Caenorhabditis elegans,19167332 20083108 26687600,true positive,11,1,disordered
ELME000370,LIG_LIR_Nem_3,Atg8 protein family ligands,LIG,Nematode-specific variant of the canonical LIR motif that binds to Atg8 protein family members to mediate processes involved in autophagy.,PF02991,Atg8,Autophagy protein Atg8 ubiquitin like,"[EDST].{0,2}[WFY]..[ILVFY]",SFGSF,491,495,Q17740_CAEEL,Caenorhabditis elegans,26687600,true positive,11,1,disordered
ELME000370,LIG_LIR_Nem_3,Atg8 protein family ligands,LIG,Nematode-specific variant of the canonical LIR motif that binds to Atg8 protein family members to mediate processes involved in autophagy.,PF02991,Atg8,Autophagy protein Atg8 ubiquitin like,"[EDST].{0,2}[WFY]..[ILVFY]",SFGSF,491,495,Q22342_CAEEL,Caenorhabditis elegans,26687600,true positive,11,1,disordered
ELME000370,LIG_LIR_Nem_3,Atg8 protein family ligands,LIG,Nematode-specific variant of the canonical LIR motif that binds to Atg8 protein family members to mediate processes involved in autophagy.,PF02991,Atg8,Autophagy protein Atg8 ubiquitin like,"[EDST].{0,2}[WFY]..[ILVFY]",SFGSF,491,495,UNC51_CAEEL,Caenorhabditis elegans,26687600,true positive,11,1,disordered
ELME000083,LIG_SH2_PTP2,Phosphotyrosine ligands bound by SH2 domains,LIG,SH-PTP2 and phospholipase C-gamma Src Homology 2 (SH2) domains binding motif.,PF00017,SH2,SH2 domain,(Y)[IV].[VILP],YIEV,325,328,IRS1_RAT,Rattus norvegicus,11572799,true positive,1,0,disordered
ELME000182,LIG_SH2_STAT5,Phosphotyrosine ligands bound by SH2 domains,LIG,STAT5 Src Homology 2 (SH2) domain binding motif.,PF00017,SH2,SH2 domain,(Y)[VLTFIC]..,YIEV,325,328,CTLA4_MOUSE,Mus musculus,8638161,true positive,19,0,disordered
ELME000182,LIG_SH2_STAT5,Phosphotyrosine ligands bound by SH2 domains,LIG,STAT5 Src Homology 2 (SH2) domain binding motif.,PF00017,SH2,SH2 domain,(Y)[VLTFIC]..,YIEV,325,328,EPOR_HUMAN,Homo sapiens,,unknown,19,0,disordered
ELME000182,LIG_SH2_STAT5,Phosphotyrosine ligands bound by SH2 domains,LIG,STAT5 Src Homology 2 (SH2) domain binding motif.,PF00017,SH2,SH2 domain,(Y)[VLTFIC]..,YIEV,325,328,ERBB4_HUMAN,Homo sapiens,8617750 18721752,true positive,19,0,disordered
ELME000182,LIG_SH2_STAT5,Phosphotyrosine ligands bound by SH2 domains,LIG,STAT5 Src Homology 2 (SH2) domain binding motif.,PF00017,SH2,SH2 domain,(Y)[VLTFIC]..,YIEV,325,328,GAB1_HUMAN,Homo sapiens,10978177,true positive,19,0,disordered
ELME000182,LIG_SH2_STAT5,Phosphotyrosine ligands bound by SH2 domains,LIG,STAT5 Src Homology 2 (SH2) domain binding motif.,PF00017,SH2,SH2 domain,(Y)[VLTFIC]..,YIEV,325,328,GHR_HUMAN,Homo sapiens,9121492,unknown,19,0,disordered
ELME000182,LIG_SH2_STAT5,Phosphotyrosine ligands bound by SH2 domains,LIG,STAT5 Src Homology 2 (SH2) domain binding motif.,PF00017,SH2,SH2 domain,(Y)[VLTFIC]..,YIEV,325,328,IL2RB_HUMAN,Homo sapiens,,unknown,19,0,disordered
ELME000182,LIG_SH2_STAT5,Phosphotyrosine ligands bound by SH2 domains,LIG,STAT5 Src Homology 2 (SH2) domain binding motif.,PF00017,SH2,SH2 domain,(Y)[VLTFIC]..,YIEV,325,328,IL3RB_HUMAN,Homo sapiens,10362354,unknown,19,0,disordered
ELME000182,LIG_SH2_STAT5,Phosphotyrosine ligands bound by SH2 domains,LIG,STAT5 Src Homology 2 (SH2) domain binding motif.,PF00017,SH2,SH2 domain,(Y)[VLTFIC]..,YIEV,325,328,IL3RB_HUMAN,Homo sapiens,9257712,unknown,19,0,disordered
ELME000182,LIG_SH2_STAT5,Phosphotyrosine ligands bound by SH2 domains,LIG,STAT5 Src Homology 2 (SH2) domain binding motif.,PF00017,SH2,SH2 domain,(Y)[VLTFIC]..,YIEV,325,328,IL7RA_HUMAN,Homo sapiens,,unknown,19,0,disordered
ELME000182,LIG_SH2_STAT5,Phosphotyrosine ligands bound by SH2 domains,LIG,STAT5 Src Homology 2 (SH2) domain binding motif.,PF00017,SH2,SH2 domain,(Y)[VLTFIC]..,YIEV,325,328,IL9R_HUMAN,Homo sapiens,,unknown,19,0,disordered
ELME000182,LIG_SH2_STAT5,Phosphotyrosine ligands bound by SH2 domains,LIG,STAT5 Src Homology 2 (SH2) domain binding motif.,PF00017,SH2,SH2 domain,(Y)[VLTFIC]..,YIEV,325,328,INSR_HUMAN,Homo sapiens,7983060,true positive,19,0,disordered
ELME000182,LIG_SH2_STAT5,Phosphotyrosine ligands bound by SH2 domains,LIG,STAT5 Src Homology 2 (SH2) domain binding motif.,PF00017,SH2,SH2 domain,(Y)[VLTFIC]..,YIEV,325,328,LAT_HUMAN,Homo sapiens,11368773 10811803,true positive,19,0,disordered
ELME000182,LIG_SH2_STAT5,Phosphotyrosine ligands bound by SH2 domains,LIG,STAT5 Src Homology 2 (SH2) domain binding motif.,PF00017,SH2,SH2 domain,(Y)[VLTFIC]..,YIEV,325,328,PGFRB_HUMAN,Homo sapiens,,unknown,19,0,disordered
ELME000182,LIG_SH2_STAT5,Phosphotyrosine ligands bound by SH2 domains,LIG,STAT5 Src Homology 2 (SH2) domain binding motif.,PF00017,SH2,SH2 domain,(Y)[VLTFIC]..,YIEV,325,328,PRLR_HUMAN,Homo sapiens,7537382,unknown,19,0,disordered
ELME000006,LIG_SH3_2,SH3 domain ligands,LIG,This is the motif recognized by class II SH3 domains,PF00018,SH3_1,SH3 domain,P..P.[KR],PIPPPR,418,423,ADA15_HUMAN,Homo sapiens,19718658,true positive,19,6,disordered
ELME000006,LIG_SH3_2,SH3 domain ligands,LIG,This is the motif recognized by class II SH3 domains,PF07653,SH3_2,Variant SH3 domain,P..P.[KR],PIPPPR,418,423,ADA15_HUMAN,Homo sapiens,19718658,true positive,19,6,disordered
ELME000006,LIG_SH3_2,SH3 domain ligands,LIG,This is the motif recognized by class II SH3 domains,PF14604,SH3_9,Variant SH3 domain,P..P.[KR],PIPPPR,418,423,ADA15_HUMAN,Homo sapiens,19718658,true positive,19,6,disordered
ELME000006,LIG_SH3_2,SH3 domain ligands,LIG,This is the motif recognized by class II SH3 domains,PF00018,SH3_1,SH3 domain,P..P.[KR],PIPPPR,418,423,DYN1_HUMAN,Homo sapiens,9148966,true positive,19,6,disordered
ELME000006,LIG_SH3_2,SH3 domain ligands,LIG,This is the motif recognized by class II SH3 domains,PF07653,SH3_2,Variant SH3 domain,P..P.[KR],PIPPPR,418,423,DYN1_HUMAN,Homo sapiens,9148966,true positive,19,6,disordered
ELME000006,LIG_SH3_2,SH3 domain ligands,LIG,This is the motif recognized by class II SH3 domains,PF14604,SH3_9,Variant SH3 domain,P..P.[KR],PIPPPR,418,423,DYN1_HUMAN,Homo sapiens,9148966,true positive,19,6,disordered
ELME000006,LIG_SH3_2,SH3 domain ligands,LIG,This is the motif recognized by class II SH3 domains,PF00018,SH3_1,SH3 domain,P..P.[KR],PIPPPR,418,423,DYN2_HUMAN,Homo sapiens,15483625,true positive,19,6,disordered
ELME000006,LIG_SH3_2,SH3 domain ligands,LIG,This is the motif recognized by class II SH3 domains,PF07653,SH3_2,Variant SH3 domain,P..P.[KR],PIPPPR,418,423,DYN2_HUMAN,Homo sapiens,15483625,true positive,19,6,disordered
ELME000006,LIG_SH3_2,SH3 domain ligands,LIG,This is the motif recognized by class II SH3 domains,PF14604,SH3_9,Variant SH3 domain,P..P.[KR],PIPPPR,418,423,DYN2_HUMAN,Homo sapiens,15483625,true positive,19,6,disordered
ELME000006,LIG_SH3_2,SH3 domain ligands,LIG,This is the motif recognized by class II SH3 domains,PF00018,SH3_1,SH3 domain,P..P.[KR],PIPPPR,418,423,FAK1_HUMAN,Homo sapiens,8662921,true positive,19,6,disordered
ELME000006,LIG_SH3_2,SH3 domain ligands,LIG,This is the motif recognized by class II SH3 domains,PF07653,SH3_2,Variant SH3 domain,P..P.[KR],PIPPPR,418,423,FAK1_HUMAN,Homo sapiens,8662921,true positive,19,6,disordered
ELME000006,LIG_SH3_2,SH3 domain ligands,LIG,This is the motif recognized by class II SH3 domains,PF14604,SH3_9,Variant SH3 domain,P..P.[KR],PIPPPR,418,423,FAK1_HUMAN,Homo sapiens,8662921,true positive,19,6,disordered
ELME000006,LIG_SH3_2,SH3 domain ligands,LIG,This is the motif recognized by class II SH3 domains,PF00018,SH3_1,SH3 domain,P..P.[KR],PIPPPR,418,423,FAK1_MOUSE,Mus musculus,7479864 8662921,true positive,19,6,disordered
ELME000006,LIG_SH3_2,SH3 domain ligands,LIG,This is the motif recognized by class II SH3 domains,PF07653,SH3_2,Variant SH3 domain,P..P.[KR],PIPPPR,418,423,FAK1_MOUSE,Mus musculus,7479864 8662921,true positive,19,6,disordered
ELME000006,LIG_SH3_2,SH3 domain ligands,LIG,This is the motif recognized by class II SH3 domains,PF14604,SH3_9,Variant SH3 domain,P..P.[KR],PIPPPR,418,423,FAK1_MOUSE,Mus musculus,7479864 8662921,true positive,19,6,disordered
ELME000006,LIG_SH3_2,SH3 domain ligands,LIG,This is the motif recognized by class II SH3 domains,PF00018,SH3_1,SH3 domain,P..P.[KR],PIPPPR,418,423,MYC_HUMAN,Homo sapiens,15992821,true positive,19,6,disordered
ELME000006,LIG_SH3_2,SH3 domain ligands,LIG,This is the motif recognized by class II SH3 domains,PF07653,SH3_2,Variant SH3 domain,P..P.[KR],PIPPPR,418,423,MYC_HUMAN,Homo sapiens,15992821,true positive,19,6,disordered
ELME000006,LIG_SH3_2,SH3 domain ligands,LIG,This is the motif recognized by class II SH3 domains,PF14604,SH3_9,Variant SH3 domain,P..P.[KR],PIPPPR,418,423,MYC_HUMAN,Homo sapiens,15992821,true positive,19,6,disordered
ELME000006,LIG_SH3_2,SH3 domain ligands,LIG,This is the motif recognized by class II SH3 domains,PF00018,SH3_1,SH3 domain,P..P.[KR],PIPPPR,418,423,NCF1_HUMAN,Homo sapiens,15657040 9121467,true positive,19,6,disordered
ELME000006,LIG_SH3_2,SH3 domain ligands,LIG,This is the motif recognized by class II SH3 domains,PF07653,SH3_2,Variant SH3 domain,P..P.[KR],PIPPPR,418,423,NCF1_HUMAN,Homo sapiens,15657040 9121467,true positive,19,6,disordered
ELME000006,LIG_SH3_2,SH3 domain ligands,LIG,This is the motif recognized by class II SH3 domains,PF14604,SH3_9,Variant SH3 domain,P..P.[KR],PIPPPR,418,423,NCF1_HUMAN,Homo sapiens,15657040 9121467,true positive,19,6,disordered
ELME000006,LIG_SH3_2,SH3 domain ligands,LIG,This is the motif recognized by class II SH3 domains,PF00018,SH3_1,SH3 domain,P..P.[KR],PIPPPR,418,423,NEF_HV1BR,Human immunodeficiency virus type 1 (BRU ISOLATE),8681387 7859737,true positive,19,6,disordered
ELME000006,LIG_SH3_2,SH3 domain ligands,LIG,This is the motif recognized by class II SH3 domains,PF07653,SH3_2,Variant SH3 domain,P..P.[KR],PIPPPR,418,423,NEF_HV1BR,Human immunodeficiency virus type 1 (BRU ISOLATE),8681387 7859737,true positive,19,6,disordered
ELME000006,LIG_SH3_2,SH3 domain ligands,LIG,This is the motif recognized by class II SH3 domains,PF14604,SH3_9,Variant SH3 domain,P..P.[KR],PIPPPR,418,423,NEF_HV1BR,Human immunodeficiency virus type 1 (BRU ISOLATE),8681387 7859737,true positive,19,6,disordered
ELME000006,LIG_SH3_2,SH3 domain ligands,LIG,This is the motif recognized by class II SH3 domains,PF00018,SH3_1,SH3 domain,P..P.[KR],PIPPPR,418,423,P85A_HUMAN,Homo sapiens,8294442,true positive,19,6,disordered
ELME000006,LIG_SH3_2,SH3 domain ligands,LIG,This is the motif recognized by class II SH3 domains,PF07653,SH3_2,Variant SH3 domain,P..P.[KR],PIPPPR,418,423,P85A_HUMAN,Homo sapiens,8294442,true positive,19,6,disordered
ELME000006,LIG_SH3_2,SH3 domain ligands,LIG,This is the motif recognized by class II SH3 domains,PF14604,SH3_9,Variant SH3 domain,P..P.[KR],PIPPPR,418,423,P85A_HUMAN,Homo sapiens,8294442,true positive,19,6,disordered
ELME000006,LIG_SH3_2,SH3 domain ligands,LIG,This is the motif recognized by class II SH3 domains,PF00018,SH3_1,SH3 domain,P..P.[KR],PIPPPR,418,423,PAK1_HUMAN,Homo sapiens,8798379,true positive,19,6,disordered
ELME000006,LIG_SH3_2,SH3 domain ligands,LIG,This is the motif recognized by class II SH3 domains,PF07653,SH3_2,Variant SH3 domain,P..P.[KR],PIPPPR,418,423,PAK1_HUMAN,Homo sapiens,8798379,true positive,19,6,disordered
ELME000006,LIG_SH3_2,SH3 domain ligands,LIG,This is the motif recognized by class II SH3 domains,PF14604,SH3_9,Variant SH3 domain,P..P.[KR],PIPPPR,418,423,PAK1_HUMAN,Homo sapiens,8798379,true positive,19,6,disordered
ELME000006,LIG_SH3_2,SH3 domain ligands,LIG,This is the motif recognized by class II SH3 domains,PF00018,SH3_1,SH3 domain,P..P.[KR],PIPPPR,418,423,PAK1_RAT,Rattus norvegicus,10805734,true positive,19,6,disordered
ELME000006,LIG_SH3_2,SH3 domain ligands,LIG,This is the motif recognized by class II SH3 domains,PF07653,SH3_2,Variant SH3 domain,P..P.[KR],PIPPPR,418,423,PAK1_RAT,Rattus norvegicus,10805734,true positive,19,6,disordered
ELME000006,LIG_SH3_2,SH3 domain ligands,LIG,This is the motif recognized by class II SH3 domains,PF14604,SH3_9,Variant SH3 domain,P..P.[KR],PIPPPR,418,423,PAK1_RAT,Rattus norvegicus,10805734,true positive,19,6,disordered
ELME000006,LIG_SH3_2,SH3 domain ligands,LIG,This is the motif recognized by class II SH3 domains,PF00018,SH3_1,SH3 domain,P..P.[KR],PIPPPR,418,423,PEX14_YEAST,Saccharomyces cerevisiae,10087260 12453410,true positive,19,6,disordered
ELME000006,LIG_SH3_2,SH3 domain ligands,LIG,This is the motif recognized by class II SH3 domains,PF07653,SH3_2,Variant SH3 domain,P..P.[KR],PIPPPR,418,423,PEX14_YEAST,Saccharomyces cerevisiae,10087260 12453410,true positive,19,6,disordered
ELME000006,LIG_SH3_2,SH3 domain ligands,LIG,This is the motif recognized by class II SH3 domains,PF14604,SH3_9,Variant SH3 domain,P..P.[KR],PIPPPR,418,423,PEX14_YEAST,Saccharomyces cerevisiae,10087260 12453410,true positive,19,6,disordered
ELME000006,LIG_SH3_2,SH3 domain ligands,LIG,This is the motif recognized by class II SH3 domains,PF00018,SH3_1,SH3 domain,P..P.[KR],PIPPPR,418,423,POLG_HCVJA,Hepatitis C virus (isolate Japanese),19656877 16530520,true positive,19,6,disordered
ELME000006,LIG_SH3_2,SH3 domain ligands,LIG,This is the motif recognized by class II SH3 domains,PF07653,SH3_2,Variant SH3 domain,P..P.[KR],PIPPPR,418,423,POLG_HCVJA,Hepatitis C virus (isolate Japanese),19656877 16530520,true positive,19,6,disordered
ELME000006,LIG_SH3_2,SH3 domain ligands,LIG,This is the motif recognized by class II SH3 domains,PF14604,SH3_9,Variant SH3 domain,P..P.[KR],PIPPPR,418,423,POLG_HCVJA,Hepatitis C virus (isolate Japanese),19656877 16530520,true positive,19,6,disordered
ELME000006,LIG_SH3_2,SH3 domain ligands,LIG,This is the motif recognized by class II SH3 domains,PF00018,SH3_1,SH3 domain,P..P.[KR],PIPPPR,418,423,PTN22_MOUSE,Mus musculus,11685249 9582365,true positive,19,6,disordered
ELME000006,LIG_SH3_2,SH3 domain ligands,LIG,This is the motif recognized by class II SH3 domains,PF07653,SH3_2,Variant SH3 domain,P..P.[KR],PIPPPR,418,423,PTN22_MOUSE,Mus musculus,11685249 9582365,true positive,19,6,disordered
ELME000006,LIG_SH3_2,SH3 domain ligands,LIG,This is the motif recognized by class II SH3 domains,PF14604,SH3_9,Variant SH3 domain,P..P.[KR],PIPPPR,418,423,PTN22_MOUSE,Mus musculus,11685249 9582365,true positive,19,6,disordered
ELME000006,LIG_SH3_2,SH3 domain ligands,LIG,This is the motif recognized by class II SH3 domains,PF00018,SH3_1,SH3 domain,P..P.[KR],PIPPPR,418,423,RPGF1_HUMAN,Homo sapiens,7735837,true positive,19,6,disordered
ELME000006,LIG_SH3_2,SH3 domain ligands,LIG,This is the motif recognized by class II SH3 domains,PF07653,SH3_2,Variant SH3 domain,P..P.[KR],PIPPPR,418,423,RPGF1_HUMAN,Homo sapiens,7735837,true positive,19,6,disordered
ELME000006,LIG_SH3_2,SH3 domain ligands,LIG,This is the motif recognized by class II SH3 domains,PF14604,SH3_9,Variant SH3 domain,P..P.[KR],PIPPPR,418,423,RPGF1_HUMAN,Homo sapiens,7735837,true positive,19,6,disordered
ELME000006,LIG_SH3_2,SH3 domain ligands,LIG,This is the motif recognized by class II SH3 domains,PF00018,SH3_1,SH3 domain,P..P.[KR],PIPPPR,418,423,SOS1_HUMAN,Homo sapiens,23334917 8479541,true positive,19,6,disordered
ELME000006,LIG_SH3_2,SH3 domain ligands,LIG,This is the motif recognized by class II SH3 domains,PF07653,SH3_2,Variant SH3 domain,P..P.[KR],PIPPPR,418,423,SOS1_HUMAN,Homo sapiens,23334917 8479541,true positive,19,6,disordered
ELME000006,LIG_SH3_2,SH3 domain ligands,LIG,This is the motif recognized by class II SH3 domains,PF14604,SH3_9,Variant SH3 domain,P..P.[KR],PIPPPR,418,423,SOS1_HUMAN,Homo sapiens,23334917 8479541,true positive,19,6,disordered
ELME000006,LIG_SH3_2,SH3 domain ligands,LIG,This is the motif recognized by class II SH3 domains,PF00018,SH3_1,SH3 domain,P..P.[KR],PIPPPR,418,423,SOS1_HUMAN,Homo sapiens,8479541,true positive,19,6,disordered
ELME000006,LIG_SH3_2,SH3 domain ligands,LIG,This is the motif recognized by class II SH3 domains,PF07653,SH3_2,Variant SH3 domain,P..P.[KR],PIPPPR,418,423,SOS1_HUMAN,Homo sapiens,8479541,true positive,19,6,disordered
ELME000006,LIG_SH3_2,SH3 domain ligands,LIG,This is the motif recognized by class II SH3 domains,PF14604,SH3_9,Variant SH3 domain,P..P.[KR],PIPPPR,418,423,SOS1_HUMAN,Homo sapiens,8479541,true positive,19,6,disordered
ELME000006,LIG_SH3_2,SH3 domain ligands,LIG,This is the motif recognized by class II SH3 domains,PF00018,SH3_1,SH3 domain,P..P.[KR],PIPPPR,418,423,SYNJ2_RAT,Rattus norvegicus,11498538,true positive,19,6,disordered
ELME000006,LIG_SH3_2,SH3 domain ligands,LIG,This is the motif recognized by class II SH3 domains,PF07653,SH3_2,Variant SH3 domain,P..P.[KR],PIPPPR,418,423,SYNJ2_RAT,Rattus norvegicus,11498538,true positive,19,6,disordered
ELME000006,LIG_SH3_2,SH3 domain ligands,LIG,This is the motif recognized by class II SH3 domains,PF14604,SH3_9,Variant SH3 domain,P..P.[KR],PIPPPR,418,423,SYNJ2_RAT,Rattus norvegicus,11498538,true positive,19,6,disordered
ELME000155,LIG_SH3_3,SH3 domain ligands,LIG,This is the motif recognized by those SH3 domains with a non-canonical class I recognition specificity,PF00018,SH3_1,SH3 domain,...[PV]..P,IEVPEQP,326,332,BIN1_HUMAN,Homo sapiens,15992821,true positive,26,1,disordered
ELME000155,LIG_SH3_3,SH3 domain ligands,LIG,This is the motif recognized by those SH3 domains with a non-canonical class I recognition specificity,PF00018,SH3_1,SH3 domain,...[PV]..P,IEVPEQP,326,332,CD2_HUMAN,Homo sapiens,12426371,true positive,26,1,disordered
ELME000155,LIG_SH3_3,SH3 domain ligands,LIG,This is the motif recognized by those SH3 domains with a non-canonical class I recognition specificity,PF00018,SH3_1,SH3 domain,...[PV]..P,IEVPEQP,326,332,CY24A_TURTR,Tursiops truncatus,9121467,true positive,26,1,disordered
ELME000155,LIG_SH3_3,SH3 domain ligands,LIG,This is the motif recognized by those SH3 domains with a non-canonical class I recognition specificity,PF00018,SH3_1,SH3 domain,...[PV]..P,IEVPEQP,326,332,DAG1_HUMAN,Homo sapiens,10903901,true positive,26,1,disordered
ELME000155,LIG_SH3_3,SH3 domain ligands,LIG,This is the motif recognized by those SH3 domains with a non-canonical class I recognition specificity,PF00018,SH3_1,SH3 domain,...[PV]..P,IEVPEQP,326,332,EPS8_HUMAN,Homo sapiens,21098279 22921828,true positive,26,1,disordered
ELME000155,LIG_SH3_3,SH3 domain ligands,LIG,This is the motif recognized by those SH3 domains with a non-canonical class I recognition specificity,PF00018,SH3_1,SH3 domain,...[PV]..P,IEVPEQP,326,332,ESPFU_ECO5T,Escherichia coli O157:H7 str. TW14359,21098279,true positive,26,1,disordered
ELME000155,LIG_SH3_3,SH3 domain ligands,LIG,This is the motif recognized by those SH3 domains with a non-canonical class I recognition specificity,PF00018,SH3_1,SH3 domain,...[PV]..P,IEVPEQP,326,332,LAS17_YEAST,Saccharomyces cerevisiae,10648568,true positive,26,1,disordered
ELME000155,LIG_SH3_3,SH3 domain ligands,LIG,This is the motif recognized by those SH3 domains with a non-canonical class I recognition specificity,PF00018,SH3_1,SH3 domain,...[PV]..P,IEVPEQP,326,332,NS1_I72A2,Influenza A virus (A/Udorn/307/1972(H3N2)),17881440,true positive,26,1,disordered
ELME000155,LIG_SH3_3,SH3 domain ligands,LIG,This is the motif recognized by those SH3 domains with a non-canonical class I recognition specificity,PF00018,SH3_1,SH3 domain,...[PV]..P,IEVPEQP,326,332,ORF3_HEVBU,Hepatitis E virus (strain Burma),11518702,true positive,26,1,disordered
ELME000155,LIG_SH3_3,SH3 domain ligands,LIG,This is the motif recognized by those SH3 domains with a non-canonical class I recognition specificity,PF00018,SH3_1,SH3 domain,...[PV]..P,IEVPEQP,326,332,P73_HUMAN,Homo sapiens,10391251,true positive,26,1,disordered
ELME000155,LIG_SH3_3,SH3 domain ligands,LIG,This is the motif recognized by those SH3 domains with a non-canonical class I recognition specificity,PF00018,SH3_1,SH3 domain,...[PV]..P,IEVPEQP,326,332,SOS1_MOUSE,Mus musculus,9135122,true positive,26,1,disordered
ELME000155,LIG_SH3_3,SH3 domain ligands,LIG,This is the motif recognized by those SH3 domains with a non-canonical class I recognition specificity,PF00018,SH3_1,SH3 domain,...[PV]..P,IEVPEQP,326,332,TAU_HUMAN,Homo sapiens,18467332,true positive,26,1,disordered
ELME000155,LIG_SH3_3,SH3 domain ligands,LIG,This is the motif recognized by those SH3 domains with a non-canonical class I recognition specificity,PF00018,SH3_1,SH3 domain,...[PV]..P,IEVPEQP,326,332,TIP_SHV24,Herpesvirus saimiri (strain 484-77),11040125,true positive,26,1,disordered
ELME000155,LIG_SH3_3,SH3 domain ligands,LIG,This is the motif recognized by those SH3 domains with a non-canonical class I recognition specificity,PF00018,SH3_1,SH3 domain,...[PV]..P,IEVPEQP,326,332,WASF1_MOUSE,Mus musculus,10970852,true positive,26,1,disordered
ELME000155,LIG_SH3_3,SH3 domain ligands,LIG,This is the motif recognized by those SH3 domains with a non-canonical class I recognition specificity,PF00018,SH3_1,SH3 domain,...[PV]..P,PEQPAAP,329,335,BIN1_HUMAN,Homo sapiens,15992821,true positive,26,1,disordered
ELME000155,LIG_SH3_3,SH3 domain ligands,LIG,This is the motif recognized by those SH3 domains with a non-canonical class I recognition specificity,PF00018,SH3_1,SH3 domain,...[PV]..P,PEQPAAP,329,335,CD2_HUMAN,Homo sapiens,12426371,true positive,26,1,disordered
ELME000155,LIG_SH3_3,SH3 domain ligands,LIG,This is the motif recognized by those SH3 domains with a non-canonical class I recognition specificity,PF00018,SH3_1,SH3 domain,...[PV]..P,PEQPAAP,329,335,CY24A_TURTR,Tursiops truncatus,9121467,true positive,26,1,disordered
ELME000155,LIG_SH3_3,SH3 domain ligands,LIG,This is the motif recognized by those SH3 domains with a non-canonical class I recognition specificity,PF00018,SH3_1,SH3 domain,...[PV]..P,PEQPAAP,329,335,DAG1_HUMAN,Homo sapiens,10903901,true positive,26,1,disordered
ELME000155,LIG_SH3_3,SH3 domain ligands,LIG,This is the motif recognized by those SH3 domains with a non-canonical class I recognition specificity,PF00018,SH3_1,SH3 domain,...[PV]..P,PEQPAAP,329,335,EPS8_HUMAN,Homo sapiens,21098279 22921828,true positive,26,1,disordered
ELME000155,LIG_SH3_3,SH3 domain ligands,LIG,This is the motif recognized by those SH3 domains with a non-canonical class I recognition specificity,PF00018,SH3_1,SH3 domain,...[PV]..P,PEQPAAP,329,335,ESPFU_ECO5T,Escherichia coli O157:H7 str. TW14359,21098279,true positive,26,1,disordered
ELME000155,LIG_SH3_3,SH3 domain ligands,LIG,This is the motif recognized by those SH3 domains with a non-canonical class I recognition specificity,PF00018,SH3_1,SH3 domain,...[PV]..P,PEQPAAP,329,335,LAS17_YEAST,Saccharomyces cerevisiae,10648568,true positive,26,1,disordered
ELME000155,LIG_SH3_3,SH3 domain ligands,LIG,This is the motif recognized by those SH3 domains with a non-canonical class I recognition specificity,PF00018,SH3_1,SH3 domain,...[PV]..P,PEQPAAP,329,335,NS1_I72A2,Influenza A virus (A/Udorn/307/1972(H3N2)),17881440,true positive,26,1,disordered
ELME000155,LIG_SH3_3,SH3 domain ligands,LIG,This is the motif recognized by those SH3 domains with a non-canonical class I recognition specificity,PF00018,SH3_1,SH3 domain,...[PV]..P,PEQPAAP,329,335,ORF3_HEVBU,Hepatitis E virus (strain Burma),11518702,true positive,26,1,disordered
ELME000155,LIG_SH3_3,SH3 domain ligands,LIG,This is the motif recognized by those SH3 domains with a non-canonical class I recognition specificity,PF00018,SH3_1,SH3 domain,...[PV]..P,PEQPAAP,329,335,P73_HUMAN,Homo sapiens,10391251,true positive,26,1,disordered
ELME000155,LIG_SH3_3,SH3 domain ligands,LIG,This is the motif recognized by those SH3 domains with a non-canonical class I recognition specificity,PF00018,SH3_1,SH3 domain,...[PV]..P,PEQPAAP,329,335,SOS1_MOUSE,Mus musculus,9135122,true positive,26,1,disordered
ELME000155,LIG_SH3_3,SH3 domain ligands,LIG,This is the motif recognized by those SH3 domains with a non-canonical class I recognition specificity,PF00018,SH3_1,SH3 domain,...[PV]..P,PEQPAAP,329,335,TAU_HUMAN,Homo sapiens,18467332,true positive,26,1,disordered
ELME000155,LIG_SH3_3,SH3 domain ligands,LIG,This is the motif recognized by those SH3 domains with a non-canonical class I recognition specificity,PF00018,SH3_1,SH3 domain,...[PV]..P,PEQPAAP,329,335,TIP_SHV24,Herpesvirus saimiri (strain 484-77),11040125,true positive,26,1,disordered
ELME000155,LIG_SH3_3,SH3 domain ligands,LIG,This is the motif recognized by those SH3 domains with a non-canonical class I recognition specificity,PF00018,SH3_1,SH3 domain,...[PV]..P,PEQPAAP,329,335,WASF1_MOUSE,Mus musculus,10970852,true positive,26,1,disordered
ELME000155,LIG_SH3_3,SH3 domain ligands,LIG,This is the motif recognized by those SH3 domains with a non-canonical class I recognition specificity,PF00018,SH3_1,SH3 domain,...[PV]..P,PEAVATP,343,349,BIN1_HUMAN,Homo sapiens,15992821,true positive,26,1,disordered
ELME000155,LIG_SH3_3,SH3 domain ligands,LIG,This is the motif recognized by those SH3 domains with a non-canonical class I recognition specificity,PF00018,SH3_1,SH3 domain,...[PV]..P,PEAVATP,343,349,CD2_HUMAN,Homo sapiens,12426371,true positive,26,1,disordered
ELME000155,LIG_SH3_3,SH3 domain ligands,LIG,This is the motif recognized by those SH3 domains with a non-canonical class I recognition specificity,PF00018,SH3_1,SH3 domain,...[PV]..P,PEAVATP,343,349,CY24A_TURTR,Tursiops truncatus,9121467,true positive,26,1,disordered
ELME000155,LIG_SH3_3,SH3 domain ligands,LIG,This is the motif recognized by those SH3 domains with a non-canonical class I recognition specificity,PF00018,SH3_1,SH3 domain,...[PV]..P,PEAVATP,343,349,DAG1_HUMAN,Homo sapiens,10903901,true positive,26,1,disordered
ELME000155,LIG_SH3_3,SH3 domain ligands,LIG,This is the motif recognized by those SH3 domains with a non-canonical class I recognition specificity,PF00018,SH3_1,SH3 domain,...[PV]..P,PEAVATP,343,349,EPS8_HUMAN,Homo sapiens,21098279 22921828,true positive,26,1,disordered
ELME000155,LIG_SH3_3,SH3 domain ligands,LIG,This is the motif recognized by those SH3 domains with a non-canonical class I recognition specificity,PF00018,SH3_1,SH3 domain,...[PV]..P,PEAVATP,343,349,ESPFU_ECO5T,Escherichia coli O157:H7 str. TW14359,21098279,true positive,26,1,disordered
ELME000155,LIG_SH3_3,SH3 domain ligands,LIG,This is the motif recognized by those SH3 domains with a non-canonical class I recognition specificity,PF00018,SH3_1,SH3 domain,...[PV]..P,PEAVATP,343,349,LAS17_YEAST,Saccharomyces cerevisiae,10648568,true positive,26,1,disordered
ELME000155,LIG_SH3_3,SH3 domain ligands,LIG,This is the motif recognized by those SH3 domains with a non-canonical class I recognition specificity,PF00018,SH3_1,SH3 domain,...[PV]..P,PEAVATP,343,349,NS1_I72A2,Influenza A virus (A/Udorn/307/1972(H3N2)),17881440,true positive,26,1,disordered
ELME000155,LIG_SH3_3,SH3 domain ligands,LIG,This is the motif recognized by those SH3 domains with a non-canonical class I recognition specificity,PF00018,SH3_1,SH3 domain,...[PV]..P,PEAVATP,343,349,ORF3_HEVBU,Hepatitis E virus (strain Burma),11518702,true positive,26,1,disordered
ELME000155,LIG_SH3_3,SH3 domain ligands,LIG,This is the motif recognized by those SH3 domains with a non-canonical class I recognition specificity,PF00018,SH3_1,SH3 domain,...[PV]..P,PEAVATP,343,349,P73_HUMAN,Homo sapiens,10391251,true positive,26,1,disordered
ELME000155,LIG_SH3_3,SH3 domain ligands,LIG,This is the motif recognized by those SH3 domains with a non-canonical class I recognition specificity,PF00018,SH3_1,SH3 domain,...[PV]..P,PEAVATP,343,349,SOS1_MOUSE,Mus musculus,9135122,true positive,26,1,disordered
ELME000155,LIG_SH3_3,SH3 domain ligands,LIG,This is the motif recognized by those SH3 domains with a non-canonical class I recognition specificity,PF00018,SH3_1,SH3 domain,...[PV]..P,PEAVATP,343,349,TAU_HUMAN,Homo sapiens,18467332,true positive,26,1,disordered
ELME000155,LIG_SH3_3,SH3 domain ligands,LIG,This is the motif recognized by those SH3 domains with a non-canonical class I recognition specificity,PF00018,SH3_1,SH3 domain,...[PV]..P,PEAVATP,343,349,TIP_SHV24,Herpesvirus saimiri (strain 484-77),11040125,true positive,26,1,disordered
ELME000155,LIG_SH3_3,SH3 domain ligands,LIG,This is the motif recognized by those SH3 domains with a non-canonical class I recognition specificity,PF00018,SH3_1,SH3 domain,...[PV]..P,PEAVATP,343,349,WASF1_MOUSE,Mus musculus,10970852,true positive,26,1,disordered
ELME000155,LIG_SH3_3,SH3 domain ligands,LIG,This is the motif recognized by those SH3 domains with a non-canonical class I recognition specificity,PF00018,SH3_1,SH3 domain,...[PV]..P,VATPAPP,346,352,BIN1_HUMAN,Homo sapiens,15992821,true positive,26,1,disordered
ELME000155,LIG_SH3_3,SH3 domain ligands,LIG,This is the motif recognized by those SH3 domains with a non-canonical class I recognition specificity,PF00018,SH3_1,SH3 domain,...[PV]..P,VATPAPP,346,352,CD2_HUMAN,Homo sapiens,12426371,true positive,26,1,disordered
ELME000155,LIG_SH3_3,SH3 domain ligands,LIG,This is the motif recognized by those SH3 domains with a non-canonical class I recognition specificity,PF00018,SH3_1,SH3 domain,...[PV]..P,VATPAPP,346,352,CY24A_TURTR,Tursiops truncatus,9121467,true positive,26,1,disordered
ELME000155,LIG_SH3_3,SH3 domain ligands,LIG,This is the motif recognized by those SH3 domains with a non-canonical class I recognition specificity,PF00018,SH3_1,SH3 domain,...[PV]..P,VATPAPP,346,352,DAG1_HUMAN,Homo sapiens,10903901,true positive,26,1,disordered
ELME000155,LIG_SH3_3,SH3 domain ligands,LIG,This is the motif recognized by those SH3 domains with a non-canonical class I recognition specificity,PF00018,SH3_1,SH3 domain,...[PV]..P,VATPAPP,346,352,EPS8_HUMAN,Homo sapiens,21098279 22921828,true positive,26,1,disordered
ELME000155,LIG_SH3_3,SH3 domain ligands,LIG,This is the motif recognized by those SH3 domains with a non-canonical class I recognition specificity,PF00018,SH3_1,SH3 domain,...[PV]..P,VATPAPP,346,352,ESPFU_ECO5T,Escherichia coli O157:H7 str. TW14359,21098279,true positive,26,1,disordered
ELME000155,LIG_SH3_3,SH3 domain ligands,LIG,This is the motif recognized by those SH3 domains with a non-canonical class I recognition specificity,PF00018,SH3_1,SH3 domain,...[PV]..P,VATPAPP,346,352,LAS17_YEAST,Saccharomyces cerevisiae,10648568,true positive,26,1,disordered
ELME000155,LIG_SH3_3,SH3 domain ligands,LIG,This is the motif recognized by those SH3 domains with a non-canonical class I recognition specificity,PF00018,SH3_1,SH3 domain,...[PV]..P,VATPAPP,346,352,NS1_I72A2,Influenza A virus (A/Udorn/307/1972(H3N2)),17881440,true positive,26,1,disordered
ELME000155,LIG_SH3_3,SH3 domain ligands,LIG,This is the motif recognized by those SH3 domains with a non-canonical class I recognition specificity,PF00018,SH3_1,SH3 domain,...[PV]..P,VATPAPP,346,352,ORF3_HEVBU,Hepatitis E virus (strain Burma),11518702,true positive,26,1,disordered
ELME000155,LIG_SH3_3,SH3 domain ligands,LIG,This is the motif recognized by those SH3 domains with a non-canonical class I recognition specificity,PF00018,SH3_1,SH3 domain,...[PV]..P,VATPAPP,346,352,P73_HUMAN,Homo sapiens,10391251,true positive,26,1,disordered
ELME000155,LIG_SH3_3,SH3 domain ligands,LIG,This is the motif recognized by those SH3 domains with a non-canonical class I recognition specificity,PF00018,SH3_1,SH3 domain,...[PV]..P,VATPAPP,346,352,SOS1_MOUSE,Mus musculus,9135122,true positive,26,1,disordered
ELME000155,LIG_SH3_3,SH3 domain ligands,LIG,This is the motif recognized by those SH3 domains with a non-canonical class I recognition specificity,PF00018,SH3_1,SH3 domain,...[PV]..P,VATPAPP,346,352,TAU_HUMAN,Homo sapiens,18467332,true positive,26,1,disordered
ELME000155,LIG_SH3_3,SH3 domain ligands,LIG,This is the motif recognized by those SH3 domains with a non-canonical class I recognition specificity,PF00018,SH3_1,SH3 domain,...[PV]..P,VATPAPP,346,352,TIP_SHV24,Herpesvirus saimiri (strain 484-77),11040125,true positive,26,1,disordered
ELME000155,LIG_SH3_3,SH3 domain ligands,LIG,This is the motif recognized by those SH3 domains with a non-canonical class I recognition specificity,PF00018,SH3_1,SH3 domain,...[PV]..P,VATPAPP,346,352,WASF1_MOUSE,Mus musculus,10970852,true positive,26,1,disordered
ELME000155,LIG_SH3_3,SH3 domain ligands,LIG,This is the motif recognized by those SH3 domains with a non-canonical class I recognition specificity,PF00018,SH3_1,SH3 domain,...[PV]..P,VHAVQEP,410,416,BIN1_HUMAN,Homo sapiens,15992821,true positive,26,1,disordered
ELME000155,LIG_SH3_3,SH3 domain ligands,LIG,This is the motif recognized by those SH3 domains with a non-canonical class I recognition specificity,PF00018,SH3_1,SH3 domain,...[PV]..P,VHAVQEP,410,416,CD2_HUMAN,Homo sapiens,12426371,true positive,26,1,disordered
ELME000155,LIG_SH3_3,SH3 domain ligands,LIG,This is the motif recognized by those SH3 domains with a non-canonical class I recognition specificity,PF00018,SH3_1,SH3 domain,...[PV]..P,VHAVQEP,410,416,CY24A_TURTR,Tursiops truncatus,9121467,true positive,26,1,disordered
ELME000155,LIG_SH3_3,SH3 domain ligands,LIG,This is the motif recognized by those SH3 domains with a non-canonical class I recognition specificity,PF00018,SH3_1,SH3 domain,...[PV]..P,VHAVQEP,410,416,DAG1_HUMAN,Homo sapiens,10903901,true positive,26,1,disordered
ELME000155,LIG_SH3_3,SH3 domain ligands,LIG,This is the motif recognized by those SH3 domains with a non-canonical class I recognition specificity,PF00018,SH3_1,SH3 domain,...[PV]..P,VHAVQEP,410,416,EPS8_HUMAN,Homo sapiens,21098279 22921828,true positive,26,1,disordered
ELME000155,LIG_SH3_3,SH3 domain ligands,LIG,This is the motif recognized by those SH3 domains with a non-canonical class I recognition specificity,PF00018,SH3_1,SH3 domain,...[PV]..P,VHAVQEP,410,416,ESPFU_ECO5T,Escherichia coli O157:H7 str. TW14359,21098279,true positive,26,1,disordered
ELME000155,LIG_SH3_3,SH3 domain ligands,LIG,This is the motif recognized by those SH3 domains with a non-canonical class I recognition specificity,PF00018,SH3_1,SH3 domain,...[PV]..P,VHAVQEP,410,416,LAS17_YEAST,Saccharomyces cerevisiae,10648568,true positive,26,1,disordered
ELME000155,LIG_SH3_3,SH3 domain ligands,LIG,This is the motif recognized by those SH3 domains with a non-canonical class I recognition specificity,PF00018,SH3_1,SH3 domain,...[PV]..P,VHAVQEP,410,416,NS1_I72A2,Influenza A virus (A/Udorn/307/1972(H3N2)),17881440,true positive,26,1,disordered
ELME000155,LIG_SH3_3,SH3 domain ligands,LIG,This is the motif recognized by those SH3 domains with a non-canonical class I recognition specificity,PF00018,SH3_1,SH3 domain,...[PV]..P,VHAVQEP,410,416,ORF3_HEVBU,Hepatitis E virus (strain Burma),11518702,true positive,26,1,disordered
ELME000155,LIG_SH3_3,SH3 domain ligands,LIG,This is the motif recognized by those SH3 domains with a non-canonical class I recognition specificity,PF00018,SH3_1,SH3 domain,...[PV]..P,VHAVQEP,410,416,P73_HUMAN,Homo sapiens,10391251,true positive,26,1,disordered
ELME000155,LIG_SH3_3,SH3 domain ligands,LIG,This is the motif recognized by those SH3 domains with a non-canonical class I recognition specificity,PF00018,SH3_1,SH3 domain,...[PV]..P,VHAVQEP,410,416,SOS1_MOUSE,Mus musculus,9135122,true positive,26,1,disordered
ELME000155,LIG_SH3_3,SH3 domain ligands,LIG,This is the motif recognized by those SH3 domains with a non-canonical class I recognition specificity,PF00018,SH3_1,SH3 domain,...[PV]..P,VHAVQEP,410,416,TAU_HUMAN,Homo sapiens,18467332,true positive,26,1,disordered
ELME000155,LIG_SH3_3,SH3 domain ligands,LIG,This is the motif recognized by those SH3 domains with a non-canonical class I recognition specificity,PF00018,SH3_1,SH3 domain,...[PV]..P,VHAVQEP,410,416,TIP_SHV24,Herpesvirus saimiri (strain 484-77),11040125,true positive,26,1,disordered
ELME000155,LIG_SH3_3,SH3 domain ligands,LIG,This is the motif recognized by those SH3 domains with a non-canonical class I recognition specificity,PF00018,SH3_1,SH3 domain,...[PV]..P,VHAVQEP,410,416,WASF1_MOUSE,Mus musculus,10970852,true positive,26,1,disordered
ELME000155,LIG_SH3_3,SH3 domain ligands,LIG,This is the motif recognized by those SH3 domains with a non-canonical class I recognition specificity,PF00018,SH3_1,SH3 domain,...[PV]..P,EPAPIPP,415,421,BIN1_HUMAN,Homo sapiens,15992821,true positive,26,1,disordered
ELME000155,LIG_SH3_3,SH3 domain ligands,LIG,This is the motif recognized by those SH3 domains with a non-canonical class I recognition specificity,PF00018,SH3_1,SH3 domain,...[PV]..P,EPAPIPP,415,421,CD2_HUMAN,Homo sapiens,12426371,true positive,26,1,disordered
ELME000155,LIG_SH3_3,SH3 domain ligands,LIG,This is the motif recognized by those SH3 domains with a non-canonical class I recognition specificity,PF00018,SH3_1,SH3 domain,...[PV]..P,EPAPIPP,415,421,CY24A_TURTR,Tursiops truncatus,9121467,true positive,26,1,disordered
ELME000155,LIG_SH3_3,SH3 domain ligands,LIG,This is the motif recognized by those SH3 domains with a non-canonical class I recognition specificity,PF00018,SH3_1,SH3 domain,...[PV]..P,EPAPIPP,415,421,DAG1_HUMAN,Homo sapiens,10903901,true positive,26,1,disordered
ELME000155,LIG_SH3_3,SH3 domain ligands,LIG,This is the motif recognized by those SH3 domains with a non-canonical class I recognition specificity,PF00018,SH3_1,SH3 domain,...[PV]..P,EPAPIPP,415,421,EPS8_HUMAN,Homo sapiens,21098279 22921828,true positive,26,1,disordered
ELME000155,LIG_SH3_3,SH3 domain ligands,LIG,This is the motif recognized by those SH3 domains with a non-canonical class I recognition specificity,PF00018,SH3_1,SH3 domain,...[PV]..P,EPAPIPP,415,421,ESPFU_ECO5T,Escherichia coli O157:H7 str. TW14359,21098279,true positive,26,1,disordered
ELME000155,LIG_SH3_3,SH3 domain ligands,LIG,This is the motif recognized by those SH3 domains with a non-canonical class I recognition specificity,PF00018,SH3_1,SH3 domain,...[PV]..P,EPAPIPP,415,421,LAS17_YEAST,Saccharomyces cerevisiae,10648568,true positive,26,1,disordered
ELME000155,LIG_SH3_3,SH3 domain ligands,LIG,This is the motif recognized by those SH3 domains with a non-canonical class I recognition specificity,PF00018,SH3_1,SH3 domain,...[PV]..P,EPAPIPP,415,421,NS1_I72A2,Influenza A virus (A/Udorn/307/1972(H3N2)),17881440,true positive,26,1,disordered
ELME000155,LIG_SH3_3,SH3 domain ligands,LIG,This is the motif recognized by those SH3 domains with a non-canonical class I recognition specificity,PF00018,SH3_1,SH3 domain,...[PV]..P,EPAPIPP,415,421,ORF3_HEVBU,Hepatitis E virus (strain Burma),11518702,true positive,26,1,disordered
ELME000155,LIG_SH3_3,SH3 domain ligands,LIG,This is the motif recognized by those SH3 domains with a non-canonical class I recognition specificity,PF00018,SH3_1,SH3 domain,...[PV]..P,EPAPIPP,415,421,P73_HUMAN,Homo sapiens,10391251,true positive,26,1,disordered
ELME000155,LIG_SH3_3,SH3 domain ligands,LIG,This is the motif recognized by those SH3 domains with a non-canonical class I recognition specificity,PF00018,SH3_1,SH3 domain,...[PV]..P,EPAPIPP,415,421,SOS1_MOUSE,Mus musculus,9135122,true positive,26,1,disordered
ELME000155,LIG_SH3_3,SH3 domain ligands,LIG,This is the motif recognized by those SH3 domains with a non-canonical class I recognition specificity,PF00018,SH3_1,SH3 domain,...[PV]..P,EPAPIPP,415,421,TAU_HUMAN,Homo sapiens,18467332,true positive,26,1,disordered
ELME000155,LIG_SH3_3,SH3 domain ligands,LIG,This is the motif recognized by those SH3 domains with a non-canonical class I recognition specificity,PF00018,SH3_1,SH3 domain,...[PV]..P,EPAPIPP,415,421,TIP_SHV24,Herpesvirus saimiri (strain 484-77),11040125,true positive,26,1,disordered
ELME000155,LIG_SH3_3,SH3 domain ligands,LIG,This is the motif recognized by those SH3 domains with a non-canonical class I recognition specificity,PF00018,SH3_1,SH3 domain,...[PV]..P,EPAPIPP,415,421,WASF1_MOUSE,Mus musculus,10970852,true positive,26,1,disordered
ELME000155,LIG_SH3_3,SH3 domain ligands,LIG,This is the motif recognized by those SH3 domains with a non-canonical class I recognition specificity,PF00018,SH3_1,SH3 domain,...[PV]..P,QEEPIPP,437,443,BIN1_HUMAN,Homo sapiens,15992821,true positive,26,1,disordered
ELME000155,LIG_SH3_3,SH3 domain ligands,LIG,This is the motif recognized by those SH3 domains with a non-canonical class I recognition specificity,PF00018,SH3_1,SH3 domain,...[PV]..P,QEEPIPP,437,443,CD2_HUMAN,Homo sapiens,12426371,true positive,26,1,disordered
ELME000155,LIG_SH3_3,SH3 domain ligands,LIG,This is the motif recognized by those SH3 domains with a non-canonical class I recognition specificity,PF00018,SH3_1,SH3 domain,...[PV]..P,QEEPIPP,437,443,CY24A_TURTR,Tursiops truncatus,9121467,true positive,26,1,disordered
ELME000155,LIG_SH3_3,SH3 domain ligands,LIG,This is the motif recognized by those SH3 domains with a non-canonical class I recognition specificity,PF00018,SH3_1,SH3 domain,...[PV]..P,QEEPIPP,437,443,DAG1_HUMAN,Homo sapiens,10903901,true positive,26,1,disordered
ELME000155,LIG_SH3_3,SH3 domain ligands,LIG,This is the motif recognized by those SH3 domains with a non-canonical class I recognition specificity,PF00018,SH3_1,SH3 domain,...[PV]..P,QEEPIPP,437,443,EPS8_HUMAN,Homo sapiens,21098279 22921828,true positive,26,1,disordered
ELME000155,LIG_SH3_3,SH3 domain ligands,LIG,This is the motif recognized by those SH3 domains with a non-canonical class I recognition specificity,PF00018,SH3_1,SH3 domain,...[PV]..P,QEEPIPP,437,443,ESPFU_ECO5T,Escherichia coli O157:H7 str. TW14359,21098279,true positive,26,1,disordered
ELME000155,LIG_SH3_3,SH3 domain ligands,LIG,This is the motif recognized by those SH3 domains with a non-canonical class I recognition specificity,PF00018,SH3_1,SH3 domain,...[PV]..P,QEEPIPP,437,443,LAS17_YEAST,Saccharomyces cerevisiae,10648568,true positive,26,1,disordered
ELME000155,LIG_SH3_3,SH3 domain ligands,LIG,This is the motif recognized by those SH3 domains with a non-canonical class I recognition specificity,PF00018,SH3_1,SH3 domain,...[PV]..P,QEEPIPP,437,443,NS1_I72A2,Influenza A virus (A/Udorn/307/1972(H3N2)),17881440,true positive,26,1,disordered
ELME000155,LIG_SH3_3,SH3 domain ligands,LIG,This is the motif recognized by those SH3 domains with a non-canonical class I recognition specificity,PF00018,SH3_1,SH3 domain,...[PV]..P,QEEPIPP,437,443,ORF3_HEVBU,Hepatitis E virus (strain Burma),11518702,true positive,26,1,disordered
ELME000155,LIG_SH3_3,SH3 domain ligands,LIG,This is the motif recognized by those SH3 domains with a non-canonical class I recognition specificity,PF00018,SH3_1,SH3 domain,...[PV]..P,QEEPIPP,437,443,P73_HUMAN,Homo sapiens,10391251,true positive,26,1,disordered
ELME000155,LIG_SH3_3,SH3 domain ligands,LIG,This is the motif recognized by those SH3 domains with a non-canonical class I recognition specificity,PF00018,SH3_1,SH3 domain,...[PV]..P,QEEPIPP,437,443,SOS1_MOUSE,Mus musculus,9135122,true positive,26,1,disordered
ELME000155,LIG_SH3_3,SH3 domain ligands,LIG,This is the motif recognized by those SH3 domains with a non-canonical class I recognition specificity,PF00018,SH3_1,SH3 domain,...[PV]..P,QEEPIPP,437,443,TAU_HUMAN,Homo sapiens,18467332,true positive,26,1,disordered
ELME000155,LIG_SH3_3,SH3 domain ligands,LIG,This is the motif recognized by those SH3 domains with a non-canonical class I recognition specificity,PF00018,SH3_1,SH3 domain,...[PV]..P,QEEPIPP,437,443,TIP_SHV24,Herpesvirus saimiri (strain 484-77),11040125,true positive,26,1,disordered
ELME000155,LIG_SH3_3,SH3 domain ligands,LIG,This is the motif recognized by those SH3 domains with a non-canonical class I recognition specificity,PF00018,SH3_1,SH3 domain,...[PV]..P,QEEPIPP,437,443,WASF1_MOUSE,Mus musculus,10970852,true positive,26,1,disordered
ELME000501,LIG_SH3_CIN85_PxpxPR_1,CIN85 and CD2AP SH3 domain binding motif ,LIG,"The non-canonical SH3-binding motif is recognized primarily by adaptor proteins CIN85 and CD2AP, which are involved in RTK regulation, endocytosis, lysosomal degradation, actin cytoskeleton dynamics regulation, and signal transduction",PF14604,SH3_9,Variant SH3 domain,P.[AP].PR,PIPPPR,418,423,3BP2_HUMAN,Homo sapiens,17306257,true positive,60,4,disordered
ELME000501,LIG_SH3_CIN85_PxpxPR_1,CIN85 and CD2AP SH3 domain binding motif ,LIG,"The non-canonical SH3-binding motif is recognized primarily by adaptor proteins CIN85 and CD2AP, which are involved in RTK regulation, endocytosis, lysosomal degradation, actin cytoskeleton dynamics regulation, and signal transduction",PF14604,SH3_9,Variant SH3 domain,P.[AP].PR,PIPPPR,418,423,A0A1B0SZV8_ORENI,Oreochromis niloticus,32247045,true positive,60,4,disordered
ELME000501,LIG_SH3_CIN85_PxpxPR_1,CIN85 and CD2AP SH3 domain binding motif ,LIG,"The non-canonical SH3-binding motif is recognized primarily by adaptor proteins CIN85 and CD2AP, which are involved in RTK regulation, endocytosis, lysosomal degradation, actin cytoskeleton dynamics regulation, and signal transduction",PF14604,SH3_9,Variant SH3 domain,P.[AP].PR,PIPPPR,418,423,ARAP3_HUMAN,Homo sapiens,15090612,true positive,60,4,disordered
ELME000501,LIG_SH3_CIN85_PxpxPR_1,CIN85 and CD2AP SH3 domain binding motif ,LIG,"The non-canonical SH3-binding motif is recognized primarily by adaptor proteins CIN85 and CD2AP, which are involved in RTK regulation, endocytosis, lysosomal degradation, actin cytoskeleton dynamics regulation, and signal transduction",PF14604,SH3_9,Variant SH3 domain,P.[AP].PR,PIPPPR,418,423,ASAP1_HUMAN,Homo sapiens,15090612,true positive,60,4,disordered
ELME000501,LIG_SH3_CIN85_PxpxPR_1,CIN85 and CD2AP SH3 domain binding motif ,LIG,"The non-canonical SH3-binding motif is recognized primarily by adaptor proteins CIN85 and CD2AP, which are involved in RTK regulation, endocytosis, lysosomal degradation, actin cytoskeleton dynamics regulation, and signal transduction",PF14604,SH3_9,Variant SH3 domain,P.[AP].PR,PIPPPR,418,423,ASAP1_MOUSE,Mus musculus,15632162,true positive,60,4,disordered
ELME000501,LIG_SH3_CIN85_PxpxPR_1,CIN85 and CD2AP SH3 domain binding motif ,LIG,"The non-canonical SH3-binding motif is recognized primarily by adaptor proteins CIN85 and CD2AP, which are involved in RTK regulation, endocytosis, lysosomal degradation, actin cytoskeleton dynamics regulation, and signal transduction",PF14604,SH3_9,Variant SH3 domain,P.[AP].PR,PIPPPR,418,423,BLNK_HUMAN,Homo sapiens,11071869 32051419 27353366,true positive,60,4,disordered
ELME000501,LIG_SH3_CIN85_PxpxPR_1,CIN85 and CD2AP SH3 domain binding motif ,LIG,"The non-canonical SH3-binding motif is recognized primarily by adaptor proteins CIN85 and CD2AP, which are involved in RTK regulation, endocytosis, lysosomal degradation, actin cytoskeleton dynamics regulation, and signal transduction",PF14604,SH3_9,Variant SH3 domain,P.[AP].PR,PIPPPR,418,423,BLNK_HUMAN,Homo sapiens,32051419 27353366,true positive,60,4,disordered
ELME000501,LIG_SH3_CIN85_PxpxPR_1,CIN85 and CD2AP SH3 domain binding motif ,LIG,"The non-canonical SH3-binding motif is recognized primarily by adaptor proteins CIN85 and CD2AP, which are involved in RTK regulation, endocytosis, lysosomal degradation, actin cytoskeleton dynamics regulation, and signal transduction",PF14604,SH3_9,Variant SH3 domain,P.[AP].PR,PIPPPR,418,423,CBLB_HUMAN,Homo sapiens,12177062 16228008 23663663 12874286 19268472 17020880,true positive,60,4,disordered
ELME000501,LIG_SH3_CIN85_PxpxPR_1,CIN85 and CD2AP SH3 domain binding motif ,LIG,"The non-canonical SH3-binding motif is recognized primarily by adaptor proteins CIN85 and CD2AP, which are involved in RTK regulation, endocytosis, lysosomal degradation, actin cytoskeleton dynamics regulation, and signal transduction",PF14604,SH3_9,Variant SH3 domain,P.[AP].PR,PIPPPR,418,423,CBL_HUMAN,Homo sapiens,11067845 16228008 11071869 10679202 12874286 19268472,true positive,60,4,disordered
ELME000501,LIG_SH3_CIN85_PxpxPR_1,CIN85 and CD2AP SH3 domain binding motif ,LIG,"The non-canonical SH3-binding motif is recognized primarily by adaptor proteins CIN85 and CD2AP, which are involved in RTK regulation, endocytosis, lysosomal degradation, actin cytoskeleton dynamics regulation, and signal transduction",PF14604,SH3_9,Variant SH3 domain,P.[AP].PR,PIPPPR,418,423,CD2_HUMAN,Homo sapiens,23663663 17020880 12690097,true positive,60,4,disordered
ELME000501,LIG_SH3_CIN85_PxpxPR_1,CIN85 and CD2AP SH3 domain binding motif ,LIG,"The non-canonical SH3-binding motif is recognized primarily by adaptor proteins CIN85 and CD2AP, which are involved in RTK regulation, endocytosis, lysosomal degradation, actin cytoskeleton dynamics regulation, and signal transduction",PF14604,SH3_9,Variant SH3 domain,P.[AP].PR,PIPPPR,418,423,CD2_MOUSE,Mus musculus,9741631,true positive,60,4,disordered
ELME000501,LIG_SH3_CIN85_PxpxPR_1,CIN85 and CD2AP SH3 domain binding motif ,LIG,"The non-canonical SH3-binding motif is recognized primarily by adaptor proteins CIN85 and CD2AP, which are involved in RTK regulation, endocytosis, lysosomal degradation, actin cytoskeleton dynamics regulation, and signal transduction",PF14604,SH3_9,Variant SH3 domain,P.[AP].PR,PIPPPR,418,423,DAB1_HUMAN,Homo sapiens,14596919,true positive,60,4,disordered
ELME000501,LIG_SH3_CIN85_PxpxPR_1,CIN85 and CD2AP SH3 domain binding motif ,LIG,"The non-canonical SH3-binding motif is recognized primarily by adaptor proteins CIN85 and CD2AP, which are involved in RTK regulation, endocytosis, lysosomal degradation, actin cytoskeleton dynamics regulation, and signal transduction",PF14604,SH3_9,Variant SH3 domain,P.[AP].PR,PIPPPR,418,423,DAB1_MOUSE,Mus musculus,18076569,true positive,60,4,disordered
ELME000501,LIG_SH3_CIN85_PxpxPR_1,CIN85 and CD2AP SH3 domain binding motif ,LIG,"The non-canonical SH3-binding motif is recognized primarily by adaptor proteins CIN85 and CD2AP, which are involved in RTK regulation, endocytosis, lysosomal degradation, actin cytoskeleton dynamics regulation, and signal transduction",PF14604,SH3_9,Variant SH3 domain,P.[AP].PR,PIPPPR,418,423,DAB2_HUMAN,Homo sapiens,14596919,true positive,60,4,disordered
ELME000501,LIG_SH3_CIN85_PxpxPR_1,CIN85 and CD2AP SH3 domain binding motif ,LIG,"The non-canonical SH3-binding motif is recognized primarily by adaptor proteins CIN85 and CD2AP, which are involved in RTK regulation, endocytosis, lysosomal degradation, actin cytoskeleton dynamics regulation, and signal transduction",PF14604,SH3_9,Variant SH3 domain,P.[AP].PR,PIPPPR,418,423,DEND_HUMAN,Homo sapiens,16751601,true positive,60,4,disordered
ELME000501,LIG_SH3_CIN85_PxpxPR_1,CIN85 and CD2AP SH3 domain binding motif ,LIG,"The non-canonical SH3-binding motif is recognized primarily by adaptor proteins CIN85 and CD2AP, which are involved in RTK regulation, endocytosis, lysosomal degradation, actin cytoskeleton dynamics regulation, and signal transduction",PF14604,SH3_9,Variant SH3 domain,P.[AP].PR,PIPPPR,418,423,HIP1R_MOUSE,Mus musculus,15090612,true positive,60,4,disordered
ELME000501,LIG_SH3_CIN85_PxpxPR_1,CIN85 and CD2AP SH3 domain binding motif ,LIG,"The non-canonical SH3-binding motif is recognized primarily by adaptor proteins CIN85 and CD2AP, which are involved in RTK regulation, endocytosis, lysosomal degradation, actin cytoskeleton dynamics regulation, and signal transduction",PF14604,SH3_9,Variant SH3 domain,P.[AP].PR,PIPPPR,418,423,ICP0_HHV11,Herpes simplex virus (type 1 / strain 17),15824310,true positive,60,4,disordered
ELME000501,LIG_SH3_CIN85_PxpxPR_1,CIN85 and CD2AP SH3 domain binding motif ,LIG,"The non-canonical SH3-binding motif is recognized primarily by adaptor proteins CIN85 and CD2AP, which are involved in RTK regulation, endocytosis, lysosomal degradation, actin cytoskeleton dynamics regulation, and signal transduction",PF14604,SH3_9,Variant SH3 domain,P.[AP].PR,PIPPPR,418,423,ITCH_HUMAN,Homo sapiens,17652093,true positive,60,4,disordered
ELME000501,LIG_SH3_CIN85_PxpxPR_1,CIN85 and CD2AP SH3 domain binding motif ,LIG,"The non-canonical SH3-binding motif is recognized primarily by adaptor proteins CIN85 and CD2AP, which are involved in RTK regulation, endocytosis, lysosomal degradation, actin cytoskeleton dynamics regulation, and signal transduction",PF14604,SH3_9,Variant SH3 domain,P.[AP].PR,PIPPPR,418,423,MB12A_HUMAN,Homo sapiens,16895919,true positive,60,4,disordered
ELME000501,LIG_SH3_CIN85_PxpxPR_1,CIN85 and CD2AP SH3 domain binding motif ,LIG,"The non-canonical SH3-binding motif is recognized primarily by adaptor proteins CIN85 and CD2AP, which are involved in RTK regulation, endocytosis, lysosomal degradation, actin cytoskeleton dynamics regulation, and signal transduction",PF14604,SH3_9,Variant SH3 domain,P.[AP].PR,PIPPPR,418,423,P85A_HUMAN,Homo sapiens,31723006,true positive,60,4,disordered
ELME000501,LIG_SH3_CIN85_PxpxPR_1,CIN85 and CD2AP SH3 domain binding motif ,LIG,"The non-canonical SH3-binding motif is recognized primarily by adaptor proteins CIN85 and CD2AP, which are involved in RTK regulation, endocytosis, lysosomal degradation, actin cytoskeleton dynamics regulation, and signal transduction",PF14604,SH3_9,Variant SH3 domain,P.[AP].PR,PIPPPR,418,423,PDC6I_HUMAN,Homo sapiens,26296892,true positive,60,4,disordered
ELME000501,LIG_SH3_CIN85_PxpxPR_1,CIN85 and CD2AP SH3 domain binding motif ,LIG,"The non-canonical SH3-binding motif is recognized primarily by adaptor proteins CIN85 and CD2AP, which are involved in RTK regulation, endocytosis, lysosomal degradation, actin cytoskeleton dynamics regulation, and signal transduction",PF14604,SH3_9,Variant SH3 domain,P.[AP].PR,PIPPPR,418,423,PDC6I_RAT,Rattus norvegicus,10858458 11152963,true positive,60,4,disordered
ELME000501,LIG_SH3_CIN85_PxpxPR_1,CIN85 and CD2AP SH3 domain binding motif ,LIG,"The non-canonical SH3-binding motif is recognized primarily by adaptor proteins CIN85 and CD2AP, which are involved in RTK regulation, endocytosis, lysosomal degradation, actin cytoskeleton dynamics regulation, and signal transduction",PF14604,SH3_9,Variant SH3 domain,P.[AP].PR,PIPPPR,418,423,POLG_HCVJF,Hepatitis C virus JFH-1,25872741,true positive,60,4,disordered
ELME000501,LIG_SH3_CIN85_PxpxPR_1,CIN85 and CD2AP SH3 domain binding motif ,LIG,"The non-canonical SH3-binding motif is recognized primarily by adaptor proteins CIN85 and CD2AP, which are involved in RTK regulation, endocytosis, lysosomal degradation, actin cytoskeleton dynamics regulation, and signal transduction",PF14604,SH3_9,Variant SH3 domain,P.[AP].PR,PIPPPR,418,423,POLN_BFV,Barmah Forest virus,29702546,true positive,60,4,disordered
ELME000501,LIG_SH3_CIN85_PxpxPR_1,CIN85 and CD2AP SH3 domain binding motif ,LIG,"The non-canonical SH3-binding motif is recognized primarily by adaptor proteins CIN85 and CD2AP, which are involved in RTK regulation, endocytosis, lysosomal degradation, actin cytoskeleton dynamics regulation, and signal transduction",PF14604,SH3_9,Variant SH3 domain,P.[AP].PR,PIPPPR,418,423,POLN_CHIKS,Chikungunya virus strain S27-African prototype,31493651,true positive,60,4,disordered
ELME000501,LIG_SH3_CIN85_PxpxPR_1,CIN85 and CD2AP SH3 domain binding motif ,LIG,"The non-canonical SH3-binding motif is recognized primarily by adaptor proteins CIN85 and CD2AP, which are involved in RTK regulation, endocytosis, lysosomal degradation, actin cytoskeleton dynamics regulation, and signal transduction",PF14604,SH3_9,Variant SH3 domain,P.[AP].PR,PIPPPR,418,423,POLN_EEVVT,Venezuelan equine encephalitis virus (strain Trinidad donkey),31694937,true positive,60,4,disordered
ELME000501,LIG_SH3_CIN85_PxpxPR_1,CIN85 and CD2AP SH3 domain binding motif ,LIG,"The non-canonical SH3-binding motif is recognized primarily by adaptor proteins CIN85 and CD2AP, which are involved in RTK regulation, endocytosis, lysosomal degradation, actin cytoskeleton dynamics regulation, and signal transduction",PF14604,SH3_9,Variant SH3 domain,P.[AP].PR,PIPPPR,418,423,POLN_SFV,Semliki forest virus,29702546,true positive,60,4,disordered
ELME000501,LIG_SH3_CIN85_PxpxPR_1,CIN85 and CD2AP SH3 domain binding motif ,LIG,"The non-canonical SH3-binding motif is recognized primarily by adaptor proteins CIN85 and CD2AP, which are involved in RTK regulation, endocytosis, lysosomal degradation, actin cytoskeleton dynamics regulation, and signal transduction",PF14604,SH3_9,Variant SH3 domain,P.[AP].PR,PIPPPR,418,423,PTCRA_HUMAN,Homo sapiens,17823309,true positive,60,4,disordered
ELME000501,LIG_SH3_CIN85_PxpxPR_1,CIN85 and CD2AP SH3 domain binding motif ,LIG,"The non-canonical SH3-binding motif is recognized primarily by adaptor proteins CIN85 and CD2AP, which are involved in RTK regulation, endocytosis, lysosomal degradation, actin cytoskeleton dynamics regulation, and signal transduction",PF14604,SH3_9,Variant SH3 domain,P.[AP].PR,PIPPPR,418,423,Q4UGW0_THEAN,Theileria annulata,29520916,unknown,60,4,disordered
ELME000501,LIG_SH3_CIN85_PxpxPR_1,CIN85 and CD2AP SH3 domain binding motif ,LIG,"The non-canonical SH3-binding motif is recognized primarily by adaptor proteins CIN85 and CD2AP, which are involved in RTK regulation, endocytosis, lysosomal degradation, actin cytoskeleton dynamics regulation, and signal transduction",PF14604,SH3_9,Variant SH3 domain,P.[AP].PR,PIPPPR,418,423,Q64ET4_HCMV,Human herpesvirus 5,30089695,unknown,60,4,disordered
ELME000501,LIG_SH3_CIN85_PxpxPR_1,CIN85 and CD2AP SH3 domain binding motif ,LIG,"The non-canonical SH3-binding motif is recognized primarily by adaptor proteins CIN85 and CD2AP, which are involved in RTK regulation, endocytosis, lysosomal degradation, actin cytoskeleton dynamics regulation, and signal transduction",PF14604,SH3_9,Variant SH3 domain,P.[AP].PR,PIPPPR,418,423,RHG27_RAT,Rattus norvegicus,15147912,true positive,60,4,disordered
ELME000501,LIG_SH3_CIN85_PxpxPR_1,CIN85 and CD2AP SH3 domain binding motif ,LIG,"The non-canonical SH3-binding motif is recognized primarily by adaptor proteins CIN85 and CD2AP, which are involved in RTK regulation, endocytosis, lysosomal degradation, actin cytoskeleton dynamics regulation, and signal transduction",PF14604,SH3_9,Variant SH3 domain,P.[AP].PR,PIPPPR,418,423,RIN3_HUMAN,Homo sapiens,26296892,true positive,60,4,disordered
ELME000501,LIG_SH3_CIN85_PxpxPR_1,CIN85 and CD2AP SH3 domain binding motif ,LIG,"The non-canonical SH3-binding motif is recognized primarily by adaptor proteins CIN85 and CD2AP, which are involved in RTK regulation, endocytosis, lysosomal degradation, actin cytoskeleton dynamics regulation, and signal transduction",PF14604,SH3_9,Variant SH3 domain,P.[AP].PR,PIPPPR,418,423,RON2_TOXGM,Toxoplasma gondii ME49,28848228,true positive,60,4,disordered
ELME000501,LIG_SH3_CIN85_PxpxPR_1,CIN85 and CD2AP SH3 domain binding motif ,LIG,"The non-canonical SH3-binding motif is recognized primarily by adaptor proteins CIN85 and CD2AP, which are involved in RTK regulation, endocytosis, lysosomal degradation, actin cytoskeleton dynamics regulation, and signal transduction",PF14604,SH3_9,Variant SH3 domain,P.[AP].PR,PIPPPR,418,423,RON4_TOXGO,Toxoplasma gondii,28848228,true positive,60,4,disordered
ELME000501,LIG_SH3_CIN85_PxpxPR_1,CIN85 and CD2AP SH3 domain binding motif ,LIG,"The non-canonical SH3-binding motif is recognized primarily by adaptor proteins CIN85 and CD2AP, which are involved in RTK regulation, endocytosis, lysosomal degradation, actin cytoskeleton dynamics regulation, and signal transduction",PF14604,SH3_9,Variant SH3 domain,P.[AP].PR,PIPPPR,418,423,S8ERS3_TOXGM,Toxoplasma gondii ME49,28848228,true positive,60,4,disordered
ELME000501,LIG_SH3_CIN85_PxpxPR_1,CIN85 and CD2AP SH3 domain binding motif ,LIG,"The non-canonical SH3-binding motif is recognized primarily by adaptor proteins CIN85 and CD2AP, which are involved in RTK regulation, endocytosis, lysosomal degradation, actin cytoskeleton dynamics regulation, and signal transduction",PF14604,SH3_9,Variant SH3 domain,P.[AP].PR,PIPPPR,418,423,SEPT9_HUMAN,Homo sapiens,25472714,true positive,60,4,disordered
ELME000501,LIG_SH3_CIN85_PxpxPR_1,CIN85 and CD2AP SH3 domain binding motif ,LIG,"The non-canonical SH3-binding motif is recognized primarily by adaptor proteins CIN85 and CD2AP, which are involved in RTK regulation, endocytosis, lysosomal degradation, actin cytoskeleton dynamics regulation, and signal transduction",PF14604,SH3_9,Variant SH3 domain,P.[AP].PR,PIPPPR,418,423,SHIP1_HUMAN,Homo sapiens,15090612,true positive,60,4,disordered
ELME000501,LIG_SH3_CIN85_PxpxPR_1,CIN85 and CD2AP SH3 domain binding motif ,LIG,"The non-canonical SH3-binding motif is recognized primarily by adaptor proteins CIN85 and CD2AP, which are involved in RTK regulation, endocytosis, lysosomal degradation, actin cytoskeleton dynamics regulation, and signal transduction",PF14604,SH3_9,Variant SH3 domain,P.[AP].PR,PIPPPR,418,423,SHKB1_MOUSE,Mus musculus,21830225,true positive,60,4,disordered
ELME000501,LIG_SH3_CIN85_PxpxPR_1,CIN85 and CD2AP SH3 domain binding motif ,LIG,"The non-canonical SH3-binding motif is recognized primarily by adaptor proteins CIN85 and CD2AP, which are involved in RTK regulation, endocytosis, lysosomal degradation, actin cytoskeleton dynamics regulation, and signal transduction",PF14604,SH3_9,Variant SH3 domain,P.[AP].PR,PIPPPR,418,423,SHKB1_RAT,Rattus norvegicus,11152963,true positive,60,4,disordered
ELME000501,LIG_SH3_CIN85_PxpxPR_1,CIN85 and CD2AP SH3 domain binding motif ,LIG,"The non-canonical SH3-binding motif is recognized primarily by adaptor proteins CIN85 and CD2AP, which are involved in RTK regulation, endocytosis, lysosomal degradation, actin cytoskeleton dynamics regulation, and signal transduction",PF14604,SH3_9,Variant SH3 domain,P.[AP].PR,PIPPPR,418,423,STAP1_MOUSE,Mus musculus,15090612,true positive,60,4,disordered
ELME000501,LIG_SH3_CIN85_PxpxPR_1,CIN85 and CD2AP SH3 domain binding motif ,LIG,"The non-canonical SH3-binding motif is recognized primarily by adaptor proteins CIN85 and CD2AP, which are involved in RTK regulation, endocytosis, lysosomal degradation, actin cytoskeleton dynamics regulation, and signal transduction",PF14604,SH3_9,Variant SH3 domain,P.[AP].PR,PIPPPR,418,423,SYNJ1_MOUSE,Mus musculus,12829691,true positive,60,4,disordered
ELME000501,LIG_SH3_CIN85_PxpxPR_1,CIN85 and CD2AP SH3 domain binding motif ,LIG,"The non-canonical SH3-binding motif is recognized primarily by adaptor proteins CIN85 and CD2AP, which are involved in RTK regulation, endocytosis, lysosomal degradation, actin cytoskeleton dynamics regulation, and signal transduction",PF14604,SH3_9,Variant SH3 domain,P.[AP].PR,PIPPPR,418,423,SYNJ2_RAT,Rattus norvegicus,15090612,true positive,60,4,disordered
ELME000501,LIG_SH3_CIN85_PxpxPR_1,CIN85 and CD2AP SH3 domain binding motif ,LIG,"The non-canonical SH3-binding motif is recognized primarily by adaptor proteins CIN85 and CD2AP, which are involved in RTK regulation, endocytosis, lysosomal degradation, actin cytoskeleton dynamics regulation, and signal transduction",PF14604,SH3_9,Variant SH3 domain,P.[AP].PR,PIPPPR,418,423,TTP_HUMAN,Homo sapiens,20221403,true positive,60,4,disordered
ELME000364,LIG_WD40_WDR5_VDV_1,"WDR5 WD40 repeat (blade 5,6)-binding ligand",LIG,"This WDR5-binding motif binds to a cleft between blades 5 and 6 of the WD40 repeat domain of WDR5, opposite of the Win motif-binding site, to mediate assembly of histone modification complexes.",IPR017986,IPR017986,WD40-repeat-containing domain,"[ED].{0,3}[VIL]D[VI]",DNTSLDV,355,361,KANL2_HUMAN,Homo sapiens,24788516,true positive,3,3,disordered
ELME000364,LIG_WD40_WDR5_VDV_1,"WDR5 WD40 repeat (blade 5,6)-binding ligand",LIG,"This WDR5-binding motif binds to a cleft between blades 5 and 6 of the WD40 repeat domain of WDR5, opposite of the Win motif-binding site, to mediate assembly of histone modification complexes.",IPR017986,IPR017986,WD40-repeat-containing domain,"[ED].{0,3}[VIL]D[VI]",DNTSLDV,355,361,Q9VAF4_DROME,Drosophila melanogaster,24788516,true positive,3,3,disordered
ELME000364,LIG_WD40_WDR5_VDV_1,"WDR5 WD40 repeat (blade 5,6)-binding ligand",LIG,"This WDR5-binding motif binds to a cleft between blades 5 and 6 of the WD40 repeat domain of WDR5, opposite of the Win motif-binding site, to mediate assembly of histone modification complexes.",IPR017986,IPR017986,WD40-repeat-containing domain,"[ED].{0,3}[VIL]D[VI]",DNTSLDV,355,361,RBBP5_MOUSE,Mus musculus,20716525,true positive,3,3,disordered
ELME000365,LIG_WD40_WDR5_VDV_2,"WDR5 WD40 repeat (blade 5,6)-binding ligand",LIG,"Fungi-specific variant of the WDR5-binding motif that binds to a cleft between blades 5 and 6 of the WD40 repeat domain of WDR5, opposite of the Win motif-binding site, to mediate assembly of histone modification complexes.",IPR017986,IPR017986,WD40-repeat-containing domain,"[EDSTY].{0,4}[VIPLA][TSDEKR][ILVA]",YIEV,325,328,SWD1_SCHPO,Schizosaccharomyces pombe 972h-,20716525,true positive,2,0,disordered
ELME000365,LIG_WD40_WDR5_VDV_2,"WDR5 WD40 repeat (blade 5,6)-binding ligand",LIG,"Fungi-specific variant of the WDR5-binding motif that binds to a cleft between blades 5 and 6 of the WD40 repeat domain of WDR5, opposite of the Win motif-binding site, to mediate assembly of histone modification complexes.",IPR017986,IPR017986,WD40-repeat-containing domain,"[EDSTY].{0,4}[VIPLA][TSDEKR][ILVA]",YIEV,325,328,SWD1_YEAST,Saccharomyces cerevisiae S288c,20716525,true positive,2,0,disordered
ELME000365,LIG_WD40_WDR5_VDV_2,"WDR5 WD40 repeat (blade 5,6)-binding ligand",LIG,"Fungi-specific variant of the WDR5-binding motif that binds to a cleft between blades 5 and 6 of the WD40 repeat domain of WDR5, opposite of the Win motif-binding site, to mediate assembly of histone modification complexes.",IPR017986,IPR017986,WD40-repeat-containing domain,"[EDSTY].{0,4}[VIPLA][TSDEKR][ILVA]",DEEAPEA,339,345,SWD1_SCHPO,Schizosaccharomyces pombe 972h-,20716525,true positive,2,0,disordered
ELME000365,LIG_WD40_WDR5_VDV_2,"WDR5 WD40 repeat (blade 5,6)-binding ligand",LIG,"Fungi-specific variant of the WDR5-binding motif that binds to a cleft between blades 5 and 6 of the WD40 repeat domain of WDR5, opposite of the Win motif-binding site, to mediate assembly of histone modification complexes.",IPR017986,IPR017986,WD40-repeat-containing domain,"[EDSTY].{0,4}[VIPLA][TSDEKR][ILVA]",DEEAPEA,339,345,SWD1_YEAST,Saccharomyces cerevisiae S288c,20716525,true positive,2,0,disordered
ELME000365,LIG_WD40_WDR5_VDV_2,"WDR5 WD40 repeat (blade 5,6)-binding ligand",LIG,"Fungi-specific variant of the WDR5-binding motif that binds to a cleft between blades 5 and 6 of the WD40 repeat domain of WDR5, opposite of the Win motif-binding site, to mediate assembly of histone modification complexes.",IPR017986,IPR017986,WD40-repeat-containing domain,"[EDSTY].{0,4}[VIPLA][TSDEKR][ILVA]",EEAPEA,340,345,SWD1_SCHPO,Schizosaccharomyces pombe 972h-,20716525,true positive,2,0,disordered
ELME000365,LIG_WD40_WDR5_VDV_2,"WDR5 WD40 repeat (blade 5,6)-binding ligand",LIG,"Fungi-specific variant of the WDR5-binding motif that binds to a cleft between blades 5 and 6 of the WD40 repeat domain of WDR5, opposite of the Win motif-binding site, to mediate assembly of histone modification complexes.",IPR017986,IPR017986,WD40-repeat-containing domain,"[EDSTY].{0,4}[VIPLA][TSDEKR][ILVA]",EEAPEA,340,345,SWD1_YEAST,Saccharomyces cerevisiae S288c,20716525,true positive,2,0,disordered
ELME000365,LIG_WD40_WDR5_VDV_2,"WDR5 WD40 repeat (blade 5,6)-binding ligand",LIG,"Fungi-specific variant of the WDR5-binding motif that binds to a cleft between blades 5 and 6 of the WD40 repeat domain of WDR5, opposite of the Win motif-binding site, to mediate assembly of histone modification complexes.",IPR017986,IPR017986,WD40-repeat-containing domain,"[EDSTY].{0,4}[VIPLA][TSDEKR][ILVA]",EAPEA,341,345,SWD1_SCHPO,Schizosaccharomyces pombe 972h-,20716525,true positive,2,0,disordered
ELME000365,LIG_WD40_WDR5_VDV_2,"WDR5 WD40 repeat (blade 5,6)-binding ligand",LIG,"Fungi-specific variant of the WDR5-binding motif that binds to a cleft between blades 5 and 6 of the WD40 repeat domain of WDR5, opposite of the Win motif-binding site, to mediate assembly of histone modification complexes.",IPR017986,IPR017986,WD40-repeat-containing domain,"[EDSTY].{0,4}[VIPLA][TSDEKR][ILVA]",EAPEA,341,345,SWD1_YEAST,Saccharomyces cerevisiae S288c,20716525,true positive,2,0,disordered
ELME000365,LIG_WD40_WDR5_VDV_2,"WDR5 WD40 repeat (blade 5,6)-binding ligand",LIG,"Fungi-specific variant of the WDR5-binding motif that binds to a cleft between blades 5 and 6 of the WD40 repeat domain of WDR5, opposite of the Win motif-binding site, to mediate assembly of histone modification complexes.",IPR017986,IPR017986,WD40-repeat-containing domain,"[EDSTY].{0,4}[VIPLA][TSDEKR][ILVA]",DNTSLDV,355,361,SWD1_SCHPO,Schizosaccharomyces pombe 972h-,20716525,true positive,2,0,disordered
ELME000365,LIG_WD40_WDR5_VDV_2,"WDR5 WD40 repeat (blade 5,6)-binding ligand",LIG,"Fungi-specific variant of the WDR5-binding motif that binds to a cleft between blades 5 and 6 of the WD40 repeat domain of WDR5, opposite of the Win motif-binding site, to mediate assembly of histone modification complexes.",IPR017986,IPR017986,WD40-repeat-containing domain,"[EDSTY].{0,4}[VIPLA][TSDEKR][ILVA]",DNTSLDV,355,361,SWD1_YEAST,Saccharomyces cerevisiae S288c,20716525,true positive,2,0,disordered
ELME000365,LIG_WD40_WDR5_VDV_2,"WDR5 WD40 repeat (blade 5,6)-binding ligand",LIG,"Fungi-specific variant of the WDR5-binding motif that binds to a cleft between blades 5 and 6 of the WD40 repeat domain of WDR5, opposite of the Win motif-binding site, to mediate assembly of histone modification complexes.",IPR017986,IPR017986,WD40-repeat-containing domain,"[EDSTY].{0,4}[VIPLA][TSDEKR][ILVA]",TSLDV,357,361,SWD1_SCHPO,Schizosaccharomyces pombe 972h-,20716525,true positive,2,0,disordered
ELME000365,LIG_WD40_WDR5_VDV_2,"WDR5 WD40 repeat (blade 5,6)-binding ligand",LIG,"Fungi-specific variant of the WDR5-binding motif that binds to a cleft between blades 5 and 6 of the WD40 repeat domain of WDR5, opposite of the Win motif-binding site, to mediate assembly of histone modification complexes.",IPR017986,IPR017986,WD40-repeat-containing domain,"[EDSTY].{0,4}[VIPLA][TSDEKR][ILVA]",TSLDV,357,361,SWD1_YEAST,Saccharomyces cerevisiae S288c,20716525,true positive,2,0,disordered
ELME000365,LIG_WD40_WDR5_VDV_2,"WDR5 WD40 repeat (blade 5,6)-binding ligand",LIG,"Fungi-specific variant of the WDR5-binding motif that binds to a cleft between blades 5 and 6 of the WD40 repeat domain of WDR5, opposite of the Win motif-binding site, to mediate assembly of histone modification complexes.",IPR017986,IPR017986,WD40-repeat-containing domain,"[EDSTY].{0,4}[VIPLA][TSDEKR][ILVA]",SLDV,358,361,SWD1_SCHPO,Schizosaccharomyces pombe 972h-,20716525,true positive,2,0,disordered
ELME000365,LIG_WD40_WDR5_VDV_2,"WDR5 WD40 repeat (blade 5,6)-binding ligand",LIG,"Fungi-specific variant of the WDR5-binding motif that binds to a cleft between blades 5 and 6 of the WD40 repeat domain of WDR5, opposite of the Win motif-binding site, to mediate assembly of histone modification complexes.",IPR017986,IPR017986,WD40-repeat-containing domain,"[EDSTY].{0,4}[VIPLA][TSDEKR][ILVA]",SLDV,358,361,SWD1_YEAST,Saccharomyces cerevisiae S288c,20716525,true positive,2,0,disordered
ELME000365,LIG_WD40_WDR5_VDV_2,"WDR5 WD40 repeat (blade 5,6)-binding ligand",LIG,"Fungi-specific variant of the WDR5-binding motif that binds to a cleft between blades 5 and 6 of the WD40 repeat domain of WDR5, opposite of the Win motif-binding site, to mediate assembly of histone modification complexes.",IPR017986,IPR017986,WD40-repeat-containing domain,"[EDSTY].{0,4}[VIPLA][TSDEKR][ILVA]",DVTDISL,360,366,SWD1_SCHPO,Schizosaccharomyces pombe 972h-,20716525,true positive,2,0,disordered
ELME000365,LIG_WD40_WDR5_VDV_2,"WDR5 WD40 repeat (blade 5,6)-binding ligand",LIG,"Fungi-specific variant of the WDR5-binding motif that binds to a cleft between blades 5 and 6 of the WD40 repeat domain of WDR5, opposite of the Win motif-binding site, to mediate assembly of histone modification complexes.",IPR017986,IPR017986,WD40-repeat-containing domain,"[EDSTY].{0,4}[VIPLA][TSDEKR][ILVA]",DVTDISL,360,366,SWD1_YEAST,Saccharomyces cerevisiae S288c,20716525,true positive,2,0,disordered
ELME000365,LIG_WD40_WDR5_VDV_2,"WDR5 WD40 repeat (blade 5,6)-binding ligand",LIG,"Fungi-specific variant of the WDR5-binding motif that binds to a cleft between blades 5 and 6 of the WD40 repeat domain of WDR5, opposite of the Win motif-binding site, to mediate assembly of histone modification complexes.",IPR017986,IPR017986,WD40-repeat-containing domain,"[EDSTY].{0,4}[VIPLA][TSDEKR][ILVA]",TDISL,362,366,SWD1_SCHPO,Schizosaccharomyces pombe 972h-,20716525,true positive,2,0,disordered
ELME000365,LIG_WD40_WDR5_VDV_2,"WDR5 WD40 repeat (blade 5,6)-binding ligand",LIG,"Fungi-specific variant of the WDR5-binding motif that binds to a cleft between blades 5 and 6 of the WD40 repeat domain of WDR5, opposite of the Win motif-binding site, to mediate assembly of histone modification complexes.",IPR017986,IPR017986,WD40-repeat-containing domain,"[EDSTY].{0,4}[VIPLA][TSDEKR][ILVA]",TDISL,362,366,SWD1_YEAST,Saccharomyces cerevisiae S288c,20716525,true positive,2,0,disordered
ELME000365,LIG_WD40_WDR5_VDV_2,"WDR5 WD40 repeat (blade 5,6)-binding ligand",LIG,"Fungi-specific variant of the WDR5-binding motif that binds to a cleft between blades 5 and 6 of the WD40 repeat domain of WDR5, opposite of the Win motif-binding site, to mediate assembly of histone modification complexes.",IPR017986,IPR017986,WD40-repeat-containing domain,"[EDSTY].{0,4}[VIPLA][TSDEKR][ILVA]",DISL,363,366,SWD1_SCHPO,Schizosaccharomyces pombe 972h-,20716525,true positive,2,0,disordered
ELME000365,LIG_WD40_WDR5_VDV_2,"WDR5 WD40 repeat (blade 5,6)-binding ligand",LIG,"Fungi-specific variant of the WDR5-binding motif that binds to a cleft between blades 5 and 6 of the WD40 repeat domain of WDR5, opposite of the Win motif-binding site, to mediate assembly of histone modification complexes.",IPR017986,IPR017986,WD40-repeat-containing domain,"[EDSTY].{0,4}[VIPLA][TSDEKR][ILVA]",DISL,363,366,SWD1_YEAST,Saccharomyces cerevisiae S288c,20716525,true positive,2,0,disordered
ELME000135,LIG_WW_3,WW domain ligands,LIG,WW domain of group III binding motif,PF00397,WW,WW domain,.PPR.,PPPRL,420,424,WBP11_MOUSE,Mus musculus,19592703 10744724,true positive,1,0,disordered
ELME000063,MOD_CK1_1,Casein kinase 1 (CK1) Phosphorylation site,MOD,CK1 phosphorylation site,PF00069,Pkinase,Protein kinase domain,S..([ST])...,STSSADE,445,451,APC_HUMAN,Homo sapiens,17910481,true positive,27,0,disordered
ELME000063,MOD_CK1_1,Casein kinase 1 (CK1) Phosphorylation site,MOD,CK1 phosphorylation site,PF00069,Pkinase,Protein kinase domain,S..([ST])...,STSSADE,445,451,ATOH1_HUMAN,Homo sapiens,27542412,true positive,27,0,disordered
ELME000063,MOD_CK1_1,Casein kinase 1 (CK1) Phosphorylation site,MOD,CK1 phosphorylation site,PF00069,Pkinase,Protein kinase domain,S..([ST])...,STSSADE,445,451,BECN1_HUMAN,Homo sapiens,26008601,true positive,27,0,disordered
ELME000063,MOD_CK1_1,Casein kinase 1 (CK1) Phosphorylation site,MOD,CK1 phosphorylation site,PF00069,Pkinase,Protein kinase domain,S..([ST])...,STSSADE,445,451,BID_MOUSE,Mus musculus,11583622,true positive,27,0,disordered
ELME000063,MOD_CK1_1,Casein kinase 1 (CK1) Phosphorylation site,MOD,CK1 phosphorylation site,PF00069,Pkinase,Protein kinase domain,S..([ST])...,STSSADE,445,451,CADH1_MOUSE,Mus musculus,17353278,true positive,27,0,disordered
ELME000063,MOD_CK1_1,Casein kinase 1 (CK1) Phosphorylation site,MOD,CK1 phosphorylation site,PF00069,Pkinase,Protein kinase domain,S..([ST])...,STSSADE,445,451,CRY2_ARATH,Arabidopsis thaliana,23897926,true positive,27,0,disordered
ELME000063,MOD_CK1_1,Casein kinase 1 (CK1) Phosphorylation site,MOD,CK1 phosphorylation site,PF00069,Pkinase,Protein kinase domain,S..([ST])...,STSSADE,445,451,DNMT1_MOUSE,Mus musculus,20192920,true positive,27,0,disordered
ELME000063,MOD_CK1_1,Casein kinase 1 (CK1) Phosphorylation site,MOD,CK1 phosphorylation site,PF00069,Pkinase,Protein kinase domain,S..([ST])...,STSSADE,445,451,DVL1_MOUSE,Mus musculus,16965538,true positive,27,0,disordered
ELME000063,MOD_CK1_1,Casein kinase 1 (CK1) Phosphorylation site,MOD,CK1 phosphorylation site,PF00069,Pkinase,Protein kinase domain,S..([ST])...,STSSADE,445,451,EPAS1_HUMAN,Homo sapiens,27686097,true positive,27,0,disordered
ELME000063,MOD_CK1_1,Casein kinase 1 (CK1) Phosphorylation site,MOD,CK1 phosphorylation site,PF00069,Pkinase,Protein kinase domain,S..([ST])...,STSSADE,445,451,FADD_HUMAN,Homo sapiens,16061179,true positive,27,0,disordered
ELME000063,MOD_CK1_1,Casein kinase 1 (CK1) Phosphorylation site,MOD,CK1 phosphorylation site,PF00069,Pkinase,Protein kinase domain,S..([ST])...,STSSADE,445,451,FOXO1_HUMAN,Homo sapiens,14710188 11980723,true positive,27,0,disordered
ELME000063,MOD_CK1_1,Casein kinase 1 (CK1) Phosphorylation site,MOD,CK1 phosphorylation site,PF00069,Pkinase,Protein kinase domain,S..([ST])...,STSSADE,445,451,HIF1A_HUMAN,Homo sapiens,20699359,true positive,27,0,disordered
ELME000063,MOD_CK1_1,Casein kinase 1 (CK1) Phosphorylation site,MOD,CK1 phosphorylation site,PF00069,Pkinase,Protein kinase domain,S..([ST])...,STSSADE,445,451,JADE1_HUMAN,Homo sapiens,25100726,true positive,27,0,disordered
ELME000063,MOD_CK1_1,Casein kinase 1 (CK1) Phosphorylation site,MOD,CK1 phosphorylation site,PF00069,Pkinase,Protein kinase domain,S..([ST])...,STSSADE,445,451,KPCD2_HUMAN,Homo sapiens,17962809,true positive,27,0,disordered
ELME000063,MOD_CK1_1,Casein kinase 1 (CK1) Phosphorylation site,MOD,CK1 phosphorylation site,PF00069,Pkinase,Protein kinase domain,S..([ST])...,STSSADE,445,451,LRRK2_MOUSE,Mus musculus,25500533,true positive,27,0,disordered
ELME000063,MOD_CK1_1,Casein kinase 1 (CK1) Phosphorylation site,MOD,CK1 phosphorylation site,PF00069,Pkinase,Protein kinase domain,S..([ST])...,STSSADE,445,451,MDM2_HUMAN,Homo sapiens,20708156,true positive,27,0,disordered
ELME000063,MOD_CK1_1,Casein kinase 1 (CK1) Phosphorylation site,MOD,CK1 phosphorylation site,PF00069,Pkinase,Protein kinase domain,S..([ST])...,STSSADE,445,451,MDM4_HUMAN,Homo sapiens,16024788,true positive,27,0,disordered
ELME000063,MOD_CK1_1,Casein kinase 1 (CK1) Phosphorylation site,MOD,CK1 phosphorylation site,PF00069,Pkinase,Protein kinase domain,S..([ST])...,STSSADE,445,451,MPIP1_HUMAN,Homo sapiens,20348946,true positive,27,0,disordered
ELME000063,MOD_CK1_1,Casein kinase 1 (CK1) Phosphorylation site,MOD,CK1 phosphorylation site,PF00069,Pkinase,Protein kinase domain,S..([ST])...,STSSADE,445,451,MTSS1_HUMAN,Homo sapiens,24318128,true positive,27,0,disordered
ELME000063,MOD_CK1_1,Casein kinase 1 (CK1) Phosphorylation site,MOD,CK1 phosphorylation site,PF00069,Pkinase,Protein kinase domain,S..([ST])...,STSSADE,445,451,NCOA3_HUMAN,Homo sapiens,19339517,true positive,27,0,disordered
ELME000063,MOD_CK1_1,Casein kinase 1 (CK1) Phosphorylation site,MOD,CK1 phosphorylation site,PF00069,Pkinase,Protein kinase domain,S..([ST])...,STSSADE,445,451,NFAT5_HUMAN,Homo sapiens,18411282,true positive,27,0,disordered
ELME000063,MOD_CK1_1,Casein kinase 1 (CK1) Phosphorylation site,MOD,CK1 phosphorylation site,PF00069,Pkinase,Protein kinase domain,S..([ST])...,STSSADE,445,451,P53_HUMAN,Homo sapiens,10734067 10606744,true positive,27,0,disordered
ELME000063,MOD_CK1_1,Casein kinase 1 (CK1) Phosphorylation site,MOD,CK1 phosphorylation site,PF00069,Pkinase,Protein kinase domain,S..([ST])...,STSSADE,445,451,PER2_HUMAN,Homo sapiens,21324900,true positive,27,0,disordered
ELME000063,MOD_CK1_1,Casein kinase 1 (CK1) Phosphorylation site,MOD,CK1 phosphorylation site,PF00069,Pkinase,Protein kinase domain,S..([ST])...,STSSADE,445,451,PYRG2_HUMAN,Homo sapiens,20739275,true positive,27,0,disordered
ELME000063,MOD_CK1_1,Casein kinase 1 (CK1) Phosphorylation site,MOD,CK1 phosphorylation site,PF00069,Pkinase,Protein kinase domain,S..([ST])...,STSSADE,445,451,TRAF3_HUMAN,Homo sapiens,26928339,true positive,27,0,disordered
ELME000063,MOD_CK1_1,Casein kinase 1 (CK1) Phosphorylation site,MOD,CK1 phosphorylation site,PF00069,Pkinase,Protein kinase domain,S..([ST])...,STSSADE,445,451,TRPM4_HUMAN,Homo sapiens,25231975,true positive,27,0,disordered
ELME000063,MOD_CK1_1,Casein kinase 1 (CK1) Phosphorylation site,MOD,CK1 phosphorylation site,PF00069,Pkinase,Protein kinase domain,S..([ST])...,STSSADE,445,451,YAP1_HUMAN,Homo sapiens,20048001,true positive,27,0,disordered
ELME000063,MOD_CK1_1,Casein kinase 1 (CK1) Phosphorylation site,MOD,CK1 phosphorylation site,PF00069,Pkinase,Protein kinase domain,S..([ST])...,SRRTEY*,546,552,APC_HUMAN,Homo sapiens,17910481,true positive,27,0,disordered
ELME000063,MOD_CK1_1,Casein kinase 1 (CK1) Phosphorylation site,MOD,CK1 phosphorylation site,PF00069,Pkinase,Protein kinase domain,S..([ST])...,SRRTEY*,546,552,ATOH1_HUMAN,Homo sapiens,27542412,true positive,27,0,disordered
ELME000063,MOD_CK1_1,Casein kinase 1 (CK1) Phosphorylation site,MOD,CK1 phosphorylation site,PF00069,Pkinase,Protein kinase domain,S..([ST])...,SRRTEY*,546,552,BECN1_HUMAN,Homo sapiens,26008601,true positive,27,0,disordered
ELME000063,MOD_CK1_1,Casein kinase 1 (CK1) Phosphorylation site,MOD,CK1 phosphorylation site,PF00069,Pkinase,Protein kinase domain,S..([ST])...,SRRTEY*,546,552,BID_MOUSE,Mus musculus,11583622,true positive,27,0,disordered
ELME000063,MOD_CK1_1,Casein kinase 1 (CK1) Phosphorylation site,MOD,CK1 phosphorylation site,PF00069,Pkinase,Protein kinase domain,S..([ST])...,SRRTEY*,546,552,CADH1_MOUSE,Mus musculus,17353278,true positive,27,0,disordered
ELME000063,MOD_CK1_1,Casein kinase 1 (CK1) Phosphorylation site,MOD,CK1 phosphorylation site,PF00069,Pkinase,Protein kinase domain,S..([ST])...,SRRTEY*,546,552,CRY2_ARATH,Arabidopsis thaliana,23897926,true positive,27,0,disordered
ELME000063,MOD_CK1_1,Casein kinase 1 (CK1) Phosphorylation site,MOD,CK1 phosphorylation site,PF00069,Pkinase,Protein kinase domain,S..([ST])...,SRRTEY*,546,552,DNMT1_MOUSE,Mus musculus,20192920,true positive,27,0,disordered
ELME000063,MOD_CK1_1,Casein kinase 1 (CK1) Phosphorylation site,MOD,CK1 phosphorylation site,PF00069,Pkinase,Protein kinase domain,S..([ST])...,SRRTEY*,546,552,DVL1_MOUSE,Mus musculus,16965538,true positive,27,0,disordered
ELME000063,MOD_CK1_1,Casein kinase 1 (CK1) Phosphorylation site,MOD,CK1 phosphorylation site,PF00069,Pkinase,Protein kinase domain,S..([ST])...,SRRTEY*,546,552,EPAS1_HUMAN,Homo sapiens,27686097,true positive,27,0,disordered
ELME000063,MOD_CK1_1,Casein kinase 1 (CK1) Phosphorylation site,MOD,CK1 phosphorylation site,PF00069,Pkinase,Protein kinase domain,S..([ST])...,SRRTEY*,546,552,FADD_HUMAN,Homo sapiens,16061179,true positive,27,0,disordered
ELME000063,MOD_CK1_1,Casein kinase 1 (CK1) Phosphorylation site,MOD,CK1 phosphorylation site,PF00069,Pkinase,Protein kinase domain,S..([ST])...,SRRTEY*,546,552,FOXO1_HUMAN,Homo sapiens,14710188 11980723,true positive,27,0,disordered
ELME000063,MOD_CK1_1,Casein kinase 1 (CK1) Phosphorylation site,MOD,CK1 phosphorylation site,PF00069,Pkinase,Protein kinase domain,S..([ST])...,SRRTEY*,546,552,HIF1A_HUMAN,Homo sapiens,20699359,true positive,27,0,disordered
ELME000063,MOD_CK1_1,Casein kinase 1 (CK1) Phosphorylation site,MOD,CK1 phosphorylation site,PF00069,Pkinase,Protein kinase domain,S..([ST])...,SRRTEY*,546,552,JADE1_HUMAN,Homo sapiens,25100726,true positive,27,0,disordered
ELME000063,MOD_CK1_1,Casein kinase 1 (CK1) Phosphorylation site,MOD,CK1 phosphorylation site,PF00069,Pkinase,Protein kinase domain,S..([ST])...,SRRTEY*,546,552,KPCD2_HUMAN,Homo sapiens,17962809,true positive,27,0,disordered
ELME000063,MOD_CK1_1,Casein kinase 1 (CK1) Phosphorylation site,MOD,CK1 phosphorylation site,PF00069,Pkinase,Protein kinase domain,S..([ST])...,SRRTEY*,546,552,LRRK2_MOUSE,Mus musculus,25500533,true positive,27,0,disordered
ELME000063,MOD_CK1_1,Casein kinase 1 (CK1) Phosphorylation site,MOD,CK1 phosphorylation site,PF00069,Pkinase,Protein kinase domain,S..([ST])...,SRRTEY*,546,552,MDM2_HUMAN,Homo sapiens,20708156,true positive,27,0,disordered
ELME000063,MOD_CK1_1,Casein kinase 1 (CK1) Phosphorylation site,MOD,CK1 phosphorylation site,PF00069,Pkinase,Protein kinase domain,S..([ST])...,SRRTEY*,546,552,MDM4_HUMAN,Homo sapiens,16024788,true positive,27,0,disordered
ELME000063,MOD_CK1_1,Casein kinase 1 (CK1) Phosphorylation site,MOD,CK1 phosphorylation site,PF00069,Pkinase,Protein kinase domain,S..([ST])...,SRRTEY*,546,552,MPIP1_HUMAN,Homo sapiens,20348946,true positive,27,0,disordered
ELME000063,MOD_CK1_1,Casein kinase 1 (CK1) Phosphorylation site,MOD,CK1 phosphorylation site,PF00069,Pkinase,Protein kinase domain,S..([ST])...,SRRTEY*,546,552,MTSS1_HUMAN,Homo sapiens,24318128,true positive,27,0,disordered
ELME000063,MOD_CK1_1,Casein kinase 1 (CK1) Phosphorylation site,MOD,CK1 phosphorylation site,PF00069,Pkinase,Protein kinase domain,S..([ST])...,SRRTEY*,546,552,NCOA3_HUMAN,Homo sapiens,19339517,true positive,27,0,disordered
ELME000063,MOD_CK1_1,Casein kinase 1 (CK1) Phosphorylation site,MOD,CK1 phosphorylation site,PF00069,Pkinase,Protein kinase domain,S..([ST])...,SRRTEY*,546,552,NFAT5_HUMAN,Homo sapiens,18411282,true positive,27,0,disordered
ELME000063,MOD_CK1_1,Casein kinase 1 (CK1) Phosphorylation site,MOD,CK1 phosphorylation site,PF00069,Pkinase,Protein kinase domain,S..([ST])...,SRRTEY*,546,552,P53_HUMAN,Homo sapiens,10734067 10606744,true positive,27,0,disordered
ELME000063,MOD_CK1_1,Casein kinase 1 (CK1) Phosphorylation site,MOD,CK1 phosphorylation site,PF00069,Pkinase,Protein kinase domain,S..([ST])...,SRRTEY*,546,552,PER2_HUMAN,Homo sapiens,21324900,true positive,27,0,disordered
ELME000063,MOD_CK1_1,Casein kinase 1 (CK1) Phosphorylation site,MOD,CK1 phosphorylation site,PF00069,Pkinase,Protein kinase domain,S..([ST])...,SRRTEY*,546,552,PYRG2_HUMAN,Homo sapiens,20739275,true positive,27,0,disordered
ELME000063,MOD_CK1_1,Casein kinase 1 (CK1) Phosphorylation site,MOD,CK1 phosphorylation site,PF00069,Pkinase,Protein kinase domain,S..([ST])...,SRRTEY*,546,552,TRAF3_HUMAN,Homo sapiens,26928339,true positive,27,0,disordered
ELME000063,MOD_CK1_1,Casein kinase 1 (CK1) Phosphorylation site,MOD,CK1 phosphorylation site,PF00069,Pkinase,Protein kinase domain,S..([ST])...,SRRTEY*,546,552,TRPM4_HUMAN,Homo sapiens,25231975,true positive,27,0,disordered
ELME000063,MOD_CK1_1,Casein kinase 1 (CK1) Phosphorylation site,MOD,CK1 phosphorylation site,PF00069,Pkinase,Protein kinase domain,S..([ST])...,SRRTEY*,546,552,YAP1_HUMAN,Homo sapiens,20048001,true positive,27,0,disordered
ELME000064,MOD_CK2_1,Casein kinase 2 (CK2) Phosphorylation site,MOD,Casein kinase 2 (CK2) phosphorylation site,PF00069,Pkinase,Protein kinase domain,...([ST])..E,ASKTQEE,433,439,AKT1_HUMAN,Homo sapiens,15818404,true positive,34,0,disordered
ELME000064,MOD_CK2_1,Casein kinase 2 (CK2) Phosphorylation site,MOD,Casein kinase 2 (CK2) phosphorylation site,PF00069,Pkinase,Protein kinase domain,...([ST])..E,ASKTQEE,433,439,AP2A_HUMAN,Homo sapiens,21777522,true positive,34,0,disordered
ELME000064,MOD_CK2_1,Casein kinase 2 (CK2) Phosphorylation site,MOD,Casein kinase 2 (CK2) phosphorylation site,PF00069,Pkinase,Protein kinase domain,...([ST])..E,ASKTQEE,433,439,BRMS1_HUMAN,Homo sapiens,26980766,true positive,34,0,disordered
ELME000064,MOD_CK2_1,Casein kinase 2 (CK2) Phosphorylation site,MOD,Casein kinase 2 (CK2) phosphorylation site,PF00069,Pkinase,Protein kinase domain,...([ST])..E,ASKTQEE,433,439,CASP9_MOUSE,Mus musculus,18467326,true positive,34,0,disordered
ELME000064,MOD_CK2_1,Casein kinase 2 (CK2) Phosphorylation site,MOD,Casein kinase 2 (CK2) phosphorylation site,PF00069,Pkinase,Protein kinase domain,...([ST])..E,ASKTQEE,433,439,COR1C_HUMAN,Homo sapiens,22355754,true positive,34,0,disordered
ELME000064,MOD_CK2_1,Casein kinase 2 (CK2) Phosphorylation site,MOD,Casein kinase 2 (CK2) phosphorylation site,PF00069,Pkinase,Protein kinase domain,...([ST])..E,ASKTQEE,433,439,DNJB2_HUMAN,Homo sapiens,28031292,true positive,34,0,disordered
ELME000064,MOD_CK2_1,Casein kinase 2 (CK2) Phosphorylation site,MOD,Casein kinase 2 (CK2) phosphorylation site,PF00069,Pkinase,Protein kinase domain,...([ST])..E,ASKTQEE,433,439,DOK7_MOUSE,Mus musculus,26198629,true positive,34,0,disordered
ELME000064,MOD_CK2_1,Casein kinase 2 (CK2) Phosphorylation site,MOD,Casein kinase 2 (CK2) phosphorylation site,PF00069,Pkinase,Protein kinase domain,...([ST])..E,ASKTQEE,433,439,EIF3J_HUMAN,Homo sapiens,25887626,true positive,34,0,disordered
ELME000064,MOD_CK2_1,Casein kinase 2 (CK2) Phosphorylation site,MOD,Casein kinase 2 (CK2) phosphorylation site,PF00069,Pkinase,Protein kinase domain,...([ST])..E,ASKTQEE,433,439,FADD_HUMAN,Homo sapiens,26253696,unknown,34,0,disordered
ELME000064,MOD_CK2_1,Casein kinase 2 (CK2) Phosphorylation site,MOD,Casein kinase 2 (CK2) phosphorylation site,PF00069,Pkinase,Protein kinase domain,...([ST])..E,ASKTQEE,433,439,FMR1_MOUSE,Mus musculus,27957526,true positive,34,0,disordered
ELME000064,MOD_CK2_1,Casein kinase 2 (CK2) Phosphorylation site,MOD,Casein kinase 2 (CK2) phosphorylation site,PF00069,Pkinase,Protein kinase domain,...([ST])..E,ASKTQEE,433,439,HS90B_HUMAN,Homo sapiens,25995454,true positive,34,0,disordered
ELME000064,MOD_CK2_1,Casein kinase 2 (CK2) Phosphorylation site,MOD,Casein kinase 2 (CK2) phosphorylation site,PF00069,Pkinase,Protein kinase domain,...([ST])..E,ASKTQEE,433,439,IRS1_HUMAN,Homo sapiens,,unknown,34,0,disordered
ELME000064,MOD_CK2_1,Casein kinase 2 (CK2) Phosphorylation site,MOD,Casein kinase 2 (CK2) phosphorylation site,PF00069,Pkinase,Protein kinase domain,...([ST])..E,ASKTQEE,433,439,IRS1_RAT,Rattus norvegicus,8349691,true positive,34,0,disordered
ELME000064,MOD_CK2_1,Casein kinase 2 (CK2) Phosphorylation site,MOD,Casein kinase 2 (CK2) phosphorylation site,PF00069,Pkinase,Protein kinase domain,...([ST])..E,ASKTQEE,433,439,KDM1A_HUMAN,Homo sapiens,25999347,true positive,34,0,disordered
ELME000064,MOD_CK2_1,Casein kinase 2 (CK2) Phosphorylation site,MOD,Casein kinase 2 (CK2) phosphorylation site,PF00069,Pkinase,Protein kinase domain,...([ST])..E,ASKTQEE,433,439,KS6B1_RAT,Rattus norvegicus,16895915,true positive,34,0,disordered
ELME000064,MOD_CK2_1,Casein kinase 2 (CK2) Phosphorylation site,MOD,Casein kinase 2 (CK2) phosphorylation site,PF00069,Pkinase,Protein kinase domain,...([ST])..E,ASKTQEE,433,439,MUSK_RAT,Rattus norvegicus,16818610,true positive,34,0,disordered
ELME000064,MOD_CK2_1,Casein kinase 2 (CK2) Phosphorylation site,MOD,Casein kinase 2 (CK2) phosphorylation site,PF00069,Pkinase,Protein kinase domain,...([ST])..E,ASKTQEE,433,439,NKX31_HUMAN,Homo sapiens,16581776,true positive,34,0,disordered
ELME000064,MOD_CK2_1,Casein kinase 2 (CK2) Phosphorylation site,MOD,Casein kinase 2 (CK2) phosphorylation site,PF00069,Pkinase,Protein kinase domain,...([ST])..E,ASKTQEE,433,439,NOL3_RAT,Rattus norvegicus,12191471,true positive,34,0,disordered
ELME000064,MOD_CK2_1,Casein kinase 2 (CK2) Phosphorylation site,MOD,Casein kinase 2 (CK2) phosphorylation site,PF00069,Pkinase,Protein kinase domain,...([ST])..E,ASKTQEE,433,439,OLIG2_HUMAN,Homo sapiens,28355568,true positive,34,0,disordered
ELME000064,MOD_CK2_1,Casein kinase 2 (CK2) Phosphorylation site,MOD,Casein kinase 2 (CK2) phosphorylation site,PF00069,Pkinase,Protein kinase domain,...([ST])..E,ASKTQEE,433,439,OTUB1_HUMAN,Homo sapiens,25872870,true positive,34,0,disordered
ELME000064,MOD_CK2_1,Casein kinase 2 (CK2) Phosphorylation site,MOD,Casein kinase 2 (CK2) phosphorylation site,PF00069,Pkinase,Protein kinase domain,...([ST])..E,ASKTQEE,433,439,PAWR_HUMAN,Homo sapiens,24457960,true positive,34,0,disordered
ELME000064,MOD_CK2_1,Casein kinase 2 (CK2) Phosphorylation site,MOD,Casein kinase 2 (CK2) phosphorylation site,PF00069,Pkinase,Protein kinase domain,...([ST])..E,ASKTQEE,433,439,PAWR_RAT,Rattus norvegicus,24457960,true positive,34,0,disordered
ELME000064,MOD_CK2_1,Casein kinase 2 (CK2) Phosphorylation site,MOD,Casein kinase 2 (CK2) phosphorylation site,PF00069,Pkinase,Protein kinase domain,...([ST])..E,ASKTQEE,433,439,PDX1_MOUSE,Mus musculus,28036027,true positive,34,0,disordered
ELME000064,MOD_CK2_1,Casein kinase 2 (CK2) Phosphorylation site,MOD,Casein kinase 2 (CK2) phosphorylation site,PF00069,Pkinase,Protein kinase domain,...([ST])..E,ASKTQEE,433,439,PTEN_HUMAN,Homo sapiens,12788938,true positive,34,0,disordered
ELME000064,MOD_CK2_1,Casein kinase 2 (CK2) Phosphorylation site,MOD,Casein kinase 2 (CK2) phosphorylation site,PF00069,Pkinase,Protein kinase domain,...([ST])..E,ASKTQEE,433,439,VPU_HV1BR,Human immunodeficiency virus type 1 (BRU ISOLATE),8139011,true positive,34,0,disordered
ELME000064,MOD_CK2_1,Casein kinase 2 (CK2) Phosphorylation site,MOD,Casein kinase 2 (CK2) phosphorylation site,PF00069,Pkinase,Protein kinase domain,...([ST])..E,ASKTQEE,433,439,XRCC1_HUMAN,Homo sapiens,19155274,true positive,34,0,disordered
ELME000064,MOD_CK2_1,Casein kinase 2 (CK2) Phosphorylation site,MOD,Casein kinase 2 (CK2) phosphorylation site,PF00069,Pkinase,Protein kinase domain,...([ST])..E,ASKTQEE,433,439,XRCC1_HUMAN,Homo sapiens,19155274 15066279,true positive,34,0,disordered
ELME000064,MOD_CK2_1,Casein kinase 2 (CK2) Phosphorylation site,MOD,Casein kinase 2 (CK2) phosphorylation site,PF00069,Pkinase,Protein kinase domain,...([ST])..E,STSSADE,445,451,AKT1_HUMAN,Homo sapiens,15818404,true positive,34,0,disordered
ELME000064,MOD_CK2_1,Casein kinase 2 (CK2) Phosphorylation site,MOD,Casein kinase 2 (CK2) phosphorylation site,PF00069,Pkinase,Protein kinase domain,...([ST])..E,STSSADE,445,451,AP2A_HUMAN,Homo sapiens,21777522,true positive,34,0,disordered
ELME000064,MOD_CK2_1,Casein kinase 2 (CK2) Phosphorylation site,MOD,Casein kinase 2 (CK2) phosphorylation site,PF00069,Pkinase,Protein kinase domain,...([ST])..E,STSSADE,445,451,BRMS1_HUMAN,Homo sapiens,26980766,true positive,34,0,disordered
ELME000064,MOD_CK2_1,Casein kinase 2 (CK2) Phosphorylation site,MOD,Casein kinase 2 (CK2) phosphorylation site,PF00069,Pkinase,Protein kinase domain,...([ST])..E,STSSADE,445,451,CASP9_MOUSE,Mus musculus,18467326,true positive,34,0,disordered
ELME000064,MOD_CK2_1,Casein kinase 2 (CK2) Phosphorylation site,MOD,Casein kinase 2 (CK2) phosphorylation site,PF00069,Pkinase,Protein kinase domain,...([ST])..E,STSSADE,445,451,COR1C_HUMAN,Homo sapiens,22355754,true positive,34,0,disordered
ELME000064,MOD_CK2_1,Casein kinase 2 (CK2) Phosphorylation site,MOD,Casein kinase 2 (CK2) phosphorylation site,PF00069,Pkinase,Protein kinase domain,...([ST])..E,STSSADE,445,451,DNJB2_HUMAN,Homo sapiens,28031292,true positive,34,0,disordered
ELME000064,MOD_CK2_1,Casein kinase 2 (CK2) Phosphorylation site,MOD,Casein kinase 2 (CK2) phosphorylation site,PF00069,Pkinase,Protein kinase domain,...([ST])..E,STSSADE,445,451,DOK7_MOUSE,Mus musculus,26198629,true positive,34,0,disordered
ELME000064,MOD_CK2_1,Casein kinase 2 (CK2) Phosphorylation site,MOD,Casein kinase 2 (CK2) phosphorylation site,PF00069,Pkinase,Protein kinase domain,...([ST])..E,STSSADE,445,451,EIF3J_HUMAN,Homo sapiens,25887626,true positive,34,0,disordered
ELME000064,MOD_CK2_1,Casein kinase 2 (CK2) Phosphorylation site,MOD,Casein kinase 2 (CK2) phosphorylation site,PF00069,Pkinase,Protein kinase domain,...([ST])..E,STSSADE,445,451,FADD_HUMAN,Homo sapiens,26253696,unknown,34,0,disordered
ELME000064,MOD_CK2_1,Casein kinase 2 (CK2) Phosphorylation site,MOD,Casein kinase 2 (CK2) phosphorylation site,PF00069,Pkinase,Protein kinase domain,...([ST])..E,STSSADE,445,451,FMR1_MOUSE,Mus musculus,27957526,true positive,34,0,disordered
ELME000064,MOD_CK2_1,Casein kinase 2 (CK2) Phosphorylation site,MOD,Casein kinase 2 (CK2) phosphorylation site,PF00069,Pkinase,Protein kinase domain,...([ST])..E,STSSADE,445,451,HS90B_HUMAN,Homo sapiens,25995454,true positive,34,0,disordered
ELME000064,MOD_CK2_1,Casein kinase 2 (CK2) Phosphorylation site,MOD,Casein kinase 2 (CK2) phosphorylation site,PF00069,Pkinase,Protein kinase domain,...([ST])..E,STSSADE,445,451,IRS1_HUMAN,Homo sapiens,,unknown,34,0,disordered
ELME000064,MOD_CK2_1,Casein kinase 2 (CK2) Phosphorylation site,MOD,Casein kinase 2 (CK2) phosphorylation site,PF00069,Pkinase,Protein kinase domain,...([ST])..E,STSSADE,445,451,IRS1_RAT,Rattus norvegicus,8349691,true positive,34,0,disordered
ELME000064,MOD_CK2_1,Casein kinase 2 (CK2) Phosphorylation site,MOD,Casein kinase 2 (CK2) phosphorylation site,PF00069,Pkinase,Protein kinase domain,...([ST])..E,STSSADE,445,451,KDM1A_HUMAN,Homo sapiens,25999347,true positive,34,0,disordered
ELME000064,MOD_CK2_1,Casein kinase 2 (CK2) Phosphorylation site,MOD,Casein kinase 2 (CK2) phosphorylation site,PF00069,Pkinase,Protein kinase domain,...([ST])..E,STSSADE,445,451,KS6B1_RAT,Rattus norvegicus,16895915,true positive,34,0,disordered
ELME000064,MOD_CK2_1,Casein kinase 2 (CK2) Phosphorylation site,MOD,Casein kinase 2 (CK2) phosphorylation site,PF00069,Pkinase,Protein kinase domain,...([ST])..E,STSSADE,445,451,MUSK_RAT,Rattus norvegicus,16818610,true positive,34,0,disordered
ELME000064,MOD_CK2_1,Casein kinase 2 (CK2) Phosphorylation site,MOD,Casein kinase 2 (CK2) phosphorylation site,PF00069,Pkinase,Protein kinase domain,...([ST])..E,STSSADE,445,451,NKX31_HUMAN,Homo sapiens,16581776,true positive,34,0,disordered
ELME000064,MOD_CK2_1,Casein kinase 2 (CK2) Phosphorylation site,MOD,Casein kinase 2 (CK2) phosphorylation site,PF00069,Pkinase,Protein kinase domain,...([ST])..E,STSSADE,445,451,NOL3_RAT,Rattus norvegicus,12191471,true positive,34,0,disordered
ELME000064,MOD_CK2_1,Casein kinase 2 (CK2) Phosphorylation site,MOD,Casein kinase 2 (CK2) phosphorylation site,PF00069,Pkinase,Protein kinase domain,...([ST])..E,STSSADE,445,451,OLIG2_HUMAN,Homo sapiens,28355568,true positive,34,0,disordered
ELME000064,MOD_CK2_1,Casein kinase 2 (CK2) Phosphorylation site,MOD,Casein kinase 2 (CK2) phosphorylation site,PF00069,Pkinase,Protein kinase domain,...([ST])..E,STSSADE,445,451,OTUB1_HUMAN,Homo sapiens,25872870,true positive,34,0,disordered
ELME000064,MOD_CK2_1,Casein kinase 2 (CK2) Phosphorylation site,MOD,Casein kinase 2 (CK2) phosphorylation site,PF00069,Pkinase,Protein kinase domain,...([ST])..E,STSSADE,445,451,PAWR_HUMAN,Homo sapiens,24457960,true positive,34,0,disordered
ELME000064,MOD_CK2_1,Casein kinase 2 (CK2) Phosphorylation site,MOD,Casein kinase 2 (CK2) phosphorylation site,PF00069,Pkinase,Protein kinase domain,...([ST])..E,STSSADE,445,451,PAWR_RAT,Rattus norvegicus,24457960,true positive,34,0,disordered
ELME000064,MOD_CK2_1,Casein kinase 2 (CK2) Phosphorylation site,MOD,Casein kinase 2 (CK2) phosphorylation site,PF00069,Pkinase,Protein kinase domain,...([ST])..E,STSSADE,445,451,PDX1_MOUSE,Mus musculus,28036027,true positive,34,0,disordered
ELME000064,MOD_CK2_1,Casein kinase 2 (CK2) Phosphorylation site,MOD,Casein kinase 2 (CK2) phosphorylation site,PF00069,Pkinase,Protein kinase domain,...([ST])..E,STSSADE,445,451,PTEN_HUMAN,Homo sapiens,12788938,true positive,34,0,disordered
ELME000064,MOD_CK2_1,Casein kinase 2 (CK2) Phosphorylation site,MOD,Casein kinase 2 (CK2) phosphorylation site,PF00069,Pkinase,Protein kinase domain,...([ST])..E,STSSADE,445,451,VPU_HV1BR,Human immunodeficiency virus type 1 (BRU ISOLATE),8139011,true positive,34,0,disordered
ELME000064,MOD_CK2_1,Casein kinase 2 (CK2) Phosphorylation site,MOD,Casein kinase 2 (CK2) phosphorylation site,PF00069,Pkinase,Protein kinase domain,...([ST])..E,STSSADE,445,451,XRCC1_HUMAN,Homo sapiens,19155274,true positive,34,0,disordered
ELME000064,MOD_CK2_1,Casein kinase 2 (CK2) Phosphorylation site,MOD,Casein kinase 2 (CK2) phosphorylation site,PF00069,Pkinase,Protein kinase domain,...([ST])..E,STSSADE,445,451,XRCC1_HUMAN,Homo sapiens,19155274 15066279,true positive,34,0,disordered
ELME000085,MOD_GlcNHglycan,Glycosaminoglycan attachment site,MOD,Glycosaminoglycan attachment site,PF02485,Branch,Core-2/I-Branching enzyme,"[ED]{0,3}.(S)[GA].",SSGP,394,397,SDC1_MOUSE,Mus musculus,8163535,true positive,6,0,disordered
ELME000085,MOD_GlcNHglycan,Glycosaminoglycan attachment site,MOD,Glycosaminoglycan attachment site,PF01048,PNP_UDP_1,Phosphorylase superfamily,"[ED]{0,3}.(S)[GA].",SSGP,394,397,SDC1_MOUSE,Mus musculus,8163535,true positive,6,0,disordered
ELME000085,MOD_GlcNHglycan,Glycosaminoglycan attachment site,MOD,Glycosaminoglycan attachment site,PF02485,Branch,Core-2/I-Branching enzyme,"[ED]{0,3}.(S)[GA].",SSGP,394,397,SDC_CAEEL,Caenorhabditis elegans,17369258,true positive,6,0,disordered
ELME000085,MOD_GlcNHglycan,Glycosaminoglycan attachment site,MOD,Glycosaminoglycan attachment site,PF01048,PNP_UDP_1,Phosphorylase superfamily,"[ED]{0,3}.(S)[GA].",SSGP,394,397,SDC_CAEEL,Caenorhabditis elegans,17369258,true positive,6,0,disordered
ELME000085,MOD_GlcNHglycan,Glycosaminoglycan attachment site,MOD,Glycosaminoglycan attachment site,PF02485,Branch,Core-2/I-Branching enzyme,"[ED]{0,3}.(S)[GA].",SSAD,447,450,SDC1_MOUSE,Mus musculus,8163535,true positive,6,0,disordered
ELME000085,MOD_GlcNHglycan,Glycosaminoglycan attachment site,MOD,Glycosaminoglycan attachment site,PF01048,PNP_UDP_1,Phosphorylase superfamily,"[ED]{0,3}.(S)[GA].",SSAD,447,450,SDC1_MOUSE,Mus musculus,8163535,true positive,6,0,disordered
ELME000085,MOD_GlcNHglycan,Glycosaminoglycan attachment site,MOD,Glycosaminoglycan attachment site,PF02485,Branch,Core-2/I-Branching enzyme,"[ED]{0,3}.(S)[GA].",SSAD,447,450,SDC_CAEEL,Caenorhabditis elegans,17369258,true positive,6,0,disordered
ELME000085,MOD_GlcNHglycan,Glycosaminoglycan attachment site,MOD,Glycosaminoglycan attachment site,PF01048,PNP_UDP_1,Phosphorylase superfamily,"[ED]{0,3}.(S)[GA].",SSAD,447,450,SDC_CAEEL,Caenorhabditis elegans,17369258,true positive,6,0,disordered
ELME000053,MOD_GSK3_1,GSK3 phosphorylation site,MOD,GSK3 phosphorylation recognition site,PF00069,Pkinase,Protein kinase domain,...([ST])...[ST],DNTSLDVT,355,362,ATX3_HUMAN,Homo sapiens,17434145,true positive,22,0,disordered
ELME000053,MOD_GSK3_1,GSK3 phosphorylation site,MOD,GSK3 phosphorylation recognition site,PF00069,Pkinase,Protein kinase domain,...([ST])...[ST],DNTSLDVT,355,362,CCNE1_HUMAN,Homo sapiens,14536078,true positive,22,0,disordered
ELME000053,MOD_GSK3_1,GSK3 phosphorylation site,MOD,GSK3 phosphorylation recognition site,PF00069,Pkinase,Protein kinase domain,...([ST])...[ST],DNTSLDVT,355,362,CTNB1_HUMAN,Homo sapiens,11955436 19061640 10074433,true positive,22,0,disordered
ELME000053,MOD_GSK3_1,GSK3 phosphorylation site,MOD,GSK3 phosphorylation recognition site,PF00069,Pkinase,Protein kinase domain,...([ST])...[ST],DNTSLDVT,355,362,CTNB1_MOUSE,Mus musculus,12417018,true positive,22,0,disordered
ELME000053,MOD_GSK3_1,GSK3 phosphorylation site,MOD,GSK3 phosphorylation recognition site,PF00069,Pkinase,Protein kinase domain,...([ST])...[ST],DNTSLDVT,355,362,ESR2_HUMAN,Homo sapiens,22586270,true positive,22,0,disordered
ELME000053,MOD_GSK3_1,GSK3 phosphorylation site,MOD,GSK3 phosphorylation recognition site,PF00069,Pkinase,Protein kinase domain,...([ST])...[ST],DNTSLDVT,355,362,FGD1_HUMAN,Homo sapiens,15743413,true positive,22,0,disordered
ELME000053,MOD_GSK3_1,GSK3 phosphorylation site,MOD,GSK3 phosphorylation recognition site,PF00069,Pkinase,Protein kinase domain,...([ST])...[ST],DNTSLDVT,355,362,FGD3_HUMAN,Homo sapiens,18363964,true positive,22,0,disordered
ELME000053,MOD_GSK3_1,GSK3 phosphorylation site,MOD,GSK3 phosphorylation recognition site,PF00069,Pkinase,Protein kinase domain,...([ST])...[ST],DNTSLDVT,355,362,HSF1_HUMAN,Homo sapiens,8940068,true positive,22,0,disordered
ELME000053,MOD_GSK3_1,GSK3 phosphorylation site,MOD,GSK3 phosphorylation recognition site,PF00069,Pkinase,Protein kinase domain,...([ST])...[ST],DNTSLDVT,355,362,JUN_HUMAN,Homo sapiens,1846781,true positive,22,0,disordered
ELME000053,MOD_GSK3_1,GSK3 phosphorylation site,MOD,GSK3 phosphorylation recognition site,PF00069,Pkinase,Protein kinase domain,...([ST])...[ST],DNTSLDVT,355,362,MK67I_HUMAN,Homo sapiens,16244663,true positive,22,0,disordered
ELME000053,MOD_GSK3_1,GSK3 phosphorylation site,MOD,GSK3 phosphorylation recognition site,PF00069,Pkinase,Protein kinase domain,...([ST])...[ST],DNTSLDVT,355,362,MYC_HUMAN,Homo sapiens,14563837,true positive,22,0,disordered
ELME000053,MOD_GSK3_1,GSK3 phosphorylation site,MOD,GSK3 phosphorylation recognition site,PF00069,Pkinase,Protein kinase domain,...([ST])...[ST],DNTSLDVT,355,362,NFAC1_HUMAN,Homo sapiens,12351631,true positive,22,0,disordered
ELME000053,MOD_GSK3_1,GSK3 phosphorylation site,MOD,GSK3 phosphorylation recognition site,PF00069,Pkinase,Protein kinase domain,...([ST])...[ST],DNTSLDVT,355,362,P53_HUMAN,Homo sapiens,11483158,true positive,22,0,disordered
ELME000053,MOD_GSK3_1,GSK3 phosphorylation site,MOD,GSK3 phosphorylation recognition site,PF00069,Pkinase,Protein kinase domain,...([ST])...[ST],DNTSLDVT,355,362,SMAD1_HUMAN,Homo sapiens,17289590,true positive,22,0,disordered
ELME000053,MOD_GSK3_1,GSK3 phosphorylation site,MOD,GSK3 phosphorylation recognition site,PF00069,Pkinase,Protein kinase domain,...([ST])...[ST],DNTSLDVT,355,362,SMAD1_HUMAN,Homo sapiens,18045539,true positive,22,0,disordered
ELME000053,MOD_GSK3_1,GSK3 phosphorylation site,MOD,GSK3 phosphorylation recognition site,PF00069,Pkinase,Protein kinase domain,...([ST])...[ST],DNTSLDVT,355,362,SMAD3_HUMAN,Homo sapiens,19218245,true positive,22,0,disordered
ELME000053,MOD_GSK3_1,GSK3 phosphorylation site,MOD,GSK3 phosphorylation recognition site,PF00069,Pkinase,Protein kinase domain,...([ST])...[ST],DNTSLDVT,355,362,SNAI1_HUMAN,Homo sapiens,15448698,true positive,22,0,disordered
ELME000053,MOD_GSK3_1,GSK3 phosphorylation site,MOD,GSK3 phosphorylation recognition site,PF00069,Pkinase,Protein kinase domain,...([ST])...[ST],STSSADES,445,452,ATX3_HUMAN,Homo sapiens,17434145,true positive,22,0,disordered
ELME000053,MOD_GSK3_1,GSK3 phosphorylation site,MOD,GSK3 phosphorylation recognition site,PF00069,Pkinase,Protein kinase domain,...([ST])...[ST],STSSADES,445,452,CCNE1_HUMAN,Homo sapiens,14536078,true positive,22,0,disordered
ELME000053,MOD_GSK3_1,GSK3 phosphorylation site,MOD,GSK3 phosphorylation recognition site,PF00069,Pkinase,Protein kinase domain,...([ST])...[ST],STSSADES,445,452,CTNB1_HUMAN,Homo sapiens,11955436 19061640 10074433,true positive,22,0,disordered
ELME000053,MOD_GSK3_1,GSK3 phosphorylation site,MOD,GSK3 phosphorylation recognition site,PF00069,Pkinase,Protein kinase domain,...([ST])...[ST],STSSADES,445,452,CTNB1_MOUSE,Mus musculus,12417018,true positive,22,0,disordered
ELME000053,MOD_GSK3_1,GSK3 phosphorylation site,MOD,GSK3 phosphorylation recognition site,PF00069,Pkinase,Protein kinase domain,...([ST])...[ST],STSSADES,445,452,ESR2_HUMAN,Homo sapiens,22586270,true positive,22,0,disordered
ELME000053,MOD_GSK3_1,GSK3 phosphorylation site,MOD,GSK3 phosphorylation recognition site,PF00069,Pkinase,Protein kinase domain,...([ST])...[ST],STSSADES,445,452,FGD1_HUMAN,Homo sapiens,15743413,true positive,22,0,disordered
ELME000053,MOD_GSK3_1,GSK3 phosphorylation site,MOD,GSK3 phosphorylation recognition site,PF00069,Pkinase,Protein kinase domain,...([ST])...[ST],STSSADES,445,452,FGD3_HUMAN,Homo sapiens,18363964,true positive,22,0,disordered
ELME000053,MOD_GSK3_1,GSK3 phosphorylation site,MOD,GSK3 phosphorylation recognition site,PF00069,Pkinase,Protein kinase domain,...([ST])...[ST],STSSADES,445,452,HSF1_HUMAN,Homo sapiens,8940068,true positive,22,0,disordered
ELME000053,MOD_GSK3_1,GSK3 phosphorylation site,MOD,GSK3 phosphorylation recognition site,PF00069,Pkinase,Protein kinase domain,...([ST])...[ST],STSSADES,445,452,JUN_HUMAN,Homo sapiens,1846781,true positive,22,0,disordered
ELME000053,MOD_GSK3_1,GSK3 phosphorylation site,MOD,GSK3 phosphorylation recognition site,PF00069,Pkinase,Protein kinase domain,...([ST])...[ST],STSSADES,445,452,MK67I_HUMAN,Homo sapiens,16244663,true positive,22,0,disordered
ELME000053,MOD_GSK3_1,GSK3 phosphorylation site,MOD,GSK3 phosphorylation recognition site,PF00069,Pkinase,Protein kinase domain,...([ST])...[ST],STSSADES,445,452,MYC_HUMAN,Homo sapiens,14563837,true positive,22,0,disordered
ELME000053,MOD_GSK3_1,GSK3 phosphorylation site,MOD,GSK3 phosphorylation recognition site,PF00069,Pkinase,Protein kinase domain,...([ST])...[ST],STSSADES,445,452,NFAC1_HUMAN,Homo sapiens,12351631,true positive,22,0,disordered
ELME000053,MOD_GSK3_1,GSK3 phosphorylation site,MOD,GSK3 phosphorylation recognition site,PF00069,Pkinase,Protein kinase domain,...([ST])...[ST],STSSADES,445,452,P53_HUMAN,Homo sapiens,11483158,true positive,22,0,disordered
ELME000053,MOD_GSK3_1,GSK3 phosphorylation site,MOD,GSK3 phosphorylation recognition site,PF00069,Pkinase,Protein kinase domain,...([ST])...[ST],STSSADES,445,452,SMAD1_HUMAN,Homo sapiens,17289590,true positive,22,0,disordered
ELME000053,MOD_GSK3_1,GSK3 phosphorylation site,MOD,GSK3 phosphorylation recognition site,PF00069,Pkinase,Protein kinase domain,...([ST])...[ST],STSSADES,445,452,SMAD1_HUMAN,Homo sapiens,18045539,true positive,22,0,disordered
ELME000053,MOD_GSK3_1,GSK3 phosphorylation site,MOD,GSK3 phosphorylation recognition site,PF00069,Pkinase,Protein kinase domain,...([ST])...[ST],STSSADES,445,452,SMAD3_HUMAN,Homo sapiens,19218245,true positive,22,0,disordered
ELME000053,MOD_GSK3_1,GSK3 phosphorylation site,MOD,GSK3 phosphorylation recognition site,PF00069,Pkinase,Protein kinase domain,...([ST])...[ST],STSSADES,445,452,SNAI1_HUMAN,Homo sapiens,15448698,true positive,22,0,disordered
ELME000070,MOD_N-GLC_1,N-glycosylation site,MOD,"Generic motif for N-glycosylation. It was shown that Trp, Asp, and Glu are uncommon before the Ser/Thr position. Efficient glycosylation usually occurs when ~60 residues or more separate the glycosylation acceptor site from the C-terminus.",PF02516,STT3,Oligosaccharyl transferase STT3 subunit,.(N)[^P][ST]..,DNTSLD,355,360,ABCA4_HUMAN,Homo sapiens,11320094,true positive,156,1,disordered
ELME000070,MOD_N-GLC_1,N-glycosylation site,MOD,"Generic motif for N-glycosylation. It was shown that Trp, Asp, and Glu are uncommon before the Ser/Thr position. Efficient glycosylation usually occurs when ~60 residues or more separate the glycosylation acceptor site from the C-terminus.",PF02516,STT3,Oligosaccharyl transferase STT3 subunit,.(N)[^P][ST]..,DNTSLD,355,360,ACES_HUMAN,Homo sapiens,8280063,true positive,156,1,disordered
ELME000070,MOD_N-GLC_1,N-glycosylation site,MOD,"Generic motif for N-glycosylation. It was shown that Trp, Asp, and Glu are uncommon before the Ser/Thr position. Efficient glycosylation usually occurs when ~60 residues or more separate the glycosylation acceptor site from the C-terminus.",PF02516,STT3,Oligosaccharyl transferase STT3 subunit,.(N)[^P][ST]..,DNTSLD,355,360,B3AT_HUMAN,Homo sapiens,10364201,true positive,156,1,disordered
ELME000070,MOD_N-GLC_1,N-glycosylation site,MOD,"Generic motif for N-glycosylation. It was shown that Trp, Asp, and Glu are uncommon before the Ser/Thr position. Efficient glycosylation usually occurs when ~60 residues or more separate the glycosylation acceptor site from the C-terminus.",PF02516,STT3,Oligosaccharyl transferase STT3 subunit,.(N)[^P][ST]..,DNTSLD,355,360,BMP1_HUMAN,Homo sapiens,12218058,true positive,156,1,disordered
ELME000070,MOD_N-GLC_1,N-glycosylation site,MOD,"Generic motif for N-glycosylation. It was shown that Trp, Asp, and Glu are uncommon before the Ser/Thr position. Efficient glycosylation usually occurs when ~60 residues or more separate the glycosylation acceptor site from the C-terminus.",PF02516,STT3,Oligosaccharyl transferase STT3 subunit,.(N)[^P][ST]..,DNTSLD,355,360,CASR_HUMAN,Homo sapiens,9852126,true positive,156,1,disordered
ELME000070,MOD_N-GLC_1,N-glycosylation site,MOD,"Generic motif for N-glycosylation. It was shown that Trp, Asp, and Glu are uncommon before the Ser/Thr position. Efficient glycosylation usually occurs when ~60 residues or more separate the glycosylation acceptor site from the C-terminus.",PF02516,STT3,Oligosaccharyl transferase STT3 subunit,.(N)[^P][ST]..,DNTSLD,355,360,CO6_HUMAN,Homo sapiens,2468158,true positive,156,1,disordered
ELME000070,MOD_N-GLC_1,N-glycosylation site,MOD,"Generic motif for N-glycosylation. It was shown that Trp, Asp, and Glu are uncommon before the Ser/Thr position. Efficient glycosylation usually occurs when ~60 residues or more separate the glycosylation acceptor site from the C-terminus.",PF02516,STT3,Oligosaccharyl transferase STT3 subunit,.(N)[^P][ST]..,DNTSLD,355,360,ENV_HV1B1,Human immunodeficiency virus type 1 BH10,2355006,true positive,156,1,disordered
ELME000070,MOD_N-GLC_1,N-glycosylation site,MOD,"Generic motif for N-glycosylation. It was shown that Trp, Asp, and Glu are uncommon before the Ser/Thr position. Efficient glycosylation usually occurs when ~60 residues or more separate the glycosylation acceptor site from the C-terminus.",PF02516,STT3,Oligosaccharyl transferase STT3 subunit,.(N)[^P][ST]..,DNTSLD,355,360,ENV_HV1H2,HIV-1 M:B_HXB2R,12072528,true positive,156,1,disordered
ELME000070,MOD_N-GLC_1,N-glycosylation site,MOD,"Generic motif for N-glycosylation. It was shown that Trp, Asp, and Glu are uncommon before the Ser/Thr position. Efficient glycosylation usually occurs when ~60 residues or more separate the glycosylation acceptor site from the C-terminus.",PF02516,STT3,Oligosaccharyl transferase STT3 subunit,.(N)[^P][ST]..,DNTSLD,355,360,FA9_HUMAN,Homo sapiens,11133752,true positive,156,1,disordered
ELME000070,MOD_N-GLC_1,N-glycosylation site,MOD,"Generic motif for N-glycosylation. It was shown that Trp, Asp, and Glu are uncommon before the Ser/Thr position. Efficient glycosylation usually occurs when ~60 residues or more separate the glycosylation acceptor site from the C-terminus.",PF02516,STT3,Oligosaccharyl transferase STT3 subunit,.(N)[^P][ST]..,DNTSLD,355,360,FSHB_HUMAN,Homo sapiens,11502795,true positive,156,1,disordered
ELME000070,MOD_N-GLC_1,N-glycosylation site,MOD,"Generic motif for N-glycosylation. It was shown that Trp, Asp, and Glu are uncommon before the Ser/Thr position. Efficient glycosylation usually occurs when ~60 residues or more separate the glycosylation acceptor site from the C-terminus.",PF02516,STT3,Oligosaccharyl transferase STT3 subunit,.(N)[^P][ST]..,DNTSLD,355,360,FUS_NIPAV,Nipah virus,15194804,true positive,156,1,disordered
ELME000070,MOD_N-GLC_1,N-glycosylation site,MOD,"Generic motif for N-glycosylation. It was shown that Trp, Asp, and Glu are uncommon before the Ser/Thr position. Efficient glycosylation usually occurs when ~60 residues or more separate the glycosylation acceptor site from the C-terminus.",PF02516,STT3,Oligosaccharyl transferase STT3 subunit,.(N)[^P][ST]..,DNTSLD,355,360,HEXB_HUMAN,Homo sapiens,,true positive,156,1,disordered
ELME000070,MOD_N-GLC_1,N-glycosylation site,MOD,"Generic motif for N-glycosylation. It was shown that Trp, Asp, and Glu are uncommon before the Ser/Thr position. Efficient glycosylation usually occurs when ~60 residues or more separate the glycosylation acceptor site from the C-terminus.",PF02516,STT3,Oligosaccharyl transferase STT3 subunit,.(N)[^P][ST]..,DNTSLD,355,360,IL3RB_HUMAN,Homo sapiens,10828016,true positive,156,1,disordered
ELME000070,MOD_N-GLC_1,N-glycosylation site,MOD,"Generic motif for N-glycosylation. It was shown that Trp, Asp, and Glu are uncommon before the Ser/Thr position. Efficient glycosylation usually occurs when ~60 residues or more separate the glycosylation acceptor site from the C-terminus.",PF02516,STT3,Oligosaccharyl transferase STT3 subunit,.(N)[^P][ST]..,DNTSLD,355,360,IL6RA_HUMAN,Homo sapiens,10066782,true positive,156,1,disordered
ELME000070,MOD_N-GLC_1,N-glycosylation site,MOD,"Generic motif for N-glycosylation. It was shown that Trp, Asp, and Glu are uncommon before the Ser/Thr position. Efficient glycosylation usually occurs when ~60 residues or more separate the glycosylation acceptor site from the C-terminus.",PF02516,STT3,Oligosaccharyl transferase STT3 subunit,.(N)[^P][ST]..,DNTSLD,355,360,IL6RB_HUMAN,Homo sapiens,11098061,true positive,156,1,disordered
ELME000070,MOD_N-GLC_1,N-glycosylation site,MOD,"Generic motif for N-glycosylation. It was shown that Trp, Asp, and Glu are uncommon before the Ser/Thr position. Efficient glycosylation usually occurs when ~60 residues or more separate the glycosylation acceptor site from the C-terminus.",PF02516,STT3,Oligosaccharyl transferase STT3 subunit,.(N)[^P][ST]..,DNTSLD,355,360,INHA_HUMAN,Homo sapiens,8885240,true positive,156,1,disordered
ELME000070,MOD_N-GLC_1,N-glycosylation site,MOD,"Generic motif for N-glycosylation. It was shown that Trp, Asp, and Glu are uncommon before the Ser/Thr position. Efficient glycosylation usually occurs when ~60 residues or more separate the glycosylation acceptor site from the C-terminus.",PF02516,STT3,Oligosaccharyl transferase STT3 subunit,.(N)[^P][ST]..,DNTSLD,355,360,MOGS_HUMAN,Homo sapiens,7635146,true positive,156,1,disordered
ELME000070,MOD_N-GLC_1,N-glycosylation site,MOD,"Generic motif for N-glycosylation. It was shown that Trp, Asp, and Glu are uncommon before the Ser/Thr position. Efficient glycosylation usually occurs when ~60 residues or more separate the glycosylation acceptor site from the C-terminus.",PF02516,STT3,Oligosaccharyl transferase STT3 subunit,.(N)[^P][ST]..,DNTSLD,355,360,NK2R_HUMAN,Homo sapiens,7721803,true positive,156,1,disordered
ELME000070,MOD_N-GLC_1,N-glycosylation site,MOD,"Generic motif for N-glycosylation. It was shown that Trp, Asp, and Glu are uncommon before the Ser/Thr position. Efficient glycosylation usually occurs when ~60 residues or more separate the glycosylation acceptor site from the C-terminus.",PF02516,STT3,Oligosaccharyl transferase STT3 subunit,.(N)[^P][ST]..,DNTSLD,355,360,OXYR_HUMAN,Homo sapiens,9433921,true positive,156,1,disordered
ELME000070,MOD_N-GLC_1,N-glycosylation site,MOD,"Generic motif for N-glycosylation. It was shown that Trp, Asp, and Glu are uncommon before the Ser/Thr position. Efficient glycosylation usually occurs when ~60 residues or more separate the glycosylation acceptor site from the C-terminus.",PF02516,STT3,Oligosaccharyl transferase STT3 subunit,.(N)[^P][ST]..,DNTSLD,355,360,PMP22_HUMAN,Homo sapiens,10982389,true positive,156,1,disordered
ELME000070,MOD_N-GLC_1,N-glycosylation site,MOD,"Generic motif for N-glycosylation. It was shown that Trp, Asp, and Glu are uncommon before the Ser/Thr position. Efficient glycosylation usually occurs when ~60 residues or more separate the glycosylation acceptor site from the C-terminus.",PF02516,STT3,Oligosaccharyl transferase STT3 subunit,.(N)[^P][ST]..,DNTSLD,355,360,POLG_HCVH,Hepatitis C virus (isolate H),10211957,true positive,156,1,disordered
ELME000070,MOD_N-GLC_1,N-glycosylation site,MOD,"Generic motif for N-glycosylation. It was shown that Trp, Asp, and Glu are uncommon before the Ser/Thr position. Efficient glycosylation usually occurs when ~60 residues or more separate the glycosylation acceptor site from the C-terminus.",PF02516,STT3,Oligosaccharyl transferase STT3 subunit,.(N)[^P][ST]..,DNTSLD,355,360,PRIO_HUMAN,Homo sapiens,12356908,true positive,156,1,disordered
ELME000070,MOD_N-GLC_1,N-glycosylation site,MOD,"Generic motif for N-glycosylation. It was shown that Trp, Asp, and Glu are uncommon before the Ser/Thr position. Efficient glycosylation usually occurs when ~60 residues or more separate the glycosylation acceptor site from the C-terminus.",PF02516,STT3,Oligosaccharyl transferase STT3 subunit,.(N)[^P][ST]..,DNTSLD,355,360,PRLR_HUMAN,Homo sapiens,9544990,true positive,156,1,disordered
ELME000070,MOD_N-GLC_1,N-glycosylation site,MOD,"Generic motif for N-glycosylation. It was shown that Trp, Asp, and Glu are uncommon before the Ser/Thr position. Efficient glycosylation usually occurs when ~60 residues or more separate the glycosylation acceptor site from the C-terminus.",PF02516,STT3,Oligosaccharyl transferase STT3 subunit,.(N)[^P][ST]..,DNTSLD,355,360,Q3I0Y8_WNV,West Nile virus,16987985,true positive,156,1,disordered
ELME000070,MOD_N-GLC_1,N-glycosylation site,MOD,"Generic motif for N-glycosylation. It was shown that Trp, Asp, and Glu are uncommon before the Ser/Thr position. Efficient glycosylation usually occurs when ~60 residues or more separate the glycosylation acceptor site from the C-terminus.",PF02516,STT3,Oligosaccharyl transferase STT3 subunit,.(N)[^P][ST]..,DNTSLD,355,360,SIAL_HUMAN,Homo sapiens,11459848,true positive,156,1,disordered
ELME000070,MOD_N-GLC_1,N-glycosylation site,MOD,"Generic motif for N-glycosylation. It was shown that Trp, Asp, and Glu are uncommon before the Ser/Thr position. Efficient glycosylation usually occurs when ~60 residues or more separate the glycosylation acceptor site from the C-terminus.",PF02516,STT3,Oligosaccharyl transferase STT3 subunit,.(N)[^P][ST]..,DNTSLD,355,360,SPIKE_CVHSA,SARS coronavirus,12775768,true positive,156,1,disordered
ELME000070,MOD_N-GLC_1,N-glycosylation site,MOD,"Generic motif for N-glycosylation. It was shown that Trp, Asp, and Glu are uncommon before the Ser/Thr position. Efficient glycosylation usually occurs when ~60 residues or more separate the glycosylation acceptor site from the C-terminus.",PF02516,STT3,Oligosaccharyl transferase STT3 subunit,.(N)[^P][ST]..,DNTSLD,355,360,THYG_HUMAN,Homo sapiens,,true positive,156,1,disordered
ELME000070,MOD_N-GLC_1,N-glycosylation site,MOD,"Generic motif for N-glycosylation. It was shown that Trp, Asp, and Glu are uncommon before the Ser/Thr position. Efficient glycosylation usually occurs when ~60 residues or more separate the glycosylation acceptor site from the C-terminus.",PF02516,STT3,Oligosaccharyl transferase STT3 subunit,.(N)[^P][ST]..,DNTSLD,355,360,THYG_HUMAN,Homo sapiens,8530385,true positive,156,1,disordered
ELME000070,MOD_N-GLC_1,N-glycosylation site,MOD,"Generic motif for N-glycosylation. It was shown that Trp, Asp, and Glu are uncommon before the Ser/Thr position. Efficient glycosylation usually occurs when ~60 residues or more separate the glycosylation acceptor site from the C-terminus.",PF02516,STT3,Oligosaccharyl transferase STT3 subunit,.(N)[^P][ST]..,DNTSLD,355,360,THYG_HUMAN,Homo sapiens,8615697,true positive,156,1,disordered
ELME000070,MOD_N-GLC_1,N-glycosylation site,MOD,"Generic motif for N-glycosylation. It was shown that Trp, Asp, and Glu are uncommon before the Ser/Thr position. Efficient glycosylation usually occurs when ~60 residues or more separate the glycosylation acceptor site from the C-terminus.",PF02516,STT3,Oligosaccharyl transferase STT3 subunit,.(N)[^P][ST]..,DNTSLD,355,360,TLR4_HUMAN,Homo sapiens,11706042,true positive,156,1,disordered
ELME000070,MOD_N-GLC_1,N-glycosylation site,MOD,"Generic motif for N-glycosylation. It was shown that Trp, Asp, and Glu are uncommon before the Ser/Thr position. Efficient glycosylation usually occurs when ~60 residues or more separate the glycosylation acceptor site from the C-terminus.",PF02516,STT3,Oligosaccharyl transferase STT3 subunit,.(N)[^P][ST]..,DNTSLD,355,360,TNFL6_HUMAN,Homo sapiens,9405425,true positive,156,1,disordered
ELME000070,MOD_N-GLC_1,N-glycosylation site,MOD,"Generic motif for N-glycosylation. It was shown that Trp, Asp, and Glu are uncommon before the Ser/Thr position. Efficient glycosylation usually occurs when ~60 residues or more separate the glycosylation acceptor site from the C-terminus.",PF02516,STT3,Oligosaccharyl transferase STT3 subunit,.(N)[^P][ST]..,DNTSLD,355,360,TPO_HUMAN,Homo sapiens,9766811,true positive,156,1,disordered
ELME000070,MOD_N-GLC_1,N-glycosylation site,MOD,"Generic motif for N-glycosylation. It was shown that Trp, Asp, and Glu are uncommon before the Ser/Thr position. Efficient glycosylation usually occurs when ~60 residues or more separate the glycosylation acceptor site from the C-terminus.",PF02516,STT3,Oligosaccharyl transferase STT3 subunit,.(N)[^P][ST]..,DNTSLD,355,360,VGP_EBOZM,"Ebola virus - Mayinga, Zaire, 1976",12438572,true positive,156,1,disordered
ELME000070,MOD_N-GLC_1,N-glycosylation site,MOD,"Generic motif for N-glycosylation. It was shown that Trp, Asp, and Glu are uncommon before the Ser/Thr position. Efficient glycosylation usually occurs when ~60 residues or more separate the glycosylation acceptor site from the C-terminus.",PF02516,STT3,Oligosaccharyl transferase STT3 subunit,.(N)[^P][ST]..,DNTSLD,355,360,VME1_CVHSA,SARS coronavirus,19534833,true positive,156,1,disordered
ELME000070,MOD_N-GLC_1,N-glycosylation site,MOD,"Generic motif for N-glycosylation. It was shown that Trp, Asp, and Glu are uncommon before the Ser/Thr position. Efficient glycosylation usually occurs when ~60 residues or more separate the glycosylation acceptor site from the C-terminus.",PF02516,STT3,Oligosaccharyl transferase STT3 subunit,.(N)[^P][ST]..,DNTSLD,355,360,WFS1_HUMAN,Homo sapiens,11181517,true positive,156,1,disordered
ELME000202,MOD_PIKK_1,PIKK phosphorylation site,MOD,(ST)Q motif which is phosphorylated by PIKK family members.,PF00454,PI3_PI4_kinase,Phosphatidylinositol 3- and 4-kinase,...([ST])Q..,ASKTQEE,433,439,4EBP1_RAT,Rattus norvegicus,11146653,true positive,48,0,disordered
ELME000202,MOD_PIKK_1,PIKK phosphorylation site,MOD,(ST)Q motif which is phosphorylated by PIKK family members.,PF00454,PI3_PI4_kinase,Phosphatidylinositol 3- and 4-kinase,...([ST])Q..,ASKTQEE,433,439,A0A024R7R0_HUMAN,Homo sapiens,36631611,true positive,48,0,disordered
ELME000202,MOD_PIKK_1,PIKK phosphorylation site,MOD,(ST)Q motif which is phosphorylated by PIKK family members.,PF00454,PI3_PI4_kinase,Phosphatidylinositol 3- and 4-kinase,...([ST])Q..,ASKTQEE,433,439,A0A0A0MTR7_HUMAN,Homo sapiens,36631611,true positive,48,0,disordered
ELME000202,MOD_PIKK_1,PIKK phosphorylation site,MOD,(ST)Q motif which is phosphorylated by PIKK family members.,PF00454,PI3_PI4_kinase,Phosphatidylinositol 3- and 4-kinase,...([ST])Q..,ASKTQEE,433,439,A0A0C4DG07_HUMAN,Homo sapiens,36631611,true positive,48,0,disordered
ELME000202,MOD_PIKK_1,PIKK phosphorylation site,MOD,(ST)Q motif which is phosphorylated by PIKK family members.,PF00454,PI3_PI4_kinase,Phosphatidylinositol 3- and 4-kinase,...([ST])Q..,ASKTQEE,433,439,A6NNK5_HUMAN,Homo sapiens,36631611,true positive,48,0,disordered
ELME000202,MOD_PIKK_1,PIKK phosphorylation site,MOD,(ST)Q motif which is phosphorylated by PIKK family members.,PF00454,PI3_PI4_kinase,Phosphatidylinositol 3- and 4-kinase,...([ST])Q..,ASKTQEE,433,439,A8K964_HUMAN,Homo sapiens,36631611,true positive,48,0,disordered
ELME000202,MOD_PIKK_1,PIKK phosphorylation site,MOD,(ST)Q motif which is phosphorylated by PIKK family members.,PF00454,PI3_PI4_kinase,Phosphatidylinositol 3- and 4-kinase,...([ST])Q..,ASKTQEE,433,439,ABL1_MOUSE,Mus musculus,9168116,true positive,48,0,disordered
ELME000202,MOD_PIKK_1,PIKK phosphorylation site,MOD,(ST)Q motif which is phosphorylated by PIKK family members.,PF00454,PI3_PI4_kinase,Phosphatidylinositol 3- and 4-kinase,...([ST])Q..,ASKTQEE,433,439,B7Z7Z8_HUMAN,Homo sapiens,36631611,true positive,48,0,disordered
ELME000202,MOD_PIKK_1,PIKK phosphorylation site,MOD,(ST)Q motif which is phosphorylated by PIKK family members.,PF00454,PI3_PI4_kinase,Phosphatidylinositol 3- and 4-kinase,...([ST])Q..,ASKTQEE,433,439,BLM_HUMAN,Homo sapiens,14729972,true positive,48,0,disordered
ELME000202,MOD_PIKK_1,PIKK phosphorylation site,MOD,(ST)Q motif which is phosphorylated by PIKK family members.,PF00454,PI3_PI4_kinase,Phosphatidylinositol 3- and 4-kinase,...([ST])Q..,ASKTQEE,433,439,BRCA1_HUMAN,Homo sapiens,12183412,true positive,48,0,disordered
ELME000202,MOD_PIKK_1,PIKK phosphorylation site,MOD,(ST)Q motif which is phosphorylated by PIKK family members.,PF00454,PI3_PI4_kinase,Phosphatidylinositol 3- and 4-kinase,...([ST])Q..,ASKTQEE,433,439,CHK1_HUMAN,Homo sapiens,11390642,true positive,48,0,disordered
ELME000202,MOD_PIKK_1,PIKK phosphorylation site,MOD,(ST)Q motif which is phosphorylated by PIKK family members.,PF00454,PI3_PI4_kinase,Phosphatidylinositol 3- and 4-kinase,...([ST])Q..,ASKTQEE,433,439,CHK2_HUMAN,Homo sapiens,10973490,true positive,48,0,disordered
ELME000202,MOD_PIKK_1,PIKK phosphorylation site,MOD,(ST)Q motif which is phosphorylated by PIKK family members.,PF00454,PI3_PI4_kinase,Phosphatidylinositol 3- and 4-kinase,...([ST])Q..,ASKTQEE,433,439,E2F1_HUMAN,Homo sapiens,11459832,true positive,48,0,disordered
ELME000202,MOD_PIKK_1,PIKK phosphorylation site,MOD,(ST)Q motif which is phosphorylated by PIKK family members.,PF00454,PI3_PI4_kinase,Phosphatidylinositol 3- and 4-kinase,...([ST])Q..,ASKTQEE,433,439,GCR_RAT,Rattus norvegicus,9038175,true positive,48,0,disordered
ELME000202,MOD_PIKK_1,PIKK phosphorylation site,MOD,(ST)Q motif which is phosphorylated by PIKK family members.,PF00454,PI3_PI4_kinase,Phosphatidylinositol 3- and 4-kinase,...([ST])Q..,ASKTQEE,433,439,H2A1_YEAST,Saccharomyces cerevisiae,11140636,true positive,48,0,disordered
ELME000202,MOD_PIKK_1,PIKK phosphorylation site,MOD,(ST)Q motif which is phosphorylated by PIKK family members.,PF00454,PI3_PI4_kinase,Phosphatidylinositol 3- and 4-kinase,...([ST])Q..,ASKTQEE,433,439,H2AX_MOUSE,Mus musculus,11571274,true positive,48,0,disordered
ELME000202,MOD_PIKK_1,PIKK phosphorylation site,MOD,(ST)Q motif which is phosphorylated by PIKK family members.,PF00454,PI3_PI4_kinase,Phosphatidylinositol 3- and 4-kinase,...([ST])Q..,ASKTQEE,433,439,HMGA1_HUMAN,Homo sapiens,36631611,true positive,48,0,disordered
ELME000202,MOD_PIKK_1,PIKK phosphorylation site,MOD,(ST)Q motif which is phosphorylated by PIKK family members.,PF00454,PI3_PI4_kinase,Phosphatidylinositol 3- and 4-kinase,...([ST])Q..,ASKTQEE,433,439,HS90A_HUMAN,Homo sapiens,2507541,true positive,48,0,disordered
ELME000202,MOD_PIKK_1,PIKK phosphorylation site,MOD,(ST)Q motif which is phosphorylated by PIKK family members.,PF00454,PI3_PI4_kinase,Phosphatidylinositol 3- and 4-kinase,...([ST])Q..,ASKTQEE,433,439,JUN_HUMAN,Homo sapiens,8464713,true positive,48,0,disordered
ELME000202,MOD_PIKK_1,PIKK phosphorylation site,MOD,(ST)Q motif which is phosphorylated by PIKK family members.,PF00454,PI3_PI4_kinase,Phosphatidylinositol 3- and 4-kinase,...([ST])Q..,ASKTQEE,433,439,MCM2_HUMAN,Homo sapiens,15210935,true positive,48,0,disordered
ELME000202,MOD_PIKK_1,PIKK phosphorylation site,MOD,(ST)Q motif which is phosphorylated by PIKK family members.,PF00454,PI3_PI4_kinase,Phosphatidylinositol 3- and 4-kinase,...([ST])Q..,ASKTQEE,433,439,MCM6_HUMAN,Homo sapiens,36631611,true positive,48,0,disordered
ELME000202,MOD_PIKK_1,PIKK phosphorylation site,MOD,(ST)Q motif which is phosphorylated by PIKK family members.,PF00454,PI3_PI4_kinase,Phosphatidylinositol 3- and 4-kinase,...([ST])Q..,ASKTQEE,433,439,MDM2_HUMAN,Homo sapiens,11331603,true positive,48,0,disordered
ELME000202,MOD_PIKK_1,PIKK phosphorylation site,MOD,(ST)Q motif which is phosphorylated by PIKK family members.,PF00454,PI3_PI4_kinase,Phosphatidylinositol 3- and 4-kinase,...([ST])Q..,ASKTQEE,433,439,MDM2_HUMAN,Homo sapiens,14654783,true positive,48,0,disordered
ELME000202,MOD_PIKK_1,PIKK phosphorylation site,MOD,(ST)Q motif which is phosphorylated by PIKK family members.,PF00454,PI3_PI4_kinase,Phosphatidylinositol 3- and 4-kinase,...([ST])Q..,ASKTQEE,433,439,MDM4_HUMAN,Homo sapiens,15788536 16163388,true positive,48,0,disordered
ELME000202,MOD_PIKK_1,PIKK phosphorylation site,MOD,(ST)Q motif which is phosphorylated by PIKK family members.,PF00454,PI3_PI4_kinase,Phosphatidylinositol 3- and 4-kinase,...([ST])Q..,ASKTQEE,433,439,MLL1_HUMAN,Homo sapiens,20818375,true positive,48,0,disordered
ELME000202,MOD_PIKK_1,PIKK phosphorylation site,MOD,(ST)Q motif which is phosphorylated by PIKK family members.,PF00454,PI3_PI4_kinase,Phosphatidylinositol 3- and 4-kinase,...([ST])Q..,ASKTQEE,433,439,NBN_HUMAN,Homo sapiens,10766245,true positive,48,0,disordered
ELME000202,MOD_PIKK_1,PIKK phosphorylation site,MOD,(ST)Q motif which is phosphorylated by PIKK family members.,PF00454,PI3_PI4_kinase,Phosphatidylinositol 3- and 4-kinase,...([ST])Q..,ASKTQEE,433,439,P53_HUMAN,Homo sapiens,9733515,true positive,48,0,disordered
ELME000202,MOD_PIKK_1,PIKK phosphorylation site,MOD,(ST)Q motif which is phosphorylated by PIKK family members.,PF00454,PI3_PI4_kinase,Phosphatidylinositol 3- and 4-kinase,...([ST])Q..,ASKTQEE,433,439,Q3LRH8_HUMAN,Homo sapiens,36631611,true positive,48,0,disordered
ELME000202,MOD_PIKK_1,PIKK phosphorylation site,MOD,(ST)Q motif which is phosphorylated by PIKK family members.,PF00454,PI3_PI4_kinase,Phosphatidylinositol 3- and 4-kinase,...([ST])Q..,ASKTQEE,433,439,Q5H924_HUMAN,Homo sapiens,36631611,true positive,48,0,disordered
ELME000202,MOD_PIKK_1,PIKK phosphorylation site,MOD,(ST)Q motif which is phosphorylated by PIKK family members.,PF00454,PI3_PI4_kinase,Phosphatidylinositol 3- and 4-kinase,...([ST])Q..,ASKTQEE,433,439,Q6PK95_HUMAN,Homo sapiens,36631611,true positive,48,0,disordered
ELME000202,MOD_PIKK_1,PIKK phosphorylation site,MOD,(ST)Q motif which is phosphorylated by PIKK family members.,PF00454,PI3_PI4_kinase,Phosphatidylinositol 3- and 4-kinase,...([ST])Q..,ASKTQEE,433,439,Q8AY27_XENLA,Xenopus laevis,16436514,true positive,48,0,disordered
ELME000202,MOD_PIKK_1,PIKK phosphorylation site,MOD,(ST)Q motif which is phosphorylated by PIKK family members.,PF00454,PI3_PI4_kinase,Phosphatidylinositol 3- and 4-kinase,...([ST])Q..,ASKTQEE,433,439,S4R3H4_HUMAN,Homo sapiens,36631611,true positive,48,0,disordered
ELME000202,MOD_PIKK_1,PIKK phosphorylation site,MOD,(ST)Q motif which is phosphorylated by PIKK family members.,PF00454,PI3_PI4_kinase,Phosphatidylinositol 3- and 4-kinase,...([ST])Q..,ASKTQEE,433,439,SRF_HUMAN,Homo sapiens,8407951,true positive,48,0,disordered
ELME000202,MOD_PIKK_1,PIKK phosphorylation site,MOD,(ST)Q motif which is phosphorylated by PIKK family members.,PF00454,PI3_PI4_kinase,Phosphatidylinositol 3- and 4-kinase,...([ST])Q..,ASKTQEE,433,439,SRRM2_HUMAN,Homo sapiens,36631611,true positive,48,0,disordered
ELME000202,MOD_PIKK_1,PIKK phosphorylation site,MOD,(ST)Q motif which is phosphorylated by PIKK family members.,PF00454,PI3_PI4_kinase,Phosphatidylinositol 3- and 4-kinase,...([ST])Q..,ASKTQEE,433,439,TERF1_HUMAN,Homo sapiens,11375976,true positive,48,0,disordered
ELME000202,MOD_PIKK_1,PIKK phosphorylation site,MOD,(ST)Q motif which is phosphorylated by PIKK family members.,PF00454,PI3_PI4_kinase,Phosphatidylinositol 3- and 4-kinase,...([ST])Q..,ASKTQEE,433,439,UT14A_HUMAN,Homo sapiens,36631611,true positive,48,0,disordered
ELME000202,MOD_PIKK_1,PIKK phosphorylation site,MOD,(ST)Q motif which is phosphorylated by PIKK family members.,PF00454,PI3_PI4_kinase,Phosphatidylinositol 3- and 4-kinase,...([ST])Q..,ASKTQEE,433,439,X5DRB1_HUMAN,Homo sapiens,36631611,true positive,48,0,disordered
ELME000202,MOD_PIKK_1,PIKK phosphorylation site,MOD,(ST)Q motif which is phosphorylated by PIKK family members.,PF00454,PI3_PI4_kinase,Phosphatidylinositol 3- and 4-kinase,...([ST])Q..,ASKTQEE,433,439,XPA_HUMAN,Homo sapiens,16540648,true positive,48,0,disordered
ELME000202,MOD_PIKK_1,PIKK phosphorylation site,MOD,(ST)Q motif which is phosphorylated by PIKK family members.,PF00454,PI3_PI4_kinase,Phosphatidylinositol 3- and 4-kinase,...([ST])Q..,ASKTQEE,433,439,XRCC1_HUMAN,Homo sapiens,16397295,true positive,48,0,disordered
ELME000008,MOD_PKA_1,PKA Phosphorylation site,MOD,Main preference for PKA-type AGC kinase phosphorylation.,PF00069,Pkinase,Protein kinase domain,[RK][RK].([ST])[^P]..,RRRSRRT,543,549,AIBP_MOUSE,Mus musculus,18202122,true positive,25,0,disordered
ELME000008,MOD_PKA_1,PKA Phosphorylation site,MOD,Main preference for PKA-type AGC kinase phosphorylation.,PF00069,Pkinase,Protein kinase domain,[RK][RK].([ST])[^P]..,RRRSRRT,543,549,AICDA_HUMAN,Homo sapiens,16387847,true positive,25,0,disordered
ELME000008,MOD_PKA_1,PKA Phosphorylation site,MOD,Main preference for PKA-type AGC kinase phosphorylation.,PF00069,Pkinase,Protein kinase domain,[RK][RK].([ST])[^P]..,RRRSRRT,543,549,AT1A1_RAT,Rattus norvegicus,7510709,true positive,25,0,disordered
ELME000008,MOD_PKA_1,PKA Phosphorylation site,MOD,Main preference for PKA-type AGC kinase phosphorylation.,PF00069,Pkinase,Protein kinase domain,[RK][RK].([ST])[^P]..,RRRSRRT,543,549,CSKP_RAT,Rattus norvegicus,20067577,true positive,25,0,disordered
ELME000008,MOD_PKA_1,PKA Phosphorylation site,MOD,Main preference for PKA-type AGC kinase phosphorylation.,PF00069,Pkinase,Protein kinase domain,[RK][RK].([ST])[^P]..,RRRSRRT,543,549,CTNB1_HUMAN,Homo sapiens,16476742,true positive,25,0,disordered
ELME000008,MOD_PKA_1,PKA Phosphorylation site,MOD,Main preference for PKA-type AGC kinase phosphorylation.,PF00069,Pkinase,Protein kinase domain,[RK][RK].([ST])[^P]..,RRRSRRT,543,549,HDAC8_HUMAN,Homo sapiens,14701748,true positive,25,0,disordered
ELME000008,MOD_PKA_1,PKA Phosphorylation site,MOD,Main preference for PKA-type AGC kinase phosphorylation.,PF00069,Pkinase,Protein kinase domain,[RK][RK].([ST])[^P]..,RRRSRRT,543,549,KAP2_BOVIN,Bos taurus,,true positive,25,0,disordered
ELME000008,MOD_PKA_1,PKA Phosphorylation site,MOD,Main preference for PKA-type AGC kinase phosphorylation.,PF00069,Pkinase,Protein kinase domain,[RK][RK].([ST])[^P]..,RRRSRRT,543,549,KPYK1_YEAST,Saccharomyces cerevisiae,16426231,true positive,25,0,disordered
ELME000008,MOD_PKA_1,PKA Phosphorylation site,MOD,Main preference for PKA-type AGC kinase phosphorylation.,PF00069,Pkinase,Protein kinase domain,[RK][RK].([ST])[^P]..,RRRSRRT,543,549,LASP1_MOUSE,Mus musculus,15465019,true positive,25,0,disordered
ELME000008,MOD_PKA_1,PKA Phosphorylation site,MOD,Main preference for PKA-type AGC kinase phosphorylation.,PF00069,Pkinase,Protein kinase domain,[RK][RK].([ST])[^P]..,RRRSRRT,543,549,MCLN1_HUMAN,Homo sapiens,17988215,true positive,25,0,disordered
ELME000008,MOD_PKA_1,PKA Phosphorylation site,MOD,Main preference for PKA-type AGC kinase phosphorylation.,PF00069,Pkinase,Protein kinase domain,[RK][RK].([ST])[^P]..,RRRSRRT,543,549,MEF2D_MOUSE,Mus musculus,18299387,true positive,25,0,disordered
ELME000008,MOD_PKA_1,PKA Phosphorylation site,MOD,Main preference for PKA-type AGC kinase phosphorylation.,PF00069,Pkinase,Protein kinase domain,[RK][RK].([ST])[^P]..,RRRSRRT,543,549,MERL_HUMAN,Homo sapiens,14981079,true positive,25,0,disordered
ELME000008,MOD_PKA_1,PKA Phosphorylation site,MOD,Main preference for PKA-type AGC kinase phosphorylation.,PF00069,Pkinase,Protein kinase domain,[RK][RK].([ST])[^P]..,RRRSRRT,543,549,NFAC1_HUMAN,Homo sapiens,12351631,true positive,25,0,disordered
ELME000008,MOD_PKA_1,PKA Phosphorylation site,MOD,Main preference for PKA-type AGC kinase phosphorylation.,PF00069,Pkinase,Protein kinase domain,[RK][RK].([ST])[^P]..,RRRSRRT,543,549,NMDZ1_HUMAN,Homo sapiens,9030583,true positive,25,0,disordered
ELME000008,MOD_PKA_1,PKA Phosphorylation site,MOD,Main preference for PKA-type AGC kinase phosphorylation.,PF00069,Pkinase,Protein kinase domain,[RK][RK].([ST])[^P]..,RRRSRRT,543,549,NOXA1_HUMAN,Homo sapiens,17913709,true positive,25,0,disordered
ELME000008,MOD_PKA_1,PKA Phosphorylation site,MOD,Main preference for PKA-type AGC kinase phosphorylation.,PF00069,Pkinase,Protein kinase domain,[RK][RK].([ST])[^P]..,RRRSRRT,543,549,PTBP1_HUMAN,Homo sapiens,12851456,true positive,25,0,disordered
ELME000008,MOD_PKA_1,PKA Phosphorylation site,MOD,Main preference for PKA-type AGC kinase phosphorylation.,PF00069,Pkinase,Protein kinase domain,[RK][RK].([ST])[^P]..,RRRSRRT,543,549,PTN5_MOUSE,Mus musculus,10908600,true positive,25,0,disordered
ELME000008,MOD_PKA_1,PKA Phosphorylation site,MOD,Main preference for PKA-type AGC kinase phosphorylation.,PF00069,Pkinase,Protein kinase domain,[RK][RK].([ST])[^P]..,RRRSRRT,543,549,RARA_HUMAN,Homo sapiens,16769902,true positive,25,0,disordered
ELME000008,MOD_PKA_1,PKA Phosphorylation site,MOD,Main preference for PKA-type AGC kinase phosphorylation.,PF00069,Pkinase,Protein kinase domain,[RK][RK].([ST])[^P]..,RRRSRRT,543,549,RGRF1_MOUSE,Mus musculus,10601308,true positive,25,0,disordered
ELME000008,MOD_PKA_1,PKA Phosphorylation site,MOD,Main preference for PKA-type AGC kinase phosphorylation.,PF00069,Pkinase,Protein kinase domain,[RK][RK].([ST])[^P]..,RRRSRRT,543,549,RIMS1_RAT,Rattus norvegicus,18799741 14532002,true positive,25,0,disordered
ELME000008,MOD_PKA_1,PKA Phosphorylation site,MOD,Main preference for PKA-type AGC kinase phosphorylation.,PF00069,Pkinase,Protein kinase domain,[RK][RK].([ST])[^P]..,RRRSRRT,543,549,SOX9_HUMAN,Homo sapiens,10805756,true positive,25,0,disordered
ELME000008,MOD_PKA_1,PKA Phosphorylation site,MOD,Main preference for PKA-type AGC kinase phosphorylation.,PF00069,Pkinase,Protein kinase domain,[RK][RK].([ST])[^P]..,RRRSRRT,543,549,STK11_MOUSE,Mus musculus,10642527,true positive,25,0,disordered
ELME000062,MOD_PKA_2,PKA Phosphorylation site,MOD,Secondary preference for PKA-type AGC kinase phosphorylation.,PF00069,Pkinase,Protein kinase domain,.R.([ST])[^P]..,DRWSSGP,391,397,AKT2_ARATH,Arabidopsis thaliana,16297070,true positive,28,0,disordered
ELME000062,MOD_PKA_2,PKA Phosphorylation site,MOD,Secondary preference for PKA-type AGC kinase phosphorylation.,PF00069,Pkinase,Protein kinase domain,.R.([ST])[^P]..,DRWSSGP,391,397,B9EIS4_HUMAN,Homo sapiens,15946941,true positive,28,0,disordered
ELME000062,MOD_PKA_2,PKA Phosphorylation site,MOD,Secondary preference for PKA-type AGC kinase phosphorylation.,PF00069,Pkinase,Protein kinase domain,.R.([ST])[^P]..,DRWSSGP,391,397,BIRC5_HUMAN,Homo sapiens,17612487,true positive,28,0,disordered
ELME000062,MOD_PKA_2,PKA Phosphorylation site,MOD,Secondary preference for PKA-type AGC kinase phosphorylation.,PF00069,Pkinase,Protein kinase domain,.R.([ST])[^P]..,DRWSSGP,391,397,C2TA_HUMAN,Homo sapiens,11416140,true positive,28,0,disordered
ELME000062,MOD_PKA_2,PKA Phosphorylation site,MOD,Secondary preference for PKA-type AGC kinase phosphorylation.,PF00069,Pkinase,Protein kinase domain,.R.([ST])[^P]..,DRWSSGP,391,397,CCG2_MOUSE,Mus musculus,11805122,true positive,28,0,disordered
ELME000062,MOD_PKA_2,PKA Phosphorylation site,MOD,Secondary preference for PKA-type AGC kinase phosphorylation.,PF00069,Pkinase,Protein kinase domain,.R.([ST])[^P]..,DRWSSGP,391,397,CSKP_RAT,Rattus norvegicus,20067577,true positive,28,0,disordered
ELME000062,MOD_PKA_2,PKA Phosphorylation site,MOD,Secondary preference for PKA-type AGC kinase phosphorylation.,PF00069,Pkinase,Protein kinase domain,.R.([ST])[^P]..,DRWSSGP,391,397,EF2K_RAT,Rattus norvegicus,11171050,true positive,28,0,disordered
ELME000062,MOD_PKA_2,PKA Phosphorylation site,MOD,Secondary preference for PKA-type AGC kinase phosphorylation.,PF00069,Pkinase,Protein kinase domain,.R.([ST])[^P]..,DRWSSGP,391,397,GDIR1_HUMAN,Homo sapiens,18768928,true positive,28,0,disordered
ELME000062,MOD_PKA_2,PKA Phosphorylation site,MOD,Secondary preference for PKA-type AGC kinase phosphorylation.,PF00069,Pkinase,Protein kinase domain,.R.([ST])[^P]..,DRWSSGP,391,397,HSPB8_HUMAN,Homo sapiens,18298377,true positive,28,0,disordered
ELME000062,MOD_PKA_2,PKA Phosphorylation site,MOD,Secondary preference for PKA-type AGC kinase phosphorylation.,PF00069,Pkinase,Protein kinase domain,.R.([ST])[^P]..,DRWSSGP,391,397,IRK1_HUMAN,Homo sapiens,8621594,true positive,28,0,disordered
ELME000062,MOD_PKA_2,PKA Phosphorylation site,MOD,Secondary preference for PKA-type AGC kinase phosphorylation.,PF00069,Pkinase,Protein kinase domain,.R.([ST])[^P]..,DRWSSGP,391,397,MEF2D_MOUSE,Mus musculus,18299387,true positive,28,0,disordered
ELME000062,MOD_PKA_2,PKA Phosphorylation site,MOD,Secondary preference for PKA-type AGC kinase phosphorylation.,PF00069,Pkinase,Protein kinase domain,.R.([ST])[^P]..,DRWSSGP,391,397,NEB2_RAT,Rattus norvegicus,12417592,true positive,28,0,disordered
ELME000062,MOD_PKA_2,PKA Phosphorylation site,MOD,Secondary preference for PKA-type AGC kinase phosphorylation.,PF00069,Pkinase,Protein kinase domain,.R.([ST])[^P]..,DRWSSGP,391,397,NFAC1_HUMAN,Homo sapiens,12351631,true positive,28,0,disordered
ELME000062,MOD_PKA_2,PKA Phosphorylation site,MOD,Secondary preference for PKA-type AGC kinase phosphorylation.,PF00069,Pkinase,Protein kinase domain,.R.([ST])[^P]..,DRWSSGP,391,397,NOXA1_HUMAN,Homo sapiens,17913709,true positive,28,0,disordered
ELME000062,MOD_PKA_2,PKA Phosphorylation site,MOD,Secondary preference for PKA-type AGC kinase phosphorylation.,PF00069,Pkinase,Protein kinase domain,.R.([ST])[^P]..,DRWSSGP,391,397,PELP1_HUMAN,Homo sapiens,18505929,true positive,28,0,disordered
ELME000062,MOD_PKA_2,PKA Phosphorylation site,MOD,Secondary preference for PKA-type AGC kinase phosphorylation.,PF00069,Pkinase,Protein kinase domain,.R.([ST])[^P]..,DRWSSGP,391,397,PKD1_MOUSE,Mus musculus,10364454,true positive,28,0,disordered
ELME000062,MOD_PKA_2,PKA Phosphorylation site,MOD,Secondary preference for PKA-type AGC kinase phosphorylation.,PF00069,Pkinase,Protein kinase domain,.R.([ST])[^P]..,DRWSSGP,391,397,PLSL_HUMAN,Homo sapiens,16636079 10446213,true positive,28,0,disordered
ELME000062,MOD_PKA_2,PKA Phosphorylation site,MOD,Secondary preference for PKA-type AGC kinase phosphorylation.,PF00069,Pkinase,Protein kinase domain,.R.([ST])[^P]..,DRWSSGP,391,397,Q26658_STRPU,Strongylocentrotus purpuratus,10207092,true positive,28,0,disordered
ELME000062,MOD_PKA_2,PKA Phosphorylation site,MOD,Secondary preference for PKA-type AGC kinase phosphorylation.,PF00069,Pkinase,Protein kinase domain,.R.([ST])[^P]..,DRWSSGP,391,397,RXRA_HUMAN,Homo sapiens,11162439,true positive,28,0,disordered
ELME000062,MOD_PKA_2,PKA Phosphorylation site,MOD,Secondary preference for PKA-type AGC kinase phosphorylation.,PF00069,Pkinase,Protein kinase domain,.R.([ST])[^P]..,DRWSSGP,391,397,SCN5A_RAT,Rattus norvegicus,8910529,true positive,28,0,disordered
ELME000062,MOD_PKA_2,PKA Phosphorylation site,MOD,Secondary preference for PKA-type AGC kinase phosphorylation.,PF00069,Pkinase,Protein kinase domain,.R.([ST])[^P]..,DRWSSGP,391,397,SNAPN_RAT,Rattus norvegicus,12887314 11283605,true positive,28,0,disordered
ELME000062,MOD_PKA_2,PKA Phosphorylation site,MOD,Secondary preference for PKA-type AGC kinase phosphorylation.,PF00069,Pkinase,Protein kinase domain,.R.([ST])[^P]..,DRWSSGP,391,397,THOP1_RAT,Rattus norvegicus,10969067,true positive,28,0,disordered
ELME000062,MOD_PKA_2,PKA Phosphorylation site,MOD,Secondary preference for PKA-type AGC kinase phosphorylation.,PF00069,Pkinase,Protein kinase domain,.R.([ST])[^P]..,RRRSRRT,543,549,AKT2_ARATH,Arabidopsis thaliana,16297070,true positive,28,0,disordered
ELME000062,MOD_PKA_2,PKA Phosphorylation site,MOD,Secondary preference for PKA-type AGC kinase phosphorylation.,PF00069,Pkinase,Protein kinase domain,.R.([ST])[^P]..,RRRSRRT,543,549,B9EIS4_HUMAN,Homo sapiens,15946941,true positive,28,0,disordered
ELME000062,MOD_PKA_2,PKA Phosphorylation site,MOD,Secondary preference for PKA-type AGC kinase phosphorylation.,PF00069,Pkinase,Protein kinase domain,.R.([ST])[^P]..,RRRSRRT,543,549,BIRC5_HUMAN,Homo sapiens,17612487,true positive,28,0,disordered
ELME000062,MOD_PKA_2,PKA Phosphorylation site,MOD,Secondary preference for PKA-type AGC kinase phosphorylation.,PF00069,Pkinase,Protein kinase domain,.R.([ST])[^P]..,RRRSRRT,543,549,C2TA_HUMAN,Homo sapiens,11416140,true positive,28,0,disordered
ELME000062,MOD_PKA_2,PKA Phosphorylation site,MOD,Secondary preference for PKA-type AGC kinase phosphorylation.,PF00069,Pkinase,Protein kinase domain,.R.([ST])[^P]..,RRRSRRT,543,549,CCG2_MOUSE,Mus musculus,11805122,true positive,28,0,disordered
ELME000062,MOD_PKA_2,PKA Phosphorylation site,MOD,Secondary preference for PKA-type AGC kinase phosphorylation.,PF00069,Pkinase,Protein kinase domain,.R.([ST])[^P]..,RRRSRRT,543,549,CSKP_RAT,Rattus norvegicus,20067577,true positive,28,0,disordered
ELME000062,MOD_PKA_2,PKA Phosphorylation site,MOD,Secondary preference for PKA-type AGC kinase phosphorylation.,PF00069,Pkinase,Protein kinase domain,.R.([ST])[^P]..,RRRSRRT,543,549,EF2K_RAT,Rattus norvegicus,11171050,true positive,28,0,disordered
ELME000062,MOD_PKA_2,PKA Phosphorylation site,MOD,Secondary preference for PKA-type AGC kinase phosphorylation.,PF00069,Pkinase,Protein kinase domain,.R.([ST])[^P]..,RRRSRRT,543,549,GDIR1_HUMAN,Homo sapiens,18768928,true positive,28,0,disordered
ELME000062,MOD_PKA_2,PKA Phosphorylation site,MOD,Secondary preference for PKA-type AGC kinase phosphorylation.,PF00069,Pkinase,Protein kinase domain,.R.([ST])[^P]..,RRRSRRT,543,549,HSPB8_HUMAN,Homo sapiens,18298377,true positive,28,0,disordered
ELME000062,MOD_PKA_2,PKA Phosphorylation site,MOD,Secondary preference for PKA-type AGC kinase phosphorylation.,PF00069,Pkinase,Protein kinase domain,.R.([ST])[^P]..,RRRSRRT,543,549,IRK1_HUMAN,Homo sapiens,8621594,true positive,28,0,disordered
ELME000062,MOD_PKA_2,PKA Phosphorylation site,MOD,Secondary preference for PKA-type AGC kinase phosphorylation.,PF00069,Pkinase,Protein kinase domain,.R.([ST])[^P]..,RRRSRRT,543,549,MEF2D_MOUSE,Mus musculus,18299387,true positive,28,0,disordered
ELME000062,MOD_PKA_2,PKA Phosphorylation site,MOD,Secondary preference for PKA-type AGC kinase phosphorylation.,PF00069,Pkinase,Protein kinase domain,.R.([ST])[^P]..,RRRSRRT,543,549,NEB2_RAT,Rattus norvegicus,12417592,true positive,28,0,disordered
ELME000062,MOD_PKA_2,PKA Phosphorylation site,MOD,Secondary preference for PKA-type AGC kinase phosphorylation.,PF00069,Pkinase,Protein kinase domain,.R.([ST])[^P]..,RRRSRRT,543,549,NFAC1_HUMAN,Homo sapiens,12351631,true positive,28,0,disordered
ELME000062,MOD_PKA_2,PKA Phosphorylation site,MOD,Secondary preference for PKA-type AGC kinase phosphorylation.,PF00069,Pkinase,Protein kinase domain,.R.([ST])[^P]..,RRRSRRT,543,549,NOXA1_HUMAN,Homo sapiens,17913709,true positive,28,0,disordered
ELME000062,MOD_PKA_2,PKA Phosphorylation site,MOD,Secondary preference for PKA-type AGC kinase phosphorylation.,PF00069,Pkinase,Protein kinase domain,.R.([ST])[^P]..,RRRSRRT,543,549,PELP1_HUMAN,Homo sapiens,18505929,true positive,28,0,disordered
ELME000062,MOD_PKA_2,PKA Phosphorylation site,MOD,Secondary preference for PKA-type AGC kinase phosphorylation.,PF00069,Pkinase,Protein kinase domain,.R.([ST])[^P]..,RRRSRRT,543,549,PKD1_MOUSE,Mus musculus,10364454,true positive,28,0,disordered
ELME000062,MOD_PKA_2,PKA Phosphorylation site,MOD,Secondary preference for PKA-type AGC kinase phosphorylation.,PF00069,Pkinase,Protein kinase domain,.R.([ST])[^P]..,RRRSRRT,543,549,PLSL_HUMAN,Homo sapiens,16636079 10446213,true positive,28,0,disordered
ELME000062,MOD_PKA_2,PKA Phosphorylation site,MOD,Secondary preference for PKA-type AGC kinase phosphorylation.,PF00069,Pkinase,Protein kinase domain,.R.([ST])[^P]..,RRRSRRT,543,549,Q26658_STRPU,Strongylocentrotus purpuratus,10207092,true positive,28,0,disordered
ELME000062,MOD_PKA_2,PKA Phosphorylation site,MOD,Secondary preference for PKA-type AGC kinase phosphorylation.,PF00069,Pkinase,Protein kinase domain,.R.([ST])[^P]..,RRRSRRT,543,549,RXRA_HUMAN,Homo sapiens,11162439,true positive,28,0,disordered
ELME000062,MOD_PKA_2,PKA Phosphorylation site,MOD,Secondary preference for PKA-type AGC kinase phosphorylation.,PF00069,Pkinase,Protein kinase domain,.R.([ST])[^P]..,RRRSRRT,543,549,SCN5A_RAT,Rattus norvegicus,8910529,true positive,28,0,disordered
ELME000062,MOD_PKA_2,PKA Phosphorylation site,MOD,Secondary preference for PKA-type AGC kinase phosphorylation.,PF00069,Pkinase,Protein kinase domain,.R.([ST])[^P]..,RRRSRRT,543,549,SNAPN_RAT,Rattus norvegicus,12887314 11283605,true positive,28,0,disordered
ELME000062,MOD_PKA_2,PKA Phosphorylation site,MOD,Secondary preference for PKA-type AGC kinase phosphorylation.,PF00069,Pkinase,Protein kinase domain,.R.([ST])[^P]..,RRRSRRT,543,549,THOP1_RAT,Rattus norvegicus,10969067,true positive,28,0,disordered
ELME000062,MOD_PKA_2,PKA Phosphorylation site,MOD,Secondary preference for PKA-type AGC kinase phosphorylation.,PF00069,Pkinase,Protein kinase domain,.R.([ST])[^P]..,SRRTEY*,546,552,AKT2_ARATH,Arabidopsis thaliana,16297070,true positive,28,0,disordered
ELME000062,MOD_PKA_2,PKA Phosphorylation site,MOD,Secondary preference for PKA-type AGC kinase phosphorylation.,PF00069,Pkinase,Protein kinase domain,.R.([ST])[^P]..,SRRTEY*,546,552,B9EIS4_HUMAN,Homo sapiens,15946941,true positive,28,0,disordered
ELME000062,MOD_PKA_2,PKA Phosphorylation site,MOD,Secondary preference for PKA-type AGC kinase phosphorylation.,PF00069,Pkinase,Protein kinase domain,.R.([ST])[^P]..,SRRTEY*,546,552,BIRC5_HUMAN,Homo sapiens,17612487,true positive,28,0,disordered
ELME000062,MOD_PKA_2,PKA Phosphorylation site,MOD,Secondary preference for PKA-type AGC kinase phosphorylation.,PF00069,Pkinase,Protein kinase domain,.R.([ST])[^P]..,SRRTEY*,546,552,C2TA_HUMAN,Homo sapiens,11416140,true positive,28,0,disordered
ELME000062,MOD_PKA_2,PKA Phosphorylation site,MOD,Secondary preference for PKA-type AGC kinase phosphorylation.,PF00069,Pkinase,Protein kinase domain,.R.([ST])[^P]..,SRRTEY*,546,552,CCG2_MOUSE,Mus musculus,11805122,true positive,28,0,disordered
ELME000062,MOD_PKA_2,PKA Phosphorylation site,MOD,Secondary preference for PKA-type AGC kinase phosphorylation.,PF00069,Pkinase,Protein kinase domain,.R.([ST])[^P]..,SRRTEY*,546,552,CSKP_RAT,Rattus norvegicus,20067577,true positive,28,0,disordered
ELME000062,MOD_PKA_2,PKA Phosphorylation site,MOD,Secondary preference for PKA-type AGC kinase phosphorylation.,PF00069,Pkinase,Protein kinase domain,.R.([ST])[^P]..,SRRTEY*,546,552,EF2K_RAT,Rattus norvegicus,11171050,true positive,28,0,disordered
ELME000062,MOD_PKA_2,PKA Phosphorylation site,MOD,Secondary preference for PKA-type AGC kinase phosphorylation.,PF00069,Pkinase,Protein kinase domain,.R.([ST])[^P]..,SRRTEY*,546,552,GDIR1_HUMAN,Homo sapiens,18768928,true positive,28,0,disordered
ELME000062,MOD_PKA_2,PKA Phosphorylation site,MOD,Secondary preference for PKA-type AGC kinase phosphorylation.,PF00069,Pkinase,Protein kinase domain,.R.([ST])[^P]..,SRRTEY*,546,552,HSPB8_HUMAN,Homo sapiens,18298377,true positive,28,0,disordered
ELME000062,MOD_PKA_2,PKA Phosphorylation site,MOD,Secondary preference for PKA-type AGC kinase phosphorylation.,PF00069,Pkinase,Protein kinase domain,.R.([ST])[^P]..,SRRTEY*,546,552,IRK1_HUMAN,Homo sapiens,8621594,true positive,28,0,disordered
ELME000062,MOD_PKA_2,PKA Phosphorylation site,MOD,Secondary preference for PKA-type AGC kinase phosphorylation.,PF00069,Pkinase,Protein kinase domain,.R.([ST])[^P]..,SRRTEY*,546,552,MEF2D_MOUSE,Mus musculus,18299387,true positive,28,0,disordered
ELME000062,MOD_PKA_2,PKA Phosphorylation site,MOD,Secondary preference for PKA-type AGC kinase phosphorylation.,PF00069,Pkinase,Protein kinase domain,.R.([ST])[^P]..,SRRTEY*,546,552,NEB2_RAT,Rattus norvegicus,12417592,true positive,28,0,disordered
ELME000062,MOD_PKA_2,PKA Phosphorylation site,MOD,Secondary preference for PKA-type AGC kinase phosphorylation.,PF00069,Pkinase,Protein kinase domain,.R.([ST])[^P]..,SRRTEY*,546,552,NFAC1_HUMAN,Homo sapiens,12351631,true positive,28,0,disordered
ELME000062,MOD_PKA_2,PKA Phosphorylation site,MOD,Secondary preference for PKA-type AGC kinase phosphorylation.,PF00069,Pkinase,Protein kinase domain,.R.([ST])[^P]..,SRRTEY*,546,552,NOXA1_HUMAN,Homo sapiens,17913709,true positive,28,0,disordered
ELME000062,MOD_PKA_2,PKA Phosphorylation site,MOD,Secondary preference for PKA-type AGC kinase phosphorylation.,PF00069,Pkinase,Protein kinase domain,.R.([ST])[^P]..,SRRTEY*,546,552,PELP1_HUMAN,Homo sapiens,18505929,true positive,28,0,disordered
ELME000062,MOD_PKA_2,PKA Phosphorylation site,MOD,Secondary preference for PKA-type AGC kinase phosphorylation.,PF00069,Pkinase,Protein kinase domain,.R.([ST])[^P]..,SRRTEY*,546,552,PKD1_MOUSE,Mus musculus,10364454,true positive,28,0,disordered
ELME000062,MOD_PKA_2,PKA Phosphorylation site,MOD,Secondary preference for PKA-type AGC kinase phosphorylation.,PF00069,Pkinase,Protein kinase domain,.R.([ST])[^P]..,SRRTEY*,546,552,PLSL_HUMAN,Homo sapiens,16636079 10446213,true positive,28,0,disordered
ELME000062,MOD_PKA_2,PKA Phosphorylation site,MOD,Secondary preference for PKA-type AGC kinase phosphorylation.,PF00069,Pkinase,Protein kinase domain,.R.([ST])[^P]..,SRRTEY*,546,552,Q26658_STRPU,Strongylocentrotus purpuratus,10207092,true positive,28,0,disordered
ELME000062,MOD_PKA_2,PKA Phosphorylation site,MOD,Secondary preference for PKA-type AGC kinase phosphorylation.,PF00069,Pkinase,Protein kinase domain,.R.([ST])[^P]..,SRRTEY*,546,552,RXRA_HUMAN,Homo sapiens,11162439,true positive,28,0,disordered
ELME000062,MOD_PKA_2,PKA Phosphorylation site,MOD,Secondary preference for PKA-type AGC kinase phosphorylation.,PF00069,Pkinase,Protein kinase domain,.R.([ST])[^P]..,SRRTEY*,546,552,SCN5A_RAT,Rattus norvegicus,8910529,true positive,28,0,disordered
ELME000062,MOD_PKA_2,PKA Phosphorylation site,MOD,Secondary preference for PKA-type AGC kinase phosphorylation.,PF00069,Pkinase,Protein kinase domain,.R.([ST])[^P]..,SRRTEY*,546,552,SNAPN_RAT,Rattus norvegicus,12887314 11283605,true positive,28,0,disordered
ELME000062,MOD_PKA_2,PKA Phosphorylation site,MOD,Secondary preference for PKA-type AGC kinase phosphorylation.,PF00069,Pkinase,Protein kinase domain,.R.([ST])[^P]..,SRRTEY*,546,552,THOP1_RAT,Rattus norvegicus,10969067,true positive,28,0,disordered
ELME000061,MOD_PKB_1,PKB Phosphorylation site,MOD,PKB Phosphorylation site,PF00069,Pkinase,Protein kinase domain,R.R..([ST])[^P]..,RRRRRSRRT,541,549,BAD_MOUSE,Mus musculus,9346240,true positive,20,1,disordered
ELME000061,MOD_PKB_1,PKB Phosphorylation site,MOD,PKB Phosphorylation site,PF00069,Pkinase,Protein kinase domain,R.R..([ST])[^P]..,RRRRRSRRT,541,549,BRCA1_HUMAN,Homo sapiens,17428466,true positive,20,1,disordered
ELME000061,MOD_PKB_1,PKB Phosphorylation site,MOD,PKB Phosphorylation site,PF00069,Pkinase,Protein kinase domain,R.R..([ST])[^P]..,RRRRRSRRT,541,549,CASP9_HUMAN,Homo sapiens,9812896,true positive,20,1,disordered
ELME000061,MOD_PKB_1,PKB Phosphorylation site,MOD,PKB Phosphorylation site,PF00069,Pkinase,Protein kinase domain,R.R..([ST])[^P]..,RRRRRSRRT,541,549,CDN1A_HUMAN,Homo sapiens,11463845,true positive,20,1,disordered
ELME000061,MOD_PKB_1,PKB Phosphorylation site,MOD,PKB Phosphorylation site,PF00069,Pkinase,Protein kinase domain,R.R..([ST])[^P]..,RRRRRSRRT,541,549,CDN1B_HUMAN,Homo sapiens,12244301,true positive,20,1,disordered
ELME000061,MOD_PKB_1,PKB Phosphorylation site,MOD,PKB Phosphorylation site,PF00069,Pkinase,Protein kinase domain,R.R..([ST])[^P]..,RRRRRSRRT,541,549,F262_BOVIN,Bos taurus,,true positive,20,1,disordered
ELME000061,MOD_PKB_1,PKB Phosphorylation site,MOD,PKB Phosphorylation site,PF00069,Pkinase,Protein kinase domain,R.R..([ST])[^P]..,RRRRRSRRT,541,549,FOXO4_HUMAN,Homo sapiens,14690436,true positive,20,1,disordered
ELME000061,MOD_PKB_1,PKB Phosphorylation site,MOD,PKB Phosphorylation site,PF00069,Pkinase,Protein kinase domain,R.R..([ST])[^P]..,RRRRRSRRT,541,549,GSK3B_MOUSE,Mus musculus,12434148,true positive,20,1,disordered
ELME000061,MOD_PKB_1,PKB Phosphorylation site,MOD,PKB Phosphorylation site,PF00069,Pkinase,Protein kinase domain,R.R..([ST])[^P]..,RRRRRSRRT,541,549,IKKA_HUMAN,Homo sapiens,10485710,true positive,20,1,disordered
ELME000061,MOD_PKB_1,PKB Phosphorylation site,MOD,PKB Phosphorylation site,PF00069,Pkinase,Protein kinase domain,R.R..([ST])[^P]..,RRRRRSRRT,541,549,MDM2_HUMAN,Homo sapiens,11715018,true positive,20,1,disordered
ELME000061,MOD_PKB_1,PKB Phosphorylation site,MOD,PKB Phosphorylation site,PF00069,Pkinase,Protein kinase domain,R.R..([ST])[^P]..,RRRRRSRRT,541,549,NR4A1_HUMAN,Homo sapiens,11274386,true positive,20,1,disordered
ELME000061,MOD_PKB_1,PKB Phosphorylation site,MOD,PKB Phosphorylation site,PF00069,Pkinase,Protein kinase domain,R.R..([ST])[^P]..,RRRRRSRRT,541,549,NR4A1_MOUSE,Mus musculus,,true positive,20,1,disordered
ELME000061,MOD_PKB_1,PKB Phosphorylation site,MOD,PKB Phosphorylation site,PF00069,Pkinase,Protein kinase domain,R.R..([ST])[^P]..,RRRRRSRRT,541,549,RAF1_HUMAN,Homo sapiens,19058874,true positive,20,1,disordered
ELME000061,MOD_PKB_1,PKB Phosphorylation site,MOD,PKB Phosphorylation site,PF00069,Pkinase,Protein kinase domain,R.R..([ST])[^P]..,RRRRRSRRT,541,549,TERT_HUMAN,Homo sapiens,,true positive,20,1,disordered
ELME000061,MOD_PKB_1,PKB Phosphorylation site,MOD,PKB Phosphorylation site,PF00069,Pkinase,Protein kinase domain,R.R..([ST])[^P]..,RRRRRSRRT,541,549,TSC2_HUMAN,Homo sapiens,18466115,true positive,20,1,disordered
ELME000442,MOD_Plk_1,Polo-like kinase phosphosites,MOD,Ser/Thr residue phosphorylated by the Plk1 kinase,PF00069,Pkinase,Protein kinase domain,.[DNE][^PG][ST](([FYILMVW]..)|([^PEDGKN][FWYLIVM]).),ADNTSLD,354,360,BRCA2_HUMAN,Homo sapiens,12815053,true positive,44,0,disordered
ELME000442,MOD_Plk_1,Polo-like kinase phosphosites,MOD,Ser/Thr residue phosphorylated by the Plk1 kinase,PF00069,Pkinase,Protein kinase domain,.[DNE][^PG][ST](([FYILMVW]..)|([^PEDGKN][FWYLIVM]).),ADNTSLD,354,360,CDH1_YEAST,Saccharomyces cerevisiae S288c,1850033,true positive,44,0,disordered
ELME000442,MOD_Plk_1,Polo-like kinase phosphosites,MOD,Ser/Thr residue phosphorylated by the Plk1 kinase,PF00069,Pkinase,Protein kinase domain,.[DNE][^PG][ST](([FYILMVW]..)|([^PEDGKN][FWYLIVM]).),ADNTSLD,354,360,CND1_YEAST,Saccharomyces cerevisiae S288c,19481522,true positive,44,0,disordered
ELME000442,MOD_Plk_1,Polo-like kinase phosphosites,MOD,Ser/Thr residue phosphorylated by the Plk1 kinase,PF00069,Pkinase,Protein kinase domain,.[DNE][^PG][ST](([FYILMVW]..)|([^PEDGKN][FWYLIVM]).),ADNTSLD,354,360,CND2_YEAST,Saccharomyces cerevisiae S288c,19481522,true positive,44,0,disordered
ELME000442,MOD_Plk_1,Polo-like kinase phosphosites,MOD,Ser/Thr residue phosphorylated by the Plk1 kinase,PF00069,Pkinase,Protein kinase domain,.[DNE][^PG][ST](([FYILMVW]..)|([^PEDGKN][FWYLIVM]).),ADNTSLD,354,360,CND3_YEAST,Saccharomyces cerevisiae S288c,19481522,true positive,44,0,disordered
ELME000442,MOD_Plk_1,Polo-like kinase phosphosites,MOD,Ser/Thr residue phosphorylated by the Plk1 kinase,PF00069,Pkinase,Protein kinase domain,.[DNE][^PG][ST](([FYILMVW]..)|([^PEDGKN][FWYLIVM]).),ADNTSLD,354,360,CNDD3_HUMAN,Homo sapiens,21498573,true positive,44,0,disordered
ELME000442,MOD_Plk_1,Polo-like kinase phosphosites,MOD,Ser/Thr residue phosphorylated by the Plk1 kinase,PF00069,Pkinase,Protein kinase domain,.[DNE][^PG][ST](([FYILMVW]..)|([^PEDGKN][FWYLIVM]).),ADNTSLD,354,360,CYK2_YEAST,Saccharomyces cerevisiae S288c,21498574,true positive,44,0,disordered
ELME000442,MOD_Plk_1,Polo-like kinase phosphosites,MOD,Ser/Thr residue phosphorylated by the Plk1 kinase,PF00069,Pkinase,Protein kinase domain,.[DNE][^PG][ST](([FYILMVW]..)|([^PEDGKN][FWYLIVM]).),ADNTSLD,354,360,DAM1_SCHPO,Schizosaccharomyces pombe 972h-,22375062,true positive,44,0,disordered
ELME000442,MOD_Plk_1,Polo-like kinase phosphosites,MOD,Ser/Thr residue phosphorylated by the Plk1 kinase,PF00069,Pkinase,Protein kinase domain,.[DNE][^PG][ST](([FYILMVW]..)|([^PEDGKN][FWYLIVM]).),ADNTSLD,354,360,FOXM1_HUMAN,Homo sapiens,19160488,true positive,44,0,disordered
ELME000442,MOD_Plk_1,Polo-like kinase phosphosites,MOD,Ser/Thr residue phosphorylated by the Plk1 kinase,PF00069,Pkinase,Protein kinase domain,.[DNE][^PG][ST](([FYILMVW]..)|([^PEDGKN][FWYLIVM]).),ADNTSLD,354,360,IKKB_HUMAN,Homo sapiens,18957422,true positive,44,0,disordered
ELME000442,MOD_Plk_1,Polo-like kinase phosphosites,MOD,Ser/Thr residue phosphorylated by the Plk1 kinase,PF00069,Pkinase,Protein kinase domain,.[DNE][^PG][ST](([FYILMVW]..)|([^PEDGKN][FWYLIVM]).),ADNTSLD,354,360,KIZ_HUMAN,Homo sapiens,16980960,true positive,44,0,disordered
ELME000442,MOD_Plk_1,Polo-like kinase phosphosites,MOD,Ser/Thr residue phosphorylated by the Plk1 kinase,PF00069,Pkinase,Protein kinase domain,.[DNE][^PG][ST](([FYILMVW]..)|([^PEDGKN][FWYLIVM]).),ADNTSLD,354,360,MAD3_YEAST,Saccharomyces cerevisiae,15970700,true positive,44,0,disordered
ELME000442,MOD_Plk_1,Polo-like kinase phosphosites,MOD,Ser/Thr residue phosphorylated by the Plk1 kinase,PF00069,Pkinase,Protein kinase domain,.[DNE][^PG][ST](([FYILMVW]..)|([^PEDGKN][FWYLIVM]).),ADNTSLD,354,360,MID1_SCHPO,Schizosaccharomyces pombe 972h-,21376600,true positive,44,0,disordered
ELME000442,MOD_Plk_1,Polo-like kinase phosphosites,MOD,Ser/Thr residue phosphorylated by the Plk1 kinase,PF00069,Pkinase,Protein kinase domain,.[DNE][^PG][ST](([FYILMVW]..)|([^PEDGKN][FWYLIVM]).),ADNTSLD,354,360,MPIP3_HUMAN,Homo sapiens,12738781 11897663,true positive,44,0,disordered
ELME000442,MOD_Plk_1,Polo-like kinase phosphosites,MOD,Ser/Thr residue phosphorylated by the Plk1 kinase,PF00069,Pkinase,Protein kinase domain,.[DNE][^PG][ST](([FYILMVW]..)|([^PEDGKN][FWYLIVM]).),ADNTSLD,354,360,NDD1_YEAST,Saccharomyces cerevisiae S288c,17122856,true positive,44,0,disordered
ELME000442,MOD_Plk_1,Polo-like kinase phosphosites,MOD,Ser/Thr residue phosphorylated by the Plk1 kinase,PF00069,Pkinase,Protein kinase domain,.[DNE][^PG][ST](([FYILMVW]..)|([^PEDGKN][FWYLIVM]).),ADNTSLD,354,360,NEDD1_HUMAN,Homo sapiens,19509060,true positive,44,0,disordered
ELME000442,MOD_Plk_1,Polo-like kinase phosphosites,MOD,Ser/Thr residue phosphorylated by the Plk1 kinase,PF00069,Pkinase,Protein kinase domain,.[DNE][^PG][ST](([FYILMVW]..)|([^PEDGKN][FWYLIVM]).),ADNTSLD,354,360,O96561_DROME,Drosophila melanogaster,27238966,true positive,44,0,disordered
ELME000442,MOD_Plk_1,Polo-like kinase phosphosites,MOD,Ser/Thr residue phosphorylated by the Plk1 kinase,PF00069,Pkinase,Protein kinase domain,.[DNE][^PG][ST](([FYILMVW]..)|([^PEDGKN][FWYLIVM]).),ADNTSLD,354,360,PINX1_HUMAN,Homo sapiens,20573420,true positive,44,0,disordered
ELME000442,MOD_Plk_1,Polo-like kinase phosphosites,MOD,Ser/Thr residue phosphorylated by the Plk1 kinase,PF00069,Pkinase,Protein kinase domain,.[DNE][^PG][ST](([FYILMVW]..)|([^PEDGKN][FWYLIVM]).),ADNTSLD,354,360,PMYT1_HUMAN,Homo sapiens,12738781 21498573,true positive,44,0,disordered
ELME000442,MOD_Plk_1,Polo-like kinase phosphosites,MOD,Ser/Thr residue phosphorylated by the Plk1 kinase,PF00069,Pkinase,Protein kinase domain,.[DNE][^PG][ST](([FYILMVW]..)|([^PEDGKN][FWYLIVM]).),ADNTSLD,354,360,PMYT1_HUMAN,Homo sapiens,21498573,true positive,44,0,disordered
ELME000442,MOD_Plk_1,Polo-like kinase phosphosites,MOD,Ser/Thr residue phosphorylated by the Plk1 kinase,PF00069,Pkinase,Protein kinase domain,.[DNE][^PG][ST](([FYILMVW]..)|([^PEDGKN][FWYLIVM]).),ADNTSLD,354,360,RGAP1_HUMAN,Homo sapiens,19468300,true positive,44,0,disordered
ELME000442,MOD_Plk_1,Polo-like kinase phosphosites,MOD,Ser/Thr residue phosphorylated by the Plk1 kinase,PF00069,Pkinase,Protein kinase domain,.[DNE][^PG][ST](([FYILMVW]..)|([^PEDGKN][FWYLIVM]).),ADNTSLD,354,360,RGAP1_HUMAN,Homo sapiens,19468302 19468300,true positive,44,0,disordered
ELME000442,MOD_Plk_1,Polo-like kinase phosphosites,MOD,Ser/Thr residue phosphorylated by the Plk1 kinase,PF00069,Pkinase,Protein kinase domain,.[DNE][^PG][ST](([FYILMVW]..)|([^PEDGKN][FWYLIVM]).),ADNTSLD,354,360,SCC1_YEAST,Saccharomyces cerevisiae S288c,11371343,true positive,44,0,disordered
ELME000442,MOD_Plk_1,Polo-like kinase phosphosites,MOD,Ser/Thr residue phosphorylated by the Plk1 kinase,PF00069,Pkinase,Protein kinase domain,.[DNE][^PG][ST](([FYILMVW]..)|([^PEDGKN][FWYLIVM]).),ADNTSLD,354,360,SFI1_YEAST,Saccharomyces cerevisiae S288c,24954044,true positive,44,0,disordered
ELME000442,MOD_Plk_1,Polo-like kinase phosphosites,MOD,Ser/Thr residue phosphorylated by the Plk1 kinase,PF00069,Pkinase,Protein kinase domain,.[DNE][^PG][ST](([FYILMVW]..)|([^PEDGKN][FWYLIVM]).),ADNTSLD,354,360,SLD2_YEAST,Saccharomyces cerevisiae S288c,27705801,true positive,44,0,disordered
ELME000442,MOD_Plk_1,Polo-like kinase phosphosites,MOD,Ser/Thr residue phosphorylated by the Plk1 kinase,PF00069,Pkinase,Protein kinase domain,.[DNE][^PG][ST](([FYILMVW]..)|([^PEDGKN][FWYLIVM]).),ADNTSLD,354,360,SPC7_SCHPO,Schizosaccharomyces pombe 972h-,28497540,true positive,44,0,disordered
ELME000442,MOD_Plk_1,Polo-like kinase phosphosites,MOD,Ser/Thr residue phosphorylated by the Plk1 kinase,PF00069,Pkinase,Protein kinase domain,.[DNE][^PG][ST](([FYILMVW]..)|([^PEDGKN][FWYLIVM]).),ADNTSLD,354,360,SRBP1_HUMAN,Homo sapiens,27579997,true positive,44,0,disordered
ELME000442,MOD_Plk_1,Polo-like kinase phosphosites,MOD,Ser/Thr residue phosphorylated by the Plk1 kinase,PF00069,Pkinase,Protein kinase domain,.[DNE][^PG][ST](([FYILMVW]..)|([^PEDGKN][FWYLIVM]).),ADNTSLD,354,360,SRBP1_HUMAN,Homo sapiens,27579998,true positive,44,0,disordered
ELME000442,MOD_Plk_1,Polo-like kinase phosphosites,MOD,Ser/Thr residue phosphorylated by the Plk1 kinase,PF00069,Pkinase,Protein kinase domain,.[DNE][^PG][ST](([FYILMVW]..)|([^PEDGKN][FWYLIVM]).),ADNTSLD,354,360,TOPRS_HUMAN,Homo sapiens,19473992,true positive,44,0,disordered
ELME000442,MOD_Plk_1,Polo-like kinase phosphosites,MOD,Ser/Thr residue phosphorylated by the Plk1 kinase,PF00069,Pkinase,Protein kinase domain,.[DNE][^PG][ST](([FYILMVW]..)|([^PEDGKN][FWYLIVM]).),ADNTSLD,354,360,VIME_MOUSE,Mus musculus,16260496,true positive,44,0,disordered
ELME000442,MOD_Plk_1,Polo-like kinase phosphosites,MOD,Ser/Thr residue phosphorylated by the Plk1 kinase,PF00069,Pkinase,Protein kinase domain,.[DNE][^PG][ST](([FYILMVW]..)|([^PEDGKN][FWYLIVM]).),ADNTSLD,354,360,WEE1_HUMAN,Homo sapiens,15070733,true positive,44,0,disordered
ELME000442,MOD_Plk_1,Polo-like kinase phosphosites,MOD,Ser/Thr residue phosphorylated by the Plk1 kinase,PF00069,Pkinase,Protein kinase domain,.[DNE][^PG][ST](([FYILMVW]..)|([^PEDGKN][FWYLIVM]).),DNTSLDV,355,361,BRCA2_HUMAN,Homo sapiens,12815053,true positive,44,0,disordered
ELME000442,MOD_Plk_1,Polo-like kinase phosphosites,MOD,Ser/Thr residue phosphorylated by the Plk1 kinase,PF00069,Pkinase,Protein kinase domain,.[DNE][^PG][ST](([FYILMVW]..)|([^PEDGKN][FWYLIVM]).),DNTSLDV,355,361,CDH1_YEAST,Saccharomyces cerevisiae S288c,1850033,true positive,44,0,disordered
ELME000442,MOD_Plk_1,Polo-like kinase phosphosites,MOD,Ser/Thr residue phosphorylated by the Plk1 kinase,PF00069,Pkinase,Protein kinase domain,.[DNE][^PG][ST](([FYILMVW]..)|([^PEDGKN][FWYLIVM]).),DNTSLDV,355,361,CND1_YEAST,Saccharomyces cerevisiae S288c,19481522,true positive,44,0,disordered
ELME000442,MOD_Plk_1,Polo-like kinase phosphosites,MOD,Ser/Thr residue phosphorylated by the Plk1 kinase,PF00069,Pkinase,Protein kinase domain,.[DNE][^PG][ST](([FYILMVW]..)|([^PEDGKN][FWYLIVM]).),DNTSLDV,355,361,CND2_YEAST,Saccharomyces cerevisiae S288c,19481522,true positive,44,0,disordered
ELME000442,MOD_Plk_1,Polo-like kinase phosphosites,MOD,Ser/Thr residue phosphorylated by the Plk1 kinase,PF00069,Pkinase,Protein kinase domain,.[DNE][^PG][ST](([FYILMVW]..)|([^PEDGKN][FWYLIVM]).),DNTSLDV,355,361,CND3_YEAST,Saccharomyces cerevisiae S288c,19481522,true positive,44,0,disordered
ELME000442,MOD_Plk_1,Polo-like kinase phosphosites,MOD,Ser/Thr residue phosphorylated by the Plk1 kinase,PF00069,Pkinase,Protein kinase domain,.[DNE][^PG][ST](([FYILMVW]..)|([^PEDGKN][FWYLIVM]).),DNTSLDV,355,361,CNDD3_HUMAN,Homo sapiens,21498573,true positive,44,0,disordered
ELME000442,MOD_Plk_1,Polo-like kinase phosphosites,MOD,Ser/Thr residue phosphorylated by the Plk1 kinase,PF00069,Pkinase,Protein kinase domain,.[DNE][^PG][ST](([FYILMVW]..)|([^PEDGKN][FWYLIVM]).),DNTSLDV,355,361,CYK2_YEAST,Saccharomyces cerevisiae S288c,21498574,true positive,44,0,disordered
ELME000442,MOD_Plk_1,Polo-like kinase phosphosites,MOD,Ser/Thr residue phosphorylated by the Plk1 kinase,PF00069,Pkinase,Protein kinase domain,.[DNE][^PG][ST](([FYILMVW]..)|([^PEDGKN][FWYLIVM]).),DNTSLDV,355,361,DAM1_SCHPO,Schizosaccharomyces pombe 972h-,22375062,true positive,44,0,disordered
ELME000442,MOD_Plk_1,Polo-like kinase phosphosites,MOD,Ser/Thr residue phosphorylated by the Plk1 kinase,PF00069,Pkinase,Protein kinase domain,.[DNE][^PG][ST](([FYILMVW]..)|([^PEDGKN][FWYLIVM]).),DNTSLDV,355,361,FOXM1_HUMAN,Homo sapiens,19160488,true positive,44,0,disordered
ELME000442,MOD_Plk_1,Polo-like kinase phosphosites,MOD,Ser/Thr residue phosphorylated by the Plk1 kinase,PF00069,Pkinase,Protein kinase domain,.[DNE][^PG][ST](([FYILMVW]..)|([^PEDGKN][FWYLIVM]).),DNTSLDV,355,361,IKKB_HUMAN,Homo sapiens,18957422,true positive,44,0,disordered
ELME000442,MOD_Plk_1,Polo-like kinase phosphosites,MOD,Ser/Thr residue phosphorylated by the Plk1 kinase,PF00069,Pkinase,Protein kinase domain,.[DNE][^PG][ST](([FYILMVW]..)|([^PEDGKN][FWYLIVM]).),DNTSLDV,355,361,KIZ_HUMAN,Homo sapiens,16980960,true positive,44,0,disordered
ELME000442,MOD_Plk_1,Polo-like kinase phosphosites,MOD,Ser/Thr residue phosphorylated by the Plk1 kinase,PF00069,Pkinase,Protein kinase domain,.[DNE][^PG][ST](([FYILMVW]..)|([^PEDGKN][FWYLIVM]).),DNTSLDV,355,361,MAD3_YEAST,Saccharomyces cerevisiae,15970700,true positive,44,0,disordered
ELME000442,MOD_Plk_1,Polo-like kinase phosphosites,MOD,Ser/Thr residue phosphorylated by the Plk1 kinase,PF00069,Pkinase,Protein kinase domain,.[DNE][^PG][ST](([FYILMVW]..)|([^PEDGKN][FWYLIVM]).),DNTSLDV,355,361,MID1_SCHPO,Schizosaccharomyces pombe 972h-,21376600,true positive,44,0,disordered
ELME000442,MOD_Plk_1,Polo-like kinase phosphosites,MOD,Ser/Thr residue phosphorylated by the Plk1 kinase,PF00069,Pkinase,Protein kinase domain,.[DNE][^PG][ST](([FYILMVW]..)|([^PEDGKN][FWYLIVM]).),DNTSLDV,355,361,MPIP3_HUMAN,Homo sapiens,12738781 11897663,true positive,44,0,disordered
ELME000442,MOD_Plk_1,Polo-like kinase phosphosites,MOD,Ser/Thr residue phosphorylated by the Plk1 kinase,PF00069,Pkinase,Protein kinase domain,.[DNE][^PG][ST](([FYILMVW]..)|([^PEDGKN][FWYLIVM]).),DNTSLDV,355,361,NDD1_YEAST,Saccharomyces cerevisiae S288c,17122856,true positive,44,0,disordered
ELME000442,MOD_Plk_1,Polo-like kinase phosphosites,MOD,Ser/Thr residue phosphorylated by the Plk1 kinase,PF00069,Pkinase,Protein kinase domain,.[DNE][^PG][ST](([FYILMVW]..)|([^PEDGKN][FWYLIVM]).),DNTSLDV,355,361,NEDD1_HUMAN,Homo sapiens,19509060,true positive,44,0,disordered
ELME000442,MOD_Plk_1,Polo-like kinase phosphosites,MOD,Ser/Thr residue phosphorylated by the Plk1 kinase,PF00069,Pkinase,Protein kinase domain,.[DNE][^PG][ST](([FYILMVW]..)|([^PEDGKN][FWYLIVM]).),DNTSLDV,355,361,O96561_DROME,Drosophila melanogaster,27238966,true positive,44,0,disordered
ELME000442,MOD_Plk_1,Polo-like kinase phosphosites,MOD,Ser/Thr residue phosphorylated by the Plk1 kinase,PF00069,Pkinase,Protein kinase domain,.[DNE][^PG][ST](([FYILMVW]..)|([^PEDGKN][FWYLIVM]).),DNTSLDV,355,361,PINX1_HUMAN,Homo sapiens,20573420,true positive,44,0,disordered
ELME000442,MOD_Plk_1,Polo-like kinase phosphosites,MOD,Ser/Thr residue phosphorylated by the Plk1 kinase,PF00069,Pkinase,Protein kinase domain,.[DNE][^PG][ST](([FYILMVW]..)|([^PEDGKN][FWYLIVM]).),DNTSLDV,355,361,PMYT1_HUMAN,Homo sapiens,12738781 21498573,true positive,44,0,disordered
ELME000442,MOD_Plk_1,Polo-like kinase phosphosites,MOD,Ser/Thr residue phosphorylated by the Plk1 kinase,PF00069,Pkinase,Protein kinase domain,.[DNE][^PG][ST](([FYILMVW]..)|([^PEDGKN][FWYLIVM]).),DNTSLDV,355,361,PMYT1_HUMAN,Homo sapiens,21498573,true positive,44,0,disordered
ELME000442,MOD_Plk_1,Polo-like kinase phosphosites,MOD,Ser/Thr residue phosphorylated by the Plk1 kinase,PF00069,Pkinase,Protein kinase domain,.[DNE][^PG][ST](([FYILMVW]..)|([^PEDGKN][FWYLIVM]).),DNTSLDV,355,361,RGAP1_HUMAN,Homo sapiens,19468300,true positive,44,0,disordered
ELME000442,MOD_Plk_1,Polo-like kinase phosphosites,MOD,Ser/Thr residue phosphorylated by the Plk1 kinase,PF00069,Pkinase,Protein kinase domain,.[DNE][^PG][ST](([FYILMVW]..)|([^PEDGKN][FWYLIVM]).),DNTSLDV,355,361,RGAP1_HUMAN,Homo sapiens,19468302 19468300,true positive,44,0,disordered
ELME000442,MOD_Plk_1,Polo-like kinase phosphosites,MOD,Ser/Thr residue phosphorylated by the Plk1 kinase,PF00069,Pkinase,Protein kinase domain,.[DNE][^PG][ST](([FYILMVW]..)|([^PEDGKN][FWYLIVM]).),DNTSLDV,355,361,SCC1_YEAST,Saccharomyces cerevisiae S288c,11371343,true positive,44,0,disordered
ELME000442,MOD_Plk_1,Polo-like kinase phosphosites,MOD,Ser/Thr residue phosphorylated by the Plk1 kinase,PF00069,Pkinase,Protein kinase domain,.[DNE][^PG][ST](([FYILMVW]..)|([^PEDGKN][FWYLIVM]).),DNTSLDV,355,361,SFI1_YEAST,Saccharomyces cerevisiae S288c,24954044,true positive,44,0,disordered
ELME000442,MOD_Plk_1,Polo-like kinase phosphosites,MOD,Ser/Thr residue phosphorylated by the Plk1 kinase,PF00069,Pkinase,Protein kinase domain,.[DNE][^PG][ST](([FYILMVW]..)|([^PEDGKN][FWYLIVM]).),DNTSLDV,355,361,SLD2_YEAST,Saccharomyces cerevisiae S288c,27705801,true positive,44,0,disordered
ELME000442,MOD_Plk_1,Polo-like kinase phosphosites,MOD,Ser/Thr residue phosphorylated by the Plk1 kinase,PF00069,Pkinase,Protein kinase domain,.[DNE][^PG][ST](([FYILMVW]..)|([^PEDGKN][FWYLIVM]).),DNTSLDV,355,361,SPC7_SCHPO,Schizosaccharomyces pombe 972h-,28497540,true positive,44,0,disordered
ELME000442,MOD_Plk_1,Polo-like kinase phosphosites,MOD,Ser/Thr residue phosphorylated by the Plk1 kinase,PF00069,Pkinase,Protein kinase domain,.[DNE][^PG][ST](([FYILMVW]..)|([^PEDGKN][FWYLIVM]).),DNTSLDV,355,361,SRBP1_HUMAN,Homo sapiens,27579997,true positive,44,0,disordered
ELME000442,MOD_Plk_1,Polo-like kinase phosphosites,MOD,Ser/Thr residue phosphorylated by the Plk1 kinase,PF00069,Pkinase,Protein kinase domain,.[DNE][^PG][ST](([FYILMVW]..)|([^PEDGKN][FWYLIVM]).),DNTSLDV,355,361,SRBP1_HUMAN,Homo sapiens,27579998,true positive,44,0,disordered
ELME000442,MOD_Plk_1,Polo-like kinase phosphosites,MOD,Ser/Thr residue phosphorylated by the Plk1 kinase,PF00069,Pkinase,Protein kinase domain,.[DNE][^PG][ST](([FYILMVW]..)|([^PEDGKN][FWYLIVM]).),DNTSLDV,355,361,TOPRS_HUMAN,Homo sapiens,19473992,true positive,44,0,disordered
ELME000442,MOD_Plk_1,Polo-like kinase phosphosites,MOD,Ser/Thr residue phosphorylated by the Plk1 kinase,PF00069,Pkinase,Protein kinase domain,.[DNE][^PG][ST](([FYILMVW]..)|([^PEDGKN][FWYLIVM]).),DNTSLDV,355,361,VIME_MOUSE,Mus musculus,16260496,true positive,44,0,disordered
ELME000442,MOD_Plk_1,Polo-like kinase phosphosites,MOD,Ser/Thr residue phosphorylated by the Plk1 kinase,PF00069,Pkinase,Protein kinase domain,.[DNE][^PG][ST](([FYILMVW]..)|([^PEDGKN][FWYLIVM]).),DNTSLDV,355,361,WEE1_HUMAN,Homo sapiens,15070733,true positive,44,0,disordered
ELME000443,MOD_Plk_2-3,Polo-like kinase phosphosites,MOD,Ser/Thr residue phosphorylated by Plk2 and Plk3,PF00069,Pkinase,Protein kinase domain,[DE]..([ST])[EDILMVFWY](([DE].)|(.[DE])),DNTSLDV,355,361,MPIP3_HUMAN,Homo sapiens,14968113,true positive,3,0,disordered
ELME000443,MOD_Plk_2-3,Polo-like kinase phosphosites,MOD,Ser/Thr residue phosphorylated by Plk2 and Plk3,PF00069,Pkinase,Protein kinase domain,[DE]..([ST])[EDILMVFWY](([DE].)|(.[DE])),DNTSLDV,355,361,SYUA_HUMAN,Homo sapiens,19004816,true positive,3,0,disordered
ELME000443,MOD_Plk_2-3,Polo-like kinase phosphosites,MOD,Ser/Thr residue phosphorylated by Plk2 and Plk3,PF00069,Pkinase,Protein kinase domain,[DE]..([ST])[EDILMVFWY](([DE].)|(.[DE])),DNTSLDV,355,361,TOP2A_HUMAN,Homo sapiens,18062778,true positive,3,0,disordered
ELME000159,MOD_ProDKin_1,MAPK Phosphorylation Site,MOD,Proline-Directed Kinase (e.g. MAPK) phosphorylation site in higher eukaryotes.,PF00069,Pkinase,Protein kinase domain,...([ST])P..,AVATPAP,345,351,A6P3E3_MOUSE,Mus musculus,16410316,true positive,38,0,disordered
ELME000159,MOD_ProDKin_1,MAPK Phosphorylation Site,MOD,Proline-Directed Kinase (e.g. MAPK) phosphorylation site in higher eukaryotes.,PF00069,Pkinase,Protein kinase domain,...([ST])P..,AVATPAP,345,351,BAZ1B_HUMAN,Homo sapiens,19776015,true positive,38,0,disordered
ELME000159,MOD_ProDKin_1,MAPK Phosphorylation Site,MOD,Proline-Directed Kinase (e.g. MAPK) phosphorylation site in higher eukaryotes.,PF00069,Pkinase,Protein kinase domain,...([ST])P..,AVATPAP,345,351,ELK4_HUMAN,Homo sapiens,9130707,true positive,38,0,disordered
ELME000159,MOD_ProDKin_1,MAPK Phosphorylation Site,MOD,Proline-Directed Kinase (e.g. MAPK) phosphorylation site in higher eukaryotes.,PF00069,Pkinase,Protein kinase domain,...([ST])P..,AVATPAP,345,351,ETV6_HUMAN,Homo sapiens,12435397,true positive,38,0,disordered
ELME000159,MOD_ProDKin_1,MAPK Phosphorylation Site,MOD,Proline-Directed Kinase (e.g. MAPK) phosphorylation site in higher eukaryotes.,PF00069,Pkinase,Protein kinase domain,...([ST])P..,AVATPAP,345,351,FAK1_HUMAN,Homo sapiens,12692126,true positive,38,0,disordered
ELME000159,MOD_ProDKin_1,MAPK Phosphorylation Site,MOD,Proline-Directed Kinase (e.g. MAPK) phosphorylation site in higher eukaryotes.,PF00069,Pkinase,Protein kinase domain,...([ST])P..,AVATPAP,345,351,FAK1_MOUSE,Mus musculus,19595712,true positive,38,0,disordered
ELME000159,MOD_ProDKin_1,MAPK Phosphorylation Site,MOD,Proline-Directed Kinase (e.g. MAPK) phosphorylation site in higher eukaryotes.,PF00069,Pkinase,Protein kinase domain,...([ST])P..,AVATPAP,345,351,GRB10_HUMAN,Homo sapiens,15952796,true positive,38,0,disordered
ELME000159,MOD_ProDKin_1,MAPK Phosphorylation Site,MOD,Proline-Directed Kinase (e.g. MAPK) phosphorylation site in higher eukaryotes.,PF00069,Pkinase,Protein kinase domain,...([ST])P..,AVATPAP,345,351,HIF1A_HUMAN,Homo sapiens,16954218,true positive,38,0,disordered
ELME000159,MOD_ProDKin_1,MAPK Phosphorylation Site,MOD,Proline-Directed Kinase (e.g. MAPK) phosphorylation site in higher eukaryotes.,PF00069,Pkinase,Protein kinase domain,...([ST])P..,AVATPAP,345,351,HSF1_HUMAN,Homo sapiens,8940068,true positive,38,0,disordered
ELME000159,MOD_ProDKin_1,MAPK Phosphorylation Site,MOD,Proline-Directed Kinase (e.g. MAPK) phosphorylation site in higher eukaryotes.,PF00069,Pkinase,Protein kinase domain,...([ST])P..,AVATPAP,345,351,INCA_CHLCV,Chlamydophila caviae GPIC,15230981,true positive,38,0,disordered
ELME000159,MOD_ProDKin_1,MAPK Phosphorylation Site,MOD,Proline-Directed Kinase (e.g. MAPK) phosphorylation site in higher eukaryotes.,PF00069,Pkinase,Protein kinase domain,...([ST])P..,AVATPAP,345,351,JDP2_MOUSE,Mus musculus,11602244,true positive,38,0,disordered
ELME000159,MOD_ProDKin_1,MAPK Phosphorylation Site,MOD,Proline-Directed Kinase (e.g. MAPK) phosphorylation site in higher eukaryotes.,PF00069,Pkinase,Protein kinase domain,...([ST])P..,AVATPAP,345,351,K2C8_HUMAN,Homo sapiens,11781324,true positive,38,0,disordered
ELME000159,MOD_ProDKin_1,MAPK Phosphorylation Site,MOD,Proline-Directed Kinase (e.g. MAPK) phosphorylation site in higher eukaryotes.,PF00069,Pkinase,Protein kinase domain,...([ST])P..,AVATPAP,345,351,LCK_MOUSE,Mus musculus,8226850 11847223,true positive,38,0,disordered
ELME000159,MOD_ProDKin_1,MAPK Phosphorylation Site,MOD,Proline-Directed Kinase (e.g. MAPK) phosphorylation site in higher eukaryotes.,PF00069,Pkinase,Protein kinase domain,...([ST])P..,AVATPAP,345,351,LIMA1_MOUSE,Mus musculus,17875928,true positive,38,0,disordered
ELME000159,MOD_ProDKin_1,MAPK Phosphorylation Site,MOD,Proline-Directed Kinase (e.g. MAPK) phosphorylation site in higher eukaryotes.,PF00069,Pkinase,Protein kinase domain,...([ST])P..,AVATPAP,345,351,MED1_MOUSE,Mus musculus,12356758,true positive,38,0,disordered
ELME000159,MOD_ProDKin_1,MAPK Phosphorylation Site,MOD,Proline-Directed Kinase (e.g. MAPK) phosphorylation site in higher eukaryotes.,PF00069,Pkinase,Protein kinase domain,...([ST])P..,AVATPAP,345,351,MYC_HUMAN,Homo sapiens,8035827 1651323,true positive,38,0,disordered
ELME000159,MOD_ProDKin_1,MAPK Phosphorylation Site,MOD,Proline-Directed Kinase (e.g. MAPK) phosphorylation site in higher eukaryotes.,PF00069,Pkinase,Protein kinase domain,...([ST])P..,AVATPAP,345,351,MYC_HUMAN,Homo sapiens,10551811,true positive,38,0,disordered
ELME000159,MOD_ProDKin_1,MAPK Phosphorylation Site,MOD,Proline-Directed Kinase (e.g. MAPK) phosphorylation site in higher eukaryotes.,PF00069,Pkinase,Protein kinase domain,...([ST])P..,AVATPAP,345,351,NFAC4_HUMAN,Homo sapiens,11997522,true positive,38,0,disordered
ELME000159,MOD_ProDKin_1,MAPK Phosphorylation Site,MOD,Proline-Directed Kinase (e.g. MAPK) phosphorylation site in higher eukaryotes.,PF00069,Pkinase,Protein kinase domain,...([ST])P..,AVATPAP,345,351,PAPOA_MOUSE,Mus musculus,18084034,true positive,38,0,disordered
ELME000159,MOD_ProDKin_1,MAPK Phosphorylation Site,MOD,Proline-Directed Kinase (e.g. MAPK) phosphorylation site in higher eukaryotes.,PF00069,Pkinase,Protein kinase domain,...([ST])P..,AVATPAP,345,351,PAX6_DANRE,Danio rerio,10329718,true positive,38,0,disordered
ELME000159,MOD_ProDKin_1,MAPK Phosphorylation Site,MOD,Proline-Directed Kinase (e.g. MAPK) phosphorylation site in higher eukaryotes.,PF00069,Pkinase,Protein kinase domain,...([ST])P..,AVATPAP,345,351,Q8K4N4_MOUSE,Mus musculus,15963504,true positive,38,0,disordered
ELME000159,MOD_ProDKin_1,MAPK Phosphorylation Site,MOD,Proline-Directed Kinase (e.g. MAPK) phosphorylation site in higher eukaryotes.,PF00069,Pkinase,Protein kinase domain,...([ST])P..,AVATPAP,345,351,RARA_HUMAN,Homo sapiens,15657432,true positive,38,0,disordered
ELME000159,MOD_ProDKin_1,MAPK Phosphorylation Site,MOD,Proline-Directed Kinase (e.g. MAPK) phosphorylation site in higher eukaryotes.,PF00069,Pkinase,Protein kinase domain,...([ST])P..,AVATPAP,345,351,SOS1_HUMAN,Homo sapiens,8816480,true positive,38,0,disordered
ELME000159,MOD_ProDKin_1,MAPK Phosphorylation Site,MOD,Proline-Directed Kinase (e.g. MAPK) phosphorylation site in higher eukaryotes.,PF00069,Pkinase,Protein kinase domain,...([ST])P..,AVATPAP,345,351,SP1_HUMAN,Homo sapiens,11904305,true positive,38,0,disordered
ELME000159,MOD_ProDKin_1,MAPK Phosphorylation Site,MOD,Proline-Directed Kinase (e.g. MAPK) phosphorylation site in higher eukaryotes.,PF00069,Pkinase,Protein kinase domain,...([ST])P..,AVATPAP,345,351,TACY_LISMO,Listeria monocytogenes EGD-e,14638761 11062133 16441444,true positive,38,0,disordered
ELME000159,MOD_ProDKin_1,MAPK Phosphorylation Site,MOD,Proline-Directed Kinase (e.g. MAPK) phosphorylation site in higher eukaryotes.,PF00069,Pkinase,Protein kinase domain,...([ST])P..,AVATPAP,345,351,TAL1_HUMAN,Homo sapiens,8423803,true positive,38,0,disordered
ELME000159,MOD_ProDKin_1,MAPK Phosphorylation Site,MOD,Proline-Directed Kinase (e.g. MAPK) phosphorylation site in higher eukaryotes.,PF00069,Pkinase,Protein kinase domain,...([ST])P..,AVATPAP,345,351,TOB1_HUMAN,Homo sapiens,12151396,true positive,38,0,disordered
ELME000120,TRG_ENDOCYTIC_2,Y-based sorting signal,TRG,Tyrosine-based sorting signal responsible for the interaction with mu subunit of AP (Adaptor Protein) complex,PF00928,Adap_comp_sub,Adaptor complexes medium subunit family,Y..[LMVIF],YIEV,325,328,ASGR1_HUMAN,Homo sapiens,,true positive,15,1,disordered
ELME000120,TRG_ENDOCYTIC_2,Y-based sorting signal,TRG,Tyrosine-based sorting signal responsible for the interaction with mu subunit of AP (Adaptor Protein) complex,PF00928,Adap_comp_sub,Adaptor complexes medium subunit family,Y..[LMVIF],YIEV,325,328,CTLA4_HUMAN,Homo sapiens,,true positive,15,1,disordered
ELME000120,TRG_ENDOCYTIC_2,Y-based sorting signal,TRG,Tyrosine-based sorting signal responsible for the interaction with mu subunit of AP (Adaptor Protein) complex,PF00928,Adap_comp_sub,Adaptor complexes medium subunit family,Y..[LMVIF],YIEV,325,328,CTLA4_MOUSE,Mus musculus,9175836,true positive,15,1,disordered
ELME000120,TRG_ENDOCYTIC_2,Y-based sorting signal,TRG,Tyrosine-based sorting signal responsible for the interaction with mu subunit of AP (Adaptor Protein) complex,PF00928,Adap_comp_sub,Adaptor complexes medium subunit family,Y..[LMVIF],YIEV,325,328,EGFR_HUMAN,Homo sapiens,,true positive,15,1,disordered
ELME000120,TRG_ENDOCYTIC_2,Y-based sorting signal,TRG,Tyrosine-based sorting signal responsible for the interaction with mu subunit of AP (Adaptor Protein) complex,PF00928,Adap_comp_sub,Adaptor complexes medium subunit family,Y..[LMVIF],YIEV,325,328,ENV_BLV,Bovine leukemia virus,15254202,unknown,15,1,disordered
ELME000120,TRG_ENDOCYTIC_2,Y-based sorting signal,TRG,Tyrosine-based sorting signal responsible for the interaction with mu subunit of AP (Adaptor Protein) complex,PF00928,Adap_comp_sub,Adaptor complexes medium subunit family,Y..[LMVIF],YIEV,325,328,ENV_HTLV2,Human T-lymphotropic virus 2,20463077,true positive,15,1,disordered
ELME000120,TRG_ENDOCYTIC_2,Y-based sorting signal,TRG,Tyrosine-based sorting signal responsible for the interaction with mu subunit of AP (Adaptor Protein) complex,PF00928,Adap_comp_sub,Adaptor complexes medium subunit family,Y..[LMVIF],YIEV,325,328,ENV_HV1H2,HIV-1 M:B_HXB2R,9882340 12768012,true positive,15,1,disordered
ELME000120,TRG_ENDOCYTIC_2,Y-based sorting signal,TRG,Tyrosine-based sorting signal responsible for the interaction with mu subunit of AP (Adaptor Protein) complex,PF00928,Adap_comp_sub,Adaptor complexes medium subunit family,Y..[LMVIF],YIEV,325,328,ENV_SIVMK,Simian immunodeficiency virus - mac K6W,11208154,true positive,15,1,disordered
ELME000120,TRG_ENDOCYTIC_2,Y-based sorting signal,TRG,Tyrosine-based sorting signal responsible for the interaction with mu subunit of AP (Adaptor Protein) complex,PF00928,Adap_comp_sub,Adaptor complexes medium subunit family,Y..[LMVIF],YIEV,325,328,GE_VZVO,Human herpesvirus 3 strain Oka vaccine,9847342 8947032,true positive,15,1,disordered
ELME000120,TRG_ENDOCYTIC_2,Y-based sorting signal,TRG,Tyrosine-based sorting signal responsible for the interaction with mu subunit of AP (Adaptor Protein) complex,PF00928,Adap_comp_sub,Adaptor complexes medium subunit family,Y..[LMVIF],YIEV,325,328,L1CAM_HUMAN,Homo sapiens,,true positive,15,1,disordered
ELME000120,TRG_ENDOCYTIC_2,Y-based sorting signal,TRG,Tyrosine-based sorting signal responsible for the interaction with mu subunit of AP (Adaptor Protein) complex,PF00928,Adap_comp_sub,Adaptor complexes medium subunit family,Y..[LMVIF],YIEV,325,328,LAMP1_HUMAN,Homo sapiens,,true positive,15,1,disordered
ELME000120,TRG_ENDOCYTIC_2,Y-based sorting signal,TRG,Tyrosine-based sorting signal responsible for the interaction with mu subunit of AP (Adaptor Protein) complex,PF00928,Adap_comp_sub,Adaptor complexes medium subunit family,Y..[LMVIF],YIEV,325,328,PPAL_HUMAN,Homo sapiens,11044456 8509395,true positive,15,1,disordered
ELME000120,TRG_ENDOCYTIC_2,Y-based sorting signal,TRG,Tyrosine-based sorting signal responsible for the interaction with mu subunit of AP (Adaptor Protein) complex,PF00928,Adap_comp_sub,Adaptor complexes medium subunit family,Y..[LMVIF],YIEV,325,328,TFR1_HUMAN,Homo sapiens,1918016,true positive,15,1,disordered
ELME000120,TRG_ENDOCYTIC_2,Y-based sorting signal,TRG,Tyrosine-based sorting signal responsible for the interaction with mu subunit of AP (Adaptor Protein) complex,PF00928,Adap_comp_sub,Adaptor complexes medium subunit family,Y..[LMVIF],YIEV,325,328,TGON3_RAT,Rattus norvegicus,9812899,true positive,15,1,disordered
ELME000120,TRG_ENDOCYTIC_2,Y-based sorting signal,TRG,Tyrosine-based sorting signal responsible for the interaction with mu subunit of AP (Adaptor Protein) complex,PF00928,Adap_comp_sub,Adaptor complexes medium subunit family,Y..[LMVIF],YIEV,325,328,VGLG_VSIVA,Vesicular stomatitis Indiana virus strain San Juan,10637287,unknown,15,1,disordered
ELME000012,TRG_ER_diArg_1,di Arginine retention/retrieving signal,TRG,The di-Arg ER retention motif is defined by two consecutive arginine residues (RR) or with a single residue insertion (RXR). The motif is completed by an adjacent hydrophobic/arginine residue which may be on either side of the Arg pair.,PF00400,WD40,"WD domain, G-beta repeat","([LIVMFYWPR]R[^YFWDE]{0,1}R)|(R[^YFWDE]{0,1}R[LIVMFYWPR])",RRRR,541,544,ABCC8_HUMAN,Homo sapiens,10197533,true positive,27,0,disordered
ELME000012,TRG_ER_diArg_1,di Arginine retention/retrieving signal,TRG,The di-Arg ER retention motif is defined by two consecutive arginine residues (RR) or with a single residue insertion (RXR). The motif is completed by an adjacent hydrophobic/arginine residue which may be on either side of the Arg pair.,PF00400,WD40,"WD domain, G-beta repeat","([LIVMFYWPR]R[^YFWDE]{0,1}R)|(R[^YFWDE]{0,1}R[LIVMFYWPR])",RRRR,541,544,ADA10_HUMAN,Homo sapiens,20100836,true positive,27,0,disordered
ELME000012,TRG_ER_diArg_1,di Arginine retention/retrieving signal,TRG,The di-Arg ER retention motif is defined by two consecutive arginine residues (RR) or with a single residue insertion (RXR). The motif is completed by an adjacent hydrophobic/arginine residue which may be on either side of the Arg pair.,PF00400,WD40,"WD domain, G-beta repeat","([LIVMFYWPR]R[^YFWDE]{0,1}R)|(R[^YFWDE]{0,1}R[LIVMFYWPR])",RRRR,541,544,ADA22_HUMAN,Homo sapiens,16868027,true positive,27,0,disordered
ELME000012,TRG_ER_diArg_1,di Arginine retention/retrieving signal,TRG,The di-Arg ER retention motif is defined by two consecutive arginine residues (RR) or with a single residue insertion (RXR). The motif is completed by an adjacent hydrophobic/arginine residue which may be on either side of the Arg pair.,PF00400,WD40,"WD domain, G-beta repeat","([LIVMFYWPR]R[^YFWDE]{0,1}R)|(R[^YFWDE]{0,1}R[LIVMFYWPR])",RRRR,541,544,C8ZIX9_YEAS8,Saccharomyces cerevisiae EC1118,18083825,true positive,27,0,disordered
ELME000012,TRG_ER_diArg_1,di Arginine retention/retrieving signal,TRG,The di-Arg ER retention motif is defined by two consecutive arginine residues (RR) or with a single residue insertion (RXR). The motif is completed by an adjacent hydrophobic/arginine residue which may be on either side of the Arg pair.,PF00400,WD40,"WD domain, G-beta repeat","([LIVMFYWPR]R[^YFWDE]{0,1}R)|(R[^YFWDE]{0,1}R[LIVMFYWPR])",RRRR,541,544,GABR1_HUMAN,Homo sapiens,10939334,true positive,27,0,disordered
ELME000012,TRG_ER_diArg_1,di Arginine retention/retrieving signal,TRG,The di-Arg ER retention motif is defined by two consecutive arginine residues (RR) or with a single residue insertion (RXR). The motif is completed by an adjacent hydrophobic/arginine residue which may be on either side of the Arg pair.,PF00400,WD40,"WD domain, G-beta repeat","([LIVMFYWPR]R[^YFWDE]{0,1}R)|(R[^YFWDE]{0,1}R[LIVMFYWPR])",RRRR,541,544,GPR15_HUMAN,Homo sapiens,21189250,true positive,27,0,disordered
ELME000012,TRG_ER_diArg_1,di Arginine retention/retrieving signal,TRG,The di-Arg ER retention motif is defined by two consecutive arginine residues (RR) or with a single residue insertion (RXR). The motif is completed by an adjacent hydrophobic/arginine residue which may be on either side of the Arg pair.,PF00400,WD40,"WD domain, G-beta repeat","([LIVMFYWPR]R[^YFWDE]{0,1}R)|(R[^YFWDE]{0,1}R[LIVMFYWPR])",RRRR,541,544,GRIK5_HUMAN,Homo sapiens,12878702,true positive,27,0,disordered
ELME000012,TRG_ER_diArg_1,di Arginine retention/retrieving signal,TRG,The di-Arg ER retention motif is defined by two consecutive arginine residues (RR) or with a single residue insertion (RXR). The motif is completed by an adjacent hydrophobic/arginine residue which may be on either side of the Arg pair.,PF00400,WD40,"WD domain, G-beta repeat","([LIVMFYWPR]R[^YFWDE]{0,1}R)|(R[^YFWDE]{0,1}R[LIVMFYWPR])",RRRR,541,544,HG2A_HUMAN,Homo sapiens,8157008,true positive,27,0,disordered
ELME000012,TRG_ER_diArg_1,di Arginine retention/retrieving signal,TRG,The di-Arg ER retention motif is defined by two consecutive arginine residues (RR) or with a single residue insertion (RXR). The motif is completed by an adjacent hydrophobic/arginine residue which may be on either side of the Arg pair.,PF00400,WD40,"WD domain, G-beta repeat","([LIVMFYWPR]R[^YFWDE]{0,1}R)|(R[^YFWDE]{0,1}R[LIVMFYWPR])",RRRR,541,544,HMDH_NICSY,Nicotiana sylvestris,8970721,true positive,27,0,disordered
ELME000012,TRG_ER_diArg_1,di Arginine retention/retrieving signal,TRG,The di-Arg ER retention motif is defined by two consecutive arginine residues (RR) or with a single residue insertion (RXR). The motif is completed by an adjacent hydrophobic/arginine residue which may be on either side of the Arg pair.,PF00400,WD40,"WD domain, G-beta repeat","([LIVMFYWPR]R[^YFWDE]{0,1}R)|(R[^YFWDE]{0,1}R[LIVMFYWPR])",RRRR,541,544,IRK11_HUMAN,Homo sapiens,10197533 12699619,true positive,27,0,disordered
ELME000012,TRG_ER_diArg_1,di Arginine retention/retrieving signal,TRG,The di-Arg ER retention motif is defined by two consecutive arginine residues (RR) or with a single residue insertion (RXR). The motif is completed by an adjacent hydrophobic/arginine residue which may be on either side of the Arg pair.,PF00400,WD40,"WD domain, G-beta repeat","([LIVMFYWPR]R[^YFWDE]{0,1}R)|(R[^YFWDE]{0,1}R[LIVMFYWPR])",RRRR,541,544,IRK8_HUMAN,Homo sapiens,10197533,true positive,27,0,disordered
ELME000012,TRG_ER_diArg_1,di Arginine retention/retrieving signal,TRG,The di-Arg ER retention motif is defined by two consecutive arginine residues (RR) or with a single residue insertion (RXR). The motif is completed by an adjacent hydrophobic/arginine residue which may be on either side of the Arg pair.,PF00400,WD40,"WD domain, G-beta repeat","([LIVMFYWPR]R[^YFWDE]{0,1}R)|(R[^YFWDE]{0,1}R[LIVMFYWPR])",RRRR,541,544,MSHR_HUMAN,Homo sapiens,19452503,true positive,27,0,disordered
ELME000012,TRG_ER_diArg_1,di Arginine retention/retrieving signal,TRG,The di-Arg ER retention motif is defined by two consecutive arginine residues (RR) or with a single residue insertion (RXR). The motif is completed by an adjacent hydrophobic/arginine residue which may be on either side of the Arg pair.,PF00400,WD40,"WD domain, G-beta repeat","([LIVMFYWPR]R[^YFWDE]{0,1}R)|(R[^YFWDE]{0,1}R[LIVMFYWPR])",RRRR,541,544,NMDZ1_HUMAN,Homo sapiens,11163274,true positive,27,0,disordered
ELME000012,TRG_ER_diArg_1,di Arginine retention/retrieving signal,TRG,The di-Arg ER retention motif is defined by two consecutive arginine residues (RR) or with a single residue insertion (RXR). The motif is completed by an adjacent hydrophobic/arginine residue which may be on either side of the Arg pair.,PF00400,WD40,"WD domain, G-beta repeat","([LIVMFYWPR]R[^YFWDE]{0,1}R)|(R[^YFWDE]{0,1}R[LIVMFYWPR])",RRRR,541,544,NMDZ1_HUMAN,Homo sapiens,11312291,true positive,27,0,disordered
ELME000012,TRG_ER_diArg_1,di Arginine retention/retrieving signal,TRG,The di-Arg ER retention motif is defined by two consecutive arginine residues (RR) or with a single residue insertion (RXR). The motif is completed by an adjacent hydrophobic/arginine residue which may be on either side of the Arg pair.,PF00400,WD40,"WD domain, G-beta repeat","([LIVMFYWPR]R[^YFWDE]{0,1}R)|(R[^YFWDE]{0,1}R[LIVMFYWPR])",RRRR,541,544,P2RX7_HUMAN,Homo sapiens,19263245,true positive,27,0,disordered
ELME000012,TRG_ER_diArg_1,di Arginine retention/retrieving signal,TRG,The di-Arg ER retention motif is defined by two consecutive arginine residues (RR) or with a single residue insertion (RXR). The motif is completed by an adjacent hydrophobic/arginine residue which may be on either side of the Arg pair.,PF00400,WD40,"WD domain, G-beta repeat","([LIVMFYWPR]R[^YFWDE]{0,1}R)|(R[^YFWDE]{0,1}R[LIVMFYWPR])",RRRR,541,544,PAR4_HUMAN,Homo sapiens,22411985,true positive,27,0,disordered
ELME000012,TRG_ER_diArg_1,di Arginine retention/retrieving signal,TRG,The di-Arg ER retention motif is defined by two consecutive arginine residues (RR) or with a single residue insertion (RXR). The motif is completed by an adjacent hydrophobic/arginine residue which may be on either side of the Arg pair.,PF00400,WD40,"WD domain, G-beta repeat","([LIVMFYWPR]R[^YFWDE]{0,1}R)|(R[^YFWDE]{0,1}R[LIVMFYWPR])",RRRR,541,544,PPLA_HUMAN,Homo sapiens,20634894,true positive,27,0,disordered
ELME000012,TRG_ER_diArg_1,di Arginine retention/retrieving signal,TRG,The di-Arg ER retention motif is defined by two consecutive arginine residues (RR) or with a single residue insertion (RXR). The motif is completed by an adjacent hydrophobic/arginine residue which may be on either side of the Arg pair.,PF00400,WD40,"WD domain, G-beta repeat","([LIVMFYWPR]R[^YFWDE]{0,1}R)|(R[^YFWDE]{0,1}R[LIVMFYWPR])",RRRR,541,544,Q58F09_HUMAN,Homo sapiens,12626409,true positive,27,0,disordered
ELME000012,TRG_ER_diArg_1,di Arginine retention/retrieving signal,TRG,The di-Arg ER retention motif is defined by two consecutive arginine residues (RR) or with a single residue insertion (RXR). The motif is completed by an adjacent hydrophobic/arginine residue which may be on either side of the Arg pair.,PF00400,WD40,"WD domain, G-beta repeat","([LIVMFYWPR]R[^YFWDE]{0,1}R)|(R[^YFWDE]{0,1}R[LIVMFYWPR])",RRRR,541,544,S12A5_RAT,Rattus norvegicus,19679663,true positive,27,0,disordered
ELME000012,TRG_ER_diArg_1,di Arginine retention/retrieving signal,TRG,The di-Arg ER retention motif is defined by two consecutive arginine residues (RR) or with a single residue insertion (RXR). The motif is completed by an adjacent hydrophobic/arginine residue which may be on either side of the Arg pair.,PF00400,WD40,"WD domain, G-beta repeat","([LIVMFYWPR]R[^YFWDE]{0,1}R)|(R[^YFWDE]{0,1}R[LIVMFYWPR])",RRRR,541,544,SCNAA_RAT,Rattus norvegicus,18782866,true positive,27,0,disordered
ELME000012,TRG_ER_diArg_1,di Arginine retention/retrieving signal,TRG,The di-Arg ER retention motif is defined by two consecutive arginine residues (RR) or with a single residue insertion (RXR). The motif is completed by an adjacent hydrophobic/arginine residue which may be on either side of the Arg pair.,PF00400,WD40,"WD domain, G-beta repeat","([LIVMFYWPR]R[^YFWDE]{0,1}R)|(R[^YFWDE]{0,1}R[LIVMFYWPR])",RRRR,541,544,SGMR1_HUMAN,Homo sapiens,20634894,true positive,27,0,disordered
ELME000012,TRG_ER_diArg_1,di Arginine retention/retrieving signal,TRG,The di-Arg ER retention motif is defined by two consecutive arginine residues (RR) or with a single residue insertion (RXR). The motif is completed by an adjacent hydrophobic/arginine residue which may be on either side of the Arg pair.,PF00400,WD40,"WD domain, G-beta repeat","([LIVMFYWPR]R[^YFWDE]{0,1}R)|(R[^YFWDE]{0,1}R[LIVMFYWPR])",RRRR,541,544,SIAT9_MOUSE,Mus musculus,19420140,true positive,27,0,disordered
ELME000012,TRG_ER_diArg_1,di Arginine retention/retrieving signal,TRG,The di-Arg ER retention motif is defined by two consecutive arginine residues (RR) or with a single residue insertion (RXR). The motif is completed by an adjacent hydrophobic/arginine residue which may be on either side of the Arg pair.,PF00400,WD40,"WD domain, G-beta repeat","([LIVMFYWPR]R[^YFWDE]{0,1}R)|(R[^YFWDE]{0,1}R[LIVMFYWPR])",RRRR,541,544,SOAT1_HUMAN,Homo sapiens,20634894,true positive,27,0,disordered
ELME000012,TRG_ER_diArg_1,di Arginine retention/retrieving signal,TRG,The di-Arg ER retention motif is defined by two consecutive arginine residues (RR) or with a single residue insertion (RXR). The motif is completed by an adjacent hydrophobic/arginine residue which may be on either side of the Arg pair.,PF00400,WD40,"WD domain, G-beta repeat","([LIVMFYWPR]R[^YFWDE]{0,1}R)|(R[^YFWDE]{0,1}R[LIVMFYWPR])",RRRR,541,544,SRPRB_HUMAN,Homo sapiens,20634894,true positive,27,0,disordered
ELME000012,TRG_ER_diArg_1,di Arginine retention/retrieving signal,TRG,The di-Arg ER retention motif is defined by two consecutive arginine residues (RR) or with a single residue insertion (RXR). The motif is completed by an adjacent hydrophobic/arginine residue which may be on either side of the Arg pair.,PF00400,WD40,"WD domain, G-beta repeat","([LIVMFYWPR]R[^YFWDE]{0,1}R)|(R[^YFWDE]{0,1}R[LIVMFYWPR])",RRRR,541,544,V2R_HUMAN,Homo sapiens,11641431,true positive,27,0,disordered
ELME000012,TRG_ER_diArg_1,di Arginine retention/retrieving signal,TRG,The di-Arg ER retention motif is defined by two consecutive arginine residues (RR) or with a single residue insertion (RXR). The motif is completed by an adjacent hydrophobic/arginine residue which may be on either side of the Arg pair.,PF00400,WD40,"WD domain, G-beta repeat","([LIVMFYWPR]R[^YFWDE]{0,1}R)|(R[^YFWDE]{0,1}R[LIVMFYWPR])",RRRR,542,545,ABCC8_HUMAN,Homo sapiens,10197533,true positive,27,0,disordered
ELME000012,TRG_ER_diArg_1,di Arginine retention/retrieving signal,TRG,The di-Arg ER retention motif is defined by two consecutive arginine residues (RR) or with a single residue insertion (RXR). The motif is completed by an adjacent hydrophobic/arginine residue which may be on either side of the Arg pair.,PF00400,WD40,"WD domain, G-beta repeat","([LIVMFYWPR]R[^YFWDE]{0,1}R)|(R[^YFWDE]{0,1}R[LIVMFYWPR])",RRRR,542,545,ADA10_HUMAN,Homo sapiens,20100836,true positive,27,0,disordered
ELME000012,TRG_ER_diArg_1,di Arginine retention/retrieving signal,TRG,The di-Arg ER retention motif is defined by two consecutive arginine residues (RR) or with a single residue insertion (RXR). The motif is completed by an adjacent hydrophobic/arginine residue which may be on either side of the Arg pair.,PF00400,WD40,"WD domain, G-beta repeat","([LIVMFYWPR]R[^YFWDE]{0,1}R)|(R[^YFWDE]{0,1}R[LIVMFYWPR])",RRRR,542,545,ADA22_HUMAN,Homo sapiens,16868027,true positive,27,0,disordered
ELME000012,TRG_ER_diArg_1,di Arginine retention/retrieving signal,TRG,The di-Arg ER retention motif is defined by two consecutive arginine residues (RR) or with a single residue insertion (RXR). The motif is completed by an adjacent hydrophobic/arginine residue which may be on either side of the Arg pair.,PF00400,WD40,"WD domain, G-beta repeat","([LIVMFYWPR]R[^YFWDE]{0,1}R)|(R[^YFWDE]{0,1}R[LIVMFYWPR])",RRRR,542,545,C8ZIX9_YEAS8,Saccharomyces cerevisiae EC1118,18083825,true positive,27,0,disordered
ELME000012,TRG_ER_diArg_1,di Arginine retention/retrieving signal,TRG,The di-Arg ER retention motif is defined by two consecutive arginine residues (RR) or with a single residue insertion (RXR). The motif is completed by an adjacent hydrophobic/arginine residue which may be on either side of the Arg pair.,PF00400,WD40,"WD domain, G-beta repeat","([LIVMFYWPR]R[^YFWDE]{0,1}R)|(R[^YFWDE]{0,1}R[LIVMFYWPR])",RRRR,542,545,GABR1_HUMAN,Homo sapiens,10939334,true positive,27,0,disordered
ELME000012,TRG_ER_diArg_1,di Arginine retention/retrieving signal,TRG,The di-Arg ER retention motif is defined by two consecutive arginine residues (RR) or with a single residue insertion (RXR). The motif is completed by an adjacent hydrophobic/arginine residue which may be on either side of the Arg pair.,PF00400,WD40,"WD domain, G-beta repeat","([LIVMFYWPR]R[^YFWDE]{0,1}R)|(R[^YFWDE]{0,1}R[LIVMFYWPR])",RRRR,542,545,GPR15_HUMAN,Homo sapiens,21189250,true positive,27,0,disordered
ELME000012,TRG_ER_diArg_1,di Arginine retention/retrieving signal,TRG,The di-Arg ER retention motif is defined by two consecutive arginine residues (RR) or with a single residue insertion (RXR). The motif is completed by an adjacent hydrophobic/arginine residue which may be on either side of the Arg pair.,PF00400,WD40,"WD domain, G-beta repeat","([LIVMFYWPR]R[^YFWDE]{0,1}R)|(R[^YFWDE]{0,1}R[LIVMFYWPR])",RRRR,542,545,GRIK5_HUMAN,Homo sapiens,12878702,true positive,27,0,disordered
ELME000012,TRG_ER_diArg_1,di Arginine retention/retrieving signal,TRG,The di-Arg ER retention motif is defined by two consecutive arginine residues (RR) or with a single residue insertion (RXR). The motif is completed by an adjacent hydrophobic/arginine residue which may be on either side of the Arg pair.,PF00400,WD40,"WD domain, G-beta repeat","([LIVMFYWPR]R[^YFWDE]{0,1}R)|(R[^YFWDE]{0,1}R[LIVMFYWPR])",RRRR,542,545,HG2A_HUMAN,Homo sapiens,8157008,true positive,27,0,disordered
ELME000012,TRG_ER_diArg_1,di Arginine retention/retrieving signal,TRG,The di-Arg ER retention motif is defined by two consecutive arginine residues (RR) or with a single residue insertion (RXR). The motif is completed by an adjacent hydrophobic/arginine residue which may be on either side of the Arg pair.,PF00400,WD40,"WD domain, G-beta repeat","([LIVMFYWPR]R[^YFWDE]{0,1}R)|(R[^YFWDE]{0,1}R[LIVMFYWPR])",RRRR,542,545,HMDH_NICSY,Nicotiana sylvestris,8970721,true positive,27,0,disordered
ELME000012,TRG_ER_diArg_1,di Arginine retention/retrieving signal,TRG,The di-Arg ER retention motif is defined by two consecutive arginine residues (RR) or with a single residue insertion (RXR). The motif is completed by an adjacent hydrophobic/arginine residue which may be on either side of the Arg pair.,PF00400,WD40,"WD domain, G-beta repeat","([LIVMFYWPR]R[^YFWDE]{0,1}R)|(R[^YFWDE]{0,1}R[LIVMFYWPR])",RRRR,542,545,IRK11_HUMAN,Homo sapiens,10197533 12699619,true positive,27,0,disordered
ELME000012,TRG_ER_diArg_1,di Arginine retention/retrieving signal,TRG,The di-Arg ER retention motif is defined by two consecutive arginine residues (RR) or with a single residue insertion (RXR). The motif is completed by an adjacent hydrophobic/arginine residue which may be on either side of the Arg pair.,PF00400,WD40,"WD domain, G-beta repeat","([LIVMFYWPR]R[^YFWDE]{0,1}R)|(R[^YFWDE]{0,1}R[LIVMFYWPR])",RRRR,542,545,IRK8_HUMAN,Homo sapiens,10197533,true positive,27,0,disordered
ELME000012,TRG_ER_diArg_1,di Arginine retention/retrieving signal,TRG,The di-Arg ER retention motif is defined by two consecutive arginine residues (RR) or with a single residue insertion (RXR). The motif is completed by an adjacent hydrophobic/arginine residue which may be on either side of the Arg pair.,PF00400,WD40,"WD domain, G-beta repeat","([LIVMFYWPR]R[^YFWDE]{0,1}R)|(R[^YFWDE]{0,1}R[LIVMFYWPR])",RRRR,542,545,MSHR_HUMAN,Homo sapiens,19452503,true positive,27,0,disordered
ELME000012,TRG_ER_diArg_1,di Arginine retention/retrieving signal,TRG,The di-Arg ER retention motif is defined by two consecutive arginine residues (RR) or with a single residue insertion (RXR). The motif is completed by an adjacent hydrophobic/arginine residue which may be on either side of the Arg pair.,PF00400,WD40,"WD domain, G-beta repeat","([LIVMFYWPR]R[^YFWDE]{0,1}R)|(R[^YFWDE]{0,1}R[LIVMFYWPR])",RRRR,542,545,NMDZ1_HUMAN,Homo sapiens,11163274,true positive,27,0,disordered
ELME000012,TRG_ER_diArg_1,di Arginine retention/retrieving signal,TRG,The di-Arg ER retention motif is defined by two consecutive arginine residues (RR) or with a single residue insertion (RXR). The motif is completed by an adjacent hydrophobic/arginine residue which may be on either side of the Arg pair.,PF00400,WD40,"WD domain, G-beta repeat","([LIVMFYWPR]R[^YFWDE]{0,1}R)|(R[^YFWDE]{0,1}R[LIVMFYWPR])",RRRR,542,545,NMDZ1_HUMAN,Homo sapiens,11312291,true positive,27,0,disordered
ELME000012,TRG_ER_diArg_1,di Arginine retention/retrieving signal,TRG,The di-Arg ER retention motif is defined by two consecutive arginine residues (RR) or with a single residue insertion (RXR). The motif is completed by an adjacent hydrophobic/arginine residue which may be on either side of the Arg pair.,PF00400,WD40,"WD domain, G-beta repeat","([LIVMFYWPR]R[^YFWDE]{0,1}R)|(R[^YFWDE]{0,1}R[LIVMFYWPR])",RRRR,542,545,P2RX7_HUMAN,Homo sapiens,19263245,true positive,27,0,disordered
ELME000012,TRG_ER_diArg_1,di Arginine retention/retrieving signal,TRG,The di-Arg ER retention motif is defined by two consecutive arginine residues (RR) or with a single residue insertion (RXR). The motif is completed by an adjacent hydrophobic/arginine residue which may be on either side of the Arg pair.,PF00400,WD40,"WD domain, G-beta repeat","([LIVMFYWPR]R[^YFWDE]{0,1}R)|(R[^YFWDE]{0,1}R[LIVMFYWPR])",RRRR,542,545,PAR4_HUMAN,Homo sapiens,22411985,true positive,27,0,disordered
ELME000012,TRG_ER_diArg_1,di Arginine retention/retrieving signal,TRG,The di-Arg ER retention motif is defined by two consecutive arginine residues (RR) or with a single residue insertion (RXR). The motif is completed by an adjacent hydrophobic/arginine residue which may be on either side of the Arg pair.,PF00400,WD40,"WD domain, G-beta repeat","([LIVMFYWPR]R[^YFWDE]{0,1}R)|(R[^YFWDE]{0,1}R[LIVMFYWPR])",RRRR,542,545,PPLA_HUMAN,Homo sapiens,20634894,true positive,27,0,disordered
ELME000012,TRG_ER_diArg_1,di Arginine retention/retrieving signal,TRG,The di-Arg ER retention motif is defined by two consecutive arginine residues (RR) or with a single residue insertion (RXR). The motif is completed by an adjacent hydrophobic/arginine residue which may be on either side of the Arg pair.,PF00400,WD40,"WD domain, G-beta repeat","([LIVMFYWPR]R[^YFWDE]{0,1}R)|(R[^YFWDE]{0,1}R[LIVMFYWPR])",RRRR,542,545,Q58F09_HUMAN,Homo sapiens,12626409,true positive,27,0,disordered
ELME000012,TRG_ER_diArg_1,di Arginine retention/retrieving signal,TRG,The di-Arg ER retention motif is defined by two consecutive arginine residues (RR) or with a single residue insertion (RXR). The motif is completed by an adjacent hydrophobic/arginine residue which may be on either side of the Arg pair.,PF00400,WD40,"WD domain, G-beta repeat","([LIVMFYWPR]R[^YFWDE]{0,1}R)|(R[^YFWDE]{0,1}R[LIVMFYWPR])",RRRR,542,545,S12A5_RAT,Rattus norvegicus,19679663,true positive,27,0,disordered
ELME000012,TRG_ER_diArg_1,di Arginine retention/retrieving signal,TRG,The di-Arg ER retention motif is defined by two consecutive arginine residues (RR) or with a single residue insertion (RXR). The motif is completed by an adjacent hydrophobic/arginine residue which may be on either side of the Arg pair.,PF00400,WD40,"WD domain, G-beta repeat","([LIVMFYWPR]R[^YFWDE]{0,1}R)|(R[^YFWDE]{0,1}R[LIVMFYWPR])",RRRR,542,545,SCNAA_RAT,Rattus norvegicus,18782866,true positive,27,0,disordered
ELME000012,TRG_ER_diArg_1,di Arginine retention/retrieving signal,TRG,The di-Arg ER retention motif is defined by two consecutive arginine residues (RR) or with a single residue insertion (RXR). The motif is completed by an adjacent hydrophobic/arginine residue which may be on either side of the Arg pair.,PF00400,WD40,"WD domain, G-beta repeat","([LIVMFYWPR]R[^YFWDE]{0,1}R)|(R[^YFWDE]{0,1}R[LIVMFYWPR])",RRRR,542,545,SGMR1_HUMAN,Homo sapiens,20634894,true positive,27,0,disordered
ELME000012,TRG_ER_diArg_1,di Arginine retention/retrieving signal,TRG,The di-Arg ER retention motif is defined by two consecutive arginine residues (RR) or with a single residue insertion (RXR). The motif is completed by an adjacent hydrophobic/arginine residue which may be on either side of the Arg pair.,PF00400,WD40,"WD domain, G-beta repeat","([LIVMFYWPR]R[^YFWDE]{0,1}R)|(R[^YFWDE]{0,1}R[LIVMFYWPR])",RRRR,542,545,SIAT9_MOUSE,Mus musculus,19420140,true positive,27,0,disordered
ELME000012,TRG_ER_diArg_1,di Arginine retention/retrieving signal,TRG,The di-Arg ER retention motif is defined by two consecutive arginine residues (RR) or with a single residue insertion (RXR). The motif is completed by an adjacent hydrophobic/arginine residue which may be on either side of the Arg pair.,PF00400,WD40,"WD domain, G-beta repeat","([LIVMFYWPR]R[^YFWDE]{0,1}R)|(R[^YFWDE]{0,1}R[LIVMFYWPR])",RRRR,542,545,SOAT1_HUMAN,Homo sapiens,20634894,true positive,27,0,disordered
ELME000012,TRG_ER_diArg_1,di Arginine retention/retrieving signal,TRG,The di-Arg ER retention motif is defined by two consecutive arginine residues (RR) or with a single residue insertion (RXR). The motif is completed by an adjacent hydrophobic/arginine residue which may be on either side of the Arg pair.,PF00400,WD40,"WD domain, G-beta repeat","([LIVMFYWPR]R[^YFWDE]{0,1}R)|(R[^YFWDE]{0,1}R[LIVMFYWPR])",RRRR,542,545,SRPRB_HUMAN,Homo sapiens,20634894,true positive,27,0,disordered
ELME000012,TRG_ER_diArg_1,di Arginine retention/retrieving signal,TRG,The di-Arg ER retention motif is defined by two consecutive arginine residues (RR) or with a single residue insertion (RXR). The motif is completed by an adjacent hydrophobic/arginine residue which may be on either side of the Arg pair.,PF00400,WD40,"WD domain, G-beta repeat","([LIVMFYWPR]R[^YFWDE]{0,1}R)|(R[^YFWDE]{0,1}R[LIVMFYWPR])",RRRR,542,545,V2R_HUMAN,Homo sapiens,11641431,true positive,27,0,disordered
ELME000012,TRG_ER_diArg_1,di Arginine retention/retrieving signal,TRG,The di-Arg ER retention motif is defined by two consecutive arginine residues (RR) or with a single residue insertion (RXR). The motif is completed by an adjacent hydrophobic/arginine residue which may be on either side of the Arg pair.,PF00400,WD40,"WD domain, G-beta repeat","([LIVMFYWPR]R[^YFWDE]{0,1}R)|(R[^YFWDE]{0,1}R[LIVMFYWPR])",RRR,543,545,ABCC8_HUMAN,Homo sapiens,10197533,true positive,27,0,disordered
ELME000012,TRG_ER_diArg_1,di Arginine retention/retrieving signal,TRG,The di-Arg ER retention motif is defined by two consecutive arginine residues (RR) or with a single residue insertion (RXR). The motif is completed by an adjacent hydrophobic/arginine residue which may be on either side of the Arg pair.,PF00400,WD40,"WD domain, G-beta repeat","([LIVMFYWPR]R[^YFWDE]{0,1}R)|(R[^YFWDE]{0,1}R[LIVMFYWPR])",RRR,543,545,ADA10_HUMAN,Homo sapiens,20100836,true positive,27,0,disordered
ELME000012,TRG_ER_diArg_1,di Arginine retention/retrieving signal,TRG,The di-Arg ER retention motif is defined by two consecutive arginine residues (RR) or with a single residue insertion (RXR). The motif is completed by an adjacent hydrophobic/arginine residue which may be on either side of the Arg pair.,PF00400,WD40,"WD domain, G-beta repeat","([LIVMFYWPR]R[^YFWDE]{0,1}R)|(R[^YFWDE]{0,1}R[LIVMFYWPR])",RRR,543,545,ADA22_HUMAN,Homo sapiens,16868027,true positive,27,0,disordered
ELME000012,TRG_ER_diArg_1,di Arginine retention/retrieving signal,TRG,The di-Arg ER retention motif is defined by two consecutive arginine residues (RR) or with a single residue insertion (RXR). The motif is completed by an adjacent hydrophobic/arginine residue which may be on either side of the Arg pair.,PF00400,WD40,"WD domain, G-beta repeat","([LIVMFYWPR]R[^YFWDE]{0,1}R)|(R[^YFWDE]{0,1}R[LIVMFYWPR])",RRR,543,545,C8ZIX9_YEAS8,Saccharomyces cerevisiae EC1118,18083825,true positive,27,0,disordered
ELME000012,TRG_ER_diArg_1,di Arginine retention/retrieving signal,TRG,The di-Arg ER retention motif is defined by two consecutive arginine residues (RR) or with a single residue insertion (RXR). The motif is completed by an adjacent hydrophobic/arginine residue which may be on either side of the Arg pair.,PF00400,WD40,"WD domain, G-beta repeat","([LIVMFYWPR]R[^YFWDE]{0,1}R)|(R[^YFWDE]{0,1}R[LIVMFYWPR])",RRR,543,545,GABR1_HUMAN,Homo sapiens,10939334,true positive,27,0,disordered
ELME000012,TRG_ER_diArg_1,di Arginine retention/retrieving signal,TRG,The di-Arg ER retention motif is defined by two consecutive arginine residues (RR) or with a single residue insertion (RXR). The motif is completed by an adjacent hydrophobic/arginine residue which may be on either side of the Arg pair.,PF00400,WD40,"WD domain, G-beta repeat","([LIVMFYWPR]R[^YFWDE]{0,1}R)|(R[^YFWDE]{0,1}R[LIVMFYWPR])",RRR,543,545,GPR15_HUMAN,Homo sapiens,21189250,true positive,27,0,disordered
ELME000012,TRG_ER_diArg_1,di Arginine retention/retrieving signal,TRG,The di-Arg ER retention motif is defined by two consecutive arginine residues (RR) or with a single residue insertion (RXR). The motif is completed by an adjacent hydrophobic/arginine residue which may be on either side of the Arg pair.,PF00400,WD40,"WD domain, G-beta repeat","([LIVMFYWPR]R[^YFWDE]{0,1}R)|(R[^YFWDE]{0,1}R[LIVMFYWPR])",RRR,543,545,GRIK5_HUMAN,Homo sapiens,12878702,true positive,27,0,disordered
ELME000012,TRG_ER_diArg_1,di Arginine retention/retrieving signal,TRG,The di-Arg ER retention motif is defined by two consecutive arginine residues (RR) or with a single residue insertion (RXR). The motif is completed by an adjacent hydrophobic/arginine residue which may be on either side of the Arg pair.,PF00400,WD40,"WD domain, G-beta repeat","([LIVMFYWPR]R[^YFWDE]{0,1}R)|(R[^YFWDE]{0,1}R[LIVMFYWPR])",RRR,543,545,HG2A_HUMAN,Homo sapiens,8157008,true positive,27,0,disordered
ELME000012,TRG_ER_diArg_1,di Arginine retention/retrieving signal,TRG,The di-Arg ER retention motif is defined by two consecutive arginine residues (RR) or with a single residue insertion (RXR). The motif is completed by an adjacent hydrophobic/arginine residue which may be on either side of the Arg pair.,PF00400,WD40,"WD domain, G-beta repeat","([LIVMFYWPR]R[^YFWDE]{0,1}R)|(R[^YFWDE]{0,1}R[LIVMFYWPR])",RRR,543,545,HMDH_NICSY,Nicotiana sylvestris,8970721,true positive,27,0,disordered
ELME000012,TRG_ER_diArg_1,di Arginine retention/retrieving signal,TRG,The di-Arg ER retention motif is defined by two consecutive arginine residues (RR) or with a single residue insertion (RXR). The motif is completed by an adjacent hydrophobic/arginine residue which may be on either side of the Arg pair.,PF00400,WD40,"WD domain, G-beta repeat","([LIVMFYWPR]R[^YFWDE]{0,1}R)|(R[^YFWDE]{0,1}R[LIVMFYWPR])",RRR,543,545,IRK11_HUMAN,Homo sapiens,10197533 12699619,true positive,27,0,disordered
ELME000012,TRG_ER_diArg_1,di Arginine retention/retrieving signal,TRG,The di-Arg ER retention motif is defined by two consecutive arginine residues (RR) or with a single residue insertion (RXR). The motif is completed by an adjacent hydrophobic/arginine residue which may be on either side of the Arg pair.,PF00400,WD40,"WD domain, G-beta repeat","([LIVMFYWPR]R[^YFWDE]{0,1}R)|(R[^YFWDE]{0,1}R[LIVMFYWPR])",RRR,543,545,IRK8_HUMAN,Homo sapiens,10197533,true positive,27,0,disordered
ELME000012,TRG_ER_diArg_1,di Arginine retention/retrieving signal,TRG,The di-Arg ER retention motif is defined by two consecutive arginine residues (RR) or with a single residue insertion (RXR). The motif is completed by an adjacent hydrophobic/arginine residue which may be on either side of the Arg pair.,PF00400,WD40,"WD domain, G-beta repeat","([LIVMFYWPR]R[^YFWDE]{0,1}R)|(R[^YFWDE]{0,1}R[LIVMFYWPR])",RRR,543,545,MSHR_HUMAN,Homo sapiens,19452503,true positive,27,0,disordered
ELME000012,TRG_ER_diArg_1,di Arginine retention/retrieving signal,TRG,The di-Arg ER retention motif is defined by two consecutive arginine residues (RR) or with a single residue insertion (RXR). The motif is completed by an adjacent hydrophobic/arginine residue which may be on either side of the Arg pair.,PF00400,WD40,"WD domain, G-beta repeat","([LIVMFYWPR]R[^YFWDE]{0,1}R)|(R[^YFWDE]{0,1}R[LIVMFYWPR])",RRR,543,545,NMDZ1_HUMAN,Homo sapiens,11163274,true positive,27,0,disordered
ELME000012,TRG_ER_diArg_1,di Arginine retention/retrieving signal,TRG,The di-Arg ER retention motif is defined by two consecutive arginine residues (RR) or with a single residue insertion (RXR). The motif is completed by an adjacent hydrophobic/arginine residue which may be on either side of the Arg pair.,PF00400,WD40,"WD domain, G-beta repeat","([LIVMFYWPR]R[^YFWDE]{0,1}R)|(R[^YFWDE]{0,1}R[LIVMFYWPR])",RRR,543,545,NMDZ1_HUMAN,Homo sapiens,11312291,true positive,27,0,disordered
ELME000012,TRG_ER_diArg_1,di Arginine retention/retrieving signal,TRG,The di-Arg ER retention motif is defined by two consecutive arginine residues (RR) or with a single residue insertion (RXR). The motif is completed by an adjacent hydrophobic/arginine residue which may be on either side of the Arg pair.,PF00400,WD40,"WD domain, G-beta repeat","([LIVMFYWPR]R[^YFWDE]{0,1}R)|(R[^YFWDE]{0,1}R[LIVMFYWPR])",RRR,543,545,P2RX7_HUMAN,Homo sapiens,19263245,true positive,27,0,disordered
ELME000012,TRG_ER_diArg_1,di Arginine retention/retrieving signal,TRG,The di-Arg ER retention motif is defined by two consecutive arginine residues (RR) or with a single residue insertion (RXR). The motif is completed by an adjacent hydrophobic/arginine residue which may be on either side of the Arg pair.,PF00400,WD40,"WD domain, G-beta repeat","([LIVMFYWPR]R[^YFWDE]{0,1}R)|(R[^YFWDE]{0,1}R[LIVMFYWPR])",RRR,543,545,PAR4_HUMAN,Homo sapiens,22411985,true positive,27,0,disordered
ELME000012,TRG_ER_diArg_1,di Arginine retention/retrieving signal,TRG,The di-Arg ER retention motif is defined by two consecutive arginine residues (RR) or with a single residue insertion (RXR). The motif is completed by an adjacent hydrophobic/arginine residue which may be on either side of the Arg pair.,PF00400,WD40,"WD domain, G-beta repeat","([LIVMFYWPR]R[^YFWDE]{0,1}R)|(R[^YFWDE]{0,1}R[LIVMFYWPR])",RRR,543,545,PPLA_HUMAN,Homo sapiens,20634894,true positive,27,0,disordered
ELME000012,TRG_ER_diArg_1,di Arginine retention/retrieving signal,TRG,The di-Arg ER retention motif is defined by two consecutive arginine residues (RR) or with a single residue insertion (RXR). The motif is completed by an adjacent hydrophobic/arginine residue which may be on either side of the Arg pair.,PF00400,WD40,"WD domain, G-beta repeat","([LIVMFYWPR]R[^YFWDE]{0,1}R)|(R[^YFWDE]{0,1}R[LIVMFYWPR])",RRR,543,545,Q58F09_HUMAN,Homo sapiens,12626409,true positive,27,0,disordered
ELME000012,TRG_ER_diArg_1,di Arginine retention/retrieving signal,TRG,The di-Arg ER retention motif is defined by two consecutive arginine residues (RR) or with a single residue insertion (RXR). The motif is completed by an adjacent hydrophobic/arginine residue which may be on either side of the Arg pair.,PF00400,WD40,"WD domain, G-beta repeat","([LIVMFYWPR]R[^YFWDE]{0,1}R)|(R[^YFWDE]{0,1}R[LIVMFYWPR])",RRR,543,545,S12A5_RAT,Rattus norvegicus,19679663,true positive,27,0,disordered
ELME000012,TRG_ER_diArg_1,di Arginine retention/retrieving signal,TRG,The di-Arg ER retention motif is defined by two consecutive arginine residues (RR) or with a single residue insertion (RXR). The motif is completed by an adjacent hydrophobic/arginine residue which may be on either side of the Arg pair.,PF00400,WD40,"WD domain, G-beta repeat","([LIVMFYWPR]R[^YFWDE]{0,1}R)|(R[^YFWDE]{0,1}R[LIVMFYWPR])",RRR,543,545,SCNAA_RAT,Rattus norvegicus,18782866,true positive,27,0,disordered
ELME000012,TRG_ER_diArg_1,di Arginine retention/retrieving signal,TRG,The di-Arg ER retention motif is defined by two consecutive arginine residues (RR) or with a single residue insertion (RXR). The motif is completed by an adjacent hydrophobic/arginine residue which may be on either side of the Arg pair.,PF00400,WD40,"WD domain, G-beta repeat","([LIVMFYWPR]R[^YFWDE]{0,1}R)|(R[^YFWDE]{0,1}R[LIVMFYWPR])",RRR,543,545,SGMR1_HUMAN,Homo sapiens,20634894,true positive,27,0,disordered
ELME000012,TRG_ER_diArg_1,di Arginine retention/retrieving signal,TRG,The di-Arg ER retention motif is defined by two consecutive arginine residues (RR) or with a single residue insertion (RXR). The motif is completed by an adjacent hydrophobic/arginine residue which may be on either side of the Arg pair.,PF00400,WD40,"WD domain, G-beta repeat","([LIVMFYWPR]R[^YFWDE]{0,1}R)|(R[^YFWDE]{0,1}R[LIVMFYWPR])",RRR,543,545,SIAT9_MOUSE,Mus musculus,19420140,true positive,27,0,disordered
ELME000012,TRG_ER_diArg_1,di Arginine retention/retrieving signal,TRG,The di-Arg ER retention motif is defined by two consecutive arginine residues (RR) or with a single residue insertion (RXR). The motif is completed by an adjacent hydrophobic/arginine residue which may be on either side of the Arg pair.,PF00400,WD40,"WD domain, G-beta repeat","([LIVMFYWPR]R[^YFWDE]{0,1}R)|(R[^YFWDE]{0,1}R[LIVMFYWPR])",RRR,543,545,SOAT1_HUMAN,Homo sapiens,20634894,true positive,27,0,disordered
ELME000012,TRG_ER_diArg_1,di Arginine retention/retrieving signal,TRG,The di-Arg ER retention motif is defined by two consecutive arginine residues (RR) or with a single residue insertion (RXR). The motif is completed by an adjacent hydrophobic/arginine residue which may be on either side of the Arg pair.,PF00400,WD40,"WD domain, G-beta repeat","([LIVMFYWPR]R[^YFWDE]{0,1}R)|(R[^YFWDE]{0,1}R[LIVMFYWPR])",RRR,543,545,SRPRB_HUMAN,Homo sapiens,20634894,true positive,27,0,disordered
ELME000012,TRG_ER_diArg_1,di Arginine retention/retrieving signal,TRG,The di-Arg ER retention motif is defined by two consecutive arginine residues (RR) or with a single residue insertion (RXR). The motif is completed by an adjacent hydrophobic/arginine residue which may be on either side of the Arg pair.,PF00400,WD40,"WD domain, G-beta repeat","([LIVMFYWPR]R[^YFWDE]{0,1}R)|(R[^YFWDE]{0,1}R[LIVMFYWPR])",RRR,543,545,V2R_HUMAN,Homo sapiens,11641431,true positive,27,0,disordered
ELME000012,TRG_ER_diArg_1,di Arginine retention/retrieving signal,TRG,The di-Arg ER retention motif is defined by two consecutive arginine residues (RR) or with a single residue insertion (RXR). The motif is completed by an adjacent hydrophobic/arginine residue which may be on either side of the Arg pair.,PF00400,WD40,"WD domain, G-beta repeat","([LIVMFYWPR]R[^YFWDE]{0,1}R)|(R[^YFWDE]{0,1}R[LIVMFYWPR])",RRSR,544,547,ABCC8_HUMAN,Homo sapiens,10197533,true positive,27,0,disordered
ELME000012,TRG_ER_diArg_1,di Arginine retention/retrieving signal,TRG,The di-Arg ER retention motif is defined by two consecutive arginine residues (RR) or with a single residue insertion (RXR). The motif is completed by an adjacent hydrophobic/arginine residue which may be on either side of the Arg pair.,PF00400,WD40,"WD domain, G-beta repeat","([LIVMFYWPR]R[^YFWDE]{0,1}R)|(R[^YFWDE]{0,1}R[LIVMFYWPR])",RRSR,544,547,ADA10_HUMAN,Homo sapiens,20100836,true positive,27,0,disordered
ELME000012,TRG_ER_diArg_1,di Arginine retention/retrieving signal,TRG,The di-Arg ER retention motif is defined by two consecutive arginine residues (RR) or with a single residue insertion (RXR). The motif is completed by an adjacent hydrophobic/arginine residue which may be on either side of the Arg pair.,PF00400,WD40,"WD domain, G-beta repeat","([LIVMFYWPR]R[^YFWDE]{0,1}R)|(R[^YFWDE]{0,1}R[LIVMFYWPR])",RRSR,544,547,ADA22_HUMAN,Homo sapiens,16868027,true positive,27,0,disordered
ELME000012,TRG_ER_diArg_1,di Arginine retention/retrieving signal,TRG,The di-Arg ER retention motif is defined by two consecutive arginine residues (RR) or with a single residue insertion (RXR). The motif is completed by an adjacent hydrophobic/arginine residue which may be on either side of the Arg pair.,PF00400,WD40,"WD domain, G-beta repeat","([LIVMFYWPR]R[^YFWDE]{0,1}R)|(R[^YFWDE]{0,1}R[LIVMFYWPR])",RRSR,544,547,C8ZIX9_YEAS8,Saccharomyces cerevisiae EC1118,18083825,true positive,27,0,disordered
ELME000012,TRG_ER_diArg_1,di Arginine retention/retrieving signal,TRG,The di-Arg ER retention motif is defined by two consecutive arginine residues (RR) or with a single residue insertion (RXR). The motif is completed by an adjacent hydrophobic/arginine residue which may be on either side of the Arg pair.,PF00400,WD40,"WD domain, G-beta repeat","([LIVMFYWPR]R[^YFWDE]{0,1}R)|(R[^YFWDE]{0,1}R[LIVMFYWPR])",RRSR,544,547,GABR1_HUMAN,Homo sapiens,10939334,true positive,27,0,disordered
ELME000012,TRG_ER_diArg_1,di Arginine retention/retrieving signal,TRG,The di-Arg ER retention motif is defined by two consecutive arginine residues (RR) or with a single residue insertion (RXR). The motif is completed by an adjacent hydrophobic/arginine residue which may be on either side of the Arg pair.,PF00400,WD40,"WD domain, G-beta repeat","([LIVMFYWPR]R[^YFWDE]{0,1}R)|(R[^YFWDE]{0,1}R[LIVMFYWPR])",RRSR,544,547,GPR15_HUMAN,Homo sapiens,21189250,true positive,27,0,disordered
ELME000012,TRG_ER_diArg_1,di Arginine retention/retrieving signal,TRG,The di-Arg ER retention motif is defined by two consecutive arginine residues (RR) or with a single residue insertion (RXR). The motif is completed by an adjacent hydrophobic/arginine residue which may be on either side of the Arg pair.,PF00400,WD40,"WD domain, G-beta repeat","([LIVMFYWPR]R[^YFWDE]{0,1}R)|(R[^YFWDE]{0,1}R[LIVMFYWPR])",RRSR,544,547,GRIK5_HUMAN,Homo sapiens,12878702,true positive,27,0,disordered
ELME000012,TRG_ER_diArg_1,di Arginine retention/retrieving signal,TRG,The di-Arg ER retention motif is defined by two consecutive arginine residues (RR) or with a single residue insertion (RXR). The motif is completed by an adjacent hydrophobic/arginine residue which may be on either side of the Arg pair.,PF00400,WD40,"WD domain, G-beta repeat","([LIVMFYWPR]R[^YFWDE]{0,1}R)|(R[^YFWDE]{0,1}R[LIVMFYWPR])",RRSR,544,547,HG2A_HUMAN,Homo sapiens,8157008,true positive,27,0,disordered
ELME000012,TRG_ER_diArg_1,di Arginine retention/retrieving signal,TRG,The di-Arg ER retention motif is defined by two consecutive arginine residues (RR) or with a single residue insertion (RXR). The motif is completed by an adjacent hydrophobic/arginine residue which may be on either side of the Arg pair.,PF00400,WD40,"WD domain, G-beta repeat","([LIVMFYWPR]R[^YFWDE]{0,1}R)|(R[^YFWDE]{0,1}R[LIVMFYWPR])",RRSR,544,547,HMDH_NICSY,Nicotiana sylvestris,8970721,true positive,27,0,disordered
ELME000012,TRG_ER_diArg_1,di Arginine retention/retrieving signal,TRG,The di-Arg ER retention motif is defined by two consecutive arginine residues (RR) or with a single residue insertion (RXR). The motif is completed by an adjacent hydrophobic/arginine residue which may be on either side of the Arg pair.,PF00400,WD40,"WD domain, G-beta repeat","([LIVMFYWPR]R[^YFWDE]{0,1}R)|(R[^YFWDE]{0,1}R[LIVMFYWPR])",RRSR,544,547,IRK11_HUMAN,Homo sapiens,10197533 12699619,true positive,27,0,disordered
ELME000012,TRG_ER_diArg_1,di Arginine retention/retrieving signal,TRG,The di-Arg ER retention motif is defined by two consecutive arginine residues (RR) or with a single residue insertion (RXR). The motif is completed by an adjacent hydrophobic/arginine residue which may be on either side of the Arg pair.,PF00400,WD40,"WD domain, G-beta repeat","([LIVMFYWPR]R[^YFWDE]{0,1}R)|(R[^YFWDE]{0,1}R[LIVMFYWPR])",RRSR,544,547,IRK8_HUMAN,Homo sapiens,10197533,true positive,27,0,disordered
ELME000012,TRG_ER_diArg_1,di Arginine retention/retrieving signal,TRG,The di-Arg ER retention motif is defined by two consecutive arginine residues (RR) or with a single residue insertion (RXR). The motif is completed by an adjacent hydrophobic/arginine residue which may be on either side of the Arg pair.,PF00400,WD40,"WD domain, G-beta repeat","([LIVMFYWPR]R[^YFWDE]{0,1}R)|(R[^YFWDE]{0,1}R[LIVMFYWPR])",RRSR,544,547,MSHR_HUMAN,Homo sapiens,19452503,true positive,27,0,disordered
ELME000012,TRG_ER_diArg_1,di Arginine retention/retrieving signal,TRG,The di-Arg ER retention motif is defined by two consecutive arginine residues (RR) or with a single residue insertion (RXR). The motif is completed by an adjacent hydrophobic/arginine residue which may be on either side of the Arg pair.,PF00400,WD40,"WD domain, G-beta repeat","([LIVMFYWPR]R[^YFWDE]{0,1}R)|(R[^YFWDE]{0,1}R[LIVMFYWPR])",RRSR,544,547,NMDZ1_HUMAN,Homo sapiens,11163274,true positive,27,0,disordered
ELME000012,TRG_ER_diArg_1,di Arginine retention/retrieving signal,TRG,The di-Arg ER retention motif is defined by two consecutive arginine residues (RR) or with a single residue insertion (RXR). The motif is completed by an adjacent hydrophobic/arginine residue which may be on either side of the Arg pair.,PF00400,WD40,"WD domain, G-beta repeat","([LIVMFYWPR]R[^YFWDE]{0,1}R)|(R[^YFWDE]{0,1}R[LIVMFYWPR])",RRSR,544,547,NMDZ1_HUMAN,Homo sapiens,11312291,true positive,27,0,disordered
ELME000012,TRG_ER_diArg_1,di Arginine retention/retrieving signal,TRG,The di-Arg ER retention motif is defined by two consecutive arginine residues (RR) or with a single residue insertion (RXR). The motif is completed by an adjacent hydrophobic/arginine residue which may be on either side of the Arg pair.,PF00400,WD40,"WD domain, G-beta repeat","([LIVMFYWPR]R[^YFWDE]{0,1}R)|(R[^YFWDE]{0,1}R[LIVMFYWPR])",RRSR,544,547,P2RX7_HUMAN,Homo sapiens,19263245,true positive,27,0,disordered
ELME000012,TRG_ER_diArg_1,di Arginine retention/retrieving signal,TRG,The di-Arg ER retention motif is defined by two consecutive arginine residues (RR) or with a single residue insertion (RXR). The motif is completed by an adjacent hydrophobic/arginine residue which may be on either side of the Arg pair.,PF00400,WD40,"WD domain, G-beta repeat","([LIVMFYWPR]R[^YFWDE]{0,1}R)|(R[^YFWDE]{0,1}R[LIVMFYWPR])",RRSR,544,547,PAR4_HUMAN,Homo sapiens,22411985,true positive,27,0,disordered
ELME000012,TRG_ER_diArg_1,di Arginine retention/retrieving signal,TRG,The di-Arg ER retention motif is defined by two consecutive arginine residues (RR) or with a single residue insertion (RXR). The motif is completed by an adjacent hydrophobic/arginine residue which may be on either side of the Arg pair.,PF00400,WD40,"WD domain, G-beta repeat","([LIVMFYWPR]R[^YFWDE]{0,1}R)|(R[^YFWDE]{0,1}R[LIVMFYWPR])",RRSR,544,547,PPLA_HUMAN,Homo sapiens,20634894,true positive,27,0,disordered
ELME000012,TRG_ER_diArg_1,di Arginine retention/retrieving signal,TRG,The di-Arg ER retention motif is defined by two consecutive arginine residues (RR) or with a single residue insertion (RXR). The motif is completed by an adjacent hydrophobic/arginine residue which may be on either side of the Arg pair.,PF00400,WD40,"WD domain, G-beta repeat","([LIVMFYWPR]R[^YFWDE]{0,1}R)|(R[^YFWDE]{0,1}R[LIVMFYWPR])",RRSR,544,547,Q58F09_HUMAN,Homo sapiens,12626409,true positive,27,0,disordered
ELME000012,TRG_ER_diArg_1,di Arginine retention/retrieving signal,TRG,The di-Arg ER retention motif is defined by two consecutive arginine residues (RR) or with a single residue insertion (RXR). The motif is completed by an adjacent hydrophobic/arginine residue which may be on either side of the Arg pair.,PF00400,WD40,"WD domain, G-beta repeat","([LIVMFYWPR]R[^YFWDE]{0,1}R)|(R[^YFWDE]{0,1}R[LIVMFYWPR])",RRSR,544,547,S12A5_RAT,Rattus norvegicus,19679663,true positive,27,0,disordered
ELME000012,TRG_ER_diArg_1,di Arginine retention/retrieving signal,TRG,The di-Arg ER retention motif is defined by two consecutive arginine residues (RR) or with a single residue insertion (RXR). The motif is completed by an adjacent hydrophobic/arginine residue which may be on either side of the Arg pair.,PF00400,WD40,"WD domain, G-beta repeat","([LIVMFYWPR]R[^YFWDE]{0,1}R)|(R[^YFWDE]{0,1}R[LIVMFYWPR])",RRSR,544,547,SCNAA_RAT,Rattus norvegicus,18782866,true positive,27,0,disordered
ELME000012,TRG_ER_diArg_1,di Arginine retention/retrieving signal,TRG,The di-Arg ER retention motif is defined by two consecutive arginine residues (RR) or with a single residue insertion (RXR). The motif is completed by an adjacent hydrophobic/arginine residue which may be on either side of the Arg pair.,PF00400,WD40,"WD domain, G-beta repeat","([LIVMFYWPR]R[^YFWDE]{0,1}R)|(R[^YFWDE]{0,1}R[LIVMFYWPR])",RRSR,544,547,SGMR1_HUMAN,Homo sapiens,20634894,true positive,27,0,disordered
ELME000012,TRG_ER_diArg_1,di Arginine retention/retrieving signal,TRG,The di-Arg ER retention motif is defined by two consecutive arginine residues (RR) or with a single residue insertion (RXR). The motif is completed by an adjacent hydrophobic/arginine residue which may be on either side of the Arg pair.,PF00400,WD40,"WD domain, G-beta repeat","([LIVMFYWPR]R[^YFWDE]{0,1}R)|(R[^YFWDE]{0,1}R[LIVMFYWPR])",RRSR,544,547,SIAT9_MOUSE,Mus musculus,19420140,true positive,27,0,disordered
ELME000012,TRG_ER_diArg_1,di Arginine retention/retrieving signal,TRG,The di-Arg ER retention motif is defined by two consecutive arginine residues (RR) or with a single residue insertion (RXR). The motif is completed by an adjacent hydrophobic/arginine residue which may be on either side of the Arg pair.,PF00400,WD40,"WD domain, G-beta repeat","([LIVMFYWPR]R[^YFWDE]{0,1}R)|(R[^YFWDE]{0,1}R[LIVMFYWPR])",RRSR,544,547,SOAT1_HUMAN,Homo sapiens,20634894,true positive,27,0,disordered
ELME000012,TRG_ER_diArg_1,di Arginine retention/retrieving signal,TRG,The di-Arg ER retention motif is defined by two consecutive arginine residues (RR) or with a single residue insertion (RXR). The motif is completed by an adjacent hydrophobic/arginine residue which may be on either side of the Arg pair.,PF00400,WD40,"WD domain, G-beta repeat","([LIVMFYWPR]R[^YFWDE]{0,1}R)|(R[^YFWDE]{0,1}R[LIVMFYWPR])",RRSR,544,547,SRPRB_HUMAN,Homo sapiens,20634894,true positive,27,0,disordered
ELME000012,TRG_ER_diArg_1,di Arginine retention/retrieving signal,TRG,The di-Arg ER retention motif is defined by two consecutive arginine residues (RR) or with a single residue insertion (RXR). The motif is completed by an adjacent hydrophobic/arginine residue which may be on either side of the Arg pair.,PF00400,WD40,"WD domain, G-beta repeat","([LIVMFYWPR]R[^YFWDE]{0,1}R)|(R[^YFWDE]{0,1}R[LIVMFYWPR])",RRSR,544,547,V2R_HUMAN,Homo sapiens,11641431,true positive,27,0,disordered
ELME000012,TRG_ER_diArg_1,di Arginine retention/retrieving signal,TRG,The di-Arg ER retention motif is defined by two consecutive arginine residues (RR) or with a single residue insertion (RXR). The motif is completed by an adjacent hydrophobic/arginine residue which may be on either side of the Arg pair.,PF00400,WD40,"WD domain, G-beta repeat","([LIVMFYWPR]R[^YFWDE]{0,1}R)|(R[^YFWDE]{0,1}R[LIVMFYWPR])",RSRR,545,548,ABCC8_HUMAN,Homo sapiens,10197533,true positive,27,0,disordered
ELME000012,TRG_ER_diArg_1,di Arginine retention/retrieving signal,TRG,The di-Arg ER retention motif is defined by two consecutive arginine residues (RR) or with a single residue insertion (RXR). The motif is completed by an adjacent hydrophobic/arginine residue which may be on either side of the Arg pair.,PF00400,WD40,"WD domain, G-beta repeat","([LIVMFYWPR]R[^YFWDE]{0,1}R)|(R[^YFWDE]{0,1}R[LIVMFYWPR])",RSRR,545,548,ADA10_HUMAN,Homo sapiens,20100836,true positive,27,0,disordered
ELME000012,TRG_ER_diArg_1,di Arginine retention/retrieving signal,TRG,The di-Arg ER retention motif is defined by two consecutive arginine residues (RR) or with a single residue insertion (RXR). The motif is completed by an adjacent hydrophobic/arginine residue which may be on either side of the Arg pair.,PF00400,WD40,"WD domain, G-beta repeat","([LIVMFYWPR]R[^YFWDE]{0,1}R)|(R[^YFWDE]{0,1}R[LIVMFYWPR])",RSRR,545,548,ADA22_HUMAN,Homo sapiens,16868027,true positive,27,0,disordered
ELME000012,TRG_ER_diArg_1,di Arginine retention/retrieving signal,TRG,The di-Arg ER retention motif is defined by two consecutive arginine residues (RR) or with a single residue insertion (RXR). The motif is completed by an adjacent hydrophobic/arginine residue which may be on either side of the Arg pair.,PF00400,WD40,"WD domain, G-beta repeat","([LIVMFYWPR]R[^YFWDE]{0,1}R)|(R[^YFWDE]{0,1}R[LIVMFYWPR])",RSRR,545,548,C8ZIX9_YEAS8,Saccharomyces cerevisiae EC1118,18083825,true positive,27,0,disordered
ELME000012,TRG_ER_diArg_1,di Arginine retention/retrieving signal,TRG,The di-Arg ER retention motif is defined by two consecutive arginine residues (RR) or with a single residue insertion (RXR). The motif is completed by an adjacent hydrophobic/arginine residue which may be on either side of the Arg pair.,PF00400,WD40,"WD domain, G-beta repeat","([LIVMFYWPR]R[^YFWDE]{0,1}R)|(R[^YFWDE]{0,1}R[LIVMFYWPR])",RSRR,545,548,GABR1_HUMAN,Homo sapiens,10939334,true positive,27,0,disordered
ELME000012,TRG_ER_diArg_1,di Arginine retention/retrieving signal,TRG,The di-Arg ER retention motif is defined by two consecutive arginine residues (RR) or with a single residue insertion (RXR). The motif is completed by an adjacent hydrophobic/arginine residue which may be on either side of the Arg pair.,PF00400,WD40,"WD domain, G-beta repeat","([LIVMFYWPR]R[^YFWDE]{0,1}R)|(R[^YFWDE]{0,1}R[LIVMFYWPR])",RSRR,545,548,GPR15_HUMAN,Homo sapiens,21189250,true positive,27,0,disordered
ELME000012,TRG_ER_diArg_1,di Arginine retention/retrieving signal,TRG,The di-Arg ER retention motif is defined by two consecutive arginine residues (RR) or with a single residue insertion (RXR). The motif is completed by an adjacent hydrophobic/arginine residue which may be on either side of the Arg pair.,PF00400,WD40,"WD domain, G-beta repeat","([LIVMFYWPR]R[^YFWDE]{0,1}R)|(R[^YFWDE]{0,1}R[LIVMFYWPR])",RSRR,545,548,GRIK5_HUMAN,Homo sapiens,12878702,true positive,27,0,disordered
ELME000012,TRG_ER_diArg_1,di Arginine retention/retrieving signal,TRG,The di-Arg ER retention motif is defined by two consecutive arginine residues (RR) or with a single residue insertion (RXR). The motif is completed by an adjacent hydrophobic/arginine residue which may be on either side of the Arg pair.,PF00400,WD40,"WD domain, G-beta repeat","([LIVMFYWPR]R[^YFWDE]{0,1}R)|(R[^YFWDE]{0,1}R[LIVMFYWPR])",RSRR,545,548,HG2A_HUMAN,Homo sapiens,8157008,true positive,27,0,disordered
ELME000012,TRG_ER_diArg_1,di Arginine retention/retrieving signal,TRG,The di-Arg ER retention motif is defined by two consecutive arginine residues (RR) or with a single residue insertion (RXR). The motif is completed by an adjacent hydrophobic/arginine residue which may be on either side of the Arg pair.,PF00400,WD40,"WD domain, G-beta repeat","([LIVMFYWPR]R[^YFWDE]{0,1}R)|(R[^YFWDE]{0,1}R[LIVMFYWPR])",RSRR,545,548,HMDH_NICSY,Nicotiana sylvestris,8970721,true positive,27,0,disordered
ELME000012,TRG_ER_diArg_1,di Arginine retention/retrieving signal,TRG,The di-Arg ER retention motif is defined by two consecutive arginine residues (RR) or with a single residue insertion (RXR). The motif is completed by an adjacent hydrophobic/arginine residue which may be on either side of the Arg pair.,PF00400,WD40,"WD domain, G-beta repeat","([LIVMFYWPR]R[^YFWDE]{0,1}R)|(R[^YFWDE]{0,1}R[LIVMFYWPR])",RSRR,545,548,IRK11_HUMAN,Homo sapiens,10197533 12699619,true positive,27,0,disordered
ELME000012,TRG_ER_diArg_1,di Arginine retention/retrieving signal,TRG,The di-Arg ER retention motif is defined by two consecutive arginine residues (RR) or with a single residue insertion (RXR). The motif is completed by an adjacent hydrophobic/arginine residue which may be on either side of the Arg pair.,PF00400,WD40,"WD domain, G-beta repeat","([LIVMFYWPR]R[^YFWDE]{0,1}R)|(R[^YFWDE]{0,1}R[LIVMFYWPR])",RSRR,545,548,IRK8_HUMAN,Homo sapiens,10197533,true positive,27,0,disordered
ELME000012,TRG_ER_diArg_1,di Arginine retention/retrieving signal,TRG,The di-Arg ER retention motif is defined by two consecutive arginine residues (RR) or with a single residue insertion (RXR). The motif is completed by an adjacent hydrophobic/arginine residue which may be on either side of the Arg pair.,PF00400,WD40,"WD domain, G-beta repeat","([LIVMFYWPR]R[^YFWDE]{0,1}R)|(R[^YFWDE]{0,1}R[LIVMFYWPR])",RSRR,545,548,MSHR_HUMAN,Homo sapiens,19452503,true positive,27,0,disordered
ELME000012,TRG_ER_diArg_1,di Arginine retention/retrieving signal,TRG,The di-Arg ER retention motif is defined by two consecutive arginine residues (RR) or with a single residue insertion (RXR). The motif is completed by an adjacent hydrophobic/arginine residue which may be on either side of the Arg pair.,PF00400,WD40,"WD domain, G-beta repeat","([LIVMFYWPR]R[^YFWDE]{0,1}R)|(R[^YFWDE]{0,1}R[LIVMFYWPR])",RSRR,545,548,NMDZ1_HUMAN,Homo sapiens,11163274,true positive,27,0,disordered
ELME000012,TRG_ER_diArg_1,di Arginine retention/retrieving signal,TRG,The di-Arg ER retention motif is defined by two consecutive arginine residues (RR) or with a single residue insertion (RXR). The motif is completed by an adjacent hydrophobic/arginine residue which may be on either side of the Arg pair.,PF00400,WD40,"WD domain, G-beta repeat","([LIVMFYWPR]R[^YFWDE]{0,1}R)|(R[^YFWDE]{0,1}R[LIVMFYWPR])",RSRR,545,548,NMDZ1_HUMAN,Homo sapiens,11312291,true positive,27,0,disordered
ELME000012,TRG_ER_diArg_1,di Arginine retention/retrieving signal,TRG,The di-Arg ER retention motif is defined by two consecutive arginine residues (RR) or with a single residue insertion (RXR). The motif is completed by an adjacent hydrophobic/arginine residue which may be on either side of the Arg pair.,PF00400,WD40,"WD domain, G-beta repeat","([LIVMFYWPR]R[^YFWDE]{0,1}R)|(R[^YFWDE]{0,1}R[LIVMFYWPR])",RSRR,545,548,P2RX7_HUMAN,Homo sapiens,19263245,true positive,27,0,disordered
ELME000012,TRG_ER_diArg_1,di Arginine retention/retrieving signal,TRG,The di-Arg ER retention motif is defined by two consecutive arginine residues (RR) or with a single residue insertion (RXR). The motif is completed by an adjacent hydrophobic/arginine residue which may be on either side of the Arg pair.,PF00400,WD40,"WD domain, G-beta repeat","([LIVMFYWPR]R[^YFWDE]{0,1}R)|(R[^YFWDE]{0,1}R[LIVMFYWPR])",RSRR,545,548,PAR4_HUMAN,Homo sapiens,22411985,true positive,27,0,disordered
ELME000012,TRG_ER_diArg_1,di Arginine retention/retrieving signal,TRG,The di-Arg ER retention motif is defined by two consecutive arginine residues (RR) or with a single residue insertion (RXR). The motif is completed by an adjacent hydrophobic/arginine residue which may be on either side of the Arg pair.,PF00400,WD40,"WD domain, G-beta repeat","([LIVMFYWPR]R[^YFWDE]{0,1}R)|(R[^YFWDE]{0,1}R[LIVMFYWPR])",RSRR,545,548,PPLA_HUMAN,Homo sapiens,20634894,true positive,27,0,disordered
ELME000012,TRG_ER_diArg_1,di Arginine retention/retrieving signal,TRG,The di-Arg ER retention motif is defined by two consecutive arginine residues (RR) or with a single residue insertion (RXR). The motif is completed by an adjacent hydrophobic/arginine residue which may be on either side of the Arg pair.,PF00400,WD40,"WD domain, G-beta repeat","([LIVMFYWPR]R[^YFWDE]{0,1}R)|(R[^YFWDE]{0,1}R[LIVMFYWPR])",RSRR,545,548,Q58F09_HUMAN,Homo sapiens,12626409,true positive,27,0,disordered
ELME000012,TRG_ER_diArg_1,di Arginine retention/retrieving signal,TRG,The di-Arg ER retention motif is defined by two consecutive arginine residues (RR) or with a single residue insertion (RXR). The motif is completed by an adjacent hydrophobic/arginine residue which may be on either side of the Arg pair.,PF00400,WD40,"WD domain, G-beta repeat","([LIVMFYWPR]R[^YFWDE]{0,1}R)|(R[^YFWDE]{0,1}R[LIVMFYWPR])",RSRR,545,548,S12A5_RAT,Rattus norvegicus,19679663,true positive,27,0,disordered
ELME000012,TRG_ER_diArg_1,di Arginine retention/retrieving signal,TRG,The di-Arg ER retention motif is defined by two consecutive arginine residues (RR) or with a single residue insertion (RXR). The motif is completed by an adjacent hydrophobic/arginine residue which may be on either side of the Arg pair.,PF00400,WD40,"WD domain, G-beta repeat","([LIVMFYWPR]R[^YFWDE]{0,1}R)|(R[^YFWDE]{0,1}R[LIVMFYWPR])",RSRR,545,548,SCNAA_RAT,Rattus norvegicus,18782866,true positive,27,0,disordered
ELME000012,TRG_ER_diArg_1,di Arginine retention/retrieving signal,TRG,The di-Arg ER retention motif is defined by two consecutive arginine residues (RR) or with a single residue insertion (RXR). The motif is completed by an adjacent hydrophobic/arginine residue which may be on either side of the Arg pair.,PF00400,WD40,"WD domain, G-beta repeat","([LIVMFYWPR]R[^YFWDE]{0,1}R)|(R[^YFWDE]{0,1}R[LIVMFYWPR])",RSRR,545,548,SGMR1_HUMAN,Homo sapiens,20634894,true positive,27,0,disordered
ELME000012,TRG_ER_diArg_1,di Arginine retention/retrieving signal,TRG,The di-Arg ER retention motif is defined by two consecutive arginine residues (RR) or with a single residue insertion (RXR). The motif is completed by an adjacent hydrophobic/arginine residue which may be on either side of the Arg pair.,PF00400,WD40,"WD domain, G-beta repeat","([LIVMFYWPR]R[^YFWDE]{0,1}R)|(R[^YFWDE]{0,1}R[LIVMFYWPR])",RSRR,545,548,SIAT9_MOUSE,Mus musculus,19420140,true positive,27,0,disordered
ELME000012,TRG_ER_diArg_1,di Arginine retention/retrieving signal,TRG,The di-Arg ER retention motif is defined by two consecutive arginine residues (RR) or with a single residue insertion (RXR). The motif is completed by an adjacent hydrophobic/arginine residue which may be on either side of the Arg pair.,PF00400,WD40,"WD domain, G-beta repeat","([LIVMFYWPR]R[^YFWDE]{0,1}R)|(R[^YFWDE]{0,1}R[LIVMFYWPR])",RSRR,545,548,SOAT1_HUMAN,Homo sapiens,20634894,true positive,27,0,disordered
ELME000012,TRG_ER_diArg_1,di Arginine retention/retrieving signal,TRG,The di-Arg ER retention motif is defined by two consecutive arginine residues (RR) or with a single residue insertion (RXR). The motif is completed by an adjacent hydrophobic/arginine residue which may be on either side of the Arg pair.,PF00400,WD40,"WD domain, G-beta repeat","([LIVMFYWPR]R[^YFWDE]{0,1}R)|(R[^YFWDE]{0,1}R[LIVMFYWPR])",RSRR,545,548,SRPRB_HUMAN,Homo sapiens,20634894,true positive,27,0,disordered
ELME000012,TRG_ER_diArg_1,di Arginine retention/retrieving signal,TRG,The di-Arg ER retention motif is defined by two consecutive arginine residues (RR) or with a single residue insertion (RXR). The motif is completed by an adjacent hydrophobic/arginine residue which may be on either side of the Arg pair.,PF00400,WD40,"WD domain, G-beta repeat","([LIVMFYWPR]R[^YFWDE]{0,1}R)|(R[^YFWDE]{0,1}R[LIVMFYWPR])",RSRR,545,548,V2R_HUMAN,Homo sapiens,11641431,true positive,27,0,disordered
ELME000278,TRG_NLS_MonoExtC_3,NLS classical Nuclear Localization Signals,TRG,Monopartite variant of the classical basically charged NLS. C-extended version.,PF00514,Arm,Armadillo/beta-catenin-like repeat,[^DE]((K[RK])|(RK))(([^DE][KR])|([KR][^DE]))(([PKR])|([^DE][DE])),LRKQRR,537,542,A0A1B4JR46_BURTH,Burkholderia thailandensis,23797873,true positive,23,2,disordered
ELME000278,TRG_NLS_MonoExtC_3,NLS classical Nuclear Localization Signals,TRG,Monopartite variant of the classical basically charged NLS. C-extended version.,PF00514,Arm,Armadillo/beta-catenin-like repeat,[^DE]((K[RK])|(RK))(([^DE][KR])|([KR][^DE]))(([PKR])|([^DE][DE])),LRKQRR,537,542,APC_HUMAN,Homo sapiens,11050185,true positive,23,2,disordered
ELME000278,TRG_NLS_MonoExtC_3,NLS classical Nuclear Localization Signals,TRG,Monopartite variant of the classical basically charged NLS. C-extended version.,PF00514,Arm,Armadillo/beta-catenin-like repeat,[^DE]((K[RK])|(RK))(([^DE][KR])|([KR][^DE]))(([PKR])|([^DE][DE])),LRKQRR,537,542,AVRB3_XANEU,Xanthomonas euvesicatoria,8980236,true positive,23,2,disordered
ELME000278,TRG_NLS_MonoExtC_3,NLS classical Nuclear Localization Signals,TRG,Monopartite variant of the classical basically charged NLS. C-extended version.,PF00514,Arm,Armadillo/beta-catenin-like repeat,[^DE]((K[RK])|(RK))(([^DE][KR])|([KR][^DE]))(([PKR])|([^DE][DE])),LRKQRR,537,542,BRCA1_HUMAN,Homo sapiens,8955125,true positive,23,2,disordered
ELME000278,TRG_NLS_MonoExtC_3,NLS classical Nuclear Localization Signals,TRG,Monopartite variant of the classical basically charged NLS. C-extended version.,PF00514,Arm,Armadillo/beta-catenin-like repeat,[^DE]((K[RK])|(RK))(([^DE][KR])|([KR][^DE]))(([PKR])|([^DE][DE])),LRKQRR,537,542,D2KNN0_ANAPH,Anaplasma phagocytophilum,19543390,true positive,23,2,disordered
ELME000278,TRG_NLS_MonoExtC_3,NLS classical Nuclear Localization Signals,TRG,Monopartite variant of the classical basically charged NLS. C-extended version.,PF00514,Arm,Armadillo/beta-catenin-like repeat,[^DE]((K[RK])|(RK))(([^DE][KR])|([KR][^DE]))(([PKR])|([^DE][DE])),LRKQRR,537,542,E1A_ADE05,Human adenovirus 5,3614197,true positive,23,2,disordered
ELME000278,TRG_NLS_MonoExtC_3,NLS classical Nuclear Localization Signals,TRG,Monopartite variant of the classical basically charged NLS. C-extended version.,PF00514,Arm,Armadillo/beta-catenin-like repeat,[^DE]((K[RK])|(RK))(([^DE][KR])|([KR][^DE]))(([PKR])|([^DE][DE])),LRKQRR,537,542,GAG_HV1H2,HIV-1 M:B_HXB2R,9918876,true positive,23,2,disordered
ELME000278,TRG_NLS_MonoExtC_3,NLS classical Nuclear Localization Signals,TRG,Monopartite variant of the classical basically charged NLS. C-extended version.,PF00514,Arm,Armadillo/beta-catenin-like repeat,[^DE]((K[RK])|(RK))(([^DE][KR])|([KR][^DE]))(([PKR])|([^DE][DE])),LRKQRR,537,542,H2B1_YEAST,Saccharomyces cerevisiae,3123916,true positive,23,2,disordered
ELME000278,TRG_NLS_MonoExtC_3,NLS classical Nuclear Localization Signals,TRG,Monopartite variant of the classical basically charged NLS. C-extended version.,PF00514,Arm,Armadillo/beta-catenin-like repeat,[^DE]((K[RK])|(RK))(([^DE][KR])|([KR][^DE]))(([PKR])|([^DE][DE])),LRKQRR,537,542,JARD2_MOUSE,Mus musculus,12890668,true positive,23,2,disordered
ELME000278,TRG_NLS_MonoExtC_3,NLS classical Nuclear Localization Signals,TRG,Monopartite variant of the classical basically charged NLS. C-extended version.,PF00514,Arm,Armadillo/beta-catenin-like repeat,[^DE]((K[RK])|(RK))(([^DE][KR])|([KR][^DE]))(([PKR])|([^DE][DE])),LRKQRR,537,542,JUN_AVIS1,Avian sarcoma virus 17,1584763,true positive,23,2,disordered
ELME000278,TRG_NLS_MonoExtC_3,NLS classical Nuclear Localization Signals,TRG,Monopartite variant of the classical basically charged NLS. C-extended version.,PF00514,Arm,Armadillo/beta-catenin-like repeat,[^DE]((K[RK])|(RK))(([^DE][KR])|([KR][^DE]))(([PKR])|([^DE][DE])),LRKQRR,537,542,JUN_CHICK,Gallus gallus,1584763,true positive,23,2,disordered
ELME000278,TRG_NLS_MonoExtC_3,NLS classical Nuclear Localization Signals,TRG,Monopartite variant of the classical basically charged NLS. C-extended version.,PF00514,Arm,Armadillo/beta-catenin-like repeat,[^DE]((K[RK])|(RK))(([^DE][KR])|([KR][^DE]))(([PKR])|([^DE][DE])),LRKQRR,537,542,LT_POVMA,Murine polyomavirus strain A2,3000623,true positive,23,2,disordered
ELME000278,TRG_NLS_MonoExtC_3,NLS classical Nuclear Localization Signals,TRG,Monopartite variant of the classical basically charged NLS. C-extended version.,PF00514,Arm,Armadillo/beta-catenin-like repeat,[^DE]((K[RK])|(RK))(([^DE][KR])|([KR][^DE]))(([PKR])|([^DE][DE])),LRKQRR,537,542,LT_SV40,Simian virus 40,6096007 12852786,true positive,23,2,disordered
ELME000278,TRG_NLS_MonoExtC_3,NLS classical Nuclear Localization Signals,TRG,Monopartite variant of the classical basically charged NLS. C-extended version.,PF00514,Arm,Armadillo/beta-catenin-like repeat,[^DE]((K[RK])|(RK))(([^DE][KR])|([KR][^DE]))(([PKR])|([^DE][DE])),LRKQRR,537,542,MYC_HUMAN,Homo sapiens,3054508 10745017,true positive,23,2,disordered
ELME000278,TRG_NLS_MonoExtC_3,NLS classical Nuclear Localization Signals,TRG,Monopartite variant of the classical basically charged NLS. C-extended version.,PF00514,Arm,Armadillo/beta-catenin-like repeat,[^DE]((K[RK])|(RK))(([^DE][KR])|([KR][^DE]))(([PKR])|([^DE][DE])),LRKQRR,537,542,NFKB1_HUMAN,Homo sapiens,12399470,true positive,23,2,disordered
ELME000278,TRG_NLS_MonoExtC_3,NLS classical Nuclear Localization Signals,TRG,Monopartite variant of the classical basically charged NLS. C-extended version.,PF00514,Arm,Armadillo/beta-catenin-like repeat,[^DE]((K[RK])|(RK))(([^DE][KR])|([KR][^DE]))(([PKR])|([^DE][DE])),LRKQRR,537,542,PHO4_YEAST,Saccharomyces cerevisiae S288c,9732266,true positive,23,2,disordered
ELME000278,TRG_NLS_MonoExtC_3,NLS classical Nuclear Localization Signals,TRG,Monopartite variant of the classical basically charged NLS. C-extended version.,PF00514,Arm,Armadillo/beta-catenin-like repeat,[^DE]((K[RK])|(RK))(([^DE][KR])|([KR][^DE]))(([PKR])|([^DE][DE])),LRKQRR,537,542,Q5ZUS4_LEGPH,Legionella pneumophila subsp. pneumophila str. Philadelphia 1,23797873,true positive,23,2,disordered
ELME000278,TRG_NLS_MonoExtC_3,NLS classical Nuclear Localization Signals,TRG,Monopartite variant of the classical basically charged NLS. C-extended version.,PF00514,Arm,Armadillo/beta-catenin-like repeat,[^DE]((K[RK])|(RK))(([^DE][KR])|([KR][^DE]))(([PKR])|([^DE][DE])),LRKQRR,537,542,REX_HTL1A,Human T-cell lymphotrophic virus type 1 (strain ATK),9891056,true positive,23,2,disordered
ELME000278,TRG_NLS_MonoExtC_3,NLS classical Nuclear Localization Signals,TRG,Monopartite variant of the classical basically charged NLS. C-extended version.,PF00514,Arm,Armadillo/beta-catenin-like repeat,[^DE]((K[RK])|(RK))(([^DE][KR])|([KR][^DE]))(([PKR])|([^DE][DE])),LRKQRR,537,542,TF65_HUMAN,Homo sapiens,1340770,true positive,23,2,disordered
ELME000278,TRG_NLS_MonoExtC_3,NLS classical Nuclear Localization Signals,TRG,Monopartite variant of the classical basically charged NLS. C-extended version.,PF00514,Arm,Armadillo/beta-catenin-like repeat,[^DE]((K[RK])|(RK))(([^DE][KR])|([KR][^DE]))(([PKR])|([^DE][DE])),LRKQRR,537,542,VIRD2_RHIRD,Agrobacterium tumefaciens,8391110,true positive,23,2,disordered
ELME000278,TRG_NLS_MonoExtC_3,NLS classical Nuclear Localization Signals,TRG,Monopartite variant of the classical basically charged NLS. C-extended version.,PF00514,Arm,Armadillo/beta-catenin-like repeat,[^DE]((K[RK])|(RK))(([^DE][KR])|([KR][^DE]))(([PKR])|([^DE][DE])),LRKQRR,537,542,VP2_POVMA,Murine polyomavirus strain A2,1333132,true positive,23,2,disordered
