Instance_accession,ELMIdentifier,FunctionalSiteName,ELMType,Description,InteractionDomainId,InteractionDomainDescription,InteractionDomainName,Regex,Instances (Matched Sequence),motif_start_in_query,motif_end_in_query,ProteinName,Organism,References,InstanceLogic,#Instances,#Instances_in_PDB,IUPred
ELME000321,CLV_C14_Caspase3-7,Caspase cleavage motif,CLV,Caspase-3 and Caspase-7 cleavage site.,PF00656,Peptidase_C14,Caspase domain,[DSTE][^P][^DEWHFYC]D[GSAN],TSMDS,407,411,A0A0H3NIK3_SALTS,Salmonella enterica subsp. enterica serovar Typhimurium str. SL1344,20947770,true positive,41,0,disordered
ELME000321,CLV_C14_Caspase3-7,Caspase cleavage motif,CLV,Caspase-3 and Caspase-7 cleavage site.,PF00656,Peptidase_C14,Caspase domain,[DSTE][^P][^DEWHFYC]D[GSAN],TSMDS,407,411,ATN1_HUMAN,Homo sapiens,10085113 9535906,true positive,41,0,disordered
ELME000321,CLV_C14_Caspase3-7,Caspase cleavage motif,CLV,Caspase-3 and Caspase-7 cleavage site.,PF00656,Peptidase_C14,Caspase domain,[DSTE][^P][^DEWHFYC]D[GSAN],TSMDS,407,411,BCAR1_RAT,Rattus norvegicus,10712510,true positive,41,0,disordered
ELME000321,CLV_C14_Caspase3-7,Caspase cleavage motif,CLV,Caspase-3 and Caspase-7 cleavage site.,PF00656,Peptidase_C14,Caspase domain,[DSTE][^P][^DEWHFYC]D[GSAN],TSMDS,407,411,CADH1_HUMAN,Homo sapiens,11076937,true positive,41,0,disordered
ELME000321,CLV_C14_Caspase3-7,Caspase cleavage motif,CLV,Caspase-3 and Caspase-7 cleavage site.,PF00656,Peptidase_C14,Caspase domain,[DSTE][^P][^DEWHFYC]D[GSAN],TSMDS,407,411,CASP6_HUMAN,Homo sapiens,8900201,true positive,41,0,disordered
ELME000321,CLV_C14_Caspase3-7,Caspase cleavage motif,CLV,Caspase-3 and Caspase-7 cleavage site.,PF00656,Peptidase_C14,Caspase domain,[DSTE][^P][^DEWHFYC]D[GSAN],TSMDS,407,411,CASP9_HUMAN,Homo sapiens,8900201,true positive,41,0,disordered
ELME000321,CLV_C14_Caspase3-7,Caspase cleavage motif,CLV,Caspase-3 and Caspase-7 cleavage site.,PF00656,Peptidase_C14,Caspase domain,[DSTE][^P][^DEWHFYC]D[GSAN],TSMDS,407,411,CDC6_HUMAN,Homo sapiens,14517333,true positive,41,0,disordered
ELME000321,CLV_C14_Caspase3-7,Caspase cleavage motif,CLV,Caspase-3 and Caspase-7 cleavage site.,PF00656,Peptidase_C14,Caspase domain,[DSTE][^P][^DEWHFYC]D[GSAN],TSMDS,407,411,CLSPN_HUMAN,Homo sapiens,17431426,true positive,41,0,disordered
ELME000321,CLV_C14_Caspase3-7,Caspase cleavage motif,CLV,Caspase-3 and Caspase-7 cleavage site.,PF00656,Peptidase_C14,Caspase domain,[DSTE][^P][^DEWHFYC]D[GSAN],TSMDS,407,411,DSG1_HUMAN,Homo sapiens,16286477,true positive,41,0,disordered
ELME000321,CLV_C14_Caspase3-7,Caspase cleavage motif,CLV,Caspase-3 and Caspase-7 cleavage site.,PF00656,Peptidase_C14,Caspase domain,[DSTE][^P][^DEWHFYC]D[GSAN],TSMDS,407,411,DSG3_HUMAN,Homo sapiens,11500511,true positive,41,0,disordered
ELME000321,CLV_C14_Caspase3-7,Caspase cleavage motif,CLV,Caspase-3 and Caspase-7 cleavage site.,PF00656,Peptidase_C14,Caspase domain,[DSTE][^P][^DEWHFYC]D[GSAN],TSMDS,407,411,GDIR2_HUMAN,Homo sapiens,8626669,true positive,41,0,disordered
ELME000321,CLV_C14_Caspase3-7,Caspase cleavage motif,CLV,Caspase-3 and Caspase-7 cleavage site.,PF00656,Peptidase_C14,Caspase domain,[DSTE][^P][^DEWHFYC]D[GSAN],TSMDS,407,411,GORS1_RAT,Rattus norvegicus,11815631,true positive,41,0,disordered
ELME000321,CLV_C14_Caspase3-7,Caspase cleavage motif,CLV,Caspase-3 and Caspase-7 cleavage site.,PF00656,Peptidase_C14,Caspase domain,[DSTE][^P][^DEWHFYC]D[GSAN],TSMDS,407,411,HD_HUMAN,Homo sapiens,16777606,true positive,41,0,disordered
ELME000321,CLV_C14_Caspase3-7,Caspase cleavage motif,CLV,Caspase-3 and Caspase-7 cleavage site.,PF00656,Peptidase_C14,Caspase domain,[DSTE][^P][^DEWHFYC]D[GSAN],TSMDS,407,411,IL16_MOUSE,Mus musculus,10479680,true positive,41,0,disordered
ELME000321,CLV_C14_Caspase3-7,Caspase cleavage motif,CLV,Caspase-3 and Caspase-7 cleavage site.,PF00656,Peptidase_C14,Caspase domain,[DSTE][^P][^DEWHFYC]D[GSAN],TSMDS,407,411,JIP1_HUMAN,Homo sapiens,21237154,true positive,41,0,disordered
ELME000321,CLV_C14_Caspase3-7,Caspase cleavage motif,CLV,Caspase-3 and Caspase-7 cleavage site.,PF00656,Peptidase_C14,Caspase domain,[DSTE][^P][^DEWHFYC]D[GSAN],TSMDS,407,411,KPCD_HUMAN,Homo sapiens,8557034,true positive,41,0,disordered
ELME000321,CLV_C14_Caspase3-7,Caspase cleavage motif,CLV,Caspase-3 and Caspase-7 cleavage site.,PF00656,Peptidase_C14,Caspase domain,[DSTE][^P][^DEWHFYC]D[GSAN],TSMDS,407,411,PAK2_HUMAN,Homo sapiens,9171063,true positive,41,0,disordered
ELME000321,CLV_C14_Caspase3-7,Caspase cleavage motif,CLV,Caspase-3 and Caspase-7 cleavage site.,PF00656,Peptidase_C14,Caspase domain,[DSTE][^P][^DEWHFYC]D[GSAN],TSMDS,407,411,PARP1_HUMAN,Homo sapiens,8090205,true positive,41,0,disordered
ELME000321,CLV_C14_Caspase3-7,Caspase cleavage motif,CLV,Caspase-3 and Caspase-7 cleavage site.,PF00656,Peptidase_C14,Caspase domain,[DSTE][^P][^DEWHFYC]D[GSAN],TSMDS,407,411,PRKDC_HUMAN,Homo sapiens,8670824,true positive,41,0,disordered
ELME000321,CLV_C14_Caspase3-7,Caspase cleavage motif,CLV,Caspase-3 and Caspase-7 cleavage site.,PF00656,Peptidase_C14,Caspase domain,[DSTE][^P][^DEWHFYC]D[GSAN],TSMDS,407,411,PTEN_HUMAN,Homo sapiens,12788938,true positive,41,0,disordered
ELME000321,CLV_C14_Caspase3-7,Caspase cleavage motif,CLV,Caspase-3 and Caspase-7 cleavage site.,PF00656,Peptidase_C14,Caspase domain,[DSTE][^P][^DEWHFYC]D[GSAN],TSMDS,407,411,RB_HUMAN,Homo sapiens,11420704,true positive,41,0,disordered
ELME000321,CLV_C14_Caspase3-7,Caspase cleavage motif,CLV,Caspase-3 and Caspase-7 cleavage site.,PF00656,Peptidase_C14,Caspase domain,[DSTE][^P][^DEWHFYC]D[GSAN],TSMDS,407,411,ROCK1_HUMAN,Homo sapiens,11283607,true positive,41,0,disordered
ELME000321,CLV_C14_Caspase3-7,Caspase cleavage motif,CLV,Caspase-3 and Caspase-7 cleavage site.,PF00656,Peptidase_C14,Caspase domain,[DSTE][^P][^DEWHFYC]D[GSAN],TSMDS,407,411,RU17_HUMAN,Homo sapiens,8642305,true positive,41,0,disordered
ELME000321,CLV_C14_Caspase3-7,Caspase cleavage motif,CLV,Caspase-3 and Caspase-7 cleavage site.,PF00656,Peptidase_C14,Caspase domain,[DSTE][^P][^DEWHFYC]D[GSAN],TSMDS,407,411,SIPA_SALTS,Salmonella enterica subsp. enterica serovar Typhimurium str. SL1344,20947770,true positive,41,0,disordered
ELME000321,CLV_C14_Caspase3-7,Caspase cleavage motif,CLV,Caspase-3 and Caspase-7 cleavage site.,PF00656,Peptidase_C14,Caspase domain,[DSTE][^P][^DEWHFYC]D[GSAN],TSMDS,407,411,SND1_HUMAN,Homo sapiens,19820703,true positive,41,0,disordered
ELME000321,CLV_C14_Caspase3-7,Caspase cleavage motif,CLV,Caspase-3 and Caspase-7 cleavage site.,PF00656,Peptidase_C14,Caspase domain,[DSTE][^P][^DEWHFYC]D[GSAN],TSMDS,407,411,SPTA2_HUMAN,Homo sapiens,9712874,true positive,41,0,disordered
ELME000321,CLV_C14_Caspase3-7,Caspase cleavage motif,CLV,Caspase-3 and Caspase-7 cleavage site.,PF00656,Peptidase_C14,Caspase domain,[DSTE][^P][^DEWHFYC]D[GSAN],TSMDS,407,411,SPTB2_HUMAN,Homo sapiens,9712874,true positive,41,0,disordered
ELME000321,CLV_C14_Caspase3-7,Caspase cleavage motif,CLV,Caspase-3 and Caspase-7 cleavage site.,PF00656,Peptidase_C14,Caspase domain,[DSTE][^P][^DEWHFYC]D[GSAN],TSMDS,407,411,SRBP1_HUMAN,Homo sapiens,7629113,true positive,41,0,disordered
ELME000321,CLV_C14_Caspase3-7,Caspase cleavage motif,CLV,Caspase-3 and Caspase-7 cleavage site.,PF00656,Peptidase_C14,Caspase domain,[DSTE][^P][^DEWHFYC]D[GSAN],TSMDS,407,411,SRBP2_HUMAN,Homo sapiens,8605870,true positive,41,0,disordered
ELME000321,CLV_C14_Caspase3-7,Caspase cleavage motif,CLV,Caspase-3 and Caspase-7 cleavage site.,PF00656,Peptidase_C14,Caspase domain,[DSTE][^P][^DEWHFYC]D[GSAN],TSMDS,407,411,STK3_HUMAN,Homo sapiens,11278283,true positive,41,0,disordered
ELME000321,CLV_C14_Caspase3-7,Caspase cleavage motif,CLV,Caspase-3 and Caspase-7 cleavage site.,PF00656,Peptidase_C14,Caspase domain,[DSTE][^P][^DEWHFYC]D[GSAN],TSMDS,407,411,STK4_HUMAN,Homo sapiens,11278283 11278782,true positive,41,0,disordered
ELME000321,CLV_C14_Caspase3-7,Caspase cleavage motif,CLV,Caspase-3 and Caspase-7 cleavage site.,PF00656,Peptidase_C14,Caspase domain,[DSTE][^P][^DEWHFYC]D[GSAN],TSMDS,407,411,VDR_HUMAN,Homo sapiens,18832097,true positive,41,0,disordered
ELME000102,CLV_NRD_NRD_1,NRD cleavage site,CLV,N-Arg dibasic convertase (NRD/Nardilysin) cleavage site (X-|-R-K or R-|-R-X).,PF00675,Peptidase_M16,Insulinase (Peptidase family M16),(.RK)|(RR[^KR]),ARK,322,324,PDYN_RAT,Rattus norvegicus,8294457,true positive,2,0,disordered
ELME000102,CLV_NRD_NRD_1,NRD cleavage site,CLV,N-Arg dibasic convertase (NRD/Nardilysin) cleavage site (X-|-R-K or R-|-R-X).,PF00675,Peptidase_M16,Insulinase (Peptidase family M16),(.RK)|(RR[^KR]),ARK,322,324,SMS_RAT,Rattus norvegicus,8294457,true positive,2,0,disordered
ELME000102,CLV_NRD_NRD_1,NRD cleavage site,CLV,N-Arg dibasic convertase (NRD/Nardilysin) cleavage site (X-|-R-K or R-|-R-X).,PF00675,Peptidase_M16,Insulinase (Peptidase family M16),(.RK)|(RR[^KR]),RRG,535,537,PDYN_RAT,Rattus norvegicus,8294457,true positive,2,0,disordered
ELME000102,CLV_NRD_NRD_1,NRD cleavage site,CLV,N-Arg dibasic convertase (NRD/Nardilysin) cleavage site (X-|-R-K or R-|-R-X).,PF00675,Peptidase_M16,Insulinase (Peptidase family M16),(.RK)|(RR[^KR]),RRG,535,537,SMS_RAT,Rattus norvegicus,8294457,true positive,2,0,disordered
ELME000101,CLV_PCSK_FUR_1,PCSK cleavage site,CLV,Furin (PACE) cleavage site (R-X-[RK]-R-|-X).,PF00082,Peptidase_S8,Subtilase family,R.[RK]R.,RRRRR,531,535,BMP1_HUMAN,Homo sapiens,12637569,true positive,13,0,disordered
ELME000101,CLV_PCSK_FUR_1,PCSK cleavage site,CLV,Furin (PACE) cleavage site (R-X-[RK]-R-|-X).,PF00082,Peptidase_S8,Subtilase family,R.[RK]R.,RRRRR,531,535,ENV_FFV,Feline foamy virus,15564468,true positive,13,0,disordered
ELME000101,CLV_PCSK_FUR_1,PCSK cleavage site,CLV,Furin (PACE) cleavage site (R-X-[RK]-R-|-X).,PF00082,Peptidase_S8,Subtilase family,R.[RK]R.,RRRRR,531,535,ENV_HTLV2,Human T-lymphotropic virus 2,12487813,true positive,13,0,disordered
ELME000101,CLV_PCSK_FUR_1,PCSK cleavage site,CLV,Furin (PACE) cleavage site (R-X-[RK]-R-|-X).,PF00082,Peptidase_S8,Subtilase family,R.[RK]R.,RRRRR,531,535,ENV_HV1B1,Human immunodeficiency virus type 1 BH10,11063880,true positive,13,0,disordered
ELME000101,CLV_PCSK_FUR_1,PCSK cleavage site,CLV,Furin (PACE) cleavage site (R-X-[RK]-R-|-X).,PF00082,Peptidase_S8,Subtilase family,R.[RK]R.,RRRRR,531,535,ENV_HV1H2,HIV-1 M:B_HXB2R,8163529 7774724,true positive,13,0,disordered
ELME000101,CLV_PCSK_FUR_1,PCSK cleavage site,CLV,Furin (PACE) cleavage site (R-X-[RK]-R-|-X).,PF00082,Peptidase_S8,Subtilase family,R.[RK]R.,RRRRR,531,535,FUS_HRSVA,Human respiratory syncytial virus A2,11369882,true positive,13,0,disordered
ELME000101,CLV_PCSK_FUR_1,PCSK cleavage site,CLV,Furin (PACE) cleavage site (R-X-[RK]-R-|-X).,PF00082,Peptidase_S8,Subtilase family,R.[RK]R.,RRRRR,531,535,GB_EBVB9,Human herpesvirus 4 (strain B95-8),19218203,true positive,13,0,disordered
ELME000101,CLV_PCSK_FUR_1,PCSK cleavage site,CLV,Furin (PACE) cleavage site (R-X-[RK]-R-|-X).,PF00082,Peptidase_S8,Subtilase family,R.[RK]R.,RRRRR,531,535,POLG_DEN1B,Dengue virus 1 Brazil/97-11/1997,20062797,true positive,13,0,disordered
ELME000101,CLV_PCSK_FUR_1,PCSK cleavage site,CLV,Furin (PACE) cleavage site (R-X-[RK]-R-|-X).,PF00082,Peptidase_S8,Subtilase family,R.[RK]R.,RRRRR,531,535,SPIKE_IBVB,Avian infectious bronchitis virus (strain Beaudette),19553314,true positive,13,0,disordered
ELME000101,CLV_PCSK_FUR_1,PCSK cleavage site,CLV,Furin (PACE) cleavage site (R-X-[RK]-R-|-X).,PF00082,Peptidase_S8,Subtilase family,R.[RK]R.,RRRRR,531,535,VGP_EBOZM,"Ebola virus - Mayinga, Zaire, 1976",9576958,true positive,13,0,disordered
ELME000101,CLV_PCSK_FUR_1,PCSK cleavage site,CLV,Furin (PACE) cleavage site (R-X-[RK]-R-|-X).,PF00082,Peptidase_S8,Subtilase family,R.[RK]R.,RRRRR,531,535,VL2_HPV16,Human papillomavirus type 16,16432208,true positive,13,0,disordered
ELME000101,CLV_PCSK_FUR_1,PCSK cleavage site,CLV,Furin (PACE) cleavage site (R-X-[RK]-R-|-X).,PF00082,Peptidase_S8,Subtilase family,R.[RK]R.,RRRRR,531,535,VSGP_EBOZM,"Ebola virus - Mayinga, Zaire, 1976",10603327,true positive,13,0,disordered
ELME000101,CLV_PCSK_FUR_1,PCSK cleavage site,CLV,Furin (PACE) cleavage site (R-X-[RK]-R-|-X).,PF00082,Peptidase_S8,Subtilase family,R.[RK]R.,RRRRR,532,536,BMP1_HUMAN,Homo sapiens,12637569,true positive,13,0,disordered
ELME000101,CLV_PCSK_FUR_1,PCSK cleavage site,CLV,Furin (PACE) cleavage site (R-X-[RK]-R-|-X).,PF00082,Peptidase_S8,Subtilase family,R.[RK]R.,RRRRR,532,536,ENV_FFV,Feline foamy virus,15564468,true positive,13,0,disordered
ELME000101,CLV_PCSK_FUR_1,PCSK cleavage site,CLV,Furin (PACE) cleavage site (R-X-[RK]-R-|-X).,PF00082,Peptidase_S8,Subtilase family,R.[RK]R.,RRRRR,532,536,ENV_HTLV2,Human T-lymphotropic virus 2,12487813,true positive,13,0,disordered
ELME000101,CLV_PCSK_FUR_1,PCSK cleavage site,CLV,Furin (PACE) cleavage site (R-X-[RK]-R-|-X).,PF00082,Peptidase_S8,Subtilase family,R.[RK]R.,RRRRR,532,536,ENV_HV1B1,Human immunodeficiency virus type 1 BH10,11063880,true positive,13,0,disordered
ELME000101,CLV_PCSK_FUR_1,PCSK cleavage site,CLV,Furin (PACE) cleavage site (R-X-[RK]-R-|-X).,PF00082,Peptidase_S8,Subtilase family,R.[RK]R.,RRRRR,532,536,ENV_HV1H2,HIV-1 M:B_HXB2R,8163529 7774724,true positive,13,0,disordered
ELME000101,CLV_PCSK_FUR_1,PCSK cleavage site,CLV,Furin (PACE) cleavage site (R-X-[RK]-R-|-X).,PF00082,Peptidase_S8,Subtilase family,R.[RK]R.,RRRRR,532,536,FUS_HRSVA,Human respiratory syncytial virus A2,11369882,true positive,13,0,disordered
ELME000101,CLV_PCSK_FUR_1,PCSK cleavage site,CLV,Furin (PACE) cleavage site (R-X-[RK]-R-|-X).,PF00082,Peptidase_S8,Subtilase family,R.[RK]R.,RRRRR,532,536,GB_EBVB9,Human herpesvirus 4 (strain B95-8),19218203,true positive,13,0,disordered
ELME000101,CLV_PCSK_FUR_1,PCSK cleavage site,CLV,Furin (PACE) cleavage site (R-X-[RK]-R-|-X).,PF00082,Peptidase_S8,Subtilase family,R.[RK]R.,RRRRR,532,536,POLG_DEN1B,Dengue virus 1 Brazil/97-11/1997,20062797,true positive,13,0,disordered
ELME000101,CLV_PCSK_FUR_1,PCSK cleavage site,CLV,Furin (PACE) cleavage site (R-X-[RK]-R-|-X).,PF00082,Peptidase_S8,Subtilase family,R.[RK]R.,RRRRR,532,536,SPIKE_IBVB,Avian infectious bronchitis virus (strain Beaudette),19553314,true positive,13,0,disordered
ELME000101,CLV_PCSK_FUR_1,PCSK cleavage site,CLV,Furin (PACE) cleavage site (R-X-[RK]-R-|-X).,PF00082,Peptidase_S8,Subtilase family,R.[RK]R.,RRRRR,532,536,VGP_EBOZM,"Ebola virus - Mayinga, Zaire, 1976",9576958,true positive,13,0,disordered
ELME000101,CLV_PCSK_FUR_1,PCSK cleavage site,CLV,Furin (PACE) cleavage site (R-X-[RK]-R-|-X).,PF00082,Peptidase_S8,Subtilase family,R.[RK]R.,RRRRR,532,536,VL2_HPV16,Human papillomavirus type 16,16432208,true positive,13,0,disordered
ELME000101,CLV_PCSK_FUR_1,PCSK cleavage site,CLV,Furin (PACE) cleavage site (R-X-[RK]-R-|-X).,PF00082,Peptidase_S8,Subtilase family,R.[RK]R.,RRRRR,532,536,VSGP_EBOZM,"Ebola virus - Mayinga, Zaire, 1976",10603327,true positive,13,0,disordered
ELME000101,CLV_PCSK_FUR_1,PCSK cleavage site,CLV,Furin (PACE) cleavage site (R-X-[RK]-R-|-X).,PF00082,Peptidase_S8,Subtilase family,R.[RK]R.,RRRRG,533,537,BMP1_HUMAN,Homo sapiens,12637569,true positive,13,0,disordered
ELME000101,CLV_PCSK_FUR_1,PCSK cleavage site,CLV,Furin (PACE) cleavage site (R-X-[RK]-R-|-X).,PF00082,Peptidase_S8,Subtilase family,R.[RK]R.,RRRRG,533,537,ENV_FFV,Feline foamy virus,15564468,true positive,13,0,disordered
ELME000101,CLV_PCSK_FUR_1,PCSK cleavage site,CLV,Furin (PACE) cleavage site (R-X-[RK]-R-|-X).,PF00082,Peptidase_S8,Subtilase family,R.[RK]R.,RRRRG,533,537,ENV_HTLV2,Human T-lymphotropic virus 2,12487813,true positive,13,0,disordered
ELME000101,CLV_PCSK_FUR_1,PCSK cleavage site,CLV,Furin (PACE) cleavage site (R-X-[RK]-R-|-X).,PF00082,Peptidase_S8,Subtilase family,R.[RK]R.,RRRRG,533,537,ENV_HV1B1,Human immunodeficiency virus type 1 BH10,11063880,true positive,13,0,disordered
ELME000101,CLV_PCSK_FUR_1,PCSK cleavage site,CLV,Furin (PACE) cleavage site (R-X-[RK]-R-|-X).,PF00082,Peptidase_S8,Subtilase family,R.[RK]R.,RRRRG,533,537,ENV_HV1H2,HIV-1 M:B_HXB2R,8163529 7774724,true positive,13,0,disordered
ELME000101,CLV_PCSK_FUR_1,PCSK cleavage site,CLV,Furin (PACE) cleavage site (R-X-[RK]-R-|-X).,PF00082,Peptidase_S8,Subtilase family,R.[RK]R.,RRRRG,533,537,FUS_HRSVA,Human respiratory syncytial virus A2,11369882,true positive,13,0,disordered
ELME000101,CLV_PCSK_FUR_1,PCSK cleavage site,CLV,Furin (PACE) cleavage site (R-X-[RK]-R-|-X).,PF00082,Peptidase_S8,Subtilase family,R.[RK]R.,RRRRG,533,537,GB_EBVB9,Human herpesvirus 4 (strain B95-8),19218203,true positive,13,0,disordered
ELME000101,CLV_PCSK_FUR_1,PCSK cleavage site,CLV,Furin (PACE) cleavage site (R-X-[RK]-R-|-X).,PF00082,Peptidase_S8,Subtilase family,R.[RK]R.,RRRRG,533,537,POLG_DEN1B,Dengue virus 1 Brazil/97-11/1997,20062797,true positive,13,0,disordered
ELME000101,CLV_PCSK_FUR_1,PCSK cleavage site,CLV,Furin (PACE) cleavage site (R-X-[RK]-R-|-X).,PF00082,Peptidase_S8,Subtilase family,R.[RK]R.,RRRRG,533,537,SPIKE_IBVB,Avian infectious bronchitis virus (strain Beaudette),19553314,true positive,13,0,disordered
ELME000101,CLV_PCSK_FUR_1,PCSK cleavage site,CLV,Furin (PACE) cleavage site (R-X-[RK]-R-|-X).,PF00082,Peptidase_S8,Subtilase family,R.[RK]R.,RRRRG,533,537,VGP_EBOZM,"Ebola virus - Mayinga, Zaire, 1976",9576958,true positive,13,0,disordered
ELME000101,CLV_PCSK_FUR_1,PCSK cleavage site,CLV,Furin (PACE) cleavage site (R-X-[RK]-R-|-X).,PF00082,Peptidase_S8,Subtilase family,R.[RK]R.,RRRRG,533,537,VL2_HPV16,Human papillomavirus type 16,16432208,true positive,13,0,disordered
ELME000101,CLV_PCSK_FUR_1,PCSK cleavage site,CLV,Furin (PACE) cleavage site (R-X-[RK]-R-|-X).,PF00082,Peptidase_S8,Subtilase family,R.[RK]R.,RRRRG,533,537,VSGP_EBOZM,"Ebola virus - Mayinga, Zaire, 1976",10603327,true positive,13,0,disordered
ELME000108,CLV_PCSK_KEX2_1,PCSK cleavage site,CLV,Yeast kexin 2 cleavage site (K-R-|-X or R-R-|-X).,PF00082,Peptidase_S8,Subtilase family,[KR]R.,KRR,530,532,CIS3_YEAST,Saccharomyces cerevisiae S288c,10438739,true positive,1,0,disordered
ELME000108,CLV_PCSK_KEX2_1,PCSK cleavage site,CLV,Yeast kexin 2 cleavage site (K-R-|-X or R-R-|-X).,PF00082,Peptidase_S8,Subtilase family,[KR]R.,RRR,531,533,CIS3_YEAST,Saccharomyces cerevisiae S288c,10438739,true positive,1,0,disordered
ELME000108,CLV_PCSK_KEX2_1,PCSK cleavage site,CLV,Yeast kexin 2 cleavage site (K-R-|-X or R-R-|-X).,PF00082,Peptidase_S8,Subtilase family,[KR]R.,RRR,532,534,CIS3_YEAST,Saccharomyces cerevisiae S288c,10438739,true positive,1,0,disordered
ELME000108,CLV_PCSK_KEX2_1,PCSK cleavage site,CLV,Yeast kexin 2 cleavage site (K-R-|-X or R-R-|-X).,PF00082,Peptidase_S8,Subtilase family,[KR]R.,RRR,533,535,CIS3_YEAST,Saccharomyces cerevisiae S288c,10438739,true positive,1,0,disordered
ELME000108,CLV_PCSK_KEX2_1,PCSK cleavage site,CLV,Yeast kexin 2 cleavage site (K-R-|-X or R-R-|-X).,PF00082,Peptidase_S8,Subtilase family,[KR]R.,RRR,534,536,CIS3_YEAST,Saccharomyces cerevisiae S288c,10438739,true positive,1,0,disordered
ELME000108,CLV_PCSK_KEX2_1,PCSK cleavage site,CLV,Yeast kexin 2 cleavage site (K-R-|-X or R-R-|-X).,PF00082,Peptidase_S8,Subtilase family,[KR]R.,RRG,535,537,CIS3_YEAST,Saccharomyces cerevisiae S288c,10438739,true positive,1,0,disordered
ELME000100,CLV_PCSK_PC1ET2_1,PCSK cleavage site,CLV,NEC1/NEC2 cleavage site (K-R-|-X).,PF00082,Peptidase_S8,Subtilase family,KR.,KRR,530,532,COLI_MOUSE,Mus musculus,2023902,true positive,6,0,disordered
ELME000100,CLV_PCSK_PC1ET2_1,PCSK cleavage site,CLV,NEC1/NEC2 cleavage site (K-R-|-X).,PF00082,Peptidase_S8,Subtilase family,KR.,KRR,530,532,PDYN_RAT,Rattus norvegicus,8276115,true positive,6,0,disordered
ELME000100,CLV_PCSK_PC1ET2_1,PCSK cleavage site,CLV,NEC1/NEC2 cleavage site (K-R-|-X).,PF00082,Peptidase_S8,Subtilase family,KR.,KRR,530,532,RENI2_MOUSE,Mus musculus,2015816,true positive,6,0,disordered
ELME000100,CLV_PCSK_PC1ET2_1,PCSK cleavage site,CLV,NEC1/NEC2 cleavage site (K-R-|-X).,PF00082,Peptidase_S8,Subtilase family,KR.,KRR,530,532,RENI_HUMAN,Homo sapiens,1597471 2015816,true positive,6,0,disordered
ELME000103,CLV_PCSK_PC7_1,PCSK cleavage site,CLV,"Proprotein convertase 7 (PC7, PCSK7) cleavage site (R-X-X-X-[RK]-R-|-X).",PF00082,Peptidase_S8,Subtilase family,R...[KR]R.,RRRRRRG,531,537,BMP4_HUMAN,Homo sapiens,19651771,true positive,1,0,disordered
ELME000146,CLV_PCSK_SKI1_1,PCSK cleavage site,CLV,Subtilisin/kexin isozyme-1 (SKI1) cleavage site ([RK]-X-[hydrophobic]-[LTKF]-|-X).,PF00082,Peptidase_S8,Subtilase family,[RK].[AILMFV][LTKF].,RDVTD,349,353,ATF6A_HUMAN,Homo sapiens,11163209,true positive,2,0,disordered
ELME000146,CLV_PCSK_SKI1_1,PCSK cleavage site,CLV,Subtilisin/kexin isozyme-1 (SKI1) cleavage site ([RK]-X-[hydrophobic]-[LTKF]-|-X).,PF00082,Peptidase_S8,Subtilase family,[RK].[AILMFV][LTKF].,RDVTD,349,353,SRBP2_HUMAN,Homo sapiens,9139737,true positive,2,0,disordered
ELME000146,CLV_PCSK_SKI1_1,PCSK cleavage site,CLV,Subtilisin/kexin isozyme-1 (SKI1) cleavage site ([RK]-X-[hydrophobic]-[LTKF]-|-X).,PF00082,Peptidase_S8,Subtilase family,[RK].[AILMFV][LTKF].,RDVTD,377,381,ATF6A_HUMAN,Homo sapiens,11163209,true positive,2,0,disordered
ELME000146,CLV_PCSK_SKI1_1,PCSK cleavage site,CLV,Subtilisin/kexin isozyme-1 (SKI1) cleavage site ([RK]-X-[hydrophobic]-[LTKF]-|-X).,PF00082,Peptidase_S8,Subtilase family,[RK].[AILMFV][LTKF].,RDVTD,377,381,SRBP2_HUMAN,Homo sapiens,9139737,true positive,2,0,disordered
ELME000239,DOC_USP7_MATH_1,USP7 binding motif,DOC,The USP7 MATH domain binding motif variant based on the MDM2 and p53 interactions.,PF00917,MATH,MATH domain,[PA][^P][^FYWIL]S[^P],AGRSE,364,368,MDM2_HUMAN,Homo sapiens,16474402,true positive,10,6,disordered
ELME000239,DOC_USP7_MATH_1,USP7 binding motif,DOC,The USP7 MATH domain binding motif variant based on the MDM2 and p53 interactions.,PF00917,MATH,MATH domain,[PA][^P][^FYWIL]S[^P],AGRSE,364,368,MDM2_HUMAN,Homo sapiens,16402859,true positive,10,6,disordered
ELME000239,DOC_USP7_MATH_1,USP7 binding motif,DOC,The USP7 MATH domain binding motif variant based on the MDM2 and p53 interactions.,PF00917,MATH,MATH domain,[PA][^P][^FYWIL]S[^P],AGRSE,364,368,MDM2_HUMAN,Homo sapiens,20713061,true positive,10,6,disordered
ELME000239,DOC_USP7_MATH_1,USP7 binding motif,DOC,The USP7 MATH domain binding motif variant based on the MDM2 and p53 interactions.,PF00917,MATH,MATH domain,[PA][^P][^FYWIL]S[^P],AGRSE,364,368,MDM4_HUMAN,Homo sapiens,20713061,true positive,10,6,disordered
ELME000239,DOC_USP7_MATH_1,USP7 binding motif,DOC,The USP7 MATH domain binding motif variant based on the MDM2 and p53 interactions.,PF00917,MATH,MATH domain,[PA][^P][^FYWIL]S[^P],AGRSE,364,368,P53_HUMAN,Homo sapiens,16474402 16402859,true positive,10,6,disordered
ELME000239,DOC_USP7_MATH_1,USP7 binding motif,DOC,The USP7 MATH domain binding motif variant based on the MDM2 and p53 interactions.,PF00917,MATH,MATH domain,[PA][^P][^FYWIL]S[^P],AGRSE,364,368,P53_HUMAN,Homo sapiens,16474402,true positive,10,6,disordered
ELME000436,LIG_APCC_ABBAyCdc20_2,APCC activator-binding ABBA motif,LIG,Amphipathic motif that binds to yeast Cdc20 and acts as an APC/C degron enabling cyclin Clb5 degradation during mitosis.,PF00400,WD40,"WD domain, G-beta repeat",[KR]..[ILVM][FHY].[DE],RSEVHPE,366,372,CGS5_YEAST,Saccharomyces cerevisiae S288c,25287299,true positive,2,0,disordered
ELME000436,LIG_APCC_ABBAyCdc20_2,APCC activator-binding ABBA motif,LIG,Amphipathic motif that binds to yeast Cdc20 and acts as an APC/C degron enabling cyclin Clb5 degradation during mitosis.,PF00400,WD40,"WD domain, G-beta repeat",[KR]..[ILVM][FHY].[DE],RSEVHPE,366,372,MAD3_YEAST,Saccharomyces cerevisiae,,unknown,2,0,disordered
ELME000052,LIG_FHA_1,FHA phosphopeptide ligands,LIG,Phosphothreonine motif binding a subset of FHA domains that show a preference for a large aliphatic amino acid at the pT+3 position.,PF00498,FHA,FHA domain,..(T)..[ILV].,NHTIQVT,424,430,CHK2_HUMAN,Homo sapiens,12049740,true positive,6,3,disordered
ELME000052,LIG_FHA_1,FHA phosphopeptide ligands,LIG,Phosphothreonine motif binding a subset of FHA domains that show a preference for a large aliphatic amino acid at the pT+3 position.,PF00498,FHA,FHA domain,..(T)..[ILV].,NHTIQVT,424,430,CLV1_ARATH,Arabidopsis thaliana,16042389,true positive,6,3,disordered
ELME000052,LIG_FHA_1,FHA phosphopeptide ligands,LIG,Phosphothreonine motif binding a subset of FHA domains that show a preference for a large aliphatic amino acid at the pT+3 position.,PF00498,FHA,FHA domain,..(T)..[ILV].,NHTIQVT,424,430,GARA_MYCTU,Mycobacterium tuberculosis H37Rv,19318624,true positive,6,3,disordered
ELME000052,LIG_FHA_1,FHA phosphopeptide ligands,LIG,Phosphothreonine motif binding a subset of FHA domains that show a preference for a large aliphatic amino acid at the pT+3 position.,PF00498,FHA,FHA domain,..(T)..[ILV].,NHTIQVT,424,430,ODHI_CORGL,Corynebacterium glutamicum ATCC 13032,16522631,true positive,6,3,disordered
ELME000052,LIG_FHA_1,FHA phosphopeptide ligands,LIG,Phosphothreonine motif binding a subset of FHA domains that show a preference for a large aliphatic amino acid at the pT+3 position.,PF00498,FHA,FHA domain,..(T)..[ILV].,NHTIQVT,424,430,PIN4_YEAST,Saccharomyces cerevisiae,15024067 16231900,true positive,6,3,disordered
ELME000052,LIG_FHA_1,FHA phosphopeptide ligands,LIG,Phosphothreonine motif binding a subset of FHA domains that show a preference for a large aliphatic amino acid at the pT+3 position.,PF00498,FHA,FHA domain,..(T)..[ILV].,NHTIQVT,424,430,RAD9_YEAST,Saccharomyces cerevisiae,11846568,true positive,6,3,disordered
ELME000052,LIG_FHA_1,FHA phosphopeptide ligands,LIG,Phosphothreonine motif binding a subset of FHA domains that show a preference for a large aliphatic amino acid at the pT+3 position.,PF00498,FHA,FHA domain,..(T)..[ILV].,QVTAEIH,428,434,CHK2_HUMAN,Homo sapiens,12049740,true positive,6,3,disordered
ELME000052,LIG_FHA_1,FHA phosphopeptide ligands,LIG,Phosphothreonine motif binding a subset of FHA domains that show a preference for a large aliphatic amino acid at the pT+3 position.,PF00498,FHA,FHA domain,..(T)..[ILV].,QVTAEIH,428,434,CLV1_ARATH,Arabidopsis thaliana,16042389,true positive,6,3,disordered
ELME000052,LIG_FHA_1,FHA phosphopeptide ligands,LIG,Phosphothreonine motif binding a subset of FHA domains that show a preference for a large aliphatic amino acid at the pT+3 position.,PF00498,FHA,FHA domain,..(T)..[ILV].,QVTAEIH,428,434,GARA_MYCTU,Mycobacterium tuberculosis H37Rv,19318624,true positive,6,3,disordered
ELME000052,LIG_FHA_1,FHA phosphopeptide ligands,LIG,Phosphothreonine motif binding a subset of FHA domains that show a preference for a large aliphatic amino acid at the pT+3 position.,PF00498,FHA,FHA domain,..(T)..[ILV].,QVTAEIH,428,434,ODHI_CORGL,Corynebacterium glutamicum ATCC 13032,16522631,true positive,6,3,disordered
ELME000052,LIG_FHA_1,FHA phosphopeptide ligands,LIG,Phosphothreonine motif binding a subset of FHA domains that show a preference for a large aliphatic amino acid at the pT+3 position.,PF00498,FHA,FHA domain,..(T)..[ILV].,QVTAEIH,428,434,PIN4_YEAST,Saccharomyces cerevisiae,15024067 16231900,true positive,6,3,disordered
ELME000052,LIG_FHA_1,FHA phosphopeptide ligands,LIG,Phosphothreonine motif binding a subset of FHA domains that show a preference for a large aliphatic amino acid at the pT+3 position.,PF00498,FHA,FHA domain,..(T)..[ILV].,QVTAEIH,428,434,RAD9_YEAST,Saccharomyces cerevisiae,11846568,true positive,6,3,disordered
ELME000220,LIG_FHA_2,FHA phosphopeptide ligands,LIG,Phosphothreonine motif binding a subset of FHA domains that have a preference for an acidic amino acid at the pT+3 position.,PF00498,FHA,FHA domain,..(T)..[DE].,DNTSRDV,345,351,MRC1_SCHPO,Schizosaccharomyces pombe,14585996,true positive,6,2,disordered
ELME000220,LIG_FHA_2,FHA phosphopeptide ligands,LIG,Phosphothreonine motif binding a subset of FHA domains that have a preference for an acidic amino acid at the pT+3 position.,PF00498,FHA,FHA domain,..(T)..[DE].,DNTSRDV,345,351,RAD9_YEAST,Saccharomyces cerevisiae,11846567,true positive,6,2,disordered
ELME000220,LIG_FHA_2,FHA phosphopeptide ligands,LIG,Phosphothreonine motif binding a subset of FHA domains that have a preference for an acidic amino acid at the pT+3 position.,PF00498,FHA,FHA domain,..(T)..[DE].,DNTSRDV,345,351,XRCC1_HUMAN,Homo sapiens,15367657,true positive,6,2,disordered
ELME000220,LIG_FHA_2,FHA phosphopeptide ligands,LIG,Phosphothreonine motif binding a subset of FHA domains that have a preference for an acidic amino acid at the pT+3 position.,PF00498,FHA,FHA domain,..(T)..[DE].,DNTSRDV,345,351,XRCC4_HUMAN,Homo sapiens,15385968,true positive,6,2,disordered
ELME000220,LIG_FHA_2,FHA phosphopeptide ligands,LIG,Phosphothreonine motif binding a subset of FHA domains that have a preference for an acidic amino acid at the pT+3 position.,PF00498,FHA,FHA domain,..(T)..[DE].,DNTSRDV,345,351,XRCC4_MOUSE,Mus musculus,15749016,true positive,6,2,disordered
ELME000220,LIG_FHA_2,FHA phosphopeptide ligands,LIG,Phosphothreonine motif binding a subset of FHA domains that have a preference for an acidic amino acid at the pT+3 position.,PF00498,FHA,FHA domain,..(T)..[DE].,DNTSRDV,373,379,MRC1_SCHPO,Schizosaccharomyces pombe,14585996,true positive,6,2,disordered
ELME000220,LIG_FHA_2,FHA phosphopeptide ligands,LIG,Phosphothreonine motif binding a subset of FHA domains that have a preference for an acidic amino acid at the pT+3 position.,PF00498,FHA,FHA domain,..(T)..[DE].,DNTSRDV,373,379,RAD9_YEAST,Saccharomyces cerevisiae,11846567,true positive,6,2,disordered
ELME000220,LIG_FHA_2,FHA phosphopeptide ligands,LIG,Phosphothreonine motif binding a subset of FHA domains that have a preference for an acidic amino acid at the pT+3 position.,PF00498,FHA,FHA domain,..(T)..[DE].,DNTSRDV,373,379,XRCC1_HUMAN,Homo sapiens,15367657,true positive,6,2,disordered
ELME000220,LIG_FHA_2,FHA phosphopeptide ligands,LIG,Phosphothreonine motif binding a subset of FHA domains that have a preference for an acidic amino acid at the pT+3 position.,PF00498,FHA,FHA domain,..(T)..[DE].,DNTSRDV,373,379,XRCC4_HUMAN,Homo sapiens,15385968,true positive,6,2,disordered
ELME000220,LIG_FHA_2,FHA phosphopeptide ligands,LIG,Phosphothreonine motif binding a subset of FHA domains that have a preference for an acidic amino acid at the pT+3 position.,PF00498,FHA,FHA domain,..(T)..[DE].,DNTSRDV,373,379,XRCC4_MOUSE,Mus musculus,15749016,true positive,6,2,disordered
ELME000220,LIG_FHA_2,FHA phosphopeptide ligands,LIG,Phosphothreonine motif binding a subset of FHA domains that have a preference for an acidic amino acid at the pT+3 position.,PF00498,FHA,FHA domain,..(T)..[DE].,PSTVEDV,465,471,MRC1_SCHPO,Schizosaccharomyces pombe,14585996,true positive,6,2,disordered
ELME000220,LIG_FHA_2,FHA phosphopeptide ligands,LIG,Phosphothreonine motif binding a subset of FHA domains that have a preference for an acidic amino acid at the pT+3 position.,PF00498,FHA,FHA domain,..(T)..[DE].,PSTVEDV,465,471,RAD9_YEAST,Saccharomyces cerevisiae,11846567,true positive,6,2,disordered
ELME000220,LIG_FHA_2,FHA phosphopeptide ligands,LIG,Phosphothreonine motif binding a subset of FHA domains that have a preference for an acidic amino acid at the pT+3 position.,PF00498,FHA,FHA domain,..(T)..[DE].,PSTVEDV,465,471,XRCC1_HUMAN,Homo sapiens,15367657,true positive,6,2,disordered
ELME000220,LIG_FHA_2,FHA phosphopeptide ligands,LIG,Phosphothreonine motif binding a subset of FHA domains that have a preference for an acidic amino acid at the pT+3 position.,PF00498,FHA,FHA domain,..(T)..[DE].,PSTVEDV,465,471,XRCC4_HUMAN,Homo sapiens,15385968,true positive,6,2,disordered
ELME000220,LIG_FHA_2,FHA phosphopeptide ligands,LIG,Phosphothreonine motif binding a subset of FHA domains that have a preference for an acidic amino acid at the pT+3 position.,PF00498,FHA,FHA domain,..(T)..[DE].,PSTVEDV,465,471,XRCC4_MOUSE,Mus musculus,15749016,true positive,6,2,disordered
ELME000182,LIG_SH2_STAT5,Phosphotyrosine ligands bound by SH2 domains,LIG,STAT5 Src Homology 2 (SH2) domain binding motif.,PF00017,SH2,SH2 domain,(Y)[VLTFIC]..,YIET,325,328,CTLA4_MOUSE,Mus musculus,8638161,true positive,19,0,disordered
ELME000182,LIG_SH2_STAT5,Phosphotyrosine ligands bound by SH2 domains,LIG,STAT5 Src Homology 2 (SH2) domain binding motif.,PF00017,SH2,SH2 domain,(Y)[VLTFIC]..,YIET,325,328,EPOR_HUMAN,Homo sapiens,,unknown,19,0,disordered
ELME000182,LIG_SH2_STAT5,Phosphotyrosine ligands bound by SH2 domains,LIG,STAT5 Src Homology 2 (SH2) domain binding motif.,PF00017,SH2,SH2 domain,(Y)[VLTFIC]..,YIET,325,328,ERBB4_HUMAN,Homo sapiens,8617750 18721752,true positive,19,0,disordered
ELME000182,LIG_SH2_STAT5,Phosphotyrosine ligands bound by SH2 domains,LIG,STAT5 Src Homology 2 (SH2) domain binding motif.,PF00017,SH2,SH2 domain,(Y)[VLTFIC]..,YIET,325,328,GAB1_HUMAN,Homo sapiens,10978177,true positive,19,0,disordered
ELME000182,LIG_SH2_STAT5,Phosphotyrosine ligands bound by SH2 domains,LIG,STAT5 Src Homology 2 (SH2) domain binding motif.,PF00017,SH2,SH2 domain,(Y)[VLTFIC]..,YIET,325,328,GHR_HUMAN,Homo sapiens,9121492,unknown,19,0,disordered
ELME000182,LIG_SH2_STAT5,Phosphotyrosine ligands bound by SH2 domains,LIG,STAT5 Src Homology 2 (SH2) domain binding motif.,PF00017,SH2,SH2 domain,(Y)[VLTFIC]..,YIET,325,328,IL2RB_HUMAN,Homo sapiens,,unknown,19,0,disordered
ELME000182,LIG_SH2_STAT5,Phosphotyrosine ligands bound by SH2 domains,LIG,STAT5 Src Homology 2 (SH2) domain binding motif.,PF00017,SH2,SH2 domain,(Y)[VLTFIC]..,YIET,325,328,IL3RB_HUMAN,Homo sapiens,10362354,unknown,19,0,disordered
ELME000182,LIG_SH2_STAT5,Phosphotyrosine ligands bound by SH2 domains,LIG,STAT5 Src Homology 2 (SH2) domain binding motif.,PF00017,SH2,SH2 domain,(Y)[VLTFIC]..,YIET,325,328,IL3RB_HUMAN,Homo sapiens,9257712,unknown,19,0,disordered
ELME000182,LIG_SH2_STAT5,Phosphotyrosine ligands bound by SH2 domains,LIG,STAT5 Src Homology 2 (SH2) domain binding motif.,PF00017,SH2,SH2 domain,(Y)[VLTFIC]..,YIET,325,328,IL7RA_HUMAN,Homo sapiens,,unknown,19,0,disordered
ELME000182,LIG_SH2_STAT5,Phosphotyrosine ligands bound by SH2 domains,LIG,STAT5 Src Homology 2 (SH2) domain binding motif.,PF00017,SH2,SH2 domain,(Y)[VLTFIC]..,YIET,325,328,IL9R_HUMAN,Homo sapiens,,unknown,19,0,disordered
ELME000182,LIG_SH2_STAT5,Phosphotyrosine ligands bound by SH2 domains,LIG,STAT5 Src Homology 2 (SH2) domain binding motif.,PF00017,SH2,SH2 domain,(Y)[VLTFIC]..,YIET,325,328,INSR_HUMAN,Homo sapiens,7983060,true positive,19,0,disordered
ELME000182,LIG_SH2_STAT5,Phosphotyrosine ligands bound by SH2 domains,LIG,STAT5 Src Homology 2 (SH2) domain binding motif.,PF00017,SH2,SH2 domain,(Y)[VLTFIC]..,YIET,325,328,LAT_HUMAN,Homo sapiens,11368773 10811803,true positive,19,0,disordered
ELME000182,LIG_SH2_STAT5,Phosphotyrosine ligands bound by SH2 domains,LIG,STAT5 Src Homology 2 (SH2) domain binding motif.,PF00017,SH2,SH2 domain,(Y)[VLTFIC]..,YIET,325,328,PGFRB_HUMAN,Homo sapiens,,unknown,19,0,disordered
ELME000182,LIG_SH2_STAT5,Phosphotyrosine ligands bound by SH2 domains,LIG,STAT5 Src Homology 2 (SH2) domain binding motif.,PF00017,SH2,SH2 domain,(Y)[VLTFIC]..,YIET,325,328,PRLR_HUMAN,Homo sapiens,7537382,unknown,19,0,disordered
ELME000006,LIG_SH3_2,SH3 domain ligands,LIG,This is the motif recognized by class II SH3 domains,PF00018,SH3_1,SH3 domain,P..P.[KR],PVPPPR,441,446,ADA15_HUMAN,Homo sapiens,19718658,true positive,19,6,disordered
ELME000006,LIG_SH3_2,SH3 domain ligands,LIG,This is the motif recognized by class II SH3 domains,PF07653,SH3_2,Variant SH3 domain,P..P.[KR],PVPPPR,441,446,ADA15_HUMAN,Homo sapiens,19718658,true positive,19,6,disordered
ELME000006,LIG_SH3_2,SH3 domain ligands,LIG,This is the motif recognized by class II SH3 domains,PF14604,SH3_9,Variant SH3 domain,P..P.[KR],PVPPPR,441,446,ADA15_HUMAN,Homo sapiens,19718658,true positive,19,6,disordered
ELME000006,LIG_SH3_2,SH3 domain ligands,LIG,This is the motif recognized by class II SH3 domains,PF00018,SH3_1,SH3 domain,P..P.[KR],PVPPPR,441,446,DYN1_HUMAN,Homo sapiens,9148966,true positive,19,6,disordered
ELME000006,LIG_SH3_2,SH3 domain ligands,LIG,This is the motif recognized by class II SH3 domains,PF07653,SH3_2,Variant SH3 domain,P..P.[KR],PVPPPR,441,446,DYN1_HUMAN,Homo sapiens,9148966,true positive,19,6,disordered
ELME000006,LIG_SH3_2,SH3 domain ligands,LIG,This is the motif recognized by class II SH3 domains,PF14604,SH3_9,Variant SH3 domain,P..P.[KR],PVPPPR,441,446,DYN1_HUMAN,Homo sapiens,9148966,true positive,19,6,disordered
ELME000006,LIG_SH3_2,SH3 domain ligands,LIG,This is the motif recognized by class II SH3 domains,PF00018,SH3_1,SH3 domain,P..P.[KR],PVPPPR,441,446,DYN2_HUMAN,Homo sapiens,15483625,true positive,19,6,disordered
ELME000006,LIG_SH3_2,SH3 domain ligands,LIG,This is the motif recognized by class II SH3 domains,PF07653,SH3_2,Variant SH3 domain,P..P.[KR],PVPPPR,441,446,DYN2_HUMAN,Homo sapiens,15483625,true positive,19,6,disordered
ELME000006,LIG_SH3_2,SH3 domain ligands,LIG,This is the motif recognized by class II SH3 domains,PF14604,SH3_9,Variant SH3 domain,P..P.[KR],PVPPPR,441,446,DYN2_HUMAN,Homo sapiens,15483625,true positive,19,6,disordered
ELME000006,LIG_SH3_2,SH3 domain ligands,LIG,This is the motif recognized by class II SH3 domains,PF00018,SH3_1,SH3 domain,P..P.[KR],PVPPPR,441,446,FAK1_HUMAN,Homo sapiens,8662921,true positive,19,6,disordered
ELME000006,LIG_SH3_2,SH3 domain ligands,LIG,This is the motif recognized by class II SH3 domains,PF07653,SH3_2,Variant SH3 domain,P..P.[KR],PVPPPR,441,446,FAK1_HUMAN,Homo sapiens,8662921,true positive,19,6,disordered
ELME000006,LIG_SH3_2,SH3 domain ligands,LIG,This is the motif recognized by class II SH3 domains,PF14604,SH3_9,Variant SH3 domain,P..P.[KR],PVPPPR,441,446,FAK1_HUMAN,Homo sapiens,8662921,true positive,19,6,disordered
ELME000006,LIG_SH3_2,SH3 domain ligands,LIG,This is the motif recognized by class II SH3 domains,PF00018,SH3_1,SH3 domain,P..P.[KR],PVPPPR,441,446,FAK1_MOUSE,Mus musculus,7479864 8662921,true positive,19,6,disordered
ELME000006,LIG_SH3_2,SH3 domain ligands,LIG,This is the motif recognized by class II SH3 domains,PF07653,SH3_2,Variant SH3 domain,P..P.[KR],PVPPPR,441,446,FAK1_MOUSE,Mus musculus,7479864 8662921,true positive,19,6,disordered
ELME000006,LIG_SH3_2,SH3 domain ligands,LIG,This is the motif recognized by class II SH3 domains,PF14604,SH3_9,Variant SH3 domain,P..P.[KR],PVPPPR,441,446,FAK1_MOUSE,Mus musculus,7479864 8662921,true positive,19,6,disordered
ELME000006,LIG_SH3_2,SH3 domain ligands,LIG,This is the motif recognized by class II SH3 domains,PF00018,SH3_1,SH3 domain,P..P.[KR],PVPPPR,441,446,MYC_HUMAN,Homo sapiens,15992821,true positive,19,6,disordered
ELME000006,LIG_SH3_2,SH3 domain ligands,LIG,This is the motif recognized by class II SH3 domains,PF07653,SH3_2,Variant SH3 domain,P..P.[KR],PVPPPR,441,446,MYC_HUMAN,Homo sapiens,15992821,true positive,19,6,disordered
ELME000006,LIG_SH3_2,SH3 domain ligands,LIG,This is the motif recognized by class II SH3 domains,PF14604,SH3_9,Variant SH3 domain,P..P.[KR],PVPPPR,441,446,MYC_HUMAN,Homo sapiens,15992821,true positive,19,6,disordered
ELME000006,LIG_SH3_2,SH3 domain ligands,LIG,This is the motif recognized by class II SH3 domains,PF00018,SH3_1,SH3 domain,P..P.[KR],PVPPPR,441,446,NCF1_HUMAN,Homo sapiens,15657040 9121467,true positive,19,6,disordered
ELME000006,LIG_SH3_2,SH3 domain ligands,LIG,This is the motif recognized by class II SH3 domains,PF07653,SH3_2,Variant SH3 domain,P..P.[KR],PVPPPR,441,446,NCF1_HUMAN,Homo sapiens,15657040 9121467,true positive,19,6,disordered
ELME000006,LIG_SH3_2,SH3 domain ligands,LIG,This is the motif recognized by class II SH3 domains,PF14604,SH3_9,Variant SH3 domain,P..P.[KR],PVPPPR,441,446,NCF1_HUMAN,Homo sapiens,15657040 9121467,true positive,19,6,disordered
ELME000006,LIG_SH3_2,SH3 domain ligands,LIG,This is the motif recognized by class II SH3 domains,PF00018,SH3_1,SH3 domain,P..P.[KR],PVPPPR,441,446,NEF_HV1BR,Human immunodeficiency virus type 1 (BRU ISOLATE),8681387 7859737,true positive,19,6,disordered
ELME000006,LIG_SH3_2,SH3 domain ligands,LIG,This is the motif recognized by class II SH3 domains,PF07653,SH3_2,Variant SH3 domain,P..P.[KR],PVPPPR,441,446,NEF_HV1BR,Human immunodeficiency virus type 1 (BRU ISOLATE),8681387 7859737,true positive,19,6,disordered
ELME000006,LIG_SH3_2,SH3 domain ligands,LIG,This is the motif recognized by class II SH3 domains,PF14604,SH3_9,Variant SH3 domain,P..P.[KR],PVPPPR,441,446,NEF_HV1BR,Human immunodeficiency virus type 1 (BRU ISOLATE),8681387 7859737,true positive,19,6,disordered
ELME000006,LIG_SH3_2,SH3 domain ligands,LIG,This is the motif recognized by class II SH3 domains,PF00018,SH3_1,SH3 domain,P..P.[KR],PVPPPR,441,446,P85A_HUMAN,Homo sapiens,8294442,true positive,19,6,disordered
ELME000006,LIG_SH3_2,SH3 domain ligands,LIG,This is the motif recognized by class II SH3 domains,PF07653,SH3_2,Variant SH3 domain,P..P.[KR],PVPPPR,441,446,P85A_HUMAN,Homo sapiens,8294442,true positive,19,6,disordered
ELME000006,LIG_SH3_2,SH3 domain ligands,LIG,This is the motif recognized by class II SH3 domains,PF14604,SH3_9,Variant SH3 domain,P..P.[KR],PVPPPR,441,446,P85A_HUMAN,Homo sapiens,8294442,true positive,19,6,disordered
ELME000006,LIG_SH3_2,SH3 domain ligands,LIG,This is the motif recognized by class II SH3 domains,PF00018,SH3_1,SH3 domain,P..P.[KR],PVPPPR,441,446,PAK1_HUMAN,Homo sapiens,8798379,true positive,19,6,disordered
ELME000006,LIG_SH3_2,SH3 domain ligands,LIG,This is the motif recognized by class II SH3 domains,PF07653,SH3_2,Variant SH3 domain,P..P.[KR],PVPPPR,441,446,PAK1_HUMAN,Homo sapiens,8798379,true positive,19,6,disordered
ELME000006,LIG_SH3_2,SH3 domain ligands,LIG,This is the motif recognized by class II SH3 domains,PF14604,SH3_9,Variant SH3 domain,P..P.[KR],PVPPPR,441,446,PAK1_HUMAN,Homo sapiens,8798379,true positive,19,6,disordered
ELME000006,LIG_SH3_2,SH3 domain ligands,LIG,This is the motif recognized by class II SH3 domains,PF00018,SH3_1,SH3 domain,P..P.[KR],PVPPPR,441,446,PAK1_RAT,Rattus norvegicus,10805734,true positive,19,6,disordered
ELME000006,LIG_SH3_2,SH3 domain ligands,LIG,This is the motif recognized by class II SH3 domains,PF07653,SH3_2,Variant SH3 domain,P..P.[KR],PVPPPR,441,446,PAK1_RAT,Rattus norvegicus,10805734,true positive,19,6,disordered
ELME000006,LIG_SH3_2,SH3 domain ligands,LIG,This is the motif recognized by class II SH3 domains,PF14604,SH3_9,Variant SH3 domain,P..P.[KR],PVPPPR,441,446,PAK1_RAT,Rattus norvegicus,10805734,true positive,19,6,disordered
ELME000006,LIG_SH3_2,SH3 domain ligands,LIG,This is the motif recognized by class II SH3 domains,PF00018,SH3_1,SH3 domain,P..P.[KR],PVPPPR,441,446,PEX14_YEAST,Saccharomyces cerevisiae,10087260 12453410,true positive,19,6,disordered
ELME000006,LIG_SH3_2,SH3 domain ligands,LIG,This is the motif recognized by class II SH3 domains,PF07653,SH3_2,Variant SH3 domain,P..P.[KR],PVPPPR,441,446,PEX14_YEAST,Saccharomyces cerevisiae,10087260 12453410,true positive,19,6,disordered
ELME000006,LIG_SH3_2,SH3 domain ligands,LIG,This is the motif recognized by class II SH3 domains,PF14604,SH3_9,Variant SH3 domain,P..P.[KR],PVPPPR,441,446,PEX14_YEAST,Saccharomyces cerevisiae,10087260 12453410,true positive,19,6,disordered
ELME000006,LIG_SH3_2,SH3 domain ligands,LIG,This is the motif recognized by class II SH3 domains,PF00018,SH3_1,SH3 domain,P..P.[KR],PVPPPR,441,446,POLG_HCVJA,Hepatitis C virus (isolate Japanese),19656877 16530520,true positive,19,6,disordered
ELME000006,LIG_SH3_2,SH3 domain ligands,LIG,This is the motif recognized by class II SH3 domains,PF07653,SH3_2,Variant SH3 domain,P..P.[KR],PVPPPR,441,446,POLG_HCVJA,Hepatitis C virus (isolate Japanese),19656877 16530520,true positive,19,6,disordered
ELME000006,LIG_SH3_2,SH3 domain ligands,LIG,This is the motif recognized by class II SH3 domains,PF14604,SH3_9,Variant SH3 domain,P..P.[KR],PVPPPR,441,446,POLG_HCVJA,Hepatitis C virus (isolate Japanese),19656877 16530520,true positive,19,6,disordered
ELME000006,LIG_SH3_2,SH3 domain ligands,LIG,This is the motif recognized by class II SH3 domains,PF00018,SH3_1,SH3 domain,P..P.[KR],PVPPPR,441,446,PTN22_MOUSE,Mus musculus,11685249 9582365,true positive,19,6,disordered
ELME000006,LIG_SH3_2,SH3 domain ligands,LIG,This is the motif recognized by class II SH3 domains,PF07653,SH3_2,Variant SH3 domain,P..P.[KR],PVPPPR,441,446,PTN22_MOUSE,Mus musculus,11685249 9582365,true positive,19,6,disordered
ELME000006,LIG_SH3_2,SH3 domain ligands,LIG,This is the motif recognized by class II SH3 domains,PF14604,SH3_9,Variant SH3 domain,P..P.[KR],PVPPPR,441,446,PTN22_MOUSE,Mus musculus,11685249 9582365,true positive,19,6,disordered
ELME000006,LIG_SH3_2,SH3 domain ligands,LIG,This is the motif recognized by class II SH3 domains,PF00018,SH3_1,SH3 domain,P..P.[KR],PVPPPR,441,446,RPGF1_HUMAN,Homo sapiens,7735837,true positive,19,6,disordered
ELME000006,LIG_SH3_2,SH3 domain ligands,LIG,This is the motif recognized by class II SH3 domains,PF07653,SH3_2,Variant SH3 domain,P..P.[KR],PVPPPR,441,446,RPGF1_HUMAN,Homo sapiens,7735837,true positive,19,6,disordered
ELME000006,LIG_SH3_2,SH3 domain ligands,LIG,This is the motif recognized by class II SH3 domains,PF14604,SH3_9,Variant SH3 domain,P..P.[KR],PVPPPR,441,446,RPGF1_HUMAN,Homo sapiens,7735837,true positive,19,6,disordered
ELME000006,LIG_SH3_2,SH3 domain ligands,LIG,This is the motif recognized by class II SH3 domains,PF00018,SH3_1,SH3 domain,P..P.[KR],PVPPPR,441,446,SOS1_HUMAN,Homo sapiens,23334917 8479541,true positive,19,6,disordered
ELME000006,LIG_SH3_2,SH3 domain ligands,LIG,This is the motif recognized by class II SH3 domains,PF07653,SH3_2,Variant SH3 domain,P..P.[KR],PVPPPR,441,446,SOS1_HUMAN,Homo sapiens,23334917 8479541,true positive,19,6,disordered
ELME000006,LIG_SH3_2,SH3 domain ligands,LIG,This is the motif recognized by class II SH3 domains,PF14604,SH3_9,Variant SH3 domain,P..P.[KR],PVPPPR,441,446,SOS1_HUMAN,Homo sapiens,23334917 8479541,true positive,19,6,disordered
ELME000006,LIG_SH3_2,SH3 domain ligands,LIG,This is the motif recognized by class II SH3 domains,PF00018,SH3_1,SH3 domain,P..P.[KR],PVPPPR,441,446,SOS1_HUMAN,Homo sapiens,8479541,true positive,19,6,disordered
ELME000006,LIG_SH3_2,SH3 domain ligands,LIG,This is the motif recognized by class II SH3 domains,PF07653,SH3_2,Variant SH3 domain,P..P.[KR],PVPPPR,441,446,SOS1_HUMAN,Homo sapiens,8479541,true positive,19,6,disordered
ELME000006,LIG_SH3_2,SH3 domain ligands,LIG,This is the motif recognized by class II SH3 domains,PF14604,SH3_9,Variant SH3 domain,P..P.[KR],PVPPPR,441,446,SOS1_HUMAN,Homo sapiens,8479541,true positive,19,6,disordered
ELME000006,LIG_SH3_2,SH3 domain ligands,LIG,This is the motif recognized by class II SH3 domains,PF00018,SH3_1,SH3 domain,P..P.[KR],PVPPPR,441,446,SYNJ2_RAT,Rattus norvegicus,11498538,true positive,19,6,disordered
ELME000006,LIG_SH3_2,SH3 domain ligands,LIG,This is the motif recognized by class II SH3 domains,PF07653,SH3_2,Variant SH3 domain,P..P.[KR],PVPPPR,441,446,SYNJ2_RAT,Rattus norvegicus,11498538,true positive,19,6,disordered
ELME000006,LIG_SH3_2,SH3 domain ligands,LIG,This is the motif recognized by class II SH3 domains,PF14604,SH3_9,Variant SH3 domain,P..P.[KR],PVPPPR,441,446,SYNJ2_RAT,Rattus norvegicus,11498538,true positive,19,6,disordered
ELME000155,LIG_SH3_3,SH3 domain ligands,LIG,This is the motif recognized by those SH3 domains with a non-canonical class I recognition specificity,PF00018,SH3_1,SH3 domain,...[PV]..P,HNAPAAP,434,440,BIN1_HUMAN,Homo sapiens,15992821,true positive,26,1,disordered
ELME000155,LIG_SH3_3,SH3 domain ligands,LIG,This is the motif recognized by those SH3 domains with a non-canonical class I recognition specificity,PF00018,SH3_1,SH3 domain,...[PV]..P,HNAPAAP,434,440,CD2_HUMAN,Homo sapiens,12426371,true positive,26,1,disordered
ELME000155,LIG_SH3_3,SH3 domain ligands,LIG,This is the motif recognized by those SH3 domains with a non-canonical class I recognition specificity,PF00018,SH3_1,SH3 domain,...[PV]..P,HNAPAAP,434,440,CY24A_TURTR,Tursiops truncatus,9121467,true positive,26,1,disordered
ELME000155,LIG_SH3_3,SH3 domain ligands,LIG,This is the motif recognized by those SH3 domains with a non-canonical class I recognition specificity,PF00018,SH3_1,SH3 domain,...[PV]..P,HNAPAAP,434,440,DAG1_HUMAN,Homo sapiens,10903901,true positive,26,1,disordered
ELME000155,LIG_SH3_3,SH3 domain ligands,LIG,This is the motif recognized by those SH3 domains with a non-canonical class I recognition specificity,PF00018,SH3_1,SH3 domain,...[PV]..P,HNAPAAP,434,440,EPS8_HUMAN,Homo sapiens,21098279 22921828,true positive,26,1,disordered
ELME000155,LIG_SH3_3,SH3 domain ligands,LIG,This is the motif recognized by those SH3 domains with a non-canonical class I recognition specificity,PF00018,SH3_1,SH3 domain,...[PV]..P,HNAPAAP,434,440,ESPFU_ECO5T,Escherichia coli O157:H7 str. TW14359,21098279,true positive,26,1,disordered
ELME000155,LIG_SH3_3,SH3 domain ligands,LIG,This is the motif recognized by those SH3 domains with a non-canonical class I recognition specificity,PF00018,SH3_1,SH3 domain,...[PV]..P,HNAPAAP,434,440,LAS17_YEAST,Saccharomyces cerevisiae,10648568,true positive,26,1,disordered
ELME000155,LIG_SH3_3,SH3 domain ligands,LIG,This is the motif recognized by those SH3 domains with a non-canonical class I recognition specificity,PF00018,SH3_1,SH3 domain,...[PV]..P,HNAPAAP,434,440,NS1_I72A2,Influenza A virus (A/Udorn/307/1972(H3N2)),17881440,true positive,26,1,disordered
ELME000155,LIG_SH3_3,SH3 domain ligands,LIG,This is the motif recognized by those SH3 domains with a non-canonical class I recognition specificity,PF00018,SH3_1,SH3 domain,...[PV]..P,HNAPAAP,434,440,ORF3_HEVBU,Hepatitis E virus (strain Burma),11518702,true positive,26,1,disordered
ELME000155,LIG_SH3_3,SH3 domain ligands,LIG,This is the motif recognized by those SH3 domains with a non-canonical class I recognition specificity,PF00018,SH3_1,SH3 domain,...[PV]..P,HNAPAAP,434,440,P73_HUMAN,Homo sapiens,10391251,true positive,26,1,disordered
ELME000155,LIG_SH3_3,SH3 domain ligands,LIG,This is the motif recognized by those SH3 domains with a non-canonical class I recognition specificity,PF00018,SH3_1,SH3 domain,...[PV]..P,HNAPAAP,434,440,SOS1_MOUSE,Mus musculus,9135122,true positive,26,1,disordered
ELME000155,LIG_SH3_3,SH3 domain ligands,LIG,This is the motif recognized by those SH3 domains with a non-canonical class I recognition specificity,PF00018,SH3_1,SH3 domain,...[PV]..P,HNAPAAP,434,440,TAU_HUMAN,Homo sapiens,18467332,true positive,26,1,disordered
ELME000155,LIG_SH3_3,SH3 domain ligands,LIG,This is the motif recognized by those SH3 domains with a non-canonical class I recognition specificity,PF00018,SH3_1,SH3 domain,...[PV]..P,HNAPAAP,434,440,TIP_SHV24,Herpesvirus saimiri (strain 484-77),11040125,true positive,26,1,disordered
ELME000155,LIG_SH3_3,SH3 domain ligands,LIG,This is the motif recognized by those SH3 domains with a non-canonical class I recognition specificity,PF00018,SH3_1,SH3 domain,...[PV]..P,HNAPAAP,434,440,WASF1_MOUSE,Mus musculus,10970852,true positive,26,1,disordered
ELME000155,LIG_SH3_3,SH3 domain ligands,LIG,This is the motif recognized by those SH3 domains with a non-canonical class I recognition specificity,PF00018,SH3_1,SH3 domain,...[PV]..P,PAAPPVP,437,443,BIN1_HUMAN,Homo sapiens,15992821,true positive,26,1,disordered
ELME000155,LIG_SH3_3,SH3 domain ligands,LIG,This is the motif recognized by those SH3 domains with a non-canonical class I recognition specificity,PF00018,SH3_1,SH3 domain,...[PV]..P,PAAPPVP,437,443,CD2_HUMAN,Homo sapiens,12426371,true positive,26,1,disordered
ELME000155,LIG_SH3_3,SH3 domain ligands,LIG,This is the motif recognized by those SH3 domains with a non-canonical class I recognition specificity,PF00018,SH3_1,SH3 domain,...[PV]..P,PAAPPVP,437,443,CY24A_TURTR,Tursiops truncatus,9121467,true positive,26,1,disordered
ELME000155,LIG_SH3_3,SH3 domain ligands,LIG,This is the motif recognized by those SH3 domains with a non-canonical class I recognition specificity,PF00018,SH3_1,SH3 domain,...[PV]..P,PAAPPVP,437,443,DAG1_HUMAN,Homo sapiens,10903901,true positive,26,1,disordered
ELME000155,LIG_SH3_3,SH3 domain ligands,LIG,This is the motif recognized by those SH3 domains with a non-canonical class I recognition specificity,PF00018,SH3_1,SH3 domain,...[PV]..P,PAAPPVP,437,443,EPS8_HUMAN,Homo sapiens,21098279 22921828,true positive,26,1,disordered
ELME000155,LIG_SH3_3,SH3 domain ligands,LIG,This is the motif recognized by those SH3 domains with a non-canonical class I recognition specificity,PF00018,SH3_1,SH3 domain,...[PV]..P,PAAPPVP,437,443,ESPFU_ECO5T,Escherichia coli O157:H7 str. TW14359,21098279,true positive,26,1,disordered
ELME000155,LIG_SH3_3,SH3 domain ligands,LIG,This is the motif recognized by those SH3 domains with a non-canonical class I recognition specificity,PF00018,SH3_1,SH3 domain,...[PV]..P,PAAPPVP,437,443,LAS17_YEAST,Saccharomyces cerevisiae,10648568,true positive,26,1,disordered
ELME000155,LIG_SH3_3,SH3 domain ligands,LIG,This is the motif recognized by those SH3 domains with a non-canonical class I recognition specificity,PF00018,SH3_1,SH3 domain,...[PV]..P,PAAPPVP,437,443,NS1_I72A2,Influenza A virus (A/Udorn/307/1972(H3N2)),17881440,true positive,26,1,disordered
ELME000155,LIG_SH3_3,SH3 domain ligands,LIG,This is the motif recognized by those SH3 domains with a non-canonical class I recognition specificity,PF00018,SH3_1,SH3 domain,...[PV]..P,PAAPPVP,437,443,ORF3_HEVBU,Hepatitis E virus (strain Burma),11518702,true positive,26,1,disordered
ELME000155,LIG_SH3_3,SH3 domain ligands,LIG,This is the motif recognized by those SH3 domains with a non-canonical class I recognition specificity,PF00018,SH3_1,SH3 domain,...[PV]..P,PAAPPVP,437,443,P73_HUMAN,Homo sapiens,10391251,true positive,26,1,disordered
ELME000155,LIG_SH3_3,SH3 domain ligands,LIG,This is the motif recognized by those SH3 domains with a non-canonical class I recognition specificity,PF00018,SH3_1,SH3 domain,...[PV]..P,PAAPPVP,437,443,SOS1_MOUSE,Mus musculus,9135122,true positive,26,1,disordered
ELME000155,LIG_SH3_3,SH3 domain ligands,LIG,This is the motif recognized by those SH3 domains with a non-canonical class I recognition specificity,PF00018,SH3_1,SH3 domain,...[PV]..P,PAAPPVP,437,443,TAU_HUMAN,Homo sapiens,18467332,true positive,26,1,disordered
ELME000155,LIG_SH3_3,SH3 domain ligands,LIG,This is the motif recognized by those SH3 domains with a non-canonical class I recognition specificity,PF00018,SH3_1,SH3 domain,...[PV]..P,PAAPPVP,437,443,TIP_SHV24,Herpesvirus saimiri (strain 484-77),11040125,true positive,26,1,disordered
ELME000155,LIG_SH3_3,SH3 domain ligands,LIG,This is the motif recognized by those SH3 domains with a non-canonical class I recognition specificity,PF00018,SH3_1,SH3 domain,...[PV]..P,PAAPPVP,437,443,WASF1_MOUSE,Mus musculus,10970852,true positive,26,1,disordered
ELME000155,LIG_SH3_3,SH3 domain ligands,LIG,This is the motif recognized by those SH3 domains with a non-canonical class I recognition specificity,PF00018,SH3_1,SH3 domain,...[PV]..P,AAPPVPP,438,444,BIN1_HUMAN,Homo sapiens,15992821,true positive,26,1,disordered
ELME000155,LIG_SH3_3,SH3 domain ligands,LIG,This is the motif recognized by those SH3 domains with a non-canonical class I recognition specificity,PF00018,SH3_1,SH3 domain,...[PV]..P,AAPPVPP,438,444,CD2_HUMAN,Homo sapiens,12426371,true positive,26,1,disordered
ELME000155,LIG_SH3_3,SH3 domain ligands,LIG,This is the motif recognized by those SH3 domains with a non-canonical class I recognition specificity,PF00018,SH3_1,SH3 domain,...[PV]..P,AAPPVPP,438,444,CY24A_TURTR,Tursiops truncatus,9121467,true positive,26,1,disordered
ELME000155,LIG_SH3_3,SH3 domain ligands,LIG,This is the motif recognized by those SH3 domains with a non-canonical class I recognition specificity,PF00018,SH3_1,SH3 domain,...[PV]..P,AAPPVPP,438,444,DAG1_HUMAN,Homo sapiens,10903901,true positive,26,1,disordered
ELME000155,LIG_SH3_3,SH3 domain ligands,LIG,This is the motif recognized by those SH3 domains with a non-canonical class I recognition specificity,PF00018,SH3_1,SH3 domain,...[PV]..P,AAPPVPP,438,444,EPS8_HUMAN,Homo sapiens,21098279 22921828,true positive,26,1,disordered
ELME000155,LIG_SH3_3,SH3 domain ligands,LIG,This is the motif recognized by those SH3 domains with a non-canonical class I recognition specificity,PF00018,SH3_1,SH3 domain,...[PV]..P,AAPPVPP,438,444,ESPFU_ECO5T,Escherichia coli O157:H7 str. TW14359,21098279,true positive,26,1,disordered
ELME000155,LIG_SH3_3,SH3 domain ligands,LIG,This is the motif recognized by those SH3 domains with a non-canonical class I recognition specificity,PF00018,SH3_1,SH3 domain,...[PV]..P,AAPPVPP,438,444,LAS17_YEAST,Saccharomyces cerevisiae,10648568,true positive,26,1,disordered
ELME000155,LIG_SH3_3,SH3 domain ligands,LIG,This is the motif recognized by those SH3 domains with a non-canonical class I recognition specificity,PF00018,SH3_1,SH3 domain,...[PV]..P,AAPPVPP,438,444,NS1_I72A2,Influenza A virus (A/Udorn/307/1972(H3N2)),17881440,true positive,26,1,disordered
ELME000155,LIG_SH3_3,SH3 domain ligands,LIG,This is the motif recognized by those SH3 domains with a non-canonical class I recognition specificity,PF00018,SH3_1,SH3 domain,...[PV]..P,AAPPVPP,438,444,ORF3_HEVBU,Hepatitis E virus (strain Burma),11518702,true positive,26,1,disordered
ELME000155,LIG_SH3_3,SH3 domain ligands,LIG,This is the motif recognized by those SH3 domains with a non-canonical class I recognition specificity,PF00018,SH3_1,SH3 domain,...[PV]..P,AAPPVPP,438,444,P73_HUMAN,Homo sapiens,10391251,true positive,26,1,disordered
ELME000155,LIG_SH3_3,SH3 domain ligands,LIG,This is the motif recognized by those SH3 domains with a non-canonical class I recognition specificity,PF00018,SH3_1,SH3 domain,...[PV]..P,AAPPVPP,438,444,SOS1_MOUSE,Mus musculus,9135122,true positive,26,1,disordered
ELME000155,LIG_SH3_3,SH3 domain ligands,LIG,This is the motif recognized by those SH3 domains with a non-canonical class I recognition specificity,PF00018,SH3_1,SH3 domain,...[PV]..P,AAPPVPP,438,444,TAU_HUMAN,Homo sapiens,18467332,true positive,26,1,disordered
ELME000155,LIG_SH3_3,SH3 domain ligands,LIG,This is the motif recognized by those SH3 domains with a non-canonical class I recognition specificity,PF00018,SH3_1,SH3 domain,...[PV]..P,AAPPVPP,438,444,TIP_SHV24,Herpesvirus saimiri (strain 484-77),11040125,true positive,26,1,disordered
ELME000155,LIG_SH3_3,SH3 domain ligands,LIG,This is the motif recognized by those SH3 domains with a non-canonical class I recognition specificity,PF00018,SH3_1,SH3 domain,...[PV]..P,AAPPVPP,438,444,WASF1_MOUSE,Mus musculus,10970852,true positive,26,1,disordered
ELME000155,LIG_SH3_3,SH3 domain ligands,LIG,This is the motif recognized by those SH3 domains with a non-canonical class I recognition specificity,PF00018,SH3_1,SH3 domain,...[PV]..P,APPVPPP,439,445,BIN1_HUMAN,Homo sapiens,15992821,true positive,26,1,disordered
ELME000155,LIG_SH3_3,SH3 domain ligands,LIG,This is the motif recognized by those SH3 domains with a non-canonical class I recognition specificity,PF00018,SH3_1,SH3 domain,...[PV]..P,APPVPPP,439,445,CD2_HUMAN,Homo sapiens,12426371,true positive,26,1,disordered
ELME000155,LIG_SH3_3,SH3 domain ligands,LIG,This is the motif recognized by those SH3 domains with a non-canonical class I recognition specificity,PF00018,SH3_1,SH3 domain,...[PV]..P,APPVPPP,439,445,CY24A_TURTR,Tursiops truncatus,9121467,true positive,26,1,disordered
ELME000155,LIG_SH3_3,SH3 domain ligands,LIG,This is the motif recognized by those SH3 domains with a non-canonical class I recognition specificity,PF00018,SH3_1,SH3 domain,...[PV]..P,APPVPPP,439,445,DAG1_HUMAN,Homo sapiens,10903901,true positive,26,1,disordered
ELME000155,LIG_SH3_3,SH3 domain ligands,LIG,This is the motif recognized by those SH3 domains with a non-canonical class I recognition specificity,PF00018,SH3_1,SH3 domain,...[PV]..P,APPVPPP,439,445,EPS8_HUMAN,Homo sapiens,21098279 22921828,true positive,26,1,disordered
ELME000155,LIG_SH3_3,SH3 domain ligands,LIG,This is the motif recognized by those SH3 domains with a non-canonical class I recognition specificity,PF00018,SH3_1,SH3 domain,...[PV]..P,APPVPPP,439,445,ESPFU_ECO5T,Escherichia coli O157:H7 str. TW14359,21098279,true positive,26,1,disordered
ELME000155,LIG_SH3_3,SH3 domain ligands,LIG,This is the motif recognized by those SH3 domains with a non-canonical class I recognition specificity,PF00018,SH3_1,SH3 domain,...[PV]..P,APPVPPP,439,445,LAS17_YEAST,Saccharomyces cerevisiae,10648568,true positive,26,1,disordered
ELME000155,LIG_SH3_3,SH3 domain ligands,LIG,This is the motif recognized by those SH3 domains with a non-canonical class I recognition specificity,PF00018,SH3_1,SH3 domain,...[PV]..P,APPVPPP,439,445,NS1_I72A2,Influenza A virus (A/Udorn/307/1972(H3N2)),17881440,true positive,26,1,disordered
ELME000155,LIG_SH3_3,SH3 domain ligands,LIG,This is the motif recognized by those SH3 domains with a non-canonical class I recognition specificity,PF00018,SH3_1,SH3 domain,...[PV]..P,APPVPPP,439,445,ORF3_HEVBU,Hepatitis E virus (strain Burma),11518702,true positive,26,1,disordered
ELME000155,LIG_SH3_3,SH3 domain ligands,LIG,This is the motif recognized by those SH3 domains with a non-canonical class I recognition specificity,PF00018,SH3_1,SH3 domain,...[PV]..P,APPVPPP,439,445,P73_HUMAN,Homo sapiens,10391251,true positive,26,1,disordered
ELME000155,LIG_SH3_3,SH3 domain ligands,LIG,This is the motif recognized by those SH3 domains with a non-canonical class I recognition specificity,PF00018,SH3_1,SH3 domain,...[PV]..P,APPVPPP,439,445,SOS1_MOUSE,Mus musculus,9135122,true positive,26,1,disordered
ELME000155,LIG_SH3_3,SH3 domain ligands,LIG,This is the motif recognized by those SH3 domains with a non-canonical class I recognition specificity,PF00018,SH3_1,SH3 domain,...[PV]..P,APPVPPP,439,445,TAU_HUMAN,Homo sapiens,18467332,true positive,26,1,disordered
ELME000155,LIG_SH3_3,SH3 domain ligands,LIG,This is the motif recognized by those SH3 domains with a non-canonical class I recognition specificity,PF00018,SH3_1,SH3 domain,...[PV]..P,APPVPPP,439,445,TIP_SHV24,Herpesvirus saimiri (strain 484-77),11040125,true positive,26,1,disordered
ELME000155,LIG_SH3_3,SH3 domain ligands,LIG,This is the motif recognized by those SH3 domains with a non-canonical class I recognition specificity,PF00018,SH3_1,SH3 domain,...[PV]..P,APPVPPP,439,445,WASF1_MOUSE,Mus musculus,10970852,true positive,26,1,disordered
ELME000155,LIG_SH3_3,SH3 domain ligands,LIG,This is the motif recognized by those SH3 domains with a non-canonical class I recognition specificity,PF00018,SH3_1,SH3 domain,...[PV]..P,AQKPDPP,455,461,BIN1_HUMAN,Homo sapiens,15992821,true positive,26,1,disordered
ELME000155,LIG_SH3_3,SH3 domain ligands,LIG,This is the motif recognized by those SH3 domains with a non-canonical class I recognition specificity,PF00018,SH3_1,SH3 domain,...[PV]..P,AQKPDPP,455,461,CD2_HUMAN,Homo sapiens,12426371,true positive,26,1,disordered
ELME000155,LIG_SH3_3,SH3 domain ligands,LIG,This is the motif recognized by those SH3 domains with a non-canonical class I recognition specificity,PF00018,SH3_1,SH3 domain,...[PV]..P,AQKPDPP,455,461,CY24A_TURTR,Tursiops truncatus,9121467,true positive,26,1,disordered
ELME000155,LIG_SH3_3,SH3 domain ligands,LIG,This is the motif recognized by those SH3 domains with a non-canonical class I recognition specificity,PF00018,SH3_1,SH3 domain,...[PV]..P,AQKPDPP,455,461,DAG1_HUMAN,Homo sapiens,10903901,true positive,26,1,disordered
ELME000155,LIG_SH3_3,SH3 domain ligands,LIG,This is the motif recognized by those SH3 domains with a non-canonical class I recognition specificity,PF00018,SH3_1,SH3 domain,...[PV]..P,AQKPDPP,455,461,EPS8_HUMAN,Homo sapiens,21098279 22921828,true positive,26,1,disordered
ELME000155,LIG_SH3_3,SH3 domain ligands,LIG,This is the motif recognized by those SH3 domains with a non-canonical class I recognition specificity,PF00018,SH3_1,SH3 domain,...[PV]..P,AQKPDPP,455,461,ESPFU_ECO5T,Escherichia coli O157:H7 str. TW14359,21098279,true positive,26,1,disordered
ELME000155,LIG_SH3_3,SH3 domain ligands,LIG,This is the motif recognized by those SH3 domains with a non-canonical class I recognition specificity,PF00018,SH3_1,SH3 domain,...[PV]..P,AQKPDPP,455,461,LAS17_YEAST,Saccharomyces cerevisiae,10648568,true positive,26,1,disordered
ELME000155,LIG_SH3_3,SH3 domain ligands,LIG,This is the motif recognized by those SH3 domains with a non-canonical class I recognition specificity,PF00018,SH3_1,SH3 domain,...[PV]..P,AQKPDPP,455,461,NS1_I72A2,Influenza A virus (A/Udorn/307/1972(H3N2)),17881440,true positive,26,1,disordered
ELME000155,LIG_SH3_3,SH3 domain ligands,LIG,This is the motif recognized by those SH3 domains with a non-canonical class I recognition specificity,PF00018,SH3_1,SH3 domain,...[PV]..P,AQKPDPP,455,461,ORF3_HEVBU,Hepatitis E virus (strain Burma),11518702,true positive,26,1,disordered
ELME000155,LIG_SH3_3,SH3 domain ligands,LIG,This is the motif recognized by those SH3 domains with a non-canonical class I recognition specificity,PF00018,SH3_1,SH3 domain,...[PV]..P,AQKPDPP,455,461,P73_HUMAN,Homo sapiens,10391251,true positive,26,1,disordered
ELME000155,LIG_SH3_3,SH3 domain ligands,LIG,This is the motif recognized by those SH3 domains with a non-canonical class I recognition specificity,PF00018,SH3_1,SH3 domain,...[PV]..P,AQKPDPP,455,461,SOS1_MOUSE,Mus musculus,9135122,true positive,26,1,disordered
ELME000155,LIG_SH3_3,SH3 domain ligands,LIG,This is the motif recognized by those SH3 domains with a non-canonical class I recognition specificity,PF00018,SH3_1,SH3 domain,...[PV]..P,AQKPDPP,455,461,TAU_HUMAN,Homo sapiens,18467332,true positive,26,1,disordered
ELME000155,LIG_SH3_3,SH3 domain ligands,LIG,This is the motif recognized by those SH3 domains with a non-canonical class I recognition specificity,PF00018,SH3_1,SH3 domain,...[PV]..P,AQKPDPP,455,461,TIP_SHV24,Herpesvirus saimiri (strain 484-77),11040125,true positive,26,1,disordered
ELME000155,LIG_SH3_3,SH3 domain ligands,LIG,This is the motif recognized by those SH3 domains with a non-canonical class I recognition specificity,PF00018,SH3_1,SH3 domain,...[PV]..P,AQKPDPP,455,461,WASF1_MOUSE,Mus musculus,10970852,true positive,26,1,disordered
ELME000155,LIG_SH3_3,SH3 domain ligands,LIG,This is the motif recognized by those SH3 domains with a non-canonical class I recognition specificity,PF00018,SH3_1,SH3 domain,...[PV]..P,PDPPSGP,458,464,BIN1_HUMAN,Homo sapiens,15992821,true positive,26,1,disordered
ELME000155,LIG_SH3_3,SH3 domain ligands,LIG,This is the motif recognized by those SH3 domains with a non-canonical class I recognition specificity,PF00018,SH3_1,SH3 domain,...[PV]..P,PDPPSGP,458,464,CD2_HUMAN,Homo sapiens,12426371,true positive,26,1,disordered
ELME000155,LIG_SH3_3,SH3 domain ligands,LIG,This is the motif recognized by those SH3 domains with a non-canonical class I recognition specificity,PF00018,SH3_1,SH3 domain,...[PV]..P,PDPPSGP,458,464,CY24A_TURTR,Tursiops truncatus,9121467,true positive,26,1,disordered
ELME000155,LIG_SH3_3,SH3 domain ligands,LIG,This is the motif recognized by those SH3 domains with a non-canonical class I recognition specificity,PF00018,SH3_1,SH3 domain,...[PV]..P,PDPPSGP,458,464,DAG1_HUMAN,Homo sapiens,10903901,true positive,26,1,disordered
ELME000155,LIG_SH3_3,SH3 domain ligands,LIG,This is the motif recognized by those SH3 domains with a non-canonical class I recognition specificity,PF00018,SH3_1,SH3 domain,...[PV]..P,PDPPSGP,458,464,EPS8_HUMAN,Homo sapiens,21098279 22921828,true positive,26,1,disordered
ELME000155,LIG_SH3_3,SH3 domain ligands,LIG,This is the motif recognized by those SH3 domains with a non-canonical class I recognition specificity,PF00018,SH3_1,SH3 domain,...[PV]..P,PDPPSGP,458,464,ESPFU_ECO5T,Escherichia coli O157:H7 str. TW14359,21098279,true positive,26,1,disordered
ELME000155,LIG_SH3_3,SH3 domain ligands,LIG,This is the motif recognized by those SH3 domains with a non-canonical class I recognition specificity,PF00018,SH3_1,SH3 domain,...[PV]..P,PDPPSGP,458,464,LAS17_YEAST,Saccharomyces cerevisiae,10648568,true positive,26,1,disordered
ELME000155,LIG_SH3_3,SH3 domain ligands,LIG,This is the motif recognized by those SH3 domains with a non-canonical class I recognition specificity,PF00018,SH3_1,SH3 domain,...[PV]..P,PDPPSGP,458,464,NS1_I72A2,Influenza A virus (A/Udorn/307/1972(H3N2)),17881440,true positive,26,1,disordered
ELME000155,LIG_SH3_3,SH3 domain ligands,LIG,This is the motif recognized by those SH3 domains with a non-canonical class I recognition specificity,PF00018,SH3_1,SH3 domain,...[PV]..P,PDPPSGP,458,464,ORF3_HEVBU,Hepatitis E virus (strain Burma),11518702,true positive,26,1,disordered
ELME000155,LIG_SH3_3,SH3 domain ligands,LIG,This is the motif recognized by those SH3 domains with a non-canonical class I recognition specificity,PF00018,SH3_1,SH3 domain,...[PV]..P,PDPPSGP,458,464,P73_HUMAN,Homo sapiens,10391251,true positive,26,1,disordered
ELME000155,LIG_SH3_3,SH3 domain ligands,LIG,This is the motif recognized by those SH3 domains with a non-canonical class I recognition specificity,PF00018,SH3_1,SH3 domain,...[PV]..P,PDPPSGP,458,464,SOS1_MOUSE,Mus musculus,9135122,true positive,26,1,disordered
ELME000155,LIG_SH3_3,SH3 domain ligands,LIG,This is the motif recognized by those SH3 domains with a non-canonical class I recognition specificity,PF00018,SH3_1,SH3 domain,...[PV]..P,PDPPSGP,458,464,TAU_HUMAN,Homo sapiens,18467332,true positive,26,1,disordered
ELME000155,LIG_SH3_3,SH3 domain ligands,LIG,This is the motif recognized by those SH3 domains with a non-canonical class I recognition specificity,PF00018,SH3_1,SH3 domain,...[PV]..P,PDPPSGP,458,464,TIP_SHV24,Herpesvirus saimiri (strain 484-77),11040125,true positive,26,1,disordered
ELME000155,LIG_SH3_3,SH3 domain ligands,LIG,This is the motif recognized by those SH3 domains with a non-canonical class I recognition specificity,PF00018,SH3_1,SH3 domain,...[PV]..P,PDPPSGP,458,464,WASF1_MOUSE,Mus musculus,10970852,true positive,26,1,disordered
ELME000501,LIG_SH3_CIN85_PxpxPR_1,CIN85 and CD2AP SH3 domain binding motif ,LIG,"The non-canonical SH3-binding motif is recognized primarily by adaptor proteins CIN85 and CD2AP, which are involved in RTK regulation, endocytosis, lysosomal degradation, actin cytoskeleton dynamics regulation, and signal transduction",PF14604,SH3_9,Variant SH3 domain,P.[AP].PR,PVPPPR,441,446,3BP2_HUMAN,Homo sapiens,17306257,true positive,60,4,disordered
ELME000501,LIG_SH3_CIN85_PxpxPR_1,CIN85 and CD2AP SH3 domain binding motif ,LIG,"The non-canonical SH3-binding motif is recognized primarily by adaptor proteins CIN85 and CD2AP, which are involved in RTK regulation, endocytosis, lysosomal degradation, actin cytoskeleton dynamics regulation, and signal transduction",PF14604,SH3_9,Variant SH3 domain,P.[AP].PR,PVPPPR,441,446,A0A1B0SZV8_ORENI,Oreochromis niloticus,32247045,true positive,60,4,disordered
ELME000501,LIG_SH3_CIN85_PxpxPR_1,CIN85 and CD2AP SH3 domain binding motif ,LIG,"The non-canonical SH3-binding motif is recognized primarily by adaptor proteins CIN85 and CD2AP, which are involved in RTK regulation, endocytosis, lysosomal degradation, actin cytoskeleton dynamics regulation, and signal transduction",PF14604,SH3_9,Variant SH3 domain,P.[AP].PR,PVPPPR,441,446,ARAP3_HUMAN,Homo sapiens,15090612,true positive,60,4,disordered
ELME000501,LIG_SH3_CIN85_PxpxPR_1,CIN85 and CD2AP SH3 domain binding motif ,LIG,"The non-canonical SH3-binding motif is recognized primarily by adaptor proteins CIN85 and CD2AP, which are involved in RTK regulation, endocytosis, lysosomal degradation, actin cytoskeleton dynamics regulation, and signal transduction",PF14604,SH3_9,Variant SH3 domain,P.[AP].PR,PVPPPR,441,446,ASAP1_HUMAN,Homo sapiens,15090612,true positive,60,4,disordered
ELME000501,LIG_SH3_CIN85_PxpxPR_1,CIN85 and CD2AP SH3 domain binding motif ,LIG,"The non-canonical SH3-binding motif is recognized primarily by adaptor proteins CIN85 and CD2AP, which are involved in RTK regulation, endocytosis, lysosomal degradation, actin cytoskeleton dynamics regulation, and signal transduction",PF14604,SH3_9,Variant SH3 domain,P.[AP].PR,PVPPPR,441,446,ASAP1_MOUSE,Mus musculus,15632162,true positive,60,4,disordered
ELME000501,LIG_SH3_CIN85_PxpxPR_1,CIN85 and CD2AP SH3 domain binding motif ,LIG,"The non-canonical SH3-binding motif is recognized primarily by adaptor proteins CIN85 and CD2AP, which are involved in RTK regulation, endocytosis, lysosomal degradation, actin cytoskeleton dynamics regulation, and signal transduction",PF14604,SH3_9,Variant SH3 domain,P.[AP].PR,PVPPPR,441,446,BLNK_HUMAN,Homo sapiens,11071869 32051419 27353366,true positive,60,4,disordered
ELME000501,LIG_SH3_CIN85_PxpxPR_1,CIN85 and CD2AP SH3 domain binding motif ,LIG,"The non-canonical SH3-binding motif is recognized primarily by adaptor proteins CIN85 and CD2AP, which are involved in RTK regulation, endocytosis, lysosomal degradation, actin cytoskeleton dynamics regulation, and signal transduction",PF14604,SH3_9,Variant SH3 domain,P.[AP].PR,PVPPPR,441,446,BLNK_HUMAN,Homo sapiens,32051419 27353366,true positive,60,4,disordered
ELME000501,LIG_SH3_CIN85_PxpxPR_1,CIN85 and CD2AP SH3 domain binding motif ,LIG,"The non-canonical SH3-binding motif is recognized primarily by adaptor proteins CIN85 and CD2AP, which are involved in RTK regulation, endocytosis, lysosomal degradation, actin cytoskeleton dynamics regulation, and signal transduction",PF14604,SH3_9,Variant SH3 domain,P.[AP].PR,PVPPPR,441,446,CBLB_HUMAN,Homo sapiens,12177062 16228008 23663663 12874286 19268472 17020880,true positive,60,4,disordered
ELME000501,LIG_SH3_CIN85_PxpxPR_1,CIN85 and CD2AP SH3 domain binding motif ,LIG,"The non-canonical SH3-binding motif is recognized primarily by adaptor proteins CIN85 and CD2AP, which are involved in RTK regulation, endocytosis, lysosomal degradation, actin cytoskeleton dynamics regulation, and signal transduction",PF14604,SH3_9,Variant SH3 domain,P.[AP].PR,PVPPPR,441,446,CBL_HUMAN,Homo sapiens,11067845 16228008 11071869 10679202 12874286 19268472,true positive,60,4,disordered
ELME000501,LIG_SH3_CIN85_PxpxPR_1,CIN85 and CD2AP SH3 domain binding motif ,LIG,"The non-canonical SH3-binding motif is recognized primarily by adaptor proteins CIN85 and CD2AP, which are involved in RTK regulation, endocytosis, lysosomal degradation, actin cytoskeleton dynamics regulation, and signal transduction",PF14604,SH3_9,Variant SH3 domain,P.[AP].PR,PVPPPR,441,446,CD2_HUMAN,Homo sapiens,23663663 17020880 12690097,true positive,60,4,disordered
ELME000501,LIG_SH3_CIN85_PxpxPR_1,CIN85 and CD2AP SH3 domain binding motif ,LIG,"The non-canonical SH3-binding motif is recognized primarily by adaptor proteins CIN85 and CD2AP, which are involved in RTK regulation, endocytosis, lysosomal degradation, actin cytoskeleton dynamics regulation, and signal transduction",PF14604,SH3_9,Variant SH3 domain,P.[AP].PR,PVPPPR,441,446,CD2_MOUSE,Mus musculus,9741631,true positive,60,4,disordered
ELME000501,LIG_SH3_CIN85_PxpxPR_1,CIN85 and CD2AP SH3 domain binding motif ,LIG,"The non-canonical SH3-binding motif is recognized primarily by adaptor proteins CIN85 and CD2AP, which are involved in RTK regulation, endocytosis, lysosomal degradation, actin cytoskeleton dynamics regulation, and signal transduction",PF14604,SH3_9,Variant SH3 domain,P.[AP].PR,PVPPPR,441,446,DAB1_HUMAN,Homo sapiens,14596919,true positive,60,4,disordered
ELME000501,LIG_SH3_CIN85_PxpxPR_1,CIN85 and CD2AP SH3 domain binding motif ,LIG,"The non-canonical SH3-binding motif is recognized primarily by adaptor proteins CIN85 and CD2AP, which are involved in RTK regulation, endocytosis, lysosomal degradation, actin cytoskeleton dynamics regulation, and signal transduction",PF14604,SH3_9,Variant SH3 domain,P.[AP].PR,PVPPPR,441,446,DAB1_MOUSE,Mus musculus,18076569,true positive,60,4,disordered
ELME000501,LIG_SH3_CIN85_PxpxPR_1,CIN85 and CD2AP SH3 domain binding motif ,LIG,"The non-canonical SH3-binding motif is recognized primarily by adaptor proteins CIN85 and CD2AP, which are involved in RTK regulation, endocytosis, lysosomal degradation, actin cytoskeleton dynamics regulation, and signal transduction",PF14604,SH3_9,Variant SH3 domain,P.[AP].PR,PVPPPR,441,446,DAB2_HUMAN,Homo sapiens,14596919,true positive,60,4,disordered
ELME000501,LIG_SH3_CIN85_PxpxPR_1,CIN85 and CD2AP SH3 domain binding motif ,LIG,"The non-canonical SH3-binding motif is recognized primarily by adaptor proteins CIN85 and CD2AP, which are involved in RTK regulation, endocytosis, lysosomal degradation, actin cytoskeleton dynamics regulation, and signal transduction",PF14604,SH3_9,Variant SH3 domain,P.[AP].PR,PVPPPR,441,446,DEND_HUMAN,Homo sapiens,16751601,true positive,60,4,disordered
ELME000501,LIG_SH3_CIN85_PxpxPR_1,CIN85 and CD2AP SH3 domain binding motif ,LIG,"The non-canonical SH3-binding motif is recognized primarily by adaptor proteins CIN85 and CD2AP, which are involved in RTK regulation, endocytosis, lysosomal degradation, actin cytoskeleton dynamics regulation, and signal transduction",PF14604,SH3_9,Variant SH3 domain,P.[AP].PR,PVPPPR,441,446,HIP1R_MOUSE,Mus musculus,15090612,true positive,60,4,disordered
ELME000501,LIG_SH3_CIN85_PxpxPR_1,CIN85 and CD2AP SH3 domain binding motif ,LIG,"The non-canonical SH3-binding motif is recognized primarily by adaptor proteins CIN85 and CD2AP, which are involved in RTK regulation, endocytosis, lysosomal degradation, actin cytoskeleton dynamics regulation, and signal transduction",PF14604,SH3_9,Variant SH3 domain,P.[AP].PR,PVPPPR,441,446,ICP0_HHV11,Herpes simplex virus (type 1 / strain 17),15824310,true positive,60,4,disordered
ELME000501,LIG_SH3_CIN85_PxpxPR_1,CIN85 and CD2AP SH3 domain binding motif ,LIG,"The non-canonical SH3-binding motif is recognized primarily by adaptor proteins CIN85 and CD2AP, which are involved in RTK regulation, endocytosis, lysosomal degradation, actin cytoskeleton dynamics regulation, and signal transduction",PF14604,SH3_9,Variant SH3 domain,P.[AP].PR,PVPPPR,441,446,ITCH_HUMAN,Homo sapiens,17652093,true positive,60,4,disordered
ELME000501,LIG_SH3_CIN85_PxpxPR_1,CIN85 and CD2AP SH3 domain binding motif ,LIG,"The non-canonical SH3-binding motif is recognized primarily by adaptor proteins CIN85 and CD2AP, which are involved in RTK regulation, endocytosis, lysosomal degradation, actin cytoskeleton dynamics regulation, and signal transduction",PF14604,SH3_9,Variant SH3 domain,P.[AP].PR,PVPPPR,441,446,MB12A_HUMAN,Homo sapiens,16895919,true positive,60,4,disordered
ELME000501,LIG_SH3_CIN85_PxpxPR_1,CIN85 and CD2AP SH3 domain binding motif ,LIG,"The non-canonical SH3-binding motif is recognized primarily by adaptor proteins CIN85 and CD2AP, which are involved in RTK regulation, endocytosis, lysosomal degradation, actin cytoskeleton dynamics regulation, and signal transduction",PF14604,SH3_9,Variant SH3 domain,P.[AP].PR,PVPPPR,441,446,P85A_HUMAN,Homo sapiens,31723006,true positive,60,4,disordered
ELME000501,LIG_SH3_CIN85_PxpxPR_1,CIN85 and CD2AP SH3 domain binding motif ,LIG,"The non-canonical SH3-binding motif is recognized primarily by adaptor proteins CIN85 and CD2AP, which are involved in RTK regulation, endocytosis, lysosomal degradation, actin cytoskeleton dynamics regulation, and signal transduction",PF14604,SH3_9,Variant SH3 domain,P.[AP].PR,PVPPPR,441,446,PDC6I_HUMAN,Homo sapiens,26296892,true positive,60,4,disordered
ELME000501,LIG_SH3_CIN85_PxpxPR_1,CIN85 and CD2AP SH3 domain binding motif ,LIG,"The non-canonical SH3-binding motif is recognized primarily by adaptor proteins CIN85 and CD2AP, which are involved in RTK regulation, endocytosis, lysosomal degradation, actin cytoskeleton dynamics regulation, and signal transduction",PF14604,SH3_9,Variant SH3 domain,P.[AP].PR,PVPPPR,441,446,PDC6I_RAT,Rattus norvegicus,10858458 11152963,true positive,60,4,disordered
ELME000501,LIG_SH3_CIN85_PxpxPR_1,CIN85 and CD2AP SH3 domain binding motif ,LIG,"The non-canonical SH3-binding motif is recognized primarily by adaptor proteins CIN85 and CD2AP, which are involved in RTK regulation, endocytosis, lysosomal degradation, actin cytoskeleton dynamics regulation, and signal transduction",PF14604,SH3_9,Variant SH3 domain,P.[AP].PR,PVPPPR,441,446,POLG_HCVJF,Hepatitis C virus JFH-1,25872741,true positive,60,4,disordered
ELME000501,LIG_SH3_CIN85_PxpxPR_1,CIN85 and CD2AP SH3 domain binding motif ,LIG,"The non-canonical SH3-binding motif is recognized primarily by adaptor proteins CIN85 and CD2AP, which are involved in RTK regulation, endocytosis, lysosomal degradation, actin cytoskeleton dynamics regulation, and signal transduction",PF14604,SH3_9,Variant SH3 domain,P.[AP].PR,PVPPPR,441,446,POLN_BFV,Barmah Forest virus,29702546,true positive,60,4,disordered
ELME000501,LIG_SH3_CIN85_PxpxPR_1,CIN85 and CD2AP SH3 domain binding motif ,LIG,"The non-canonical SH3-binding motif is recognized primarily by adaptor proteins CIN85 and CD2AP, which are involved in RTK regulation, endocytosis, lysosomal degradation, actin cytoskeleton dynamics regulation, and signal transduction",PF14604,SH3_9,Variant SH3 domain,P.[AP].PR,PVPPPR,441,446,POLN_CHIKS,Chikungunya virus strain S27-African prototype,31493651,true positive,60,4,disordered
ELME000501,LIG_SH3_CIN85_PxpxPR_1,CIN85 and CD2AP SH3 domain binding motif ,LIG,"The non-canonical SH3-binding motif is recognized primarily by adaptor proteins CIN85 and CD2AP, which are involved in RTK regulation, endocytosis, lysosomal degradation, actin cytoskeleton dynamics regulation, and signal transduction",PF14604,SH3_9,Variant SH3 domain,P.[AP].PR,PVPPPR,441,446,POLN_EEVVT,Venezuelan equine encephalitis virus (strain Trinidad donkey),31694937,true positive,60,4,disordered
ELME000501,LIG_SH3_CIN85_PxpxPR_1,CIN85 and CD2AP SH3 domain binding motif ,LIG,"The non-canonical SH3-binding motif is recognized primarily by adaptor proteins CIN85 and CD2AP, which are involved in RTK regulation, endocytosis, lysosomal degradation, actin cytoskeleton dynamics regulation, and signal transduction",PF14604,SH3_9,Variant SH3 domain,P.[AP].PR,PVPPPR,441,446,POLN_SFV,Semliki forest virus,29702546,true positive,60,4,disordered
ELME000501,LIG_SH3_CIN85_PxpxPR_1,CIN85 and CD2AP SH3 domain binding motif ,LIG,"The non-canonical SH3-binding motif is recognized primarily by adaptor proteins CIN85 and CD2AP, which are involved in RTK regulation, endocytosis, lysosomal degradation, actin cytoskeleton dynamics regulation, and signal transduction",PF14604,SH3_9,Variant SH3 domain,P.[AP].PR,PVPPPR,441,446,PTCRA_HUMAN,Homo sapiens,17823309,true positive,60,4,disordered
ELME000501,LIG_SH3_CIN85_PxpxPR_1,CIN85 and CD2AP SH3 domain binding motif ,LIG,"The non-canonical SH3-binding motif is recognized primarily by adaptor proteins CIN85 and CD2AP, which are involved in RTK regulation, endocytosis, lysosomal degradation, actin cytoskeleton dynamics regulation, and signal transduction",PF14604,SH3_9,Variant SH3 domain,P.[AP].PR,PVPPPR,441,446,Q4UGW0_THEAN,Theileria annulata,29520916,unknown,60,4,disordered
ELME000501,LIG_SH3_CIN85_PxpxPR_1,CIN85 and CD2AP SH3 domain binding motif ,LIG,"The non-canonical SH3-binding motif is recognized primarily by adaptor proteins CIN85 and CD2AP, which are involved in RTK regulation, endocytosis, lysosomal degradation, actin cytoskeleton dynamics regulation, and signal transduction",PF14604,SH3_9,Variant SH3 domain,P.[AP].PR,PVPPPR,441,446,Q64ET4_HCMV,Human herpesvirus 5,30089695,unknown,60,4,disordered
ELME000501,LIG_SH3_CIN85_PxpxPR_1,CIN85 and CD2AP SH3 domain binding motif ,LIG,"The non-canonical SH3-binding motif is recognized primarily by adaptor proteins CIN85 and CD2AP, which are involved in RTK regulation, endocytosis, lysosomal degradation, actin cytoskeleton dynamics regulation, and signal transduction",PF14604,SH3_9,Variant SH3 domain,P.[AP].PR,PVPPPR,441,446,RHG27_RAT,Rattus norvegicus,15147912,true positive,60,4,disordered
ELME000501,LIG_SH3_CIN85_PxpxPR_1,CIN85 and CD2AP SH3 domain binding motif ,LIG,"The non-canonical SH3-binding motif is recognized primarily by adaptor proteins CIN85 and CD2AP, which are involved in RTK regulation, endocytosis, lysosomal degradation, actin cytoskeleton dynamics regulation, and signal transduction",PF14604,SH3_9,Variant SH3 domain,P.[AP].PR,PVPPPR,441,446,RIN3_HUMAN,Homo sapiens,26296892,true positive,60,4,disordered
ELME000501,LIG_SH3_CIN85_PxpxPR_1,CIN85 and CD2AP SH3 domain binding motif ,LIG,"The non-canonical SH3-binding motif is recognized primarily by adaptor proteins CIN85 and CD2AP, which are involved in RTK regulation, endocytosis, lysosomal degradation, actin cytoskeleton dynamics regulation, and signal transduction",PF14604,SH3_9,Variant SH3 domain,P.[AP].PR,PVPPPR,441,446,RON2_TOXGM,Toxoplasma gondii ME49,28848228,true positive,60,4,disordered
ELME000501,LIG_SH3_CIN85_PxpxPR_1,CIN85 and CD2AP SH3 domain binding motif ,LIG,"The non-canonical SH3-binding motif is recognized primarily by adaptor proteins CIN85 and CD2AP, which are involved in RTK regulation, endocytosis, lysosomal degradation, actin cytoskeleton dynamics regulation, and signal transduction",PF14604,SH3_9,Variant SH3 domain,P.[AP].PR,PVPPPR,441,446,RON4_TOXGO,Toxoplasma gondii,28848228,true positive,60,4,disordered
ELME000501,LIG_SH3_CIN85_PxpxPR_1,CIN85 and CD2AP SH3 domain binding motif ,LIG,"The non-canonical SH3-binding motif is recognized primarily by adaptor proteins CIN85 and CD2AP, which are involved in RTK regulation, endocytosis, lysosomal degradation, actin cytoskeleton dynamics regulation, and signal transduction",PF14604,SH3_9,Variant SH3 domain,P.[AP].PR,PVPPPR,441,446,S8ERS3_TOXGM,Toxoplasma gondii ME49,28848228,true positive,60,4,disordered
ELME000501,LIG_SH3_CIN85_PxpxPR_1,CIN85 and CD2AP SH3 domain binding motif ,LIG,"The non-canonical SH3-binding motif is recognized primarily by adaptor proteins CIN85 and CD2AP, which are involved in RTK regulation, endocytosis, lysosomal degradation, actin cytoskeleton dynamics regulation, and signal transduction",PF14604,SH3_9,Variant SH3 domain,P.[AP].PR,PVPPPR,441,446,SEPT9_HUMAN,Homo sapiens,25472714,true positive,60,4,disordered
ELME000501,LIG_SH3_CIN85_PxpxPR_1,CIN85 and CD2AP SH3 domain binding motif ,LIG,"The non-canonical SH3-binding motif is recognized primarily by adaptor proteins CIN85 and CD2AP, which are involved in RTK regulation, endocytosis, lysosomal degradation, actin cytoskeleton dynamics regulation, and signal transduction",PF14604,SH3_9,Variant SH3 domain,P.[AP].PR,PVPPPR,441,446,SHIP1_HUMAN,Homo sapiens,15090612,true positive,60,4,disordered
ELME000501,LIG_SH3_CIN85_PxpxPR_1,CIN85 and CD2AP SH3 domain binding motif ,LIG,"The non-canonical SH3-binding motif is recognized primarily by adaptor proteins CIN85 and CD2AP, which are involved in RTK regulation, endocytosis, lysosomal degradation, actin cytoskeleton dynamics regulation, and signal transduction",PF14604,SH3_9,Variant SH3 domain,P.[AP].PR,PVPPPR,441,446,SHKB1_MOUSE,Mus musculus,21830225,true positive,60,4,disordered
ELME000501,LIG_SH3_CIN85_PxpxPR_1,CIN85 and CD2AP SH3 domain binding motif ,LIG,"The non-canonical SH3-binding motif is recognized primarily by adaptor proteins CIN85 and CD2AP, which are involved in RTK regulation, endocytosis, lysosomal degradation, actin cytoskeleton dynamics regulation, and signal transduction",PF14604,SH3_9,Variant SH3 domain,P.[AP].PR,PVPPPR,441,446,SHKB1_RAT,Rattus norvegicus,11152963,true positive,60,4,disordered
ELME000501,LIG_SH3_CIN85_PxpxPR_1,CIN85 and CD2AP SH3 domain binding motif ,LIG,"The non-canonical SH3-binding motif is recognized primarily by adaptor proteins CIN85 and CD2AP, which are involved in RTK regulation, endocytosis, lysosomal degradation, actin cytoskeleton dynamics regulation, and signal transduction",PF14604,SH3_9,Variant SH3 domain,P.[AP].PR,PVPPPR,441,446,STAP1_MOUSE,Mus musculus,15090612,true positive,60,4,disordered
ELME000501,LIG_SH3_CIN85_PxpxPR_1,CIN85 and CD2AP SH3 domain binding motif ,LIG,"The non-canonical SH3-binding motif is recognized primarily by adaptor proteins CIN85 and CD2AP, which are involved in RTK regulation, endocytosis, lysosomal degradation, actin cytoskeleton dynamics regulation, and signal transduction",PF14604,SH3_9,Variant SH3 domain,P.[AP].PR,PVPPPR,441,446,SYNJ1_MOUSE,Mus musculus,12829691,true positive,60,4,disordered
ELME000501,LIG_SH3_CIN85_PxpxPR_1,CIN85 and CD2AP SH3 domain binding motif ,LIG,"The non-canonical SH3-binding motif is recognized primarily by adaptor proteins CIN85 and CD2AP, which are involved in RTK regulation, endocytosis, lysosomal degradation, actin cytoskeleton dynamics regulation, and signal transduction",PF14604,SH3_9,Variant SH3 domain,P.[AP].PR,PVPPPR,441,446,SYNJ2_RAT,Rattus norvegicus,15090612,true positive,60,4,disordered
ELME000501,LIG_SH3_CIN85_PxpxPR_1,CIN85 and CD2AP SH3 domain binding motif ,LIG,"The non-canonical SH3-binding motif is recognized primarily by adaptor proteins CIN85 and CD2AP, which are involved in RTK regulation, endocytosis, lysosomal degradation, actin cytoskeleton dynamics regulation, and signal transduction",PF14604,SH3_9,Variant SH3 domain,P.[AP].PR,PVPPPR,441,446,TTP_HUMAN,Homo sapiens,20221403,true positive,60,4,disordered
ELME000365,LIG_WD40_WDR5_VDV_2,"WDR5 WD40 repeat (blade 5,6)-binding ligand",LIG,"Fungi-specific variant of the WDR5-binding motif that binds to a cleft between blades 5 and 6 of the WD40 repeat domain of WDR5, opposite of the Win motif-binding site, to mediate assembly of histone modification complexes.",IPR017986,IPR017986,WD40-repeat-containing domain,"[EDSTY].{0,4}[VIPLA][TSDEKR][ILVA]",DVTDVSL,350,356,SWD1_SCHPO,Schizosaccharomyces pombe 972h-,20716525,true positive,2,0,disordered
ELME000365,LIG_WD40_WDR5_VDV_2,"WDR5 WD40 repeat (blade 5,6)-binding ligand",LIG,"Fungi-specific variant of the WDR5-binding motif that binds to a cleft between blades 5 and 6 of the WD40 repeat domain of WDR5, opposite of the Win motif-binding site, to mediate assembly of histone modification complexes.",IPR017986,IPR017986,WD40-repeat-containing domain,"[EDSTY].{0,4}[VIPLA][TSDEKR][ILVA]",DVTDVSL,350,356,SWD1_YEAST,Saccharomyces cerevisiae S288c,20716525,true positive,2,0,disordered
ELME000365,LIG_WD40_WDR5_VDV_2,"WDR5 WD40 repeat (blade 5,6)-binding ligand",LIG,"Fungi-specific variant of the WDR5-binding motif that binds to a cleft between blades 5 and 6 of the WD40 repeat domain of WDR5, opposite of the Win motif-binding site, to mediate assembly of histone modification complexes.",IPR017986,IPR017986,WD40-repeat-containing domain,"[EDSTY].{0,4}[VIPLA][TSDEKR][ILVA]",TDVSL,352,356,SWD1_SCHPO,Schizosaccharomyces pombe 972h-,20716525,true positive,2,0,disordered
ELME000365,LIG_WD40_WDR5_VDV_2,"WDR5 WD40 repeat (blade 5,6)-binding ligand",LIG,"Fungi-specific variant of the WDR5-binding motif that binds to a cleft between blades 5 and 6 of the WD40 repeat domain of WDR5, opposite of the Win motif-binding site, to mediate assembly of histone modification complexes.",IPR017986,IPR017986,WD40-repeat-containing domain,"[EDSTY].{0,4}[VIPLA][TSDEKR][ILVA]",TDVSL,352,356,SWD1_YEAST,Saccharomyces cerevisiae S288c,20716525,true positive,2,0,disordered
ELME000365,LIG_WD40_WDR5_VDV_2,"WDR5 WD40 repeat (blade 5,6)-binding ligand",LIG,"Fungi-specific variant of the WDR5-binding motif that binds to a cleft between blades 5 and 6 of the WD40 repeat domain of WDR5, opposite of the Win motif-binding site, to mediate assembly of histone modification complexes.",IPR017986,IPR017986,WD40-repeat-containing domain,"[EDSTY].{0,4}[VIPLA][TSDEKR][ILVA]",DVSL,353,356,SWD1_SCHPO,Schizosaccharomyces pombe 972h-,20716525,true positive,2,0,disordered
ELME000365,LIG_WD40_WDR5_VDV_2,"WDR5 WD40 repeat (blade 5,6)-binding ligand",LIG,"Fungi-specific variant of the WDR5-binding motif that binds to a cleft between blades 5 and 6 of the WD40 repeat domain of WDR5, opposite of the Win motif-binding site, to mediate assembly of histone modification complexes.",IPR017986,IPR017986,WD40-repeat-containing domain,"[EDSTY].{0,4}[VIPLA][TSDEKR][ILVA]",DVSL,353,356,SWD1_YEAST,Saccharomyces cerevisiae S288c,20716525,true positive,2,0,disordered
ELME000365,LIG_WD40_WDR5_VDV_2,"WDR5 WD40 repeat (blade 5,6)-binding ligand",LIG,"Fungi-specific variant of the WDR5-binding motif that binds to a cleft between blades 5 and 6 of the WD40 repeat domain of WDR5, opposite of the Win motif-binding site, to mediate assembly of histone modification complexes.",IPR017986,IPR017986,WD40-repeat-containing domain,"[EDSTY].{0,4}[VIPLA][TSDEKR][ILVA]",DVTDISL,378,384,SWD1_SCHPO,Schizosaccharomyces pombe 972h-,20716525,true positive,2,0,disordered
ELME000365,LIG_WD40_WDR5_VDV_2,"WDR5 WD40 repeat (blade 5,6)-binding ligand",LIG,"Fungi-specific variant of the WDR5-binding motif that binds to a cleft between blades 5 and 6 of the WD40 repeat domain of WDR5, opposite of the Win motif-binding site, to mediate assembly of histone modification complexes.",IPR017986,IPR017986,WD40-repeat-containing domain,"[EDSTY].{0,4}[VIPLA][TSDEKR][ILVA]",DVTDISL,378,384,SWD1_YEAST,Saccharomyces cerevisiae S288c,20716525,true positive,2,0,disordered
ELME000365,LIG_WD40_WDR5_VDV_2,"WDR5 WD40 repeat (blade 5,6)-binding ligand",LIG,"Fungi-specific variant of the WDR5-binding motif that binds to a cleft between blades 5 and 6 of the WD40 repeat domain of WDR5, opposite of the Win motif-binding site, to mediate assembly of histone modification complexes.",IPR017986,IPR017986,WD40-repeat-containing domain,"[EDSTY].{0,4}[VIPLA][TSDEKR][ILVA]",TDISL,380,384,SWD1_SCHPO,Schizosaccharomyces pombe 972h-,20716525,true positive,2,0,disordered
ELME000365,LIG_WD40_WDR5_VDV_2,"WDR5 WD40 repeat (blade 5,6)-binding ligand",LIG,"Fungi-specific variant of the WDR5-binding motif that binds to a cleft between blades 5 and 6 of the WD40 repeat domain of WDR5, opposite of the Win motif-binding site, to mediate assembly of histone modification complexes.",IPR017986,IPR017986,WD40-repeat-containing domain,"[EDSTY].{0,4}[VIPLA][TSDEKR][ILVA]",TDISL,380,384,SWD1_YEAST,Saccharomyces cerevisiae S288c,20716525,true positive,2,0,disordered
ELME000365,LIG_WD40_WDR5_VDV_2,"WDR5 WD40 repeat (blade 5,6)-binding ligand",LIG,"Fungi-specific variant of the WDR5-binding motif that binds to a cleft between blades 5 and 6 of the WD40 repeat domain of WDR5, opposite of the Win motif-binding site, to mediate assembly of histone modification complexes.",IPR017986,IPR017986,WD40-repeat-containing domain,"[EDSTY].{0,4}[VIPLA][TSDEKR][ILVA]",DISL,381,384,SWD1_SCHPO,Schizosaccharomyces pombe 972h-,20716525,true positive,2,0,disordered
ELME000365,LIG_WD40_WDR5_VDV_2,"WDR5 WD40 repeat (blade 5,6)-binding ligand",LIG,"Fungi-specific variant of the WDR5-binding motif that binds to a cleft between blades 5 and 6 of the WD40 repeat domain of WDR5, opposite of the Win motif-binding site, to mediate assembly of histone modification complexes.",IPR017986,IPR017986,WD40-repeat-containing domain,"[EDSTY].{0,4}[VIPLA][TSDEKR][ILVA]",DISL,381,384,SWD1_YEAST,Saccharomyces cerevisiae S288c,20716525,true positive,2,0,disordered
ELME000365,LIG_WD40_WDR5_VDV_2,"WDR5 WD40 repeat (blade 5,6)-binding ligand",LIG,"Fungi-specific variant of the WDR5-binding motif that binds to a cleft between blades 5 and 6 of the WD40 repeat domain of WDR5, opposite of the Win motif-binding site, to mediate assembly of histone modification complexes.",IPR017986,IPR017986,WD40-repeat-containing domain,"[EDSTY].{0,4}[VIPLA][TSDEKR][ILVA]",TIQVTAEI,426,433,SWD1_SCHPO,Schizosaccharomyces pombe 972h-,20716525,true positive,2,0,disordered
ELME000365,LIG_WD40_WDR5_VDV_2,"WDR5 WD40 repeat (blade 5,6)-binding ligand",LIG,"Fungi-specific variant of the WDR5-binding motif that binds to a cleft between blades 5 and 6 of the WD40 repeat domain of WDR5, opposite of the Win motif-binding site, to mediate assembly of histone modification complexes.",IPR017986,IPR017986,WD40-repeat-containing domain,"[EDSTY].{0,4}[VIPLA][TSDEKR][ILVA]",TIQVTAEI,426,433,SWD1_YEAST,Saccharomyces cerevisiae S288c,20716525,true positive,2,0,disordered
ELME000365,LIG_WD40_WDR5_VDV_2,"WDR5 WD40 repeat (blade 5,6)-binding ligand",LIG,"Fungi-specific variant of the WDR5-binding motif that binds to a cleft between blades 5 and 6 of the WD40 repeat domain of WDR5, opposite of the Win motif-binding site, to mediate assembly of histone modification complexes.",IPR017986,IPR017986,WD40-repeat-containing domain,"[EDSTY].{0,4}[VIPLA][TSDEKR][ILVA]",TAEI,430,433,SWD1_SCHPO,Schizosaccharomyces pombe 972h-,20716525,true positive,2,0,disordered
ELME000365,LIG_WD40_WDR5_VDV_2,"WDR5 WD40 repeat (blade 5,6)-binding ligand",LIG,"Fungi-specific variant of the WDR5-binding motif that binds to a cleft between blades 5 and 6 of the WD40 repeat domain of WDR5, opposite of the Win motif-binding site, to mediate assembly of histone modification complexes.",IPR017986,IPR017986,WD40-repeat-containing domain,"[EDSTY].{0,4}[VIPLA][TSDEKR][ILVA]",TAEI,430,433,SWD1_YEAST,Saccharomyces cerevisiae S288c,20716525,true positive,2,0,disordered
ELME000362,LIG_WD40_WDR5_WIN_2,WDR5 WD40 repeat (central)-binding ligand,LIG,"Generalised metazoan variant of the Win (WDR5 interaction) motif, which in Vertebrates binds to the central tunnel of the WD40 repeat domain of WDR5 to mediate assembly of histone modification complexes.",IPR017986,IPR017986,WD40-repeat-containing domain,[STCA][CSAGV]R[STCAV][EQR][PGALV][LFYHRK],AGRSEVH,364,370,A4V2Z1_DROME,Drosophila melanogaster,24788516,true positive,4,1,disordered
ELME000362,LIG_WD40_WDR5_WIN_2,WDR5 WD40 repeat (central)-binding ligand,LIG,"Generalised metazoan variant of the Win (WDR5 interaction) motif, which in Vertebrates binds to the central tunnel of the WD40 repeat domain of WDR5 to mediate assembly of histone modification complexes.",IPR017986,IPR017986,WD40-repeat-containing domain,[STCA][CSAGV]R[STCAV][EQR][PGALV][LFYHRK],AGRSEVH,364,370,SET2_CAEEL,Caenorhabditis elegans,,true positive,4,1,disordered
ELME000362,LIG_WD40_WDR5_WIN_2,WDR5 WD40 repeat (central)-binding ligand,LIG,"Generalised metazoan variant of the Win (WDR5 interaction) motif, which in Vertebrates binds to the central tunnel of the WD40 repeat domain of WDR5 to mediate assembly of histone modification complexes.",IPR017986,IPR017986,WD40-repeat-containing domain,[STCA][CSAGV]R[STCAV][EQR][PGALV][LFYHRK],AGRSEVH,364,370,TRR_DROME,Drosophila melanogaster,,true positive,4,1,disordered
ELME000362,LIG_WD40_WDR5_WIN_2,WDR5 WD40 repeat (central)-binding ligand,LIG,"Generalised metazoan variant of the Win (WDR5 interaction) motif, which in Vertebrates binds to the central tunnel of the WD40 repeat domain of WDR5 to mediate assembly of histone modification complexes.",IPR017986,IPR017986,WD40-repeat-containing domain,[STCA][CSAGV]R[STCAV][EQR][PGALV][LFYHRK],AGRSEVH,364,370,TRX_DROME,Drosophila melanogaster,,true positive,4,1,disordered
ELME000135,LIG_WW_3,WW domain ligands,LIG,WW domain of group III binding motif,PF00397,WW,WW domain,.PPR.,PPPRL,443,447,WBP11_MOUSE,Mus musculus,19592703 10744724,true positive,1,0,disordered
ELME000063,MOD_CK1_1,Casein kinase 1 (CK1) Phosphorylation site,MOD,CK1 phosphorylation site,PF00069,Pkinase,Protein kinase domain,S..([ST])...,SMDSWSS,408,414,APC_HUMAN,Homo sapiens,17910481,true positive,27,0,disordered
ELME000063,MOD_CK1_1,Casein kinase 1 (CK1) Phosphorylation site,MOD,CK1 phosphorylation site,PF00069,Pkinase,Protein kinase domain,S..([ST])...,SMDSWSS,408,414,ATOH1_HUMAN,Homo sapiens,27542412,true positive,27,0,disordered
ELME000063,MOD_CK1_1,Casein kinase 1 (CK1) Phosphorylation site,MOD,CK1 phosphorylation site,PF00069,Pkinase,Protein kinase domain,S..([ST])...,SMDSWSS,408,414,BECN1_HUMAN,Homo sapiens,26008601,true positive,27,0,disordered
ELME000063,MOD_CK1_1,Casein kinase 1 (CK1) Phosphorylation site,MOD,CK1 phosphorylation site,PF00069,Pkinase,Protein kinase domain,S..([ST])...,SMDSWSS,408,414,BID_MOUSE,Mus musculus,11583622,true positive,27,0,disordered
ELME000063,MOD_CK1_1,Casein kinase 1 (CK1) Phosphorylation site,MOD,CK1 phosphorylation site,PF00069,Pkinase,Protein kinase domain,S..([ST])...,SMDSWSS,408,414,CADH1_MOUSE,Mus musculus,17353278,true positive,27,0,disordered
ELME000063,MOD_CK1_1,Casein kinase 1 (CK1) Phosphorylation site,MOD,CK1 phosphorylation site,PF00069,Pkinase,Protein kinase domain,S..([ST])...,SMDSWSS,408,414,CRY2_ARATH,Arabidopsis thaliana,23897926,true positive,27,0,disordered
ELME000063,MOD_CK1_1,Casein kinase 1 (CK1) Phosphorylation site,MOD,CK1 phosphorylation site,PF00069,Pkinase,Protein kinase domain,S..([ST])...,SMDSWSS,408,414,DNMT1_MOUSE,Mus musculus,20192920,true positive,27,0,disordered
ELME000063,MOD_CK1_1,Casein kinase 1 (CK1) Phosphorylation site,MOD,CK1 phosphorylation site,PF00069,Pkinase,Protein kinase domain,S..([ST])...,SMDSWSS,408,414,DVL1_MOUSE,Mus musculus,16965538,true positive,27,0,disordered
ELME000063,MOD_CK1_1,Casein kinase 1 (CK1) Phosphorylation site,MOD,CK1 phosphorylation site,PF00069,Pkinase,Protein kinase domain,S..([ST])...,SMDSWSS,408,414,EPAS1_HUMAN,Homo sapiens,27686097,true positive,27,0,disordered
ELME000063,MOD_CK1_1,Casein kinase 1 (CK1) Phosphorylation site,MOD,CK1 phosphorylation site,PF00069,Pkinase,Protein kinase domain,S..([ST])...,SMDSWSS,408,414,FADD_HUMAN,Homo sapiens,16061179,true positive,27,0,disordered
ELME000063,MOD_CK1_1,Casein kinase 1 (CK1) Phosphorylation site,MOD,CK1 phosphorylation site,PF00069,Pkinase,Protein kinase domain,S..([ST])...,SMDSWSS,408,414,FOXO1_HUMAN,Homo sapiens,14710188 11980723,true positive,27,0,disordered
ELME000063,MOD_CK1_1,Casein kinase 1 (CK1) Phosphorylation site,MOD,CK1 phosphorylation site,PF00069,Pkinase,Protein kinase domain,S..([ST])...,SMDSWSS,408,414,HIF1A_HUMAN,Homo sapiens,20699359,true positive,27,0,disordered
ELME000063,MOD_CK1_1,Casein kinase 1 (CK1) Phosphorylation site,MOD,CK1 phosphorylation site,PF00069,Pkinase,Protein kinase domain,S..([ST])...,SMDSWSS,408,414,JADE1_HUMAN,Homo sapiens,25100726,true positive,27,0,disordered
ELME000063,MOD_CK1_1,Casein kinase 1 (CK1) Phosphorylation site,MOD,CK1 phosphorylation site,PF00069,Pkinase,Protein kinase domain,S..([ST])...,SMDSWSS,408,414,KPCD2_HUMAN,Homo sapiens,17962809,true positive,27,0,disordered
ELME000063,MOD_CK1_1,Casein kinase 1 (CK1) Phosphorylation site,MOD,CK1 phosphorylation site,PF00069,Pkinase,Protein kinase domain,S..([ST])...,SMDSWSS,408,414,LRRK2_MOUSE,Mus musculus,25500533,true positive,27,0,disordered
ELME000063,MOD_CK1_1,Casein kinase 1 (CK1) Phosphorylation site,MOD,CK1 phosphorylation site,PF00069,Pkinase,Protein kinase domain,S..([ST])...,SMDSWSS,408,414,MDM2_HUMAN,Homo sapiens,20708156,true positive,27,0,disordered
ELME000063,MOD_CK1_1,Casein kinase 1 (CK1) Phosphorylation site,MOD,CK1 phosphorylation site,PF00069,Pkinase,Protein kinase domain,S..([ST])...,SMDSWSS,408,414,MDM4_HUMAN,Homo sapiens,16024788,true positive,27,0,disordered
ELME000063,MOD_CK1_1,Casein kinase 1 (CK1) Phosphorylation site,MOD,CK1 phosphorylation site,PF00069,Pkinase,Protein kinase domain,S..([ST])...,SMDSWSS,408,414,MPIP1_HUMAN,Homo sapiens,20348946,true positive,27,0,disordered
ELME000063,MOD_CK1_1,Casein kinase 1 (CK1) Phosphorylation site,MOD,CK1 phosphorylation site,PF00069,Pkinase,Protein kinase domain,S..([ST])...,SMDSWSS,408,414,MTSS1_HUMAN,Homo sapiens,24318128,true positive,27,0,disordered
ELME000063,MOD_CK1_1,Casein kinase 1 (CK1) Phosphorylation site,MOD,CK1 phosphorylation site,PF00069,Pkinase,Protein kinase domain,S..([ST])...,SMDSWSS,408,414,NCOA3_HUMAN,Homo sapiens,19339517,true positive,27,0,disordered
ELME000063,MOD_CK1_1,Casein kinase 1 (CK1) Phosphorylation site,MOD,CK1 phosphorylation site,PF00069,Pkinase,Protein kinase domain,S..([ST])...,SMDSWSS,408,414,NFAT5_HUMAN,Homo sapiens,18411282,true positive,27,0,disordered
ELME000063,MOD_CK1_1,Casein kinase 1 (CK1) Phosphorylation site,MOD,CK1 phosphorylation site,PF00069,Pkinase,Protein kinase domain,S..([ST])...,SMDSWSS,408,414,P53_HUMAN,Homo sapiens,10734067 10606744,true positive,27,0,disordered
ELME000063,MOD_CK1_1,Casein kinase 1 (CK1) Phosphorylation site,MOD,CK1 phosphorylation site,PF00069,Pkinase,Protein kinase domain,S..([ST])...,SMDSWSS,408,414,PER2_HUMAN,Homo sapiens,21324900,true positive,27,0,disordered
ELME000063,MOD_CK1_1,Casein kinase 1 (CK1) Phosphorylation site,MOD,CK1 phosphorylation site,PF00069,Pkinase,Protein kinase domain,S..([ST])...,SMDSWSS,408,414,PYRG2_HUMAN,Homo sapiens,20739275,true positive,27,0,disordered
ELME000063,MOD_CK1_1,Casein kinase 1 (CK1) Phosphorylation site,MOD,CK1 phosphorylation site,PF00069,Pkinase,Protein kinase domain,S..([ST])...,SMDSWSS,408,414,TRAF3_HUMAN,Homo sapiens,26928339,true positive,27,0,disordered
ELME000063,MOD_CK1_1,Casein kinase 1 (CK1) Phosphorylation site,MOD,CK1 phosphorylation site,PF00069,Pkinase,Protein kinase domain,S..([ST])...,SMDSWSS,408,414,TRPM4_HUMAN,Homo sapiens,25231975,true positive,27,0,disordered
ELME000063,MOD_CK1_1,Casein kinase 1 (CK1) Phosphorylation site,MOD,CK1 phosphorylation site,PF00069,Pkinase,Protein kinase domain,S..([ST])...,SMDSWSS,408,414,YAP1_HUMAN,Homo sapiens,20048001,true positive,27,0,disordered
ELME000063,MOD_CK1_1,Casein kinase 1 (CK1) Phosphorylation site,MOD,CK1 phosphorylation site,PF00069,Pkinase,Protein kinase domain,S..([ST])...,SWSSGPS,411,417,APC_HUMAN,Homo sapiens,17910481,true positive,27,0,disordered
ELME000063,MOD_CK1_1,Casein kinase 1 (CK1) Phosphorylation site,MOD,CK1 phosphorylation site,PF00069,Pkinase,Protein kinase domain,S..([ST])...,SWSSGPS,411,417,ATOH1_HUMAN,Homo sapiens,27542412,true positive,27,0,disordered
ELME000063,MOD_CK1_1,Casein kinase 1 (CK1) Phosphorylation site,MOD,CK1 phosphorylation site,PF00069,Pkinase,Protein kinase domain,S..([ST])...,SWSSGPS,411,417,BECN1_HUMAN,Homo sapiens,26008601,true positive,27,0,disordered
ELME000063,MOD_CK1_1,Casein kinase 1 (CK1) Phosphorylation site,MOD,CK1 phosphorylation site,PF00069,Pkinase,Protein kinase domain,S..([ST])...,SWSSGPS,411,417,BID_MOUSE,Mus musculus,11583622,true positive,27,0,disordered
ELME000063,MOD_CK1_1,Casein kinase 1 (CK1) Phosphorylation site,MOD,CK1 phosphorylation site,PF00069,Pkinase,Protein kinase domain,S..([ST])...,SWSSGPS,411,417,CADH1_MOUSE,Mus musculus,17353278,true positive,27,0,disordered
ELME000063,MOD_CK1_1,Casein kinase 1 (CK1) Phosphorylation site,MOD,CK1 phosphorylation site,PF00069,Pkinase,Protein kinase domain,S..([ST])...,SWSSGPS,411,417,CRY2_ARATH,Arabidopsis thaliana,23897926,true positive,27,0,disordered
ELME000063,MOD_CK1_1,Casein kinase 1 (CK1) Phosphorylation site,MOD,CK1 phosphorylation site,PF00069,Pkinase,Protein kinase domain,S..([ST])...,SWSSGPS,411,417,DNMT1_MOUSE,Mus musculus,20192920,true positive,27,0,disordered
ELME000063,MOD_CK1_1,Casein kinase 1 (CK1) Phosphorylation site,MOD,CK1 phosphorylation site,PF00069,Pkinase,Protein kinase domain,S..([ST])...,SWSSGPS,411,417,DVL1_MOUSE,Mus musculus,16965538,true positive,27,0,disordered
ELME000063,MOD_CK1_1,Casein kinase 1 (CK1) Phosphorylation site,MOD,CK1 phosphorylation site,PF00069,Pkinase,Protein kinase domain,S..([ST])...,SWSSGPS,411,417,EPAS1_HUMAN,Homo sapiens,27686097,true positive,27,0,disordered
ELME000063,MOD_CK1_1,Casein kinase 1 (CK1) Phosphorylation site,MOD,CK1 phosphorylation site,PF00069,Pkinase,Protein kinase domain,S..([ST])...,SWSSGPS,411,417,FADD_HUMAN,Homo sapiens,16061179,true positive,27,0,disordered
ELME000063,MOD_CK1_1,Casein kinase 1 (CK1) Phosphorylation site,MOD,CK1 phosphorylation site,PF00069,Pkinase,Protein kinase domain,S..([ST])...,SWSSGPS,411,417,FOXO1_HUMAN,Homo sapiens,14710188 11980723,true positive,27,0,disordered
ELME000063,MOD_CK1_1,Casein kinase 1 (CK1) Phosphorylation site,MOD,CK1 phosphorylation site,PF00069,Pkinase,Protein kinase domain,S..([ST])...,SWSSGPS,411,417,HIF1A_HUMAN,Homo sapiens,20699359,true positive,27,0,disordered
ELME000063,MOD_CK1_1,Casein kinase 1 (CK1) Phosphorylation site,MOD,CK1 phosphorylation site,PF00069,Pkinase,Protein kinase domain,S..([ST])...,SWSSGPS,411,417,JADE1_HUMAN,Homo sapiens,25100726,true positive,27,0,disordered
ELME000063,MOD_CK1_1,Casein kinase 1 (CK1) Phosphorylation site,MOD,CK1 phosphorylation site,PF00069,Pkinase,Protein kinase domain,S..([ST])...,SWSSGPS,411,417,KPCD2_HUMAN,Homo sapiens,17962809,true positive,27,0,disordered
ELME000063,MOD_CK1_1,Casein kinase 1 (CK1) Phosphorylation site,MOD,CK1 phosphorylation site,PF00069,Pkinase,Protein kinase domain,S..([ST])...,SWSSGPS,411,417,LRRK2_MOUSE,Mus musculus,25500533,true positive,27,0,disordered
ELME000063,MOD_CK1_1,Casein kinase 1 (CK1) Phosphorylation site,MOD,CK1 phosphorylation site,PF00069,Pkinase,Protein kinase domain,S..([ST])...,SWSSGPS,411,417,MDM2_HUMAN,Homo sapiens,20708156,true positive,27,0,disordered
ELME000063,MOD_CK1_1,Casein kinase 1 (CK1) Phosphorylation site,MOD,CK1 phosphorylation site,PF00069,Pkinase,Protein kinase domain,S..([ST])...,SWSSGPS,411,417,MDM4_HUMAN,Homo sapiens,16024788,true positive,27,0,disordered
ELME000063,MOD_CK1_1,Casein kinase 1 (CK1) Phosphorylation site,MOD,CK1 phosphorylation site,PF00069,Pkinase,Protein kinase domain,S..([ST])...,SWSSGPS,411,417,MPIP1_HUMAN,Homo sapiens,20348946,true positive,27,0,disordered
ELME000063,MOD_CK1_1,Casein kinase 1 (CK1) Phosphorylation site,MOD,CK1 phosphorylation site,PF00069,Pkinase,Protein kinase domain,S..([ST])...,SWSSGPS,411,417,MTSS1_HUMAN,Homo sapiens,24318128,true positive,27,0,disordered
ELME000063,MOD_CK1_1,Casein kinase 1 (CK1) Phosphorylation site,MOD,CK1 phosphorylation site,PF00069,Pkinase,Protein kinase domain,S..([ST])...,SWSSGPS,411,417,NCOA3_HUMAN,Homo sapiens,19339517,true positive,27,0,disordered
ELME000063,MOD_CK1_1,Casein kinase 1 (CK1) Phosphorylation site,MOD,CK1 phosphorylation site,PF00069,Pkinase,Protein kinase domain,S..([ST])...,SWSSGPS,411,417,NFAT5_HUMAN,Homo sapiens,18411282,true positive,27,0,disordered
ELME000063,MOD_CK1_1,Casein kinase 1 (CK1) Phosphorylation site,MOD,CK1 phosphorylation site,PF00069,Pkinase,Protein kinase domain,S..([ST])...,SWSSGPS,411,417,P53_HUMAN,Homo sapiens,10734067 10606744,true positive,27,0,disordered
ELME000063,MOD_CK1_1,Casein kinase 1 (CK1) Phosphorylation site,MOD,CK1 phosphorylation site,PF00069,Pkinase,Protein kinase domain,S..([ST])...,SWSSGPS,411,417,PER2_HUMAN,Homo sapiens,21324900,true positive,27,0,disordered
ELME000063,MOD_CK1_1,Casein kinase 1 (CK1) Phosphorylation site,MOD,CK1 phosphorylation site,PF00069,Pkinase,Protein kinase domain,S..([ST])...,SWSSGPS,411,417,PYRG2_HUMAN,Homo sapiens,20739275,true positive,27,0,disordered
ELME000063,MOD_CK1_1,Casein kinase 1 (CK1) Phosphorylation site,MOD,CK1 phosphorylation site,PF00069,Pkinase,Protein kinase domain,S..([ST])...,SWSSGPS,411,417,TRAF3_HUMAN,Homo sapiens,26928339,true positive,27,0,disordered
ELME000063,MOD_CK1_1,Casein kinase 1 (CK1) Phosphorylation site,MOD,CK1 phosphorylation site,PF00069,Pkinase,Protein kinase domain,S..([ST])...,SWSSGPS,411,417,TRPM4_HUMAN,Homo sapiens,25231975,true positive,27,0,disordered
ELME000063,MOD_CK1_1,Casein kinase 1 (CK1) Phosphorylation site,MOD,CK1 phosphorylation site,PF00069,Pkinase,Protein kinase domain,S..([ST])...,SWSSGPS,411,417,YAP1_HUMAN,Homo sapiens,20048001,true positive,27,0,disordered
ELME000063,MOD_CK1_1,Casein kinase 1 (CK1) Phosphorylation site,MOD,CK1 phosphorylation site,PF00069,Pkinase,Protein kinase domain,S..([ST])...,SGPSSIM,414,420,APC_HUMAN,Homo sapiens,17910481,true positive,27,0,disordered
ELME000063,MOD_CK1_1,Casein kinase 1 (CK1) Phosphorylation site,MOD,CK1 phosphorylation site,PF00069,Pkinase,Protein kinase domain,S..([ST])...,SGPSSIM,414,420,ATOH1_HUMAN,Homo sapiens,27542412,true positive,27,0,disordered
ELME000063,MOD_CK1_1,Casein kinase 1 (CK1) Phosphorylation site,MOD,CK1 phosphorylation site,PF00069,Pkinase,Protein kinase domain,S..([ST])...,SGPSSIM,414,420,BECN1_HUMAN,Homo sapiens,26008601,true positive,27,0,disordered
ELME000063,MOD_CK1_1,Casein kinase 1 (CK1) Phosphorylation site,MOD,CK1 phosphorylation site,PF00069,Pkinase,Protein kinase domain,S..([ST])...,SGPSSIM,414,420,BID_MOUSE,Mus musculus,11583622,true positive,27,0,disordered
ELME000063,MOD_CK1_1,Casein kinase 1 (CK1) Phosphorylation site,MOD,CK1 phosphorylation site,PF00069,Pkinase,Protein kinase domain,S..([ST])...,SGPSSIM,414,420,CADH1_MOUSE,Mus musculus,17353278,true positive,27,0,disordered
ELME000063,MOD_CK1_1,Casein kinase 1 (CK1) Phosphorylation site,MOD,CK1 phosphorylation site,PF00069,Pkinase,Protein kinase domain,S..([ST])...,SGPSSIM,414,420,CRY2_ARATH,Arabidopsis thaliana,23897926,true positive,27,0,disordered
ELME000063,MOD_CK1_1,Casein kinase 1 (CK1) Phosphorylation site,MOD,CK1 phosphorylation site,PF00069,Pkinase,Protein kinase domain,S..([ST])...,SGPSSIM,414,420,DNMT1_MOUSE,Mus musculus,20192920,true positive,27,0,disordered
ELME000063,MOD_CK1_1,Casein kinase 1 (CK1) Phosphorylation site,MOD,CK1 phosphorylation site,PF00069,Pkinase,Protein kinase domain,S..([ST])...,SGPSSIM,414,420,DVL1_MOUSE,Mus musculus,16965538,true positive,27,0,disordered
ELME000063,MOD_CK1_1,Casein kinase 1 (CK1) Phosphorylation site,MOD,CK1 phosphorylation site,PF00069,Pkinase,Protein kinase domain,S..([ST])...,SGPSSIM,414,420,EPAS1_HUMAN,Homo sapiens,27686097,true positive,27,0,disordered
ELME000063,MOD_CK1_1,Casein kinase 1 (CK1) Phosphorylation site,MOD,CK1 phosphorylation site,PF00069,Pkinase,Protein kinase domain,S..([ST])...,SGPSSIM,414,420,FADD_HUMAN,Homo sapiens,16061179,true positive,27,0,disordered
ELME000063,MOD_CK1_1,Casein kinase 1 (CK1) Phosphorylation site,MOD,CK1 phosphorylation site,PF00069,Pkinase,Protein kinase domain,S..([ST])...,SGPSSIM,414,420,FOXO1_HUMAN,Homo sapiens,14710188 11980723,true positive,27,0,disordered
ELME000063,MOD_CK1_1,Casein kinase 1 (CK1) Phosphorylation site,MOD,CK1 phosphorylation site,PF00069,Pkinase,Protein kinase domain,S..([ST])...,SGPSSIM,414,420,HIF1A_HUMAN,Homo sapiens,20699359,true positive,27,0,disordered
ELME000063,MOD_CK1_1,Casein kinase 1 (CK1) Phosphorylation site,MOD,CK1 phosphorylation site,PF00069,Pkinase,Protein kinase domain,S..([ST])...,SGPSSIM,414,420,JADE1_HUMAN,Homo sapiens,25100726,true positive,27,0,disordered
ELME000063,MOD_CK1_1,Casein kinase 1 (CK1) Phosphorylation site,MOD,CK1 phosphorylation site,PF00069,Pkinase,Protein kinase domain,S..([ST])...,SGPSSIM,414,420,KPCD2_HUMAN,Homo sapiens,17962809,true positive,27,0,disordered
ELME000063,MOD_CK1_1,Casein kinase 1 (CK1) Phosphorylation site,MOD,CK1 phosphorylation site,PF00069,Pkinase,Protein kinase domain,S..([ST])...,SGPSSIM,414,420,LRRK2_MOUSE,Mus musculus,25500533,true positive,27,0,disordered
ELME000063,MOD_CK1_1,Casein kinase 1 (CK1) Phosphorylation site,MOD,CK1 phosphorylation site,PF00069,Pkinase,Protein kinase domain,S..([ST])...,SGPSSIM,414,420,MDM2_HUMAN,Homo sapiens,20708156,true positive,27,0,disordered
ELME000063,MOD_CK1_1,Casein kinase 1 (CK1) Phosphorylation site,MOD,CK1 phosphorylation site,PF00069,Pkinase,Protein kinase domain,S..([ST])...,SGPSSIM,414,420,MDM4_HUMAN,Homo sapiens,16024788,true positive,27,0,disordered
ELME000063,MOD_CK1_1,Casein kinase 1 (CK1) Phosphorylation site,MOD,CK1 phosphorylation site,PF00069,Pkinase,Protein kinase domain,S..([ST])...,SGPSSIM,414,420,MPIP1_HUMAN,Homo sapiens,20348946,true positive,27,0,disordered
ELME000063,MOD_CK1_1,Casein kinase 1 (CK1) Phosphorylation site,MOD,CK1 phosphorylation site,PF00069,Pkinase,Protein kinase domain,S..([ST])...,SGPSSIM,414,420,MTSS1_HUMAN,Homo sapiens,24318128,true positive,27,0,disordered
ELME000063,MOD_CK1_1,Casein kinase 1 (CK1) Phosphorylation site,MOD,CK1 phosphorylation site,PF00069,Pkinase,Protein kinase domain,S..([ST])...,SGPSSIM,414,420,NCOA3_HUMAN,Homo sapiens,19339517,true positive,27,0,disordered
ELME000063,MOD_CK1_1,Casein kinase 1 (CK1) Phosphorylation site,MOD,CK1 phosphorylation site,PF00069,Pkinase,Protein kinase domain,S..([ST])...,SGPSSIM,414,420,NFAT5_HUMAN,Homo sapiens,18411282,true positive,27,0,disordered
ELME000063,MOD_CK1_1,Casein kinase 1 (CK1) Phosphorylation site,MOD,CK1 phosphorylation site,PF00069,Pkinase,Protein kinase domain,S..([ST])...,SGPSSIM,414,420,P53_HUMAN,Homo sapiens,10734067 10606744,true positive,27,0,disordered
ELME000063,MOD_CK1_1,Casein kinase 1 (CK1) Phosphorylation site,MOD,CK1 phosphorylation site,PF00069,Pkinase,Protein kinase domain,S..([ST])...,SGPSSIM,414,420,PER2_HUMAN,Homo sapiens,21324900,true positive,27,0,disordered
ELME000063,MOD_CK1_1,Casein kinase 1 (CK1) Phosphorylation site,MOD,CK1 phosphorylation site,PF00069,Pkinase,Protein kinase domain,S..([ST])...,SGPSSIM,414,420,PYRG2_HUMAN,Homo sapiens,20739275,true positive,27,0,disordered
ELME000063,MOD_CK1_1,Casein kinase 1 (CK1) Phosphorylation site,MOD,CK1 phosphorylation site,PF00069,Pkinase,Protein kinase domain,S..([ST])...,SGPSSIM,414,420,TRAF3_HUMAN,Homo sapiens,26928339,true positive,27,0,disordered
ELME000063,MOD_CK1_1,Casein kinase 1 (CK1) Phosphorylation site,MOD,CK1 phosphorylation site,PF00069,Pkinase,Protein kinase domain,S..([ST])...,SGPSSIM,414,420,TRPM4_HUMAN,Homo sapiens,25231975,true positive,27,0,disordered
ELME000063,MOD_CK1_1,Casein kinase 1 (CK1) Phosphorylation site,MOD,CK1 phosphorylation site,PF00069,Pkinase,Protein kinase domain,S..([ST])...,SGPSSIM,414,420,YAP1_HUMAN,Homo sapiens,20048001,true positive,27,0,disordered
ELME000064,MOD_CK2_1,Casein kinase 2 (CK2) Phosphorylation site,MOD,Casein kinase 2 (CK2) phosphorylation site,PF00069,Pkinase,Protein kinase domain,...([ST])..E,TDVSLEE,352,358,AKT1_HUMAN,Homo sapiens,15818404,true positive,34,0,disordered
ELME000064,MOD_CK2_1,Casein kinase 2 (CK2) Phosphorylation site,MOD,Casein kinase 2 (CK2) phosphorylation site,PF00069,Pkinase,Protein kinase domain,...([ST])..E,TDVSLEE,352,358,AP2A_HUMAN,Homo sapiens,21777522,true positive,34,0,disordered
ELME000064,MOD_CK2_1,Casein kinase 2 (CK2) Phosphorylation site,MOD,Casein kinase 2 (CK2) phosphorylation site,PF00069,Pkinase,Protein kinase domain,...([ST])..E,TDVSLEE,352,358,BRMS1_HUMAN,Homo sapiens,26980766,true positive,34,0,disordered
ELME000064,MOD_CK2_1,Casein kinase 2 (CK2) Phosphorylation site,MOD,Casein kinase 2 (CK2) phosphorylation site,PF00069,Pkinase,Protein kinase domain,...([ST])..E,TDVSLEE,352,358,CASP9_MOUSE,Mus musculus,18467326,true positive,34,0,disordered
ELME000064,MOD_CK2_1,Casein kinase 2 (CK2) Phosphorylation site,MOD,Casein kinase 2 (CK2) phosphorylation site,PF00069,Pkinase,Protein kinase domain,...([ST])..E,TDVSLEE,352,358,COR1C_HUMAN,Homo sapiens,22355754,true positive,34,0,disordered
ELME000064,MOD_CK2_1,Casein kinase 2 (CK2) Phosphorylation site,MOD,Casein kinase 2 (CK2) phosphorylation site,PF00069,Pkinase,Protein kinase domain,...([ST])..E,TDVSLEE,352,358,DNJB2_HUMAN,Homo sapiens,28031292,true positive,34,0,disordered
ELME000064,MOD_CK2_1,Casein kinase 2 (CK2) Phosphorylation site,MOD,Casein kinase 2 (CK2) phosphorylation site,PF00069,Pkinase,Protein kinase domain,...([ST])..E,TDVSLEE,352,358,DOK7_MOUSE,Mus musculus,26198629,true positive,34,0,disordered
ELME000064,MOD_CK2_1,Casein kinase 2 (CK2) Phosphorylation site,MOD,Casein kinase 2 (CK2) phosphorylation site,PF00069,Pkinase,Protein kinase domain,...([ST])..E,TDVSLEE,352,358,EIF3J_HUMAN,Homo sapiens,25887626,true positive,34,0,disordered
ELME000064,MOD_CK2_1,Casein kinase 2 (CK2) Phosphorylation site,MOD,Casein kinase 2 (CK2) phosphorylation site,PF00069,Pkinase,Protein kinase domain,...([ST])..E,TDVSLEE,352,358,FADD_HUMAN,Homo sapiens,26253696,unknown,34,0,disordered
ELME000064,MOD_CK2_1,Casein kinase 2 (CK2) Phosphorylation site,MOD,Casein kinase 2 (CK2) phosphorylation site,PF00069,Pkinase,Protein kinase domain,...([ST])..E,TDVSLEE,352,358,FMR1_MOUSE,Mus musculus,27957526,true positive,34,0,disordered
ELME000064,MOD_CK2_1,Casein kinase 2 (CK2) Phosphorylation site,MOD,Casein kinase 2 (CK2) phosphorylation site,PF00069,Pkinase,Protein kinase domain,...([ST])..E,TDVSLEE,352,358,HS90B_HUMAN,Homo sapiens,25995454,true positive,34,0,disordered
ELME000064,MOD_CK2_1,Casein kinase 2 (CK2) Phosphorylation site,MOD,Casein kinase 2 (CK2) phosphorylation site,PF00069,Pkinase,Protein kinase domain,...([ST])..E,TDVSLEE,352,358,IRS1_HUMAN,Homo sapiens,,unknown,34,0,disordered
ELME000064,MOD_CK2_1,Casein kinase 2 (CK2) Phosphorylation site,MOD,Casein kinase 2 (CK2) phosphorylation site,PF00069,Pkinase,Protein kinase domain,...([ST])..E,TDVSLEE,352,358,IRS1_RAT,Rattus norvegicus,8349691,true positive,34,0,disordered
ELME000064,MOD_CK2_1,Casein kinase 2 (CK2) Phosphorylation site,MOD,Casein kinase 2 (CK2) phosphorylation site,PF00069,Pkinase,Protein kinase domain,...([ST])..E,TDVSLEE,352,358,KDM1A_HUMAN,Homo sapiens,25999347,true positive,34,0,disordered
ELME000064,MOD_CK2_1,Casein kinase 2 (CK2) Phosphorylation site,MOD,Casein kinase 2 (CK2) phosphorylation site,PF00069,Pkinase,Protein kinase domain,...([ST])..E,TDVSLEE,352,358,KS6B1_RAT,Rattus norvegicus,16895915,true positive,34,0,disordered
ELME000064,MOD_CK2_1,Casein kinase 2 (CK2) Phosphorylation site,MOD,Casein kinase 2 (CK2) phosphorylation site,PF00069,Pkinase,Protein kinase domain,...([ST])..E,TDVSLEE,352,358,MUSK_RAT,Rattus norvegicus,16818610,true positive,34,0,disordered
ELME000064,MOD_CK2_1,Casein kinase 2 (CK2) Phosphorylation site,MOD,Casein kinase 2 (CK2) phosphorylation site,PF00069,Pkinase,Protein kinase domain,...([ST])..E,TDVSLEE,352,358,NKX31_HUMAN,Homo sapiens,16581776,true positive,34,0,disordered
ELME000064,MOD_CK2_1,Casein kinase 2 (CK2) Phosphorylation site,MOD,Casein kinase 2 (CK2) phosphorylation site,PF00069,Pkinase,Protein kinase domain,...([ST])..E,TDVSLEE,352,358,NOL3_RAT,Rattus norvegicus,12191471,true positive,34,0,disordered
ELME000064,MOD_CK2_1,Casein kinase 2 (CK2) Phosphorylation site,MOD,Casein kinase 2 (CK2) phosphorylation site,PF00069,Pkinase,Protein kinase domain,...([ST])..E,TDVSLEE,352,358,OLIG2_HUMAN,Homo sapiens,28355568,true positive,34,0,disordered
ELME000064,MOD_CK2_1,Casein kinase 2 (CK2) Phosphorylation site,MOD,Casein kinase 2 (CK2) phosphorylation site,PF00069,Pkinase,Protein kinase domain,...([ST])..E,TDVSLEE,352,358,OTUB1_HUMAN,Homo sapiens,25872870,true positive,34,0,disordered
ELME000064,MOD_CK2_1,Casein kinase 2 (CK2) Phosphorylation site,MOD,Casein kinase 2 (CK2) phosphorylation site,PF00069,Pkinase,Protein kinase domain,...([ST])..E,TDVSLEE,352,358,PAWR_HUMAN,Homo sapiens,24457960,true positive,34,0,disordered
ELME000064,MOD_CK2_1,Casein kinase 2 (CK2) Phosphorylation site,MOD,Casein kinase 2 (CK2) phosphorylation site,PF00069,Pkinase,Protein kinase domain,...([ST])..E,TDVSLEE,352,358,PAWR_RAT,Rattus norvegicus,24457960,true positive,34,0,disordered
ELME000064,MOD_CK2_1,Casein kinase 2 (CK2) Phosphorylation site,MOD,Casein kinase 2 (CK2) phosphorylation site,PF00069,Pkinase,Protein kinase domain,...([ST])..E,TDVSLEE,352,358,PDX1_MOUSE,Mus musculus,28036027,true positive,34,0,disordered
ELME000064,MOD_CK2_1,Casein kinase 2 (CK2) Phosphorylation site,MOD,Casein kinase 2 (CK2) phosphorylation site,PF00069,Pkinase,Protein kinase domain,...([ST])..E,TDVSLEE,352,358,PTEN_HUMAN,Homo sapiens,12788938,true positive,34,0,disordered
ELME000064,MOD_CK2_1,Casein kinase 2 (CK2) Phosphorylation site,MOD,Casein kinase 2 (CK2) phosphorylation site,PF00069,Pkinase,Protein kinase domain,...([ST])..E,TDVSLEE,352,358,VPU_HV1BR,Human immunodeficiency virus type 1 (BRU ISOLATE),8139011,true positive,34,0,disordered
ELME000064,MOD_CK2_1,Casein kinase 2 (CK2) Phosphorylation site,MOD,Casein kinase 2 (CK2) phosphorylation site,PF00069,Pkinase,Protein kinase domain,...([ST])..E,TDVSLEE,352,358,XRCC1_HUMAN,Homo sapiens,19155274,true positive,34,0,disordered
ELME000064,MOD_CK2_1,Casein kinase 2 (CK2) Phosphorylation site,MOD,Casein kinase 2 (CK2) phosphorylation site,PF00069,Pkinase,Protein kinase domain,...([ST])..E,TDVSLEE,352,358,XRCC1_HUMAN,Homo sapiens,19155274 15066279,true positive,34,0,disordered
ELME000064,MOD_CK2_1,Casein kinase 2 (CK2) Phosphorylation site,MOD,Casein kinase 2 (CK2) phosphorylation site,PF00069,Pkinase,Protein kinase domain,...([ST])..E,GPPSTVE,463,469,AKT1_HUMAN,Homo sapiens,15818404,true positive,34,0,disordered
ELME000064,MOD_CK2_1,Casein kinase 2 (CK2) Phosphorylation site,MOD,Casein kinase 2 (CK2) phosphorylation site,PF00069,Pkinase,Protein kinase domain,...([ST])..E,GPPSTVE,463,469,AP2A_HUMAN,Homo sapiens,21777522,true positive,34,0,disordered
ELME000064,MOD_CK2_1,Casein kinase 2 (CK2) Phosphorylation site,MOD,Casein kinase 2 (CK2) phosphorylation site,PF00069,Pkinase,Protein kinase domain,...([ST])..E,GPPSTVE,463,469,BRMS1_HUMAN,Homo sapiens,26980766,true positive,34,0,disordered
ELME000064,MOD_CK2_1,Casein kinase 2 (CK2) Phosphorylation site,MOD,Casein kinase 2 (CK2) phosphorylation site,PF00069,Pkinase,Protein kinase domain,...([ST])..E,GPPSTVE,463,469,CASP9_MOUSE,Mus musculus,18467326,true positive,34,0,disordered
ELME000064,MOD_CK2_1,Casein kinase 2 (CK2) Phosphorylation site,MOD,Casein kinase 2 (CK2) phosphorylation site,PF00069,Pkinase,Protein kinase domain,...([ST])..E,GPPSTVE,463,469,COR1C_HUMAN,Homo sapiens,22355754,true positive,34,0,disordered
ELME000064,MOD_CK2_1,Casein kinase 2 (CK2) Phosphorylation site,MOD,Casein kinase 2 (CK2) phosphorylation site,PF00069,Pkinase,Protein kinase domain,...([ST])..E,GPPSTVE,463,469,DNJB2_HUMAN,Homo sapiens,28031292,true positive,34,0,disordered
ELME000064,MOD_CK2_1,Casein kinase 2 (CK2) Phosphorylation site,MOD,Casein kinase 2 (CK2) phosphorylation site,PF00069,Pkinase,Protein kinase domain,...([ST])..E,GPPSTVE,463,469,DOK7_MOUSE,Mus musculus,26198629,true positive,34,0,disordered
ELME000064,MOD_CK2_1,Casein kinase 2 (CK2) Phosphorylation site,MOD,Casein kinase 2 (CK2) phosphorylation site,PF00069,Pkinase,Protein kinase domain,...([ST])..E,GPPSTVE,463,469,EIF3J_HUMAN,Homo sapiens,25887626,true positive,34,0,disordered
ELME000064,MOD_CK2_1,Casein kinase 2 (CK2) Phosphorylation site,MOD,Casein kinase 2 (CK2) phosphorylation site,PF00069,Pkinase,Protein kinase domain,...([ST])..E,GPPSTVE,463,469,FADD_HUMAN,Homo sapiens,26253696,unknown,34,0,disordered
ELME000064,MOD_CK2_1,Casein kinase 2 (CK2) Phosphorylation site,MOD,Casein kinase 2 (CK2) phosphorylation site,PF00069,Pkinase,Protein kinase domain,...([ST])..E,GPPSTVE,463,469,FMR1_MOUSE,Mus musculus,27957526,true positive,34,0,disordered
ELME000064,MOD_CK2_1,Casein kinase 2 (CK2) Phosphorylation site,MOD,Casein kinase 2 (CK2) phosphorylation site,PF00069,Pkinase,Protein kinase domain,...([ST])..E,GPPSTVE,463,469,HS90B_HUMAN,Homo sapiens,25995454,true positive,34,0,disordered
ELME000064,MOD_CK2_1,Casein kinase 2 (CK2) Phosphorylation site,MOD,Casein kinase 2 (CK2) phosphorylation site,PF00069,Pkinase,Protein kinase domain,...([ST])..E,GPPSTVE,463,469,IRS1_HUMAN,Homo sapiens,,unknown,34,0,disordered
ELME000064,MOD_CK2_1,Casein kinase 2 (CK2) Phosphorylation site,MOD,Casein kinase 2 (CK2) phosphorylation site,PF00069,Pkinase,Protein kinase domain,...([ST])..E,GPPSTVE,463,469,IRS1_RAT,Rattus norvegicus,8349691,true positive,34,0,disordered
ELME000064,MOD_CK2_1,Casein kinase 2 (CK2) Phosphorylation site,MOD,Casein kinase 2 (CK2) phosphorylation site,PF00069,Pkinase,Protein kinase domain,...([ST])..E,GPPSTVE,463,469,KDM1A_HUMAN,Homo sapiens,25999347,true positive,34,0,disordered
ELME000064,MOD_CK2_1,Casein kinase 2 (CK2) Phosphorylation site,MOD,Casein kinase 2 (CK2) phosphorylation site,PF00069,Pkinase,Protein kinase domain,...([ST])..E,GPPSTVE,463,469,KS6B1_RAT,Rattus norvegicus,16895915,true positive,34,0,disordered
ELME000064,MOD_CK2_1,Casein kinase 2 (CK2) Phosphorylation site,MOD,Casein kinase 2 (CK2) phosphorylation site,PF00069,Pkinase,Protein kinase domain,...([ST])..E,GPPSTVE,463,469,MUSK_RAT,Rattus norvegicus,16818610,true positive,34,0,disordered
ELME000064,MOD_CK2_1,Casein kinase 2 (CK2) Phosphorylation site,MOD,Casein kinase 2 (CK2) phosphorylation site,PF00069,Pkinase,Protein kinase domain,...([ST])..E,GPPSTVE,463,469,NKX31_HUMAN,Homo sapiens,16581776,true positive,34,0,disordered
ELME000064,MOD_CK2_1,Casein kinase 2 (CK2) Phosphorylation site,MOD,Casein kinase 2 (CK2) phosphorylation site,PF00069,Pkinase,Protein kinase domain,...([ST])..E,GPPSTVE,463,469,NOL3_RAT,Rattus norvegicus,12191471,true positive,34,0,disordered
ELME000064,MOD_CK2_1,Casein kinase 2 (CK2) Phosphorylation site,MOD,Casein kinase 2 (CK2) phosphorylation site,PF00069,Pkinase,Protein kinase domain,...([ST])..E,GPPSTVE,463,469,OLIG2_HUMAN,Homo sapiens,28355568,true positive,34,0,disordered
ELME000064,MOD_CK2_1,Casein kinase 2 (CK2) Phosphorylation site,MOD,Casein kinase 2 (CK2) phosphorylation site,PF00069,Pkinase,Protein kinase domain,...([ST])..E,GPPSTVE,463,469,OTUB1_HUMAN,Homo sapiens,25872870,true positive,34,0,disordered
ELME000064,MOD_CK2_1,Casein kinase 2 (CK2) Phosphorylation site,MOD,Casein kinase 2 (CK2) phosphorylation site,PF00069,Pkinase,Protein kinase domain,...([ST])..E,GPPSTVE,463,469,PAWR_HUMAN,Homo sapiens,24457960,true positive,34,0,disordered
ELME000064,MOD_CK2_1,Casein kinase 2 (CK2) Phosphorylation site,MOD,Casein kinase 2 (CK2) phosphorylation site,PF00069,Pkinase,Protein kinase domain,...([ST])..E,GPPSTVE,463,469,PAWR_RAT,Rattus norvegicus,24457960,true positive,34,0,disordered
ELME000064,MOD_CK2_1,Casein kinase 2 (CK2) Phosphorylation site,MOD,Casein kinase 2 (CK2) phosphorylation site,PF00069,Pkinase,Protein kinase domain,...([ST])..E,GPPSTVE,463,469,PDX1_MOUSE,Mus musculus,28036027,true positive,34,0,disordered
ELME000064,MOD_CK2_1,Casein kinase 2 (CK2) Phosphorylation site,MOD,Casein kinase 2 (CK2) phosphorylation site,PF00069,Pkinase,Protein kinase domain,...([ST])..E,GPPSTVE,463,469,PTEN_HUMAN,Homo sapiens,12788938,true positive,34,0,disordered
ELME000064,MOD_CK2_1,Casein kinase 2 (CK2) Phosphorylation site,MOD,Casein kinase 2 (CK2) phosphorylation site,PF00069,Pkinase,Protein kinase domain,...([ST])..E,GPPSTVE,463,469,VPU_HV1BR,Human immunodeficiency virus type 1 (BRU ISOLATE),8139011,true positive,34,0,disordered
ELME000064,MOD_CK2_1,Casein kinase 2 (CK2) Phosphorylation site,MOD,Casein kinase 2 (CK2) phosphorylation site,PF00069,Pkinase,Protein kinase domain,...([ST])..E,GPPSTVE,463,469,XRCC1_HUMAN,Homo sapiens,19155274,true positive,34,0,disordered
ELME000064,MOD_CK2_1,Casein kinase 2 (CK2) Phosphorylation site,MOD,Casein kinase 2 (CK2) phosphorylation site,PF00069,Pkinase,Protein kinase domain,...([ST])..E,GPPSTVE,463,469,XRCC1_HUMAN,Homo sapiens,19155274 15066279,true positive,34,0,disordered
ELME000085,MOD_GlcNHglycan,Glycosaminoglycan attachment site,MOD,Glycosaminoglycan attachment site,PF02485,Branch,Core-2/I-Branching enzyme,"[ED]{0,3}.(S)[GA].",SSGP,413,416,SDC1_MOUSE,Mus musculus,8163535,true positive,6,0,disordered
ELME000085,MOD_GlcNHglycan,Glycosaminoglycan attachment site,MOD,Glycosaminoglycan attachment site,PF01048,PNP_UDP_1,Phosphorylase superfamily,"[ED]{0,3}.(S)[GA].",SSGP,413,416,SDC1_MOUSE,Mus musculus,8163535,true positive,6,0,disordered
ELME000085,MOD_GlcNHglycan,Glycosaminoglycan attachment site,MOD,Glycosaminoglycan attachment site,PF02485,Branch,Core-2/I-Branching enzyme,"[ED]{0,3}.(S)[GA].",SSGP,413,416,SDC_CAEEL,Caenorhabditis elegans,17369258,true positive,6,0,disordered
ELME000085,MOD_GlcNHglycan,Glycosaminoglycan attachment site,MOD,Glycosaminoglycan attachment site,PF01048,PNP_UDP_1,Phosphorylase superfamily,"[ED]{0,3}.(S)[GA].",SSGP,413,416,SDC_CAEEL,Caenorhabditis elegans,17369258,true positive,6,0,disordered
ELME000085,MOD_GlcNHglycan,Glycosaminoglycan attachment site,MOD,Glycosaminoglycan attachment site,PF02485,Branch,Core-2/I-Branching enzyme,"[ED]{0,3}.(S)[GA].",PSGP,461,464,SDC1_MOUSE,Mus musculus,8163535,true positive,6,0,disordered
ELME000085,MOD_GlcNHglycan,Glycosaminoglycan attachment site,MOD,Glycosaminoglycan attachment site,PF01048,PNP_UDP_1,Phosphorylase superfamily,"[ED]{0,3}.(S)[GA].",PSGP,461,464,SDC1_MOUSE,Mus musculus,8163535,true positive,6,0,disordered
ELME000085,MOD_GlcNHglycan,Glycosaminoglycan attachment site,MOD,Glycosaminoglycan attachment site,PF02485,Branch,Core-2/I-Branching enzyme,"[ED]{0,3}.(S)[GA].",PSGP,461,464,SDC_CAEEL,Caenorhabditis elegans,17369258,true positive,6,0,disordered
ELME000085,MOD_GlcNHglycan,Glycosaminoglycan attachment site,MOD,Glycosaminoglycan attachment site,PF01048,PNP_UDP_1,Phosphorylase superfamily,"[ED]{0,3}.(S)[GA].",PSGP,461,464,SDC_CAEEL,Caenorhabditis elegans,17369258,true positive,6,0,disordered
ELME000053,MOD_GSK3_1,GSK3 phosphorylation site,MOD,GSK3 phosphorylation recognition site,PF00069,Pkinase,Protein kinase domain,...([ST])...[ST],DNTSRDVT,345,352,ATX3_HUMAN,Homo sapiens,17434145,true positive,22,0,disordered
ELME000053,MOD_GSK3_1,GSK3 phosphorylation site,MOD,GSK3 phosphorylation recognition site,PF00069,Pkinase,Protein kinase domain,...([ST])...[ST],DNTSRDVT,345,352,CCNE1_HUMAN,Homo sapiens,14536078,true positive,22,0,disordered
ELME000053,MOD_GSK3_1,GSK3 phosphorylation site,MOD,GSK3 phosphorylation recognition site,PF00069,Pkinase,Protein kinase domain,...([ST])...[ST],DNTSRDVT,345,352,CTNB1_HUMAN,Homo sapiens,11955436 19061640 10074433,true positive,22,0,disordered
ELME000053,MOD_GSK3_1,GSK3 phosphorylation site,MOD,GSK3 phosphorylation recognition site,PF00069,Pkinase,Protein kinase domain,...([ST])...[ST],DNTSRDVT,345,352,CTNB1_MOUSE,Mus musculus,12417018,true positive,22,0,disordered
ELME000053,MOD_GSK3_1,GSK3 phosphorylation site,MOD,GSK3 phosphorylation recognition site,PF00069,Pkinase,Protein kinase domain,...([ST])...[ST],DNTSRDVT,345,352,ESR2_HUMAN,Homo sapiens,22586270,true positive,22,0,disordered
ELME000053,MOD_GSK3_1,GSK3 phosphorylation site,MOD,GSK3 phosphorylation recognition site,PF00069,Pkinase,Protein kinase domain,...([ST])...[ST],DNTSRDVT,345,352,FGD1_HUMAN,Homo sapiens,15743413,true positive,22,0,disordered
ELME000053,MOD_GSK3_1,GSK3 phosphorylation site,MOD,GSK3 phosphorylation recognition site,PF00069,Pkinase,Protein kinase domain,...([ST])...[ST],DNTSRDVT,345,352,FGD3_HUMAN,Homo sapiens,18363964,true positive,22,0,disordered
ELME000053,MOD_GSK3_1,GSK3 phosphorylation site,MOD,GSK3 phosphorylation recognition site,PF00069,Pkinase,Protein kinase domain,...([ST])...[ST],DNTSRDVT,345,352,HSF1_HUMAN,Homo sapiens,8940068,true positive,22,0,disordered
ELME000053,MOD_GSK3_1,GSK3 phosphorylation site,MOD,GSK3 phosphorylation recognition site,PF00069,Pkinase,Protein kinase domain,...([ST])...[ST],DNTSRDVT,345,352,JUN_HUMAN,Homo sapiens,1846781,true positive,22,0,disordered
ELME000053,MOD_GSK3_1,GSK3 phosphorylation site,MOD,GSK3 phosphorylation recognition site,PF00069,Pkinase,Protein kinase domain,...([ST])...[ST],DNTSRDVT,345,352,MK67I_HUMAN,Homo sapiens,16244663,true positive,22,0,disordered
ELME000053,MOD_GSK3_1,GSK3 phosphorylation site,MOD,GSK3 phosphorylation recognition site,PF00069,Pkinase,Protein kinase domain,...([ST])...[ST],DNTSRDVT,345,352,MYC_HUMAN,Homo sapiens,14563837,true positive,22,0,disordered
ELME000053,MOD_GSK3_1,GSK3 phosphorylation site,MOD,GSK3 phosphorylation recognition site,PF00069,Pkinase,Protein kinase domain,...([ST])...[ST],DNTSRDVT,345,352,NFAC1_HUMAN,Homo sapiens,12351631,true positive,22,0,disordered
ELME000053,MOD_GSK3_1,GSK3 phosphorylation site,MOD,GSK3 phosphorylation recognition site,PF00069,Pkinase,Protein kinase domain,...([ST])...[ST],DNTSRDVT,345,352,P53_HUMAN,Homo sapiens,11483158,true positive,22,0,disordered
ELME000053,MOD_GSK3_1,GSK3 phosphorylation site,MOD,GSK3 phosphorylation recognition site,PF00069,Pkinase,Protein kinase domain,...([ST])...[ST],DNTSRDVT,345,352,SMAD1_HUMAN,Homo sapiens,17289590,true positive,22,0,disordered
ELME000053,MOD_GSK3_1,GSK3 phosphorylation site,MOD,GSK3 phosphorylation recognition site,PF00069,Pkinase,Protein kinase domain,...([ST])...[ST],DNTSRDVT,345,352,SMAD1_HUMAN,Homo sapiens,18045539,true positive,22,0,disordered
ELME000053,MOD_GSK3_1,GSK3 phosphorylation site,MOD,GSK3 phosphorylation recognition site,PF00069,Pkinase,Protein kinase domain,...([ST])...[ST],DNTSRDVT,345,352,SMAD3_HUMAN,Homo sapiens,19218245,true positive,22,0,disordered
ELME000053,MOD_GSK3_1,GSK3 phosphorylation site,MOD,GSK3 phosphorylation recognition site,PF00069,Pkinase,Protein kinase domain,...([ST])...[ST],DNTSRDVT,345,352,SNAI1_HUMAN,Homo sapiens,15448698,true positive,22,0,disordered
ELME000053,MOD_GSK3_1,GSK3 phosphorylation site,MOD,GSK3 phosphorylation recognition site,PF00069,Pkinase,Protein kinase domain,...([ST])...[ST],DNTSRDVT,373,380,ATX3_HUMAN,Homo sapiens,17434145,true positive,22,0,disordered
ELME000053,MOD_GSK3_1,GSK3 phosphorylation site,MOD,GSK3 phosphorylation recognition site,PF00069,Pkinase,Protein kinase domain,...([ST])...[ST],DNTSRDVT,373,380,CCNE1_HUMAN,Homo sapiens,14536078,true positive,22,0,disordered
ELME000053,MOD_GSK3_1,GSK3 phosphorylation site,MOD,GSK3 phosphorylation recognition site,PF00069,Pkinase,Protein kinase domain,...([ST])...[ST],DNTSRDVT,373,380,CTNB1_HUMAN,Homo sapiens,11955436 19061640 10074433,true positive,22,0,disordered
ELME000053,MOD_GSK3_1,GSK3 phosphorylation site,MOD,GSK3 phosphorylation recognition site,PF00069,Pkinase,Protein kinase domain,...([ST])...[ST],DNTSRDVT,373,380,CTNB1_MOUSE,Mus musculus,12417018,true positive,22,0,disordered
ELME000053,MOD_GSK3_1,GSK3 phosphorylation site,MOD,GSK3 phosphorylation recognition site,PF00069,Pkinase,Protein kinase domain,...([ST])...[ST],DNTSRDVT,373,380,ESR2_HUMAN,Homo sapiens,22586270,true positive,22,0,disordered
ELME000053,MOD_GSK3_1,GSK3 phosphorylation site,MOD,GSK3 phosphorylation recognition site,PF00069,Pkinase,Protein kinase domain,...([ST])...[ST],DNTSRDVT,373,380,FGD1_HUMAN,Homo sapiens,15743413,true positive,22,0,disordered
ELME000053,MOD_GSK3_1,GSK3 phosphorylation site,MOD,GSK3 phosphorylation recognition site,PF00069,Pkinase,Protein kinase domain,...([ST])...[ST],DNTSRDVT,373,380,FGD3_HUMAN,Homo sapiens,18363964,true positive,22,0,disordered
ELME000053,MOD_GSK3_1,GSK3 phosphorylation site,MOD,GSK3 phosphorylation recognition site,PF00069,Pkinase,Protein kinase domain,...([ST])...[ST],DNTSRDVT,373,380,HSF1_HUMAN,Homo sapiens,8940068,true positive,22,0,disordered
ELME000053,MOD_GSK3_1,GSK3 phosphorylation site,MOD,GSK3 phosphorylation recognition site,PF00069,Pkinase,Protein kinase domain,...([ST])...[ST],DNTSRDVT,373,380,JUN_HUMAN,Homo sapiens,1846781,true positive,22,0,disordered
ELME000053,MOD_GSK3_1,GSK3 phosphorylation site,MOD,GSK3 phosphorylation recognition site,PF00069,Pkinase,Protein kinase domain,...([ST])...[ST],DNTSRDVT,373,380,MK67I_HUMAN,Homo sapiens,16244663,true positive,22,0,disordered
ELME000053,MOD_GSK3_1,GSK3 phosphorylation site,MOD,GSK3 phosphorylation recognition site,PF00069,Pkinase,Protein kinase domain,...([ST])...[ST],DNTSRDVT,373,380,MYC_HUMAN,Homo sapiens,14563837,true positive,22,0,disordered
ELME000053,MOD_GSK3_1,GSK3 phosphorylation site,MOD,GSK3 phosphorylation recognition site,PF00069,Pkinase,Protein kinase domain,...([ST])...[ST],DNTSRDVT,373,380,NFAC1_HUMAN,Homo sapiens,12351631,true positive,22,0,disordered
ELME000053,MOD_GSK3_1,GSK3 phosphorylation site,MOD,GSK3 phosphorylation recognition site,PF00069,Pkinase,Protein kinase domain,...([ST])...[ST],DNTSRDVT,373,380,P53_HUMAN,Homo sapiens,11483158,true positive,22,0,disordered
ELME000053,MOD_GSK3_1,GSK3 phosphorylation site,MOD,GSK3 phosphorylation recognition site,PF00069,Pkinase,Protein kinase domain,...([ST])...[ST],DNTSRDVT,373,380,SMAD1_HUMAN,Homo sapiens,17289590,true positive,22,0,disordered
ELME000053,MOD_GSK3_1,GSK3 phosphorylation site,MOD,GSK3 phosphorylation recognition site,PF00069,Pkinase,Protein kinase domain,...([ST])...[ST],DNTSRDVT,373,380,SMAD1_HUMAN,Homo sapiens,18045539,true positive,22,0,disordered
ELME000053,MOD_GSK3_1,GSK3 phosphorylation site,MOD,GSK3 phosphorylation recognition site,PF00069,Pkinase,Protein kinase domain,...([ST])...[ST],DNTSRDVT,373,380,SMAD3_HUMAN,Homo sapiens,19218245,true positive,22,0,disordered
ELME000053,MOD_GSK3_1,GSK3 phosphorylation site,MOD,GSK3 phosphorylation recognition site,PF00069,Pkinase,Protein kinase domain,...([ST])...[ST],DNTSRDVT,373,380,SNAI1_HUMAN,Homo sapiens,15448698,true positive,22,0,disordered
ELME000053,MOD_GSK3_1,GSK3 phosphorylation site,MOD,GSK3 phosphorylation recognition site,PF00069,Pkinase,Protein kinase domain,...([ST])...[ST],DSWSSGPS,410,417,ATX3_HUMAN,Homo sapiens,17434145,true positive,22,0,disordered
ELME000053,MOD_GSK3_1,GSK3 phosphorylation site,MOD,GSK3 phosphorylation recognition site,PF00069,Pkinase,Protein kinase domain,...([ST])...[ST],DSWSSGPS,410,417,CCNE1_HUMAN,Homo sapiens,14536078,true positive,22,0,disordered
ELME000053,MOD_GSK3_1,GSK3 phosphorylation site,MOD,GSK3 phosphorylation recognition site,PF00069,Pkinase,Protein kinase domain,...([ST])...[ST],DSWSSGPS,410,417,CTNB1_HUMAN,Homo sapiens,11955436 19061640 10074433,true positive,22,0,disordered
ELME000053,MOD_GSK3_1,GSK3 phosphorylation site,MOD,GSK3 phosphorylation recognition site,PF00069,Pkinase,Protein kinase domain,...([ST])...[ST],DSWSSGPS,410,417,CTNB1_MOUSE,Mus musculus,12417018,true positive,22,0,disordered
ELME000053,MOD_GSK3_1,GSK3 phosphorylation site,MOD,GSK3 phosphorylation recognition site,PF00069,Pkinase,Protein kinase domain,...([ST])...[ST],DSWSSGPS,410,417,ESR2_HUMAN,Homo sapiens,22586270,true positive,22,0,disordered
ELME000053,MOD_GSK3_1,GSK3 phosphorylation site,MOD,GSK3 phosphorylation recognition site,PF00069,Pkinase,Protein kinase domain,...([ST])...[ST],DSWSSGPS,410,417,FGD1_HUMAN,Homo sapiens,15743413,true positive,22,0,disordered
ELME000053,MOD_GSK3_1,GSK3 phosphorylation site,MOD,GSK3 phosphorylation recognition site,PF00069,Pkinase,Protein kinase domain,...([ST])...[ST],DSWSSGPS,410,417,FGD3_HUMAN,Homo sapiens,18363964,true positive,22,0,disordered
ELME000053,MOD_GSK3_1,GSK3 phosphorylation site,MOD,GSK3 phosphorylation recognition site,PF00069,Pkinase,Protein kinase domain,...([ST])...[ST],DSWSSGPS,410,417,HSF1_HUMAN,Homo sapiens,8940068,true positive,22,0,disordered
ELME000053,MOD_GSK3_1,GSK3 phosphorylation site,MOD,GSK3 phosphorylation recognition site,PF00069,Pkinase,Protein kinase domain,...([ST])...[ST],DSWSSGPS,410,417,JUN_HUMAN,Homo sapiens,1846781,true positive,22,0,disordered
ELME000053,MOD_GSK3_1,GSK3 phosphorylation site,MOD,GSK3 phosphorylation recognition site,PF00069,Pkinase,Protein kinase domain,...([ST])...[ST],DSWSSGPS,410,417,MK67I_HUMAN,Homo sapiens,16244663,true positive,22,0,disordered
ELME000053,MOD_GSK3_1,GSK3 phosphorylation site,MOD,GSK3 phosphorylation recognition site,PF00069,Pkinase,Protein kinase domain,...([ST])...[ST],DSWSSGPS,410,417,MYC_HUMAN,Homo sapiens,14563837,true positive,22,0,disordered
ELME000053,MOD_GSK3_1,GSK3 phosphorylation site,MOD,GSK3 phosphorylation recognition site,PF00069,Pkinase,Protein kinase domain,...([ST])...[ST],DSWSSGPS,410,417,NFAC1_HUMAN,Homo sapiens,12351631,true positive,22,0,disordered
ELME000053,MOD_GSK3_1,GSK3 phosphorylation site,MOD,GSK3 phosphorylation recognition site,PF00069,Pkinase,Protein kinase domain,...([ST])...[ST],DSWSSGPS,410,417,P53_HUMAN,Homo sapiens,11483158,true positive,22,0,disordered
ELME000053,MOD_GSK3_1,GSK3 phosphorylation site,MOD,GSK3 phosphorylation recognition site,PF00069,Pkinase,Protein kinase domain,...([ST])...[ST],DSWSSGPS,410,417,SMAD1_HUMAN,Homo sapiens,17289590,true positive,22,0,disordered
ELME000053,MOD_GSK3_1,GSK3 phosphorylation site,MOD,GSK3 phosphorylation recognition site,PF00069,Pkinase,Protein kinase domain,...([ST])...[ST],DSWSSGPS,410,417,SMAD1_HUMAN,Homo sapiens,18045539,true positive,22,0,disordered
ELME000053,MOD_GSK3_1,GSK3 phosphorylation site,MOD,GSK3 phosphorylation recognition site,PF00069,Pkinase,Protein kinase domain,...([ST])...[ST],DSWSSGPS,410,417,SMAD3_HUMAN,Homo sapiens,19218245,true positive,22,0,disordered
ELME000053,MOD_GSK3_1,GSK3 phosphorylation site,MOD,GSK3 phosphorylation recognition site,PF00069,Pkinase,Protein kinase domain,...([ST])...[ST],DSWSSGPS,410,417,SNAI1_HUMAN,Homo sapiens,15448698,true positive,22,0,disordered
ELME000053,MOD_GSK3_1,GSK3 phosphorylation site,MOD,GSK3 phosphorylation recognition site,PF00069,Pkinase,Protein kinase domain,...([ST])...[ST],SWSSGPSS,411,418,ATX3_HUMAN,Homo sapiens,17434145,true positive,22,0,disordered
ELME000053,MOD_GSK3_1,GSK3 phosphorylation site,MOD,GSK3 phosphorylation recognition site,PF00069,Pkinase,Protein kinase domain,...([ST])...[ST],SWSSGPSS,411,418,CCNE1_HUMAN,Homo sapiens,14536078,true positive,22,0,disordered
ELME000053,MOD_GSK3_1,GSK3 phosphorylation site,MOD,GSK3 phosphorylation recognition site,PF00069,Pkinase,Protein kinase domain,...([ST])...[ST],SWSSGPSS,411,418,CTNB1_HUMAN,Homo sapiens,11955436 19061640 10074433,true positive,22,0,disordered
ELME000053,MOD_GSK3_1,GSK3 phosphorylation site,MOD,GSK3 phosphorylation recognition site,PF00069,Pkinase,Protein kinase domain,...([ST])...[ST],SWSSGPSS,411,418,CTNB1_MOUSE,Mus musculus,12417018,true positive,22,0,disordered
ELME000053,MOD_GSK3_1,GSK3 phosphorylation site,MOD,GSK3 phosphorylation recognition site,PF00069,Pkinase,Protein kinase domain,...([ST])...[ST],SWSSGPSS,411,418,ESR2_HUMAN,Homo sapiens,22586270,true positive,22,0,disordered
ELME000053,MOD_GSK3_1,GSK3 phosphorylation site,MOD,GSK3 phosphorylation recognition site,PF00069,Pkinase,Protein kinase domain,...([ST])...[ST],SWSSGPSS,411,418,FGD1_HUMAN,Homo sapiens,15743413,true positive,22,0,disordered
ELME000053,MOD_GSK3_1,GSK3 phosphorylation site,MOD,GSK3 phosphorylation recognition site,PF00069,Pkinase,Protein kinase domain,...([ST])...[ST],SWSSGPSS,411,418,FGD3_HUMAN,Homo sapiens,18363964,true positive,22,0,disordered
ELME000053,MOD_GSK3_1,GSK3 phosphorylation site,MOD,GSK3 phosphorylation recognition site,PF00069,Pkinase,Protein kinase domain,...([ST])...[ST],SWSSGPSS,411,418,HSF1_HUMAN,Homo sapiens,8940068,true positive,22,0,disordered
ELME000053,MOD_GSK3_1,GSK3 phosphorylation site,MOD,GSK3 phosphorylation recognition site,PF00069,Pkinase,Protein kinase domain,...([ST])...[ST],SWSSGPSS,411,418,JUN_HUMAN,Homo sapiens,1846781,true positive,22,0,disordered
ELME000053,MOD_GSK3_1,GSK3 phosphorylation site,MOD,GSK3 phosphorylation recognition site,PF00069,Pkinase,Protein kinase domain,...([ST])...[ST],SWSSGPSS,411,418,MK67I_HUMAN,Homo sapiens,16244663,true positive,22,0,disordered
ELME000053,MOD_GSK3_1,GSK3 phosphorylation site,MOD,GSK3 phosphorylation recognition site,PF00069,Pkinase,Protein kinase domain,...([ST])...[ST],SWSSGPSS,411,418,MYC_HUMAN,Homo sapiens,14563837,true positive,22,0,disordered
ELME000053,MOD_GSK3_1,GSK3 phosphorylation site,MOD,GSK3 phosphorylation recognition site,PF00069,Pkinase,Protein kinase domain,...([ST])...[ST],SWSSGPSS,411,418,NFAC1_HUMAN,Homo sapiens,12351631,true positive,22,0,disordered
ELME000053,MOD_GSK3_1,GSK3 phosphorylation site,MOD,GSK3 phosphorylation recognition site,PF00069,Pkinase,Protein kinase domain,...([ST])...[ST],SWSSGPSS,411,418,P53_HUMAN,Homo sapiens,11483158,true positive,22,0,disordered
ELME000053,MOD_GSK3_1,GSK3 phosphorylation site,MOD,GSK3 phosphorylation recognition site,PF00069,Pkinase,Protein kinase domain,...([ST])...[ST],SWSSGPSS,411,418,SMAD1_HUMAN,Homo sapiens,17289590,true positive,22,0,disordered
ELME000053,MOD_GSK3_1,GSK3 phosphorylation site,MOD,GSK3 phosphorylation recognition site,PF00069,Pkinase,Protein kinase domain,...([ST])...[ST],SWSSGPSS,411,418,SMAD1_HUMAN,Homo sapiens,18045539,true positive,22,0,disordered
ELME000053,MOD_GSK3_1,GSK3 phosphorylation site,MOD,GSK3 phosphorylation recognition site,PF00069,Pkinase,Protein kinase domain,...([ST])...[ST],SWSSGPSS,411,418,SMAD3_HUMAN,Homo sapiens,19218245,true positive,22,0,disordered
ELME000053,MOD_GSK3_1,GSK3 phosphorylation site,MOD,GSK3 phosphorylation recognition site,PF00069,Pkinase,Protein kinase domain,...([ST])...[ST],SWSSGPSS,411,418,SNAI1_HUMAN,Homo sapiens,15448698,true positive,22,0,disordered
ELME000053,MOD_GSK3_1,GSK3 phosphorylation site,MOD,GSK3 phosphorylation recognition site,PF00069,Pkinase,Protein kinase domain,...([ST])...[ST],GNHTIQVT,423,430,ATX3_HUMAN,Homo sapiens,17434145,true positive,22,0,disordered
ELME000053,MOD_GSK3_1,GSK3 phosphorylation site,MOD,GSK3 phosphorylation recognition site,PF00069,Pkinase,Protein kinase domain,...([ST])...[ST],GNHTIQVT,423,430,CCNE1_HUMAN,Homo sapiens,14536078,true positive,22,0,disordered
ELME000053,MOD_GSK3_1,GSK3 phosphorylation site,MOD,GSK3 phosphorylation recognition site,PF00069,Pkinase,Protein kinase domain,...([ST])...[ST],GNHTIQVT,423,430,CTNB1_HUMAN,Homo sapiens,11955436 19061640 10074433,true positive,22,0,disordered
ELME000053,MOD_GSK3_1,GSK3 phosphorylation site,MOD,GSK3 phosphorylation recognition site,PF00069,Pkinase,Protein kinase domain,...([ST])...[ST],GNHTIQVT,423,430,CTNB1_MOUSE,Mus musculus,12417018,true positive,22,0,disordered
ELME000053,MOD_GSK3_1,GSK3 phosphorylation site,MOD,GSK3 phosphorylation recognition site,PF00069,Pkinase,Protein kinase domain,...([ST])...[ST],GNHTIQVT,423,430,ESR2_HUMAN,Homo sapiens,22586270,true positive,22,0,disordered
ELME000053,MOD_GSK3_1,GSK3 phosphorylation site,MOD,GSK3 phosphorylation recognition site,PF00069,Pkinase,Protein kinase domain,...([ST])...[ST],GNHTIQVT,423,430,FGD1_HUMAN,Homo sapiens,15743413,true positive,22,0,disordered
ELME000053,MOD_GSK3_1,GSK3 phosphorylation site,MOD,GSK3 phosphorylation recognition site,PF00069,Pkinase,Protein kinase domain,...([ST])...[ST],GNHTIQVT,423,430,FGD3_HUMAN,Homo sapiens,18363964,true positive,22,0,disordered
ELME000053,MOD_GSK3_1,GSK3 phosphorylation site,MOD,GSK3 phosphorylation recognition site,PF00069,Pkinase,Protein kinase domain,...([ST])...[ST],GNHTIQVT,423,430,HSF1_HUMAN,Homo sapiens,8940068,true positive,22,0,disordered
ELME000053,MOD_GSK3_1,GSK3 phosphorylation site,MOD,GSK3 phosphorylation recognition site,PF00069,Pkinase,Protein kinase domain,...([ST])...[ST],GNHTIQVT,423,430,JUN_HUMAN,Homo sapiens,1846781,true positive,22,0,disordered
ELME000053,MOD_GSK3_1,GSK3 phosphorylation site,MOD,GSK3 phosphorylation recognition site,PF00069,Pkinase,Protein kinase domain,...([ST])...[ST],GNHTIQVT,423,430,MK67I_HUMAN,Homo sapiens,16244663,true positive,22,0,disordered
ELME000053,MOD_GSK3_1,GSK3 phosphorylation site,MOD,GSK3 phosphorylation recognition site,PF00069,Pkinase,Protein kinase domain,...([ST])...[ST],GNHTIQVT,423,430,MYC_HUMAN,Homo sapiens,14563837,true positive,22,0,disordered
ELME000053,MOD_GSK3_1,GSK3 phosphorylation site,MOD,GSK3 phosphorylation recognition site,PF00069,Pkinase,Protein kinase domain,...([ST])...[ST],GNHTIQVT,423,430,NFAC1_HUMAN,Homo sapiens,12351631,true positive,22,0,disordered
ELME000053,MOD_GSK3_1,GSK3 phosphorylation site,MOD,GSK3 phosphorylation recognition site,PF00069,Pkinase,Protein kinase domain,...([ST])...[ST],GNHTIQVT,423,430,P53_HUMAN,Homo sapiens,11483158,true positive,22,0,disordered
ELME000053,MOD_GSK3_1,GSK3 phosphorylation site,MOD,GSK3 phosphorylation recognition site,PF00069,Pkinase,Protein kinase domain,...([ST])...[ST],GNHTIQVT,423,430,SMAD1_HUMAN,Homo sapiens,17289590,true positive,22,0,disordered
ELME000053,MOD_GSK3_1,GSK3 phosphorylation site,MOD,GSK3 phosphorylation recognition site,PF00069,Pkinase,Protein kinase domain,...([ST])...[ST],GNHTIQVT,423,430,SMAD1_HUMAN,Homo sapiens,18045539,true positive,22,0,disordered
ELME000053,MOD_GSK3_1,GSK3 phosphorylation site,MOD,GSK3 phosphorylation recognition site,PF00069,Pkinase,Protein kinase domain,...([ST])...[ST],GNHTIQVT,423,430,SMAD3_HUMAN,Homo sapiens,19218245,true positive,22,0,disordered
ELME000053,MOD_GSK3_1,GSK3 phosphorylation site,MOD,GSK3 phosphorylation recognition site,PF00069,Pkinase,Protein kinase domain,...([ST])...[ST],GNHTIQVT,423,430,SNAI1_HUMAN,Homo sapiens,15448698,true positive,22,0,disordered
ELME000053,MOD_GSK3_1,GSK3 phosphorylation site,MOD,GSK3 phosphorylation recognition site,PF00069,Pkinase,Protein kinase domain,...([ST])...[ST],DPPSGPPS,459,466,ATX3_HUMAN,Homo sapiens,17434145,true positive,22,0,disordered
ELME000053,MOD_GSK3_1,GSK3 phosphorylation site,MOD,GSK3 phosphorylation recognition site,PF00069,Pkinase,Protein kinase domain,...([ST])...[ST],DPPSGPPS,459,466,CCNE1_HUMAN,Homo sapiens,14536078,true positive,22,0,disordered
ELME000053,MOD_GSK3_1,GSK3 phosphorylation site,MOD,GSK3 phosphorylation recognition site,PF00069,Pkinase,Protein kinase domain,...([ST])...[ST],DPPSGPPS,459,466,CTNB1_HUMAN,Homo sapiens,11955436 19061640 10074433,true positive,22,0,disordered
ELME000053,MOD_GSK3_1,GSK3 phosphorylation site,MOD,GSK3 phosphorylation recognition site,PF00069,Pkinase,Protein kinase domain,...([ST])...[ST],DPPSGPPS,459,466,CTNB1_MOUSE,Mus musculus,12417018,true positive,22,0,disordered
ELME000053,MOD_GSK3_1,GSK3 phosphorylation site,MOD,GSK3 phosphorylation recognition site,PF00069,Pkinase,Protein kinase domain,...([ST])...[ST],DPPSGPPS,459,466,ESR2_HUMAN,Homo sapiens,22586270,true positive,22,0,disordered
ELME000053,MOD_GSK3_1,GSK3 phosphorylation site,MOD,GSK3 phosphorylation recognition site,PF00069,Pkinase,Protein kinase domain,...([ST])...[ST],DPPSGPPS,459,466,FGD1_HUMAN,Homo sapiens,15743413,true positive,22,0,disordered
ELME000053,MOD_GSK3_1,GSK3 phosphorylation site,MOD,GSK3 phosphorylation recognition site,PF00069,Pkinase,Protein kinase domain,...([ST])...[ST],DPPSGPPS,459,466,FGD3_HUMAN,Homo sapiens,18363964,true positive,22,0,disordered
ELME000053,MOD_GSK3_1,GSK3 phosphorylation site,MOD,GSK3 phosphorylation recognition site,PF00069,Pkinase,Protein kinase domain,...([ST])...[ST],DPPSGPPS,459,466,HSF1_HUMAN,Homo sapiens,8940068,true positive,22,0,disordered
ELME000053,MOD_GSK3_1,GSK3 phosphorylation site,MOD,GSK3 phosphorylation recognition site,PF00069,Pkinase,Protein kinase domain,...([ST])...[ST],DPPSGPPS,459,466,JUN_HUMAN,Homo sapiens,1846781,true positive,22,0,disordered
ELME000053,MOD_GSK3_1,GSK3 phosphorylation site,MOD,GSK3 phosphorylation recognition site,PF00069,Pkinase,Protein kinase domain,...([ST])...[ST],DPPSGPPS,459,466,MK67I_HUMAN,Homo sapiens,16244663,true positive,22,0,disordered
ELME000053,MOD_GSK3_1,GSK3 phosphorylation site,MOD,GSK3 phosphorylation recognition site,PF00069,Pkinase,Protein kinase domain,...([ST])...[ST],DPPSGPPS,459,466,MYC_HUMAN,Homo sapiens,14563837,true positive,22,0,disordered
ELME000053,MOD_GSK3_1,GSK3 phosphorylation site,MOD,GSK3 phosphorylation recognition site,PF00069,Pkinase,Protein kinase domain,...([ST])...[ST],DPPSGPPS,459,466,NFAC1_HUMAN,Homo sapiens,12351631,true positive,22,0,disordered
ELME000053,MOD_GSK3_1,GSK3 phosphorylation site,MOD,GSK3 phosphorylation recognition site,PF00069,Pkinase,Protein kinase domain,...([ST])...[ST],DPPSGPPS,459,466,P53_HUMAN,Homo sapiens,11483158,true positive,22,0,disordered
ELME000053,MOD_GSK3_1,GSK3 phosphorylation site,MOD,GSK3 phosphorylation recognition site,PF00069,Pkinase,Protein kinase domain,...([ST])...[ST],DPPSGPPS,459,466,SMAD1_HUMAN,Homo sapiens,17289590,true positive,22,0,disordered
ELME000053,MOD_GSK3_1,GSK3 phosphorylation site,MOD,GSK3 phosphorylation recognition site,PF00069,Pkinase,Protein kinase domain,...([ST])...[ST],DPPSGPPS,459,466,SMAD1_HUMAN,Homo sapiens,18045539,true positive,22,0,disordered
ELME000053,MOD_GSK3_1,GSK3 phosphorylation site,MOD,GSK3 phosphorylation recognition site,PF00069,Pkinase,Protein kinase domain,...([ST])...[ST],DPPSGPPS,459,466,SMAD3_HUMAN,Homo sapiens,19218245,true positive,22,0,disordered
ELME000053,MOD_GSK3_1,GSK3 phosphorylation site,MOD,GSK3 phosphorylation recognition site,PF00069,Pkinase,Protein kinase domain,...([ST])...[ST],DPPSGPPS,459,466,SNAI1_HUMAN,Homo sapiens,15448698,true positive,22,0,disordered
ELME000070,MOD_N-GLC_1,N-glycosylation site,MOD,"Generic motif for N-glycosylation. It was shown that Trp, Asp, and Glu are uncommon before the Ser/Thr position. Efficient glycosylation usually occurs when ~60 residues or more separate the glycosylation acceptor site from the C-terminus.",PF02516,STT3,Oligosaccharyl transferase STT3 subunit,.(N)[^P][ST]..,DNTSRD,345,350,ABCA4_HUMAN,Homo sapiens,11320094,true positive,156,1,disordered
ELME000070,MOD_N-GLC_1,N-glycosylation site,MOD,"Generic motif for N-glycosylation. It was shown that Trp, Asp, and Glu are uncommon before the Ser/Thr position. Efficient glycosylation usually occurs when ~60 residues or more separate the glycosylation acceptor site from the C-terminus.",PF02516,STT3,Oligosaccharyl transferase STT3 subunit,.(N)[^P][ST]..,DNTSRD,345,350,ACES_HUMAN,Homo sapiens,8280063,true positive,156,1,disordered
ELME000070,MOD_N-GLC_1,N-glycosylation site,MOD,"Generic motif for N-glycosylation. It was shown that Trp, Asp, and Glu are uncommon before the Ser/Thr position. Efficient glycosylation usually occurs when ~60 residues or more separate the glycosylation acceptor site from the C-terminus.",PF02516,STT3,Oligosaccharyl transferase STT3 subunit,.(N)[^P][ST]..,DNTSRD,345,350,B3AT_HUMAN,Homo sapiens,10364201,true positive,156,1,disordered
ELME000070,MOD_N-GLC_1,N-glycosylation site,MOD,"Generic motif for N-glycosylation. It was shown that Trp, Asp, and Glu are uncommon before the Ser/Thr position. Efficient glycosylation usually occurs when ~60 residues or more separate the glycosylation acceptor site from the C-terminus.",PF02516,STT3,Oligosaccharyl transferase STT3 subunit,.(N)[^P][ST]..,DNTSRD,345,350,BMP1_HUMAN,Homo sapiens,12218058,true positive,156,1,disordered
ELME000070,MOD_N-GLC_1,N-glycosylation site,MOD,"Generic motif for N-glycosylation. It was shown that Trp, Asp, and Glu are uncommon before the Ser/Thr position. Efficient glycosylation usually occurs when ~60 residues or more separate the glycosylation acceptor site from the C-terminus.",PF02516,STT3,Oligosaccharyl transferase STT3 subunit,.(N)[^P][ST]..,DNTSRD,345,350,CASR_HUMAN,Homo sapiens,9852126,true positive,156,1,disordered
ELME000070,MOD_N-GLC_1,N-glycosylation site,MOD,"Generic motif for N-glycosylation. It was shown that Trp, Asp, and Glu are uncommon before the Ser/Thr position. Efficient glycosylation usually occurs when ~60 residues or more separate the glycosylation acceptor site from the C-terminus.",PF02516,STT3,Oligosaccharyl transferase STT3 subunit,.(N)[^P][ST]..,DNTSRD,345,350,CO6_HUMAN,Homo sapiens,2468158,true positive,156,1,disordered
ELME000070,MOD_N-GLC_1,N-glycosylation site,MOD,"Generic motif for N-glycosylation. It was shown that Trp, Asp, and Glu are uncommon before the Ser/Thr position. Efficient glycosylation usually occurs when ~60 residues or more separate the glycosylation acceptor site from the C-terminus.",PF02516,STT3,Oligosaccharyl transferase STT3 subunit,.(N)[^P][ST]..,DNTSRD,345,350,ENV_HV1B1,Human immunodeficiency virus type 1 BH10,2355006,true positive,156,1,disordered
ELME000070,MOD_N-GLC_1,N-glycosylation site,MOD,"Generic motif for N-glycosylation. It was shown that Trp, Asp, and Glu are uncommon before the Ser/Thr position. Efficient glycosylation usually occurs when ~60 residues or more separate the glycosylation acceptor site from the C-terminus.",PF02516,STT3,Oligosaccharyl transferase STT3 subunit,.(N)[^P][ST]..,DNTSRD,345,350,ENV_HV1H2,HIV-1 M:B_HXB2R,12072528,true positive,156,1,disordered
ELME000070,MOD_N-GLC_1,N-glycosylation site,MOD,"Generic motif for N-glycosylation. It was shown that Trp, Asp, and Glu are uncommon before the Ser/Thr position. Efficient glycosylation usually occurs when ~60 residues or more separate the glycosylation acceptor site from the C-terminus.",PF02516,STT3,Oligosaccharyl transferase STT3 subunit,.(N)[^P][ST]..,DNTSRD,345,350,FA9_HUMAN,Homo sapiens,11133752,true positive,156,1,disordered
ELME000070,MOD_N-GLC_1,N-glycosylation site,MOD,"Generic motif for N-glycosylation. It was shown that Trp, Asp, and Glu are uncommon before the Ser/Thr position. Efficient glycosylation usually occurs when ~60 residues or more separate the glycosylation acceptor site from the C-terminus.",PF02516,STT3,Oligosaccharyl transferase STT3 subunit,.(N)[^P][ST]..,DNTSRD,345,350,FSHB_HUMAN,Homo sapiens,11502795,true positive,156,1,disordered
ELME000070,MOD_N-GLC_1,N-glycosylation site,MOD,"Generic motif for N-glycosylation. It was shown that Trp, Asp, and Glu are uncommon before the Ser/Thr position. Efficient glycosylation usually occurs when ~60 residues or more separate the glycosylation acceptor site from the C-terminus.",PF02516,STT3,Oligosaccharyl transferase STT3 subunit,.(N)[^P][ST]..,DNTSRD,345,350,FUS_NIPAV,Nipah virus,15194804,true positive,156,1,disordered
ELME000070,MOD_N-GLC_1,N-glycosylation site,MOD,"Generic motif for N-glycosylation. It was shown that Trp, Asp, and Glu are uncommon before the Ser/Thr position. Efficient glycosylation usually occurs when ~60 residues or more separate the glycosylation acceptor site from the C-terminus.",PF02516,STT3,Oligosaccharyl transferase STT3 subunit,.(N)[^P][ST]..,DNTSRD,345,350,HEXB_HUMAN,Homo sapiens,,true positive,156,1,disordered
ELME000070,MOD_N-GLC_1,N-glycosylation site,MOD,"Generic motif for N-glycosylation. It was shown that Trp, Asp, and Glu are uncommon before the Ser/Thr position. Efficient glycosylation usually occurs when ~60 residues or more separate the glycosylation acceptor site from the C-terminus.",PF02516,STT3,Oligosaccharyl transferase STT3 subunit,.(N)[^P][ST]..,DNTSRD,345,350,IL3RB_HUMAN,Homo sapiens,10828016,true positive,156,1,disordered
ELME000070,MOD_N-GLC_1,N-glycosylation site,MOD,"Generic motif for N-glycosylation. It was shown that Trp, Asp, and Glu are uncommon before the Ser/Thr position. Efficient glycosylation usually occurs when ~60 residues or more separate the glycosylation acceptor site from the C-terminus.",PF02516,STT3,Oligosaccharyl transferase STT3 subunit,.(N)[^P][ST]..,DNTSRD,345,350,IL6RA_HUMAN,Homo sapiens,10066782,true positive,156,1,disordered
ELME000070,MOD_N-GLC_1,N-glycosylation site,MOD,"Generic motif for N-glycosylation. It was shown that Trp, Asp, and Glu are uncommon before the Ser/Thr position. Efficient glycosylation usually occurs when ~60 residues or more separate the glycosylation acceptor site from the C-terminus.",PF02516,STT3,Oligosaccharyl transferase STT3 subunit,.(N)[^P][ST]..,DNTSRD,345,350,IL6RB_HUMAN,Homo sapiens,11098061,true positive,156,1,disordered
ELME000070,MOD_N-GLC_1,N-glycosylation site,MOD,"Generic motif for N-glycosylation. It was shown that Trp, Asp, and Glu are uncommon before the Ser/Thr position. Efficient glycosylation usually occurs when ~60 residues or more separate the glycosylation acceptor site from the C-terminus.",PF02516,STT3,Oligosaccharyl transferase STT3 subunit,.(N)[^P][ST]..,DNTSRD,345,350,INHA_HUMAN,Homo sapiens,8885240,true positive,156,1,disordered
ELME000070,MOD_N-GLC_1,N-glycosylation site,MOD,"Generic motif for N-glycosylation. It was shown that Trp, Asp, and Glu are uncommon before the Ser/Thr position. Efficient glycosylation usually occurs when ~60 residues or more separate the glycosylation acceptor site from the C-terminus.",PF02516,STT3,Oligosaccharyl transferase STT3 subunit,.(N)[^P][ST]..,DNTSRD,345,350,MOGS_HUMAN,Homo sapiens,7635146,true positive,156,1,disordered
ELME000070,MOD_N-GLC_1,N-glycosylation site,MOD,"Generic motif for N-glycosylation. It was shown that Trp, Asp, and Glu are uncommon before the Ser/Thr position. Efficient glycosylation usually occurs when ~60 residues or more separate the glycosylation acceptor site from the C-terminus.",PF02516,STT3,Oligosaccharyl transferase STT3 subunit,.(N)[^P][ST]..,DNTSRD,345,350,NK2R_HUMAN,Homo sapiens,7721803,true positive,156,1,disordered
ELME000070,MOD_N-GLC_1,N-glycosylation site,MOD,"Generic motif for N-glycosylation. It was shown that Trp, Asp, and Glu are uncommon before the Ser/Thr position. Efficient glycosylation usually occurs when ~60 residues or more separate the glycosylation acceptor site from the C-terminus.",PF02516,STT3,Oligosaccharyl transferase STT3 subunit,.(N)[^P][ST]..,DNTSRD,345,350,OXYR_HUMAN,Homo sapiens,9433921,true positive,156,1,disordered
ELME000070,MOD_N-GLC_1,N-glycosylation site,MOD,"Generic motif for N-glycosylation. It was shown that Trp, Asp, and Glu are uncommon before the Ser/Thr position. Efficient glycosylation usually occurs when ~60 residues or more separate the glycosylation acceptor site from the C-terminus.",PF02516,STT3,Oligosaccharyl transferase STT3 subunit,.(N)[^P][ST]..,DNTSRD,345,350,PMP22_HUMAN,Homo sapiens,10982389,true positive,156,1,disordered
ELME000070,MOD_N-GLC_1,N-glycosylation site,MOD,"Generic motif for N-glycosylation. It was shown that Trp, Asp, and Glu are uncommon before the Ser/Thr position. Efficient glycosylation usually occurs when ~60 residues or more separate the glycosylation acceptor site from the C-terminus.",PF02516,STT3,Oligosaccharyl transferase STT3 subunit,.(N)[^P][ST]..,DNTSRD,345,350,POLG_HCVH,Hepatitis C virus (isolate H),10211957,true positive,156,1,disordered
ELME000070,MOD_N-GLC_1,N-glycosylation site,MOD,"Generic motif for N-glycosylation. It was shown that Trp, Asp, and Glu are uncommon before the Ser/Thr position. Efficient glycosylation usually occurs when ~60 residues or more separate the glycosylation acceptor site from the C-terminus.",PF02516,STT3,Oligosaccharyl transferase STT3 subunit,.(N)[^P][ST]..,DNTSRD,345,350,PRIO_HUMAN,Homo sapiens,12356908,true positive,156,1,disordered
ELME000070,MOD_N-GLC_1,N-glycosylation site,MOD,"Generic motif for N-glycosylation. It was shown that Trp, Asp, and Glu are uncommon before the Ser/Thr position. Efficient glycosylation usually occurs when ~60 residues or more separate the glycosylation acceptor site from the C-terminus.",PF02516,STT3,Oligosaccharyl transferase STT3 subunit,.(N)[^P][ST]..,DNTSRD,345,350,PRLR_HUMAN,Homo sapiens,9544990,true positive,156,1,disordered
ELME000070,MOD_N-GLC_1,N-glycosylation site,MOD,"Generic motif for N-glycosylation. It was shown that Trp, Asp, and Glu are uncommon before the Ser/Thr position. Efficient glycosylation usually occurs when ~60 residues or more separate the glycosylation acceptor site from the C-terminus.",PF02516,STT3,Oligosaccharyl transferase STT3 subunit,.(N)[^P][ST]..,DNTSRD,345,350,Q3I0Y8_WNV,West Nile virus,16987985,true positive,156,1,disordered
ELME000070,MOD_N-GLC_1,N-glycosylation site,MOD,"Generic motif for N-glycosylation. It was shown that Trp, Asp, and Glu are uncommon before the Ser/Thr position. Efficient glycosylation usually occurs when ~60 residues or more separate the glycosylation acceptor site from the C-terminus.",PF02516,STT3,Oligosaccharyl transferase STT3 subunit,.(N)[^P][ST]..,DNTSRD,345,350,SIAL_HUMAN,Homo sapiens,11459848,true positive,156,1,disordered
ELME000070,MOD_N-GLC_1,N-glycosylation site,MOD,"Generic motif for N-glycosylation. It was shown that Trp, Asp, and Glu are uncommon before the Ser/Thr position. Efficient glycosylation usually occurs when ~60 residues or more separate the glycosylation acceptor site from the C-terminus.",PF02516,STT3,Oligosaccharyl transferase STT3 subunit,.(N)[^P][ST]..,DNTSRD,345,350,SPIKE_CVHSA,SARS coronavirus,12775768,true positive,156,1,disordered
ELME000070,MOD_N-GLC_1,N-glycosylation site,MOD,"Generic motif for N-glycosylation. It was shown that Trp, Asp, and Glu are uncommon before the Ser/Thr position. Efficient glycosylation usually occurs when ~60 residues or more separate the glycosylation acceptor site from the C-terminus.",PF02516,STT3,Oligosaccharyl transferase STT3 subunit,.(N)[^P][ST]..,DNTSRD,345,350,THYG_HUMAN,Homo sapiens,,true positive,156,1,disordered
ELME000070,MOD_N-GLC_1,N-glycosylation site,MOD,"Generic motif for N-glycosylation. It was shown that Trp, Asp, and Glu are uncommon before the Ser/Thr position. Efficient glycosylation usually occurs when ~60 residues or more separate the glycosylation acceptor site from the C-terminus.",PF02516,STT3,Oligosaccharyl transferase STT3 subunit,.(N)[^P][ST]..,DNTSRD,345,350,THYG_HUMAN,Homo sapiens,8530385,true positive,156,1,disordered
ELME000070,MOD_N-GLC_1,N-glycosylation site,MOD,"Generic motif for N-glycosylation. It was shown that Trp, Asp, and Glu are uncommon before the Ser/Thr position. Efficient glycosylation usually occurs when ~60 residues or more separate the glycosylation acceptor site from the C-terminus.",PF02516,STT3,Oligosaccharyl transferase STT3 subunit,.(N)[^P][ST]..,DNTSRD,345,350,THYG_HUMAN,Homo sapiens,8615697,true positive,156,1,disordered
ELME000070,MOD_N-GLC_1,N-glycosylation site,MOD,"Generic motif for N-glycosylation. It was shown that Trp, Asp, and Glu are uncommon before the Ser/Thr position. Efficient glycosylation usually occurs when ~60 residues or more separate the glycosylation acceptor site from the C-terminus.",PF02516,STT3,Oligosaccharyl transferase STT3 subunit,.(N)[^P][ST]..,DNTSRD,345,350,TLR4_HUMAN,Homo sapiens,11706042,true positive,156,1,disordered
ELME000070,MOD_N-GLC_1,N-glycosylation site,MOD,"Generic motif for N-glycosylation. It was shown that Trp, Asp, and Glu are uncommon before the Ser/Thr position. Efficient glycosylation usually occurs when ~60 residues or more separate the glycosylation acceptor site from the C-terminus.",PF02516,STT3,Oligosaccharyl transferase STT3 subunit,.(N)[^P][ST]..,DNTSRD,345,350,TNFL6_HUMAN,Homo sapiens,9405425,true positive,156,1,disordered
ELME000070,MOD_N-GLC_1,N-glycosylation site,MOD,"Generic motif for N-glycosylation. It was shown that Trp, Asp, and Glu are uncommon before the Ser/Thr position. Efficient glycosylation usually occurs when ~60 residues or more separate the glycosylation acceptor site from the C-terminus.",PF02516,STT3,Oligosaccharyl transferase STT3 subunit,.(N)[^P][ST]..,DNTSRD,345,350,TPO_HUMAN,Homo sapiens,9766811,true positive,156,1,disordered
ELME000070,MOD_N-GLC_1,N-glycosylation site,MOD,"Generic motif for N-glycosylation. It was shown that Trp, Asp, and Glu are uncommon before the Ser/Thr position. Efficient glycosylation usually occurs when ~60 residues or more separate the glycosylation acceptor site from the C-terminus.",PF02516,STT3,Oligosaccharyl transferase STT3 subunit,.(N)[^P][ST]..,DNTSRD,345,350,VGP_EBOZM,"Ebola virus - Mayinga, Zaire, 1976",12438572,true positive,156,1,disordered
ELME000070,MOD_N-GLC_1,N-glycosylation site,MOD,"Generic motif for N-glycosylation. It was shown that Trp, Asp, and Glu are uncommon before the Ser/Thr position. Efficient glycosylation usually occurs when ~60 residues or more separate the glycosylation acceptor site from the C-terminus.",PF02516,STT3,Oligosaccharyl transferase STT3 subunit,.(N)[^P][ST]..,DNTSRD,345,350,VME1_CVHSA,SARS coronavirus,19534833,true positive,156,1,disordered
ELME000070,MOD_N-GLC_1,N-glycosylation site,MOD,"Generic motif for N-glycosylation. It was shown that Trp, Asp, and Glu are uncommon before the Ser/Thr position. Efficient glycosylation usually occurs when ~60 residues or more separate the glycosylation acceptor site from the C-terminus.",PF02516,STT3,Oligosaccharyl transferase STT3 subunit,.(N)[^P][ST]..,DNTSRD,345,350,WFS1_HUMAN,Homo sapiens,11181517,true positive,156,1,disordered
ELME000070,MOD_N-GLC_1,N-glycosylation site,MOD,"Generic motif for N-glycosylation. It was shown that Trp, Asp, and Glu are uncommon before the Ser/Thr position. Efficient glycosylation usually occurs when ~60 residues or more separate the glycosylation acceptor site from the C-terminus.",PF02516,STT3,Oligosaccharyl transferase STT3 subunit,.(N)[^P][ST]..,DNTSRD,373,378,ABCA4_HUMAN,Homo sapiens,11320094,true positive,156,1,disordered
ELME000070,MOD_N-GLC_1,N-glycosylation site,MOD,"Generic motif for N-glycosylation. It was shown that Trp, Asp, and Glu are uncommon before the Ser/Thr position. Efficient glycosylation usually occurs when ~60 residues or more separate the glycosylation acceptor site from the C-terminus.",PF02516,STT3,Oligosaccharyl transferase STT3 subunit,.(N)[^P][ST]..,DNTSRD,373,378,ACES_HUMAN,Homo sapiens,8280063,true positive,156,1,disordered
ELME000070,MOD_N-GLC_1,N-glycosylation site,MOD,"Generic motif for N-glycosylation. It was shown that Trp, Asp, and Glu are uncommon before the Ser/Thr position. Efficient glycosylation usually occurs when ~60 residues or more separate the glycosylation acceptor site from the C-terminus.",PF02516,STT3,Oligosaccharyl transferase STT3 subunit,.(N)[^P][ST]..,DNTSRD,373,378,B3AT_HUMAN,Homo sapiens,10364201,true positive,156,1,disordered
ELME000070,MOD_N-GLC_1,N-glycosylation site,MOD,"Generic motif for N-glycosylation. It was shown that Trp, Asp, and Glu are uncommon before the Ser/Thr position. Efficient glycosylation usually occurs when ~60 residues or more separate the glycosylation acceptor site from the C-terminus.",PF02516,STT3,Oligosaccharyl transferase STT3 subunit,.(N)[^P][ST]..,DNTSRD,373,378,BMP1_HUMAN,Homo sapiens,12218058,true positive,156,1,disordered
ELME000070,MOD_N-GLC_1,N-glycosylation site,MOD,"Generic motif for N-glycosylation. It was shown that Trp, Asp, and Glu are uncommon before the Ser/Thr position. Efficient glycosylation usually occurs when ~60 residues or more separate the glycosylation acceptor site from the C-terminus.",PF02516,STT3,Oligosaccharyl transferase STT3 subunit,.(N)[^P][ST]..,DNTSRD,373,378,CASR_HUMAN,Homo sapiens,9852126,true positive,156,1,disordered
ELME000070,MOD_N-GLC_1,N-glycosylation site,MOD,"Generic motif for N-glycosylation. It was shown that Trp, Asp, and Glu are uncommon before the Ser/Thr position. Efficient glycosylation usually occurs when ~60 residues or more separate the glycosylation acceptor site from the C-terminus.",PF02516,STT3,Oligosaccharyl transferase STT3 subunit,.(N)[^P][ST]..,DNTSRD,373,378,CO6_HUMAN,Homo sapiens,2468158,true positive,156,1,disordered
ELME000070,MOD_N-GLC_1,N-glycosylation site,MOD,"Generic motif for N-glycosylation. It was shown that Trp, Asp, and Glu are uncommon before the Ser/Thr position. Efficient glycosylation usually occurs when ~60 residues or more separate the glycosylation acceptor site from the C-terminus.",PF02516,STT3,Oligosaccharyl transferase STT3 subunit,.(N)[^P][ST]..,DNTSRD,373,378,ENV_HV1B1,Human immunodeficiency virus type 1 BH10,2355006,true positive,156,1,disordered
ELME000070,MOD_N-GLC_1,N-glycosylation site,MOD,"Generic motif for N-glycosylation. It was shown that Trp, Asp, and Glu are uncommon before the Ser/Thr position. Efficient glycosylation usually occurs when ~60 residues or more separate the glycosylation acceptor site from the C-terminus.",PF02516,STT3,Oligosaccharyl transferase STT3 subunit,.(N)[^P][ST]..,DNTSRD,373,378,ENV_HV1H2,HIV-1 M:B_HXB2R,12072528,true positive,156,1,disordered
ELME000070,MOD_N-GLC_1,N-glycosylation site,MOD,"Generic motif for N-glycosylation. It was shown that Trp, Asp, and Glu are uncommon before the Ser/Thr position. Efficient glycosylation usually occurs when ~60 residues or more separate the glycosylation acceptor site from the C-terminus.",PF02516,STT3,Oligosaccharyl transferase STT3 subunit,.(N)[^P][ST]..,DNTSRD,373,378,FA9_HUMAN,Homo sapiens,11133752,true positive,156,1,disordered
ELME000070,MOD_N-GLC_1,N-glycosylation site,MOD,"Generic motif for N-glycosylation. It was shown that Trp, Asp, and Glu are uncommon before the Ser/Thr position. Efficient glycosylation usually occurs when ~60 residues or more separate the glycosylation acceptor site from the C-terminus.",PF02516,STT3,Oligosaccharyl transferase STT3 subunit,.(N)[^P][ST]..,DNTSRD,373,378,FSHB_HUMAN,Homo sapiens,11502795,true positive,156,1,disordered
ELME000070,MOD_N-GLC_1,N-glycosylation site,MOD,"Generic motif for N-glycosylation. It was shown that Trp, Asp, and Glu are uncommon before the Ser/Thr position. Efficient glycosylation usually occurs when ~60 residues or more separate the glycosylation acceptor site from the C-terminus.",PF02516,STT3,Oligosaccharyl transferase STT3 subunit,.(N)[^P][ST]..,DNTSRD,373,378,FUS_NIPAV,Nipah virus,15194804,true positive,156,1,disordered
ELME000070,MOD_N-GLC_1,N-glycosylation site,MOD,"Generic motif for N-glycosylation. It was shown that Trp, Asp, and Glu are uncommon before the Ser/Thr position. Efficient glycosylation usually occurs when ~60 residues or more separate the glycosylation acceptor site from the C-terminus.",PF02516,STT3,Oligosaccharyl transferase STT3 subunit,.(N)[^P][ST]..,DNTSRD,373,378,HEXB_HUMAN,Homo sapiens,,true positive,156,1,disordered
ELME000070,MOD_N-GLC_1,N-glycosylation site,MOD,"Generic motif for N-glycosylation. It was shown that Trp, Asp, and Glu are uncommon before the Ser/Thr position. Efficient glycosylation usually occurs when ~60 residues or more separate the glycosylation acceptor site from the C-terminus.",PF02516,STT3,Oligosaccharyl transferase STT3 subunit,.(N)[^P][ST]..,DNTSRD,373,378,IL3RB_HUMAN,Homo sapiens,10828016,true positive,156,1,disordered
ELME000070,MOD_N-GLC_1,N-glycosylation site,MOD,"Generic motif for N-glycosylation. It was shown that Trp, Asp, and Glu are uncommon before the Ser/Thr position. Efficient glycosylation usually occurs when ~60 residues or more separate the glycosylation acceptor site from the C-terminus.",PF02516,STT3,Oligosaccharyl transferase STT3 subunit,.(N)[^P][ST]..,DNTSRD,373,378,IL6RA_HUMAN,Homo sapiens,10066782,true positive,156,1,disordered
ELME000070,MOD_N-GLC_1,N-glycosylation site,MOD,"Generic motif for N-glycosylation. It was shown that Trp, Asp, and Glu are uncommon before the Ser/Thr position. Efficient glycosylation usually occurs when ~60 residues or more separate the glycosylation acceptor site from the C-terminus.",PF02516,STT3,Oligosaccharyl transferase STT3 subunit,.(N)[^P][ST]..,DNTSRD,373,378,IL6RB_HUMAN,Homo sapiens,11098061,true positive,156,1,disordered
ELME000070,MOD_N-GLC_1,N-glycosylation site,MOD,"Generic motif for N-glycosylation. It was shown that Trp, Asp, and Glu are uncommon before the Ser/Thr position. Efficient glycosylation usually occurs when ~60 residues or more separate the glycosylation acceptor site from the C-terminus.",PF02516,STT3,Oligosaccharyl transferase STT3 subunit,.(N)[^P][ST]..,DNTSRD,373,378,INHA_HUMAN,Homo sapiens,8885240,true positive,156,1,disordered
ELME000070,MOD_N-GLC_1,N-glycosylation site,MOD,"Generic motif for N-glycosylation. It was shown that Trp, Asp, and Glu are uncommon before the Ser/Thr position. Efficient glycosylation usually occurs when ~60 residues or more separate the glycosylation acceptor site from the C-terminus.",PF02516,STT3,Oligosaccharyl transferase STT3 subunit,.(N)[^P][ST]..,DNTSRD,373,378,MOGS_HUMAN,Homo sapiens,7635146,true positive,156,1,disordered
ELME000070,MOD_N-GLC_1,N-glycosylation site,MOD,"Generic motif for N-glycosylation. It was shown that Trp, Asp, and Glu are uncommon before the Ser/Thr position. Efficient glycosylation usually occurs when ~60 residues or more separate the glycosylation acceptor site from the C-terminus.",PF02516,STT3,Oligosaccharyl transferase STT3 subunit,.(N)[^P][ST]..,DNTSRD,373,378,NK2R_HUMAN,Homo sapiens,7721803,true positive,156,1,disordered
ELME000070,MOD_N-GLC_1,N-glycosylation site,MOD,"Generic motif for N-glycosylation. It was shown that Trp, Asp, and Glu are uncommon before the Ser/Thr position. Efficient glycosylation usually occurs when ~60 residues or more separate the glycosylation acceptor site from the C-terminus.",PF02516,STT3,Oligosaccharyl transferase STT3 subunit,.(N)[^P][ST]..,DNTSRD,373,378,OXYR_HUMAN,Homo sapiens,9433921,true positive,156,1,disordered
ELME000070,MOD_N-GLC_1,N-glycosylation site,MOD,"Generic motif for N-glycosylation. It was shown that Trp, Asp, and Glu are uncommon before the Ser/Thr position. Efficient glycosylation usually occurs when ~60 residues or more separate the glycosylation acceptor site from the C-terminus.",PF02516,STT3,Oligosaccharyl transferase STT3 subunit,.(N)[^P][ST]..,DNTSRD,373,378,PMP22_HUMAN,Homo sapiens,10982389,true positive,156,1,disordered
ELME000070,MOD_N-GLC_1,N-glycosylation site,MOD,"Generic motif for N-glycosylation. It was shown that Trp, Asp, and Glu are uncommon before the Ser/Thr position. Efficient glycosylation usually occurs when ~60 residues or more separate the glycosylation acceptor site from the C-terminus.",PF02516,STT3,Oligosaccharyl transferase STT3 subunit,.(N)[^P][ST]..,DNTSRD,373,378,POLG_HCVH,Hepatitis C virus (isolate H),10211957,true positive,156,1,disordered
ELME000070,MOD_N-GLC_1,N-glycosylation site,MOD,"Generic motif for N-glycosylation. It was shown that Trp, Asp, and Glu are uncommon before the Ser/Thr position. Efficient glycosylation usually occurs when ~60 residues or more separate the glycosylation acceptor site from the C-terminus.",PF02516,STT3,Oligosaccharyl transferase STT3 subunit,.(N)[^P][ST]..,DNTSRD,373,378,PRIO_HUMAN,Homo sapiens,12356908,true positive,156,1,disordered
ELME000070,MOD_N-GLC_1,N-glycosylation site,MOD,"Generic motif for N-glycosylation. It was shown that Trp, Asp, and Glu are uncommon before the Ser/Thr position. Efficient glycosylation usually occurs when ~60 residues or more separate the glycosylation acceptor site from the C-terminus.",PF02516,STT3,Oligosaccharyl transferase STT3 subunit,.(N)[^P][ST]..,DNTSRD,373,378,PRLR_HUMAN,Homo sapiens,9544990,true positive,156,1,disordered
ELME000070,MOD_N-GLC_1,N-glycosylation site,MOD,"Generic motif for N-glycosylation. It was shown that Trp, Asp, and Glu are uncommon before the Ser/Thr position. Efficient glycosylation usually occurs when ~60 residues or more separate the glycosylation acceptor site from the C-terminus.",PF02516,STT3,Oligosaccharyl transferase STT3 subunit,.(N)[^P][ST]..,DNTSRD,373,378,Q3I0Y8_WNV,West Nile virus,16987985,true positive,156,1,disordered
ELME000070,MOD_N-GLC_1,N-glycosylation site,MOD,"Generic motif for N-glycosylation. It was shown that Trp, Asp, and Glu are uncommon before the Ser/Thr position. Efficient glycosylation usually occurs when ~60 residues or more separate the glycosylation acceptor site from the C-terminus.",PF02516,STT3,Oligosaccharyl transferase STT3 subunit,.(N)[^P][ST]..,DNTSRD,373,378,SIAL_HUMAN,Homo sapiens,11459848,true positive,156,1,disordered
ELME000070,MOD_N-GLC_1,N-glycosylation site,MOD,"Generic motif for N-glycosylation. It was shown that Trp, Asp, and Glu are uncommon before the Ser/Thr position. Efficient glycosylation usually occurs when ~60 residues or more separate the glycosylation acceptor site from the C-terminus.",PF02516,STT3,Oligosaccharyl transferase STT3 subunit,.(N)[^P][ST]..,DNTSRD,373,378,SPIKE_CVHSA,SARS coronavirus,12775768,true positive,156,1,disordered
ELME000070,MOD_N-GLC_1,N-glycosylation site,MOD,"Generic motif for N-glycosylation. It was shown that Trp, Asp, and Glu are uncommon before the Ser/Thr position. Efficient glycosylation usually occurs when ~60 residues or more separate the glycosylation acceptor site from the C-terminus.",PF02516,STT3,Oligosaccharyl transferase STT3 subunit,.(N)[^P][ST]..,DNTSRD,373,378,THYG_HUMAN,Homo sapiens,,true positive,156,1,disordered
ELME000070,MOD_N-GLC_1,N-glycosylation site,MOD,"Generic motif for N-glycosylation. It was shown that Trp, Asp, and Glu are uncommon before the Ser/Thr position. Efficient glycosylation usually occurs when ~60 residues or more separate the glycosylation acceptor site from the C-terminus.",PF02516,STT3,Oligosaccharyl transferase STT3 subunit,.(N)[^P][ST]..,DNTSRD,373,378,THYG_HUMAN,Homo sapiens,8530385,true positive,156,1,disordered
ELME000070,MOD_N-GLC_1,N-glycosylation site,MOD,"Generic motif for N-glycosylation. It was shown that Trp, Asp, and Glu are uncommon before the Ser/Thr position. Efficient glycosylation usually occurs when ~60 residues or more separate the glycosylation acceptor site from the C-terminus.",PF02516,STT3,Oligosaccharyl transferase STT3 subunit,.(N)[^P][ST]..,DNTSRD,373,378,THYG_HUMAN,Homo sapiens,8615697,true positive,156,1,disordered
ELME000070,MOD_N-GLC_1,N-glycosylation site,MOD,"Generic motif for N-glycosylation. It was shown that Trp, Asp, and Glu are uncommon before the Ser/Thr position. Efficient glycosylation usually occurs when ~60 residues or more separate the glycosylation acceptor site from the C-terminus.",PF02516,STT3,Oligosaccharyl transferase STT3 subunit,.(N)[^P][ST]..,DNTSRD,373,378,TLR4_HUMAN,Homo sapiens,11706042,true positive,156,1,disordered
ELME000070,MOD_N-GLC_1,N-glycosylation site,MOD,"Generic motif for N-glycosylation. It was shown that Trp, Asp, and Glu are uncommon before the Ser/Thr position. Efficient glycosylation usually occurs when ~60 residues or more separate the glycosylation acceptor site from the C-terminus.",PF02516,STT3,Oligosaccharyl transferase STT3 subunit,.(N)[^P][ST]..,DNTSRD,373,378,TNFL6_HUMAN,Homo sapiens,9405425,true positive,156,1,disordered
ELME000070,MOD_N-GLC_1,N-glycosylation site,MOD,"Generic motif for N-glycosylation. It was shown that Trp, Asp, and Glu are uncommon before the Ser/Thr position. Efficient glycosylation usually occurs when ~60 residues or more separate the glycosylation acceptor site from the C-terminus.",PF02516,STT3,Oligosaccharyl transferase STT3 subunit,.(N)[^P][ST]..,DNTSRD,373,378,TPO_HUMAN,Homo sapiens,9766811,true positive,156,1,disordered
ELME000070,MOD_N-GLC_1,N-glycosylation site,MOD,"Generic motif for N-glycosylation. It was shown that Trp, Asp, and Glu are uncommon before the Ser/Thr position. Efficient glycosylation usually occurs when ~60 residues or more separate the glycosylation acceptor site from the C-terminus.",PF02516,STT3,Oligosaccharyl transferase STT3 subunit,.(N)[^P][ST]..,DNTSRD,373,378,VGP_EBOZM,"Ebola virus - Mayinga, Zaire, 1976",12438572,true positive,156,1,disordered
ELME000070,MOD_N-GLC_1,N-glycosylation site,MOD,"Generic motif for N-glycosylation. It was shown that Trp, Asp, and Glu are uncommon before the Ser/Thr position. Efficient glycosylation usually occurs when ~60 residues or more separate the glycosylation acceptor site from the C-terminus.",PF02516,STT3,Oligosaccharyl transferase STT3 subunit,.(N)[^P][ST]..,DNTSRD,373,378,VME1_CVHSA,SARS coronavirus,19534833,true positive,156,1,disordered
ELME000070,MOD_N-GLC_1,N-glycosylation site,MOD,"Generic motif for N-glycosylation. It was shown that Trp, Asp, and Glu are uncommon before the Ser/Thr position. Efficient glycosylation usually occurs when ~60 residues or more separate the glycosylation acceptor site from the C-terminus.",PF02516,STT3,Oligosaccharyl transferase STT3 subunit,.(N)[^P][ST]..,DNTSRD,373,378,WFS1_HUMAN,Homo sapiens,11181517,true positive,156,1,disordered
ELME000070,MOD_N-GLC_1,N-glycosylation site,MOD,"Generic motif for N-glycosylation. It was shown that Trp, Asp, and Glu are uncommon before the Ser/Thr position. Efficient glycosylation usually occurs when ~60 residues or more separate the glycosylation acceptor site from the C-terminus.",PF02516,STT3,Oligosaccharyl transferase STT3 subunit,.(N)[^P][ST]..,GNHTIQ,423,428,ABCA4_HUMAN,Homo sapiens,11320094,true positive,156,1,disordered
ELME000070,MOD_N-GLC_1,N-glycosylation site,MOD,"Generic motif for N-glycosylation. It was shown that Trp, Asp, and Glu are uncommon before the Ser/Thr position. Efficient glycosylation usually occurs when ~60 residues or more separate the glycosylation acceptor site from the C-terminus.",PF02516,STT3,Oligosaccharyl transferase STT3 subunit,.(N)[^P][ST]..,GNHTIQ,423,428,ACES_HUMAN,Homo sapiens,8280063,true positive,156,1,disordered
ELME000070,MOD_N-GLC_1,N-glycosylation site,MOD,"Generic motif for N-glycosylation. It was shown that Trp, Asp, and Glu are uncommon before the Ser/Thr position. Efficient glycosylation usually occurs when ~60 residues or more separate the glycosylation acceptor site from the C-terminus.",PF02516,STT3,Oligosaccharyl transferase STT3 subunit,.(N)[^P][ST]..,GNHTIQ,423,428,B3AT_HUMAN,Homo sapiens,10364201,true positive,156,1,disordered
ELME000070,MOD_N-GLC_1,N-glycosylation site,MOD,"Generic motif for N-glycosylation. It was shown that Trp, Asp, and Glu are uncommon before the Ser/Thr position. Efficient glycosylation usually occurs when ~60 residues or more separate the glycosylation acceptor site from the C-terminus.",PF02516,STT3,Oligosaccharyl transferase STT3 subunit,.(N)[^P][ST]..,GNHTIQ,423,428,BMP1_HUMAN,Homo sapiens,12218058,true positive,156,1,disordered
ELME000070,MOD_N-GLC_1,N-glycosylation site,MOD,"Generic motif for N-glycosylation. It was shown that Trp, Asp, and Glu are uncommon before the Ser/Thr position. Efficient glycosylation usually occurs when ~60 residues or more separate the glycosylation acceptor site from the C-terminus.",PF02516,STT3,Oligosaccharyl transferase STT3 subunit,.(N)[^P][ST]..,GNHTIQ,423,428,CASR_HUMAN,Homo sapiens,9852126,true positive,156,1,disordered
ELME000070,MOD_N-GLC_1,N-glycosylation site,MOD,"Generic motif for N-glycosylation. It was shown that Trp, Asp, and Glu are uncommon before the Ser/Thr position. Efficient glycosylation usually occurs when ~60 residues or more separate the glycosylation acceptor site from the C-terminus.",PF02516,STT3,Oligosaccharyl transferase STT3 subunit,.(N)[^P][ST]..,GNHTIQ,423,428,CO6_HUMAN,Homo sapiens,2468158,true positive,156,1,disordered
ELME000070,MOD_N-GLC_1,N-glycosylation site,MOD,"Generic motif for N-glycosylation. It was shown that Trp, Asp, and Glu are uncommon before the Ser/Thr position. Efficient glycosylation usually occurs when ~60 residues or more separate the glycosylation acceptor site from the C-terminus.",PF02516,STT3,Oligosaccharyl transferase STT3 subunit,.(N)[^P][ST]..,GNHTIQ,423,428,ENV_HV1B1,Human immunodeficiency virus type 1 BH10,2355006,true positive,156,1,disordered
ELME000070,MOD_N-GLC_1,N-glycosylation site,MOD,"Generic motif for N-glycosylation. It was shown that Trp, Asp, and Glu are uncommon before the Ser/Thr position. Efficient glycosylation usually occurs when ~60 residues or more separate the glycosylation acceptor site from the C-terminus.",PF02516,STT3,Oligosaccharyl transferase STT3 subunit,.(N)[^P][ST]..,GNHTIQ,423,428,ENV_HV1H2,HIV-1 M:B_HXB2R,12072528,true positive,156,1,disordered
ELME000070,MOD_N-GLC_1,N-glycosylation site,MOD,"Generic motif for N-glycosylation. It was shown that Trp, Asp, and Glu are uncommon before the Ser/Thr position. Efficient glycosylation usually occurs when ~60 residues or more separate the glycosylation acceptor site from the C-terminus.",PF02516,STT3,Oligosaccharyl transferase STT3 subunit,.(N)[^P][ST]..,GNHTIQ,423,428,FA9_HUMAN,Homo sapiens,11133752,true positive,156,1,disordered
ELME000070,MOD_N-GLC_1,N-glycosylation site,MOD,"Generic motif for N-glycosylation. It was shown that Trp, Asp, and Glu are uncommon before the Ser/Thr position. Efficient glycosylation usually occurs when ~60 residues or more separate the glycosylation acceptor site from the C-terminus.",PF02516,STT3,Oligosaccharyl transferase STT3 subunit,.(N)[^P][ST]..,GNHTIQ,423,428,FSHB_HUMAN,Homo sapiens,11502795,true positive,156,1,disordered
ELME000070,MOD_N-GLC_1,N-glycosylation site,MOD,"Generic motif for N-glycosylation. It was shown that Trp, Asp, and Glu are uncommon before the Ser/Thr position. Efficient glycosylation usually occurs when ~60 residues or more separate the glycosylation acceptor site from the C-terminus.",PF02516,STT3,Oligosaccharyl transferase STT3 subunit,.(N)[^P][ST]..,GNHTIQ,423,428,FUS_NIPAV,Nipah virus,15194804,true positive,156,1,disordered
ELME000070,MOD_N-GLC_1,N-glycosylation site,MOD,"Generic motif for N-glycosylation. It was shown that Trp, Asp, and Glu are uncommon before the Ser/Thr position. Efficient glycosylation usually occurs when ~60 residues or more separate the glycosylation acceptor site from the C-terminus.",PF02516,STT3,Oligosaccharyl transferase STT3 subunit,.(N)[^P][ST]..,GNHTIQ,423,428,HEXB_HUMAN,Homo sapiens,,true positive,156,1,disordered
ELME000070,MOD_N-GLC_1,N-glycosylation site,MOD,"Generic motif for N-glycosylation. It was shown that Trp, Asp, and Glu are uncommon before the Ser/Thr position. Efficient glycosylation usually occurs when ~60 residues or more separate the glycosylation acceptor site from the C-terminus.",PF02516,STT3,Oligosaccharyl transferase STT3 subunit,.(N)[^P][ST]..,GNHTIQ,423,428,IL3RB_HUMAN,Homo sapiens,10828016,true positive,156,1,disordered
ELME000070,MOD_N-GLC_1,N-glycosylation site,MOD,"Generic motif for N-glycosylation. It was shown that Trp, Asp, and Glu are uncommon before the Ser/Thr position. Efficient glycosylation usually occurs when ~60 residues or more separate the glycosylation acceptor site from the C-terminus.",PF02516,STT3,Oligosaccharyl transferase STT3 subunit,.(N)[^P][ST]..,GNHTIQ,423,428,IL6RA_HUMAN,Homo sapiens,10066782,true positive,156,1,disordered
ELME000070,MOD_N-GLC_1,N-glycosylation site,MOD,"Generic motif for N-glycosylation. It was shown that Trp, Asp, and Glu are uncommon before the Ser/Thr position. Efficient glycosylation usually occurs when ~60 residues or more separate the glycosylation acceptor site from the C-terminus.",PF02516,STT3,Oligosaccharyl transferase STT3 subunit,.(N)[^P][ST]..,GNHTIQ,423,428,IL6RB_HUMAN,Homo sapiens,11098061,true positive,156,1,disordered
ELME000070,MOD_N-GLC_1,N-glycosylation site,MOD,"Generic motif for N-glycosylation. It was shown that Trp, Asp, and Glu are uncommon before the Ser/Thr position. Efficient glycosylation usually occurs when ~60 residues or more separate the glycosylation acceptor site from the C-terminus.",PF02516,STT3,Oligosaccharyl transferase STT3 subunit,.(N)[^P][ST]..,GNHTIQ,423,428,INHA_HUMAN,Homo sapiens,8885240,true positive,156,1,disordered
ELME000070,MOD_N-GLC_1,N-glycosylation site,MOD,"Generic motif for N-glycosylation. It was shown that Trp, Asp, and Glu are uncommon before the Ser/Thr position. Efficient glycosylation usually occurs when ~60 residues or more separate the glycosylation acceptor site from the C-terminus.",PF02516,STT3,Oligosaccharyl transferase STT3 subunit,.(N)[^P][ST]..,GNHTIQ,423,428,MOGS_HUMAN,Homo sapiens,7635146,true positive,156,1,disordered
ELME000070,MOD_N-GLC_1,N-glycosylation site,MOD,"Generic motif for N-glycosylation. It was shown that Trp, Asp, and Glu are uncommon before the Ser/Thr position. Efficient glycosylation usually occurs when ~60 residues or more separate the glycosylation acceptor site from the C-terminus.",PF02516,STT3,Oligosaccharyl transferase STT3 subunit,.(N)[^P][ST]..,GNHTIQ,423,428,NK2R_HUMAN,Homo sapiens,7721803,true positive,156,1,disordered
ELME000070,MOD_N-GLC_1,N-glycosylation site,MOD,"Generic motif for N-glycosylation. It was shown that Trp, Asp, and Glu are uncommon before the Ser/Thr position. Efficient glycosylation usually occurs when ~60 residues or more separate the glycosylation acceptor site from the C-terminus.",PF02516,STT3,Oligosaccharyl transferase STT3 subunit,.(N)[^P][ST]..,GNHTIQ,423,428,OXYR_HUMAN,Homo sapiens,9433921,true positive,156,1,disordered
ELME000070,MOD_N-GLC_1,N-glycosylation site,MOD,"Generic motif for N-glycosylation. It was shown that Trp, Asp, and Glu are uncommon before the Ser/Thr position. Efficient glycosylation usually occurs when ~60 residues or more separate the glycosylation acceptor site from the C-terminus.",PF02516,STT3,Oligosaccharyl transferase STT3 subunit,.(N)[^P][ST]..,GNHTIQ,423,428,PMP22_HUMAN,Homo sapiens,10982389,true positive,156,1,disordered
ELME000070,MOD_N-GLC_1,N-glycosylation site,MOD,"Generic motif for N-glycosylation. It was shown that Trp, Asp, and Glu are uncommon before the Ser/Thr position. Efficient glycosylation usually occurs when ~60 residues or more separate the glycosylation acceptor site from the C-terminus.",PF02516,STT3,Oligosaccharyl transferase STT3 subunit,.(N)[^P][ST]..,GNHTIQ,423,428,POLG_HCVH,Hepatitis C virus (isolate H),10211957,true positive,156,1,disordered
ELME000070,MOD_N-GLC_1,N-glycosylation site,MOD,"Generic motif for N-glycosylation. It was shown that Trp, Asp, and Glu are uncommon before the Ser/Thr position. Efficient glycosylation usually occurs when ~60 residues or more separate the glycosylation acceptor site from the C-terminus.",PF02516,STT3,Oligosaccharyl transferase STT3 subunit,.(N)[^P][ST]..,GNHTIQ,423,428,PRIO_HUMAN,Homo sapiens,12356908,true positive,156,1,disordered
ELME000070,MOD_N-GLC_1,N-glycosylation site,MOD,"Generic motif for N-glycosylation. It was shown that Trp, Asp, and Glu are uncommon before the Ser/Thr position. Efficient glycosylation usually occurs when ~60 residues or more separate the glycosylation acceptor site from the C-terminus.",PF02516,STT3,Oligosaccharyl transferase STT3 subunit,.(N)[^P][ST]..,GNHTIQ,423,428,PRLR_HUMAN,Homo sapiens,9544990,true positive,156,1,disordered
ELME000070,MOD_N-GLC_1,N-glycosylation site,MOD,"Generic motif for N-glycosylation. It was shown that Trp, Asp, and Glu are uncommon before the Ser/Thr position. Efficient glycosylation usually occurs when ~60 residues or more separate the glycosylation acceptor site from the C-terminus.",PF02516,STT3,Oligosaccharyl transferase STT3 subunit,.(N)[^P][ST]..,GNHTIQ,423,428,Q3I0Y8_WNV,West Nile virus,16987985,true positive,156,1,disordered
ELME000070,MOD_N-GLC_1,N-glycosylation site,MOD,"Generic motif for N-glycosylation. It was shown that Trp, Asp, and Glu are uncommon before the Ser/Thr position. Efficient glycosylation usually occurs when ~60 residues or more separate the glycosylation acceptor site from the C-terminus.",PF02516,STT3,Oligosaccharyl transferase STT3 subunit,.(N)[^P][ST]..,GNHTIQ,423,428,SIAL_HUMAN,Homo sapiens,11459848,true positive,156,1,disordered
ELME000070,MOD_N-GLC_1,N-glycosylation site,MOD,"Generic motif for N-glycosylation. It was shown that Trp, Asp, and Glu are uncommon before the Ser/Thr position. Efficient glycosylation usually occurs when ~60 residues or more separate the glycosylation acceptor site from the C-terminus.",PF02516,STT3,Oligosaccharyl transferase STT3 subunit,.(N)[^P][ST]..,GNHTIQ,423,428,SPIKE_CVHSA,SARS coronavirus,12775768,true positive,156,1,disordered
ELME000070,MOD_N-GLC_1,N-glycosylation site,MOD,"Generic motif for N-glycosylation. It was shown that Trp, Asp, and Glu are uncommon before the Ser/Thr position. Efficient glycosylation usually occurs when ~60 residues or more separate the glycosylation acceptor site from the C-terminus.",PF02516,STT3,Oligosaccharyl transferase STT3 subunit,.(N)[^P][ST]..,GNHTIQ,423,428,THYG_HUMAN,Homo sapiens,,true positive,156,1,disordered
ELME000070,MOD_N-GLC_1,N-glycosylation site,MOD,"Generic motif for N-glycosylation. It was shown that Trp, Asp, and Glu are uncommon before the Ser/Thr position. Efficient glycosylation usually occurs when ~60 residues or more separate the glycosylation acceptor site from the C-terminus.",PF02516,STT3,Oligosaccharyl transferase STT3 subunit,.(N)[^P][ST]..,GNHTIQ,423,428,THYG_HUMAN,Homo sapiens,8530385,true positive,156,1,disordered
ELME000070,MOD_N-GLC_1,N-glycosylation site,MOD,"Generic motif for N-glycosylation. It was shown that Trp, Asp, and Glu are uncommon before the Ser/Thr position. Efficient glycosylation usually occurs when ~60 residues or more separate the glycosylation acceptor site from the C-terminus.",PF02516,STT3,Oligosaccharyl transferase STT3 subunit,.(N)[^P][ST]..,GNHTIQ,423,428,THYG_HUMAN,Homo sapiens,8615697,true positive,156,1,disordered
ELME000070,MOD_N-GLC_1,N-glycosylation site,MOD,"Generic motif for N-glycosylation. It was shown that Trp, Asp, and Glu are uncommon before the Ser/Thr position. Efficient glycosylation usually occurs when ~60 residues or more separate the glycosylation acceptor site from the C-terminus.",PF02516,STT3,Oligosaccharyl transferase STT3 subunit,.(N)[^P][ST]..,GNHTIQ,423,428,TLR4_HUMAN,Homo sapiens,11706042,true positive,156,1,disordered
ELME000070,MOD_N-GLC_1,N-glycosylation site,MOD,"Generic motif for N-glycosylation. It was shown that Trp, Asp, and Glu are uncommon before the Ser/Thr position. Efficient glycosylation usually occurs when ~60 residues or more separate the glycosylation acceptor site from the C-terminus.",PF02516,STT3,Oligosaccharyl transferase STT3 subunit,.(N)[^P][ST]..,GNHTIQ,423,428,TNFL6_HUMAN,Homo sapiens,9405425,true positive,156,1,disordered
ELME000070,MOD_N-GLC_1,N-glycosylation site,MOD,"Generic motif for N-glycosylation. It was shown that Trp, Asp, and Glu are uncommon before the Ser/Thr position. Efficient glycosylation usually occurs when ~60 residues or more separate the glycosylation acceptor site from the C-terminus.",PF02516,STT3,Oligosaccharyl transferase STT3 subunit,.(N)[^P][ST]..,GNHTIQ,423,428,TPO_HUMAN,Homo sapiens,9766811,true positive,156,1,disordered
ELME000070,MOD_N-GLC_1,N-glycosylation site,MOD,"Generic motif for N-glycosylation. It was shown that Trp, Asp, and Glu are uncommon before the Ser/Thr position. Efficient glycosylation usually occurs when ~60 residues or more separate the glycosylation acceptor site from the C-terminus.",PF02516,STT3,Oligosaccharyl transferase STT3 subunit,.(N)[^P][ST]..,GNHTIQ,423,428,VGP_EBOZM,"Ebola virus - Mayinga, Zaire, 1976",12438572,true positive,156,1,disordered
ELME000070,MOD_N-GLC_1,N-glycosylation site,MOD,"Generic motif for N-glycosylation. It was shown that Trp, Asp, and Glu are uncommon before the Ser/Thr position. Efficient glycosylation usually occurs when ~60 residues or more separate the glycosylation acceptor site from the C-terminus.",PF02516,STT3,Oligosaccharyl transferase STT3 subunit,.(N)[^P][ST]..,GNHTIQ,423,428,VME1_CVHSA,SARS coronavirus,19534833,true positive,156,1,disordered
ELME000070,MOD_N-GLC_1,N-glycosylation site,MOD,"Generic motif for N-glycosylation. It was shown that Trp, Asp, and Glu are uncommon before the Ser/Thr position. Efficient glycosylation usually occurs when ~60 residues or more separate the glycosylation acceptor site from the C-terminus.",PF02516,STT3,Oligosaccharyl transferase STT3 subunit,.(N)[^P][ST]..,GNHTIQ,423,428,WFS1_HUMAN,Homo sapiens,11181517,true positive,156,1,disordered
ELME000202,MOD_PIKK_1,PIKK phosphorylation site,MOD,(ST)Q motif which is phosphorylated by PIKK family members.,PF00454,PI3_PI4_kinase,Phosphatidylinositol 3- and 4-kinase,...([ST])Q..,YIETQPK,325,331,4EBP1_RAT,Rattus norvegicus,11146653,true positive,48,0,disordered
ELME000202,MOD_PIKK_1,PIKK phosphorylation site,MOD,(ST)Q motif which is phosphorylated by PIKK family members.,PF00454,PI3_PI4_kinase,Phosphatidylinositol 3- and 4-kinase,...([ST])Q..,YIETQPK,325,331,A0A024R7R0_HUMAN,Homo sapiens,36631611,true positive,48,0,disordered
ELME000202,MOD_PIKK_1,PIKK phosphorylation site,MOD,(ST)Q motif which is phosphorylated by PIKK family members.,PF00454,PI3_PI4_kinase,Phosphatidylinositol 3- and 4-kinase,...([ST])Q..,YIETQPK,325,331,A0A0A0MTR7_HUMAN,Homo sapiens,36631611,true positive,48,0,disordered
ELME000202,MOD_PIKK_1,PIKK phosphorylation site,MOD,(ST)Q motif which is phosphorylated by PIKK family members.,PF00454,PI3_PI4_kinase,Phosphatidylinositol 3- and 4-kinase,...([ST])Q..,YIETQPK,325,331,A0A0C4DG07_HUMAN,Homo sapiens,36631611,true positive,48,0,disordered
ELME000202,MOD_PIKK_1,PIKK phosphorylation site,MOD,(ST)Q motif which is phosphorylated by PIKK family members.,PF00454,PI3_PI4_kinase,Phosphatidylinositol 3- and 4-kinase,...([ST])Q..,YIETQPK,325,331,A6NNK5_HUMAN,Homo sapiens,36631611,true positive,48,0,disordered
ELME000202,MOD_PIKK_1,PIKK phosphorylation site,MOD,(ST)Q motif which is phosphorylated by PIKK family members.,PF00454,PI3_PI4_kinase,Phosphatidylinositol 3- and 4-kinase,...([ST])Q..,YIETQPK,325,331,A8K964_HUMAN,Homo sapiens,36631611,true positive,48,0,disordered
ELME000202,MOD_PIKK_1,PIKK phosphorylation site,MOD,(ST)Q motif which is phosphorylated by PIKK family members.,PF00454,PI3_PI4_kinase,Phosphatidylinositol 3- and 4-kinase,...([ST])Q..,YIETQPK,325,331,ABL1_MOUSE,Mus musculus,9168116,true positive,48,0,disordered
ELME000202,MOD_PIKK_1,PIKK phosphorylation site,MOD,(ST)Q motif which is phosphorylated by PIKK family members.,PF00454,PI3_PI4_kinase,Phosphatidylinositol 3- and 4-kinase,...([ST])Q..,YIETQPK,325,331,B7Z7Z8_HUMAN,Homo sapiens,36631611,true positive,48,0,disordered
ELME000202,MOD_PIKK_1,PIKK phosphorylation site,MOD,(ST)Q motif which is phosphorylated by PIKK family members.,PF00454,PI3_PI4_kinase,Phosphatidylinositol 3- and 4-kinase,...([ST])Q..,YIETQPK,325,331,BLM_HUMAN,Homo sapiens,14729972,true positive,48,0,disordered
ELME000202,MOD_PIKK_1,PIKK phosphorylation site,MOD,(ST)Q motif which is phosphorylated by PIKK family members.,PF00454,PI3_PI4_kinase,Phosphatidylinositol 3- and 4-kinase,...([ST])Q..,YIETQPK,325,331,BRCA1_HUMAN,Homo sapiens,12183412,true positive,48,0,disordered
ELME000202,MOD_PIKK_1,PIKK phosphorylation site,MOD,(ST)Q motif which is phosphorylated by PIKK family members.,PF00454,PI3_PI4_kinase,Phosphatidylinositol 3- and 4-kinase,...([ST])Q..,YIETQPK,325,331,CHK1_HUMAN,Homo sapiens,11390642,true positive,48,0,disordered
ELME000202,MOD_PIKK_1,PIKK phosphorylation site,MOD,(ST)Q motif which is phosphorylated by PIKK family members.,PF00454,PI3_PI4_kinase,Phosphatidylinositol 3- and 4-kinase,...([ST])Q..,YIETQPK,325,331,CHK2_HUMAN,Homo sapiens,10973490,true positive,48,0,disordered
ELME000202,MOD_PIKK_1,PIKK phosphorylation site,MOD,(ST)Q motif which is phosphorylated by PIKK family members.,PF00454,PI3_PI4_kinase,Phosphatidylinositol 3- and 4-kinase,...([ST])Q..,YIETQPK,325,331,E2F1_HUMAN,Homo sapiens,11459832,true positive,48,0,disordered
ELME000202,MOD_PIKK_1,PIKK phosphorylation site,MOD,(ST)Q motif which is phosphorylated by PIKK family members.,PF00454,PI3_PI4_kinase,Phosphatidylinositol 3- and 4-kinase,...([ST])Q..,YIETQPK,325,331,GCR_RAT,Rattus norvegicus,9038175,true positive,48,0,disordered
ELME000202,MOD_PIKK_1,PIKK phosphorylation site,MOD,(ST)Q motif which is phosphorylated by PIKK family members.,PF00454,PI3_PI4_kinase,Phosphatidylinositol 3- and 4-kinase,...([ST])Q..,YIETQPK,325,331,H2A1_YEAST,Saccharomyces cerevisiae,11140636,true positive,48,0,disordered
ELME000202,MOD_PIKK_1,PIKK phosphorylation site,MOD,(ST)Q motif which is phosphorylated by PIKK family members.,PF00454,PI3_PI4_kinase,Phosphatidylinositol 3- and 4-kinase,...([ST])Q..,YIETQPK,325,331,H2AX_MOUSE,Mus musculus,11571274,true positive,48,0,disordered
ELME000202,MOD_PIKK_1,PIKK phosphorylation site,MOD,(ST)Q motif which is phosphorylated by PIKK family members.,PF00454,PI3_PI4_kinase,Phosphatidylinositol 3- and 4-kinase,...([ST])Q..,YIETQPK,325,331,HMGA1_HUMAN,Homo sapiens,36631611,true positive,48,0,disordered
ELME000202,MOD_PIKK_1,PIKK phosphorylation site,MOD,(ST)Q motif which is phosphorylated by PIKK family members.,PF00454,PI3_PI4_kinase,Phosphatidylinositol 3- and 4-kinase,...([ST])Q..,YIETQPK,325,331,HS90A_HUMAN,Homo sapiens,2507541,true positive,48,0,disordered
ELME000202,MOD_PIKK_1,PIKK phosphorylation site,MOD,(ST)Q motif which is phosphorylated by PIKK family members.,PF00454,PI3_PI4_kinase,Phosphatidylinositol 3- and 4-kinase,...([ST])Q..,YIETQPK,325,331,JUN_HUMAN,Homo sapiens,8464713,true positive,48,0,disordered
ELME000202,MOD_PIKK_1,PIKK phosphorylation site,MOD,(ST)Q motif which is phosphorylated by PIKK family members.,PF00454,PI3_PI4_kinase,Phosphatidylinositol 3- and 4-kinase,...([ST])Q..,YIETQPK,325,331,MCM2_HUMAN,Homo sapiens,15210935,true positive,48,0,disordered
ELME000202,MOD_PIKK_1,PIKK phosphorylation site,MOD,(ST)Q motif which is phosphorylated by PIKK family members.,PF00454,PI3_PI4_kinase,Phosphatidylinositol 3- and 4-kinase,...([ST])Q..,YIETQPK,325,331,MCM6_HUMAN,Homo sapiens,36631611,true positive,48,0,disordered
ELME000202,MOD_PIKK_1,PIKK phosphorylation site,MOD,(ST)Q motif which is phosphorylated by PIKK family members.,PF00454,PI3_PI4_kinase,Phosphatidylinositol 3- and 4-kinase,...([ST])Q..,YIETQPK,325,331,MDM2_HUMAN,Homo sapiens,11331603,true positive,48,0,disordered
ELME000202,MOD_PIKK_1,PIKK phosphorylation site,MOD,(ST)Q motif which is phosphorylated by PIKK family members.,PF00454,PI3_PI4_kinase,Phosphatidylinositol 3- and 4-kinase,...([ST])Q..,YIETQPK,325,331,MDM2_HUMAN,Homo sapiens,14654783,true positive,48,0,disordered
ELME000202,MOD_PIKK_1,PIKK phosphorylation site,MOD,(ST)Q motif which is phosphorylated by PIKK family members.,PF00454,PI3_PI4_kinase,Phosphatidylinositol 3- and 4-kinase,...([ST])Q..,YIETQPK,325,331,MDM4_HUMAN,Homo sapiens,15788536 16163388,true positive,48,0,disordered
ELME000202,MOD_PIKK_1,PIKK phosphorylation site,MOD,(ST)Q motif which is phosphorylated by PIKK family members.,PF00454,PI3_PI4_kinase,Phosphatidylinositol 3- and 4-kinase,...([ST])Q..,YIETQPK,325,331,MLL1_HUMAN,Homo sapiens,20818375,true positive,48,0,disordered
ELME000202,MOD_PIKK_1,PIKK phosphorylation site,MOD,(ST)Q motif which is phosphorylated by PIKK family members.,PF00454,PI3_PI4_kinase,Phosphatidylinositol 3- and 4-kinase,...([ST])Q..,YIETQPK,325,331,NBN_HUMAN,Homo sapiens,10766245,true positive,48,0,disordered
ELME000202,MOD_PIKK_1,PIKK phosphorylation site,MOD,(ST)Q motif which is phosphorylated by PIKK family members.,PF00454,PI3_PI4_kinase,Phosphatidylinositol 3- and 4-kinase,...([ST])Q..,YIETQPK,325,331,P53_HUMAN,Homo sapiens,9733515,true positive,48,0,disordered
ELME000202,MOD_PIKK_1,PIKK phosphorylation site,MOD,(ST)Q motif which is phosphorylated by PIKK family members.,PF00454,PI3_PI4_kinase,Phosphatidylinositol 3- and 4-kinase,...([ST])Q..,YIETQPK,325,331,Q3LRH8_HUMAN,Homo sapiens,36631611,true positive,48,0,disordered
ELME000202,MOD_PIKK_1,PIKK phosphorylation site,MOD,(ST)Q motif which is phosphorylated by PIKK family members.,PF00454,PI3_PI4_kinase,Phosphatidylinositol 3- and 4-kinase,...([ST])Q..,YIETQPK,325,331,Q5H924_HUMAN,Homo sapiens,36631611,true positive,48,0,disordered
ELME000202,MOD_PIKK_1,PIKK phosphorylation site,MOD,(ST)Q motif which is phosphorylated by PIKK family members.,PF00454,PI3_PI4_kinase,Phosphatidylinositol 3- and 4-kinase,...([ST])Q..,YIETQPK,325,331,Q6PK95_HUMAN,Homo sapiens,36631611,true positive,48,0,disordered
ELME000202,MOD_PIKK_1,PIKK phosphorylation site,MOD,(ST)Q motif which is phosphorylated by PIKK family members.,PF00454,PI3_PI4_kinase,Phosphatidylinositol 3- and 4-kinase,...([ST])Q..,YIETQPK,325,331,Q8AY27_XENLA,Xenopus laevis,16436514,true positive,48,0,disordered
ELME000202,MOD_PIKK_1,PIKK phosphorylation site,MOD,(ST)Q motif which is phosphorylated by PIKK family members.,PF00454,PI3_PI4_kinase,Phosphatidylinositol 3- and 4-kinase,...([ST])Q..,YIETQPK,325,331,S4R3H4_HUMAN,Homo sapiens,36631611,true positive,48,0,disordered
ELME000202,MOD_PIKK_1,PIKK phosphorylation site,MOD,(ST)Q motif which is phosphorylated by PIKK family members.,PF00454,PI3_PI4_kinase,Phosphatidylinositol 3- and 4-kinase,...([ST])Q..,YIETQPK,325,331,SRF_HUMAN,Homo sapiens,8407951,true positive,48,0,disordered
ELME000202,MOD_PIKK_1,PIKK phosphorylation site,MOD,(ST)Q motif which is phosphorylated by PIKK family members.,PF00454,PI3_PI4_kinase,Phosphatidylinositol 3- and 4-kinase,...([ST])Q..,YIETQPK,325,331,SRRM2_HUMAN,Homo sapiens,36631611,true positive,48,0,disordered
ELME000202,MOD_PIKK_1,PIKK phosphorylation site,MOD,(ST)Q motif which is phosphorylated by PIKK family members.,PF00454,PI3_PI4_kinase,Phosphatidylinositol 3- and 4-kinase,...([ST])Q..,YIETQPK,325,331,TERF1_HUMAN,Homo sapiens,11375976,true positive,48,0,disordered
ELME000202,MOD_PIKK_1,PIKK phosphorylation site,MOD,(ST)Q motif which is phosphorylated by PIKK family members.,PF00454,PI3_PI4_kinase,Phosphatidylinositol 3- and 4-kinase,...([ST])Q..,YIETQPK,325,331,UT14A_HUMAN,Homo sapiens,36631611,true positive,48,0,disordered
ELME000202,MOD_PIKK_1,PIKK phosphorylation site,MOD,(ST)Q motif which is phosphorylated by PIKK family members.,PF00454,PI3_PI4_kinase,Phosphatidylinositol 3- and 4-kinase,...([ST])Q..,YIETQPK,325,331,X5DRB1_HUMAN,Homo sapiens,36631611,true positive,48,0,disordered
ELME000202,MOD_PIKK_1,PIKK phosphorylation site,MOD,(ST)Q motif which is phosphorylated by PIKK family members.,PF00454,PI3_PI4_kinase,Phosphatidylinositol 3- and 4-kinase,...([ST])Q..,YIETQPK,325,331,XPA_HUMAN,Homo sapiens,16540648,true positive,48,0,disordered
ELME000202,MOD_PIKK_1,PIKK phosphorylation site,MOD,(ST)Q motif which is phosphorylated by PIKK family members.,PF00454,PI3_PI4_kinase,Phosphatidylinositol 3- and 4-kinase,...([ST])Q..,YIETQPK,325,331,XRCC1_HUMAN,Homo sapiens,16397295,true positive,48,0,disordered
ELME000202,MOD_PIKK_1,PIKK phosphorylation site,MOD,(ST)Q motif which is phosphorylated by PIKK family members.,PF00454,PI3_PI4_kinase,Phosphatidylinositol 3- and 4-kinase,...([ST])Q..,KDDSQEA,331,337,4EBP1_RAT,Rattus norvegicus,11146653,true positive,48,0,disordered
ELME000202,MOD_PIKK_1,PIKK phosphorylation site,MOD,(ST)Q motif which is phosphorylated by PIKK family members.,PF00454,PI3_PI4_kinase,Phosphatidylinositol 3- and 4-kinase,...([ST])Q..,KDDSQEA,331,337,A0A024R7R0_HUMAN,Homo sapiens,36631611,true positive,48,0,disordered
ELME000202,MOD_PIKK_1,PIKK phosphorylation site,MOD,(ST)Q motif which is phosphorylated by PIKK family members.,PF00454,PI3_PI4_kinase,Phosphatidylinositol 3- and 4-kinase,...([ST])Q..,KDDSQEA,331,337,A0A0A0MTR7_HUMAN,Homo sapiens,36631611,true positive,48,0,disordered
ELME000202,MOD_PIKK_1,PIKK phosphorylation site,MOD,(ST)Q motif which is phosphorylated by PIKK family members.,PF00454,PI3_PI4_kinase,Phosphatidylinositol 3- and 4-kinase,...([ST])Q..,KDDSQEA,331,337,A0A0C4DG07_HUMAN,Homo sapiens,36631611,true positive,48,0,disordered
ELME000202,MOD_PIKK_1,PIKK phosphorylation site,MOD,(ST)Q motif which is phosphorylated by PIKK family members.,PF00454,PI3_PI4_kinase,Phosphatidylinositol 3- and 4-kinase,...([ST])Q..,KDDSQEA,331,337,A6NNK5_HUMAN,Homo sapiens,36631611,true positive,48,0,disordered
ELME000202,MOD_PIKK_1,PIKK phosphorylation site,MOD,(ST)Q motif which is phosphorylated by PIKK family members.,PF00454,PI3_PI4_kinase,Phosphatidylinositol 3- and 4-kinase,...([ST])Q..,KDDSQEA,331,337,A8K964_HUMAN,Homo sapiens,36631611,true positive,48,0,disordered
ELME000202,MOD_PIKK_1,PIKK phosphorylation site,MOD,(ST)Q motif which is phosphorylated by PIKK family members.,PF00454,PI3_PI4_kinase,Phosphatidylinositol 3- and 4-kinase,...([ST])Q..,KDDSQEA,331,337,ABL1_MOUSE,Mus musculus,9168116,true positive,48,0,disordered
ELME000202,MOD_PIKK_1,PIKK phosphorylation site,MOD,(ST)Q motif which is phosphorylated by PIKK family members.,PF00454,PI3_PI4_kinase,Phosphatidylinositol 3- and 4-kinase,...([ST])Q..,KDDSQEA,331,337,B7Z7Z8_HUMAN,Homo sapiens,36631611,true positive,48,0,disordered
ELME000202,MOD_PIKK_1,PIKK phosphorylation site,MOD,(ST)Q motif which is phosphorylated by PIKK family members.,PF00454,PI3_PI4_kinase,Phosphatidylinositol 3- and 4-kinase,...([ST])Q..,KDDSQEA,331,337,BLM_HUMAN,Homo sapiens,14729972,true positive,48,0,disordered
ELME000202,MOD_PIKK_1,PIKK phosphorylation site,MOD,(ST)Q motif which is phosphorylated by PIKK family members.,PF00454,PI3_PI4_kinase,Phosphatidylinositol 3- and 4-kinase,...([ST])Q..,KDDSQEA,331,337,BRCA1_HUMAN,Homo sapiens,12183412,true positive,48,0,disordered
ELME000202,MOD_PIKK_1,PIKK phosphorylation site,MOD,(ST)Q motif which is phosphorylated by PIKK family members.,PF00454,PI3_PI4_kinase,Phosphatidylinositol 3- and 4-kinase,...([ST])Q..,KDDSQEA,331,337,CHK1_HUMAN,Homo sapiens,11390642,true positive,48,0,disordered
ELME000202,MOD_PIKK_1,PIKK phosphorylation site,MOD,(ST)Q motif which is phosphorylated by PIKK family members.,PF00454,PI3_PI4_kinase,Phosphatidylinositol 3- and 4-kinase,...([ST])Q..,KDDSQEA,331,337,CHK2_HUMAN,Homo sapiens,10973490,true positive,48,0,disordered
ELME000202,MOD_PIKK_1,PIKK phosphorylation site,MOD,(ST)Q motif which is phosphorylated by PIKK family members.,PF00454,PI3_PI4_kinase,Phosphatidylinositol 3- and 4-kinase,...([ST])Q..,KDDSQEA,331,337,E2F1_HUMAN,Homo sapiens,11459832,true positive,48,0,disordered
ELME000202,MOD_PIKK_1,PIKK phosphorylation site,MOD,(ST)Q motif which is phosphorylated by PIKK family members.,PF00454,PI3_PI4_kinase,Phosphatidylinositol 3- and 4-kinase,...([ST])Q..,KDDSQEA,331,337,GCR_RAT,Rattus norvegicus,9038175,true positive,48,0,disordered
ELME000202,MOD_PIKK_1,PIKK phosphorylation site,MOD,(ST)Q motif which is phosphorylated by PIKK family members.,PF00454,PI3_PI4_kinase,Phosphatidylinositol 3- and 4-kinase,...([ST])Q..,KDDSQEA,331,337,H2A1_YEAST,Saccharomyces cerevisiae,11140636,true positive,48,0,disordered
ELME000202,MOD_PIKK_1,PIKK phosphorylation site,MOD,(ST)Q motif which is phosphorylated by PIKK family members.,PF00454,PI3_PI4_kinase,Phosphatidylinositol 3- and 4-kinase,...([ST])Q..,KDDSQEA,331,337,H2AX_MOUSE,Mus musculus,11571274,true positive,48,0,disordered
ELME000202,MOD_PIKK_1,PIKK phosphorylation site,MOD,(ST)Q motif which is phosphorylated by PIKK family members.,PF00454,PI3_PI4_kinase,Phosphatidylinositol 3- and 4-kinase,...([ST])Q..,KDDSQEA,331,337,HMGA1_HUMAN,Homo sapiens,36631611,true positive,48,0,disordered
ELME000202,MOD_PIKK_1,PIKK phosphorylation site,MOD,(ST)Q motif which is phosphorylated by PIKK family members.,PF00454,PI3_PI4_kinase,Phosphatidylinositol 3- and 4-kinase,...([ST])Q..,KDDSQEA,331,337,HS90A_HUMAN,Homo sapiens,2507541,true positive,48,0,disordered
ELME000202,MOD_PIKK_1,PIKK phosphorylation site,MOD,(ST)Q motif which is phosphorylated by PIKK family members.,PF00454,PI3_PI4_kinase,Phosphatidylinositol 3- and 4-kinase,...([ST])Q..,KDDSQEA,331,337,JUN_HUMAN,Homo sapiens,8464713,true positive,48,0,disordered
ELME000202,MOD_PIKK_1,PIKK phosphorylation site,MOD,(ST)Q motif which is phosphorylated by PIKK family members.,PF00454,PI3_PI4_kinase,Phosphatidylinositol 3- and 4-kinase,...([ST])Q..,KDDSQEA,331,337,MCM2_HUMAN,Homo sapiens,15210935,true positive,48,0,disordered
ELME000202,MOD_PIKK_1,PIKK phosphorylation site,MOD,(ST)Q motif which is phosphorylated by PIKK family members.,PF00454,PI3_PI4_kinase,Phosphatidylinositol 3- and 4-kinase,...([ST])Q..,KDDSQEA,331,337,MCM6_HUMAN,Homo sapiens,36631611,true positive,48,0,disordered
ELME000202,MOD_PIKK_1,PIKK phosphorylation site,MOD,(ST)Q motif which is phosphorylated by PIKK family members.,PF00454,PI3_PI4_kinase,Phosphatidylinositol 3- and 4-kinase,...([ST])Q..,KDDSQEA,331,337,MDM2_HUMAN,Homo sapiens,11331603,true positive,48,0,disordered
ELME000202,MOD_PIKK_1,PIKK phosphorylation site,MOD,(ST)Q motif which is phosphorylated by PIKK family members.,PF00454,PI3_PI4_kinase,Phosphatidylinositol 3- and 4-kinase,...([ST])Q..,KDDSQEA,331,337,MDM2_HUMAN,Homo sapiens,14654783,true positive,48,0,disordered
ELME000202,MOD_PIKK_1,PIKK phosphorylation site,MOD,(ST)Q motif which is phosphorylated by PIKK family members.,PF00454,PI3_PI4_kinase,Phosphatidylinositol 3- and 4-kinase,...([ST])Q..,KDDSQEA,331,337,MDM4_HUMAN,Homo sapiens,15788536 16163388,true positive,48,0,disordered
ELME000202,MOD_PIKK_1,PIKK phosphorylation site,MOD,(ST)Q motif which is phosphorylated by PIKK family members.,PF00454,PI3_PI4_kinase,Phosphatidylinositol 3- and 4-kinase,...([ST])Q..,KDDSQEA,331,337,MLL1_HUMAN,Homo sapiens,20818375,true positive,48,0,disordered
ELME000202,MOD_PIKK_1,PIKK phosphorylation site,MOD,(ST)Q motif which is phosphorylated by PIKK family members.,PF00454,PI3_PI4_kinase,Phosphatidylinositol 3- and 4-kinase,...([ST])Q..,KDDSQEA,331,337,NBN_HUMAN,Homo sapiens,10766245,true positive,48,0,disordered
ELME000202,MOD_PIKK_1,PIKK phosphorylation site,MOD,(ST)Q motif which is phosphorylated by PIKK family members.,PF00454,PI3_PI4_kinase,Phosphatidylinositol 3- and 4-kinase,...([ST])Q..,KDDSQEA,331,337,P53_HUMAN,Homo sapiens,9733515,true positive,48,0,disordered
ELME000202,MOD_PIKK_1,PIKK phosphorylation site,MOD,(ST)Q motif which is phosphorylated by PIKK family members.,PF00454,PI3_PI4_kinase,Phosphatidylinositol 3- and 4-kinase,...([ST])Q..,KDDSQEA,331,337,Q3LRH8_HUMAN,Homo sapiens,36631611,true positive,48,0,disordered
ELME000202,MOD_PIKK_1,PIKK phosphorylation site,MOD,(ST)Q motif which is phosphorylated by PIKK family members.,PF00454,PI3_PI4_kinase,Phosphatidylinositol 3- and 4-kinase,...([ST])Q..,KDDSQEA,331,337,Q5H924_HUMAN,Homo sapiens,36631611,true positive,48,0,disordered
ELME000202,MOD_PIKK_1,PIKK phosphorylation site,MOD,(ST)Q motif which is phosphorylated by PIKK family members.,PF00454,PI3_PI4_kinase,Phosphatidylinositol 3- and 4-kinase,...([ST])Q..,KDDSQEA,331,337,Q6PK95_HUMAN,Homo sapiens,36631611,true positive,48,0,disordered
ELME000202,MOD_PIKK_1,PIKK phosphorylation site,MOD,(ST)Q motif which is phosphorylated by PIKK family members.,PF00454,PI3_PI4_kinase,Phosphatidylinositol 3- and 4-kinase,...([ST])Q..,KDDSQEA,331,337,Q8AY27_XENLA,Xenopus laevis,16436514,true positive,48,0,disordered
ELME000202,MOD_PIKK_1,PIKK phosphorylation site,MOD,(ST)Q motif which is phosphorylated by PIKK family members.,PF00454,PI3_PI4_kinase,Phosphatidylinositol 3- and 4-kinase,...([ST])Q..,KDDSQEA,331,337,S4R3H4_HUMAN,Homo sapiens,36631611,true positive,48,0,disordered
ELME000202,MOD_PIKK_1,PIKK phosphorylation site,MOD,(ST)Q motif which is phosphorylated by PIKK family members.,PF00454,PI3_PI4_kinase,Phosphatidylinositol 3- and 4-kinase,...([ST])Q..,KDDSQEA,331,337,SRF_HUMAN,Homo sapiens,8407951,true positive,48,0,disordered
ELME000202,MOD_PIKK_1,PIKK phosphorylation site,MOD,(ST)Q motif which is phosphorylated by PIKK family members.,PF00454,PI3_PI4_kinase,Phosphatidylinositol 3- and 4-kinase,...([ST])Q..,KDDSQEA,331,337,SRRM2_HUMAN,Homo sapiens,36631611,true positive,48,0,disordered
ELME000202,MOD_PIKK_1,PIKK phosphorylation site,MOD,(ST)Q motif which is phosphorylated by PIKK family members.,PF00454,PI3_PI4_kinase,Phosphatidylinositol 3- and 4-kinase,...([ST])Q..,KDDSQEA,331,337,TERF1_HUMAN,Homo sapiens,11375976,true positive,48,0,disordered
ELME000202,MOD_PIKK_1,PIKK phosphorylation site,MOD,(ST)Q motif which is phosphorylated by PIKK family members.,PF00454,PI3_PI4_kinase,Phosphatidylinositol 3- and 4-kinase,...([ST])Q..,KDDSQEA,331,337,UT14A_HUMAN,Homo sapiens,36631611,true positive,48,0,disordered
ELME000202,MOD_PIKK_1,PIKK phosphorylation site,MOD,(ST)Q motif which is phosphorylated by PIKK family members.,PF00454,PI3_PI4_kinase,Phosphatidylinositol 3- and 4-kinase,...([ST])Q..,KDDSQEA,331,337,X5DRB1_HUMAN,Homo sapiens,36631611,true positive,48,0,disordered
ELME000202,MOD_PIKK_1,PIKK phosphorylation site,MOD,(ST)Q motif which is phosphorylated by PIKK family members.,PF00454,PI3_PI4_kinase,Phosphatidylinositol 3- and 4-kinase,...([ST])Q..,KDDSQEA,331,337,XPA_HUMAN,Homo sapiens,16540648,true positive,48,0,disordered
ELME000202,MOD_PIKK_1,PIKK phosphorylation site,MOD,(ST)Q motif which is phosphorylated by PIKK family members.,PF00454,PI3_PI4_kinase,Phosphatidylinositol 3- and 4-kinase,...([ST])Q..,KDDSQEA,331,337,XRCC1_HUMAN,Homo sapiens,16397295,true positive,48,0,disordered
ELME000442,MOD_Plk_1,Polo-like kinase phosphosites,MOD,Ser/Thr residue phosphorylated by the Plk1 kinase,PF00069,Pkinase,Protein kinase domain,.[DNE][^PG][ST](([FYILMVW]..)|([^PEDGKN][FWYLIVM]).),TDVSLEE,352,358,BRCA2_HUMAN,Homo sapiens,12815053,true positive,44,0,disordered
ELME000442,MOD_Plk_1,Polo-like kinase phosphosites,MOD,Ser/Thr residue phosphorylated by the Plk1 kinase,PF00069,Pkinase,Protein kinase domain,.[DNE][^PG][ST](([FYILMVW]..)|([^PEDGKN][FWYLIVM]).),TDVSLEE,352,358,CDH1_YEAST,Saccharomyces cerevisiae S288c,1850033,true positive,44,0,disordered
ELME000442,MOD_Plk_1,Polo-like kinase phosphosites,MOD,Ser/Thr residue phosphorylated by the Plk1 kinase,PF00069,Pkinase,Protein kinase domain,.[DNE][^PG][ST](([FYILMVW]..)|([^PEDGKN][FWYLIVM]).),TDVSLEE,352,358,CND1_YEAST,Saccharomyces cerevisiae S288c,19481522,true positive,44,0,disordered
ELME000442,MOD_Plk_1,Polo-like kinase phosphosites,MOD,Ser/Thr residue phosphorylated by the Plk1 kinase,PF00069,Pkinase,Protein kinase domain,.[DNE][^PG][ST](([FYILMVW]..)|([^PEDGKN][FWYLIVM]).),TDVSLEE,352,358,CND2_YEAST,Saccharomyces cerevisiae S288c,19481522,true positive,44,0,disordered
ELME000442,MOD_Plk_1,Polo-like kinase phosphosites,MOD,Ser/Thr residue phosphorylated by the Plk1 kinase,PF00069,Pkinase,Protein kinase domain,.[DNE][^PG][ST](([FYILMVW]..)|([^PEDGKN][FWYLIVM]).),TDVSLEE,352,358,CND3_YEAST,Saccharomyces cerevisiae S288c,19481522,true positive,44,0,disordered
ELME000442,MOD_Plk_1,Polo-like kinase phosphosites,MOD,Ser/Thr residue phosphorylated by the Plk1 kinase,PF00069,Pkinase,Protein kinase domain,.[DNE][^PG][ST](([FYILMVW]..)|([^PEDGKN][FWYLIVM]).),TDVSLEE,352,358,CNDD3_HUMAN,Homo sapiens,21498573,true positive,44,0,disordered
ELME000442,MOD_Plk_1,Polo-like kinase phosphosites,MOD,Ser/Thr residue phosphorylated by the Plk1 kinase,PF00069,Pkinase,Protein kinase domain,.[DNE][^PG][ST](([FYILMVW]..)|([^PEDGKN][FWYLIVM]).),TDVSLEE,352,358,CYK2_YEAST,Saccharomyces cerevisiae S288c,21498574,true positive,44,0,disordered
ELME000442,MOD_Plk_1,Polo-like kinase phosphosites,MOD,Ser/Thr residue phosphorylated by the Plk1 kinase,PF00069,Pkinase,Protein kinase domain,.[DNE][^PG][ST](([FYILMVW]..)|([^PEDGKN][FWYLIVM]).),TDVSLEE,352,358,DAM1_SCHPO,Schizosaccharomyces pombe 972h-,22375062,true positive,44,0,disordered
ELME000442,MOD_Plk_1,Polo-like kinase phosphosites,MOD,Ser/Thr residue phosphorylated by the Plk1 kinase,PF00069,Pkinase,Protein kinase domain,.[DNE][^PG][ST](([FYILMVW]..)|([^PEDGKN][FWYLIVM]).),TDVSLEE,352,358,FOXM1_HUMAN,Homo sapiens,19160488,true positive,44,0,disordered
ELME000442,MOD_Plk_1,Polo-like kinase phosphosites,MOD,Ser/Thr residue phosphorylated by the Plk1 kinase,PF00069,Pkinase,Protein kinase domain,.[DNE][^PG][ST](([FYILMVW]..)|([^PEDGKN][FWYLIVM]).),TDVSLEE,352,358,IKKB_HUMAN,Homo sapiens,18957422,true positive,44,0,disordered
ELME000442,MOD_Plk_1,Polo-like kinase phosphosites,MOD,Ser/Thr residue phosphorylated by the Plk1 kinase,PF00069,Pkinase,Protein kinase domain,.[DNE][^PG][ST](([FYILMVW]..)|([^PEDGKN][FWYLIVM]).),TDVSLEE,352,358,KIZ_HUMAN,Homo sapiens,16980960,true positive,44,0,disordered
ELME000442,MOD_Plk_1,Polo-like kinase phosphosites,MOD,Ser/Thr residue phosphorylated by the Plk1 kinase,PF00069,Pkinase,Protein kinase domain,.[DNE][^PG][ST](([FYILMVW]..)|([^PEDGKN][FWYLIVM]).),TDVSLEE,352,358,MAD3_YEAST,Saccharomyces cerevisiae,15970700,true positive,44,0,disordered
ELME000442,MOD_Plk_1,Polo-like kinase phosphosites,MOD,Ser/Thr residue phosphorylated by the Plk1 kinase,PF00069,Pkinase,Protein kinase domain,.[DNE][^PG][ST](([FYILMVW]..)|([^PEDGKN][FWYLIVM]).),TDVSLEE,352,358,MID1_SCHPO,Schizosaccharomyces pombe 972h-,21376600,true positive,44,0,disordered
ELME000442,MOD_Plk_1,Polo-like kinase phosphosites,MOD,Ser/Thr residue phosphorylated by the Plk1 kinase,PF00069,Pkinase,Protein kinase domain,.[DNE][^PG][ST](([FYILMVW]..)|([^PEDGKN][FWYLIVM]).),TDVSLEE,352,358,MPIP3_HUMAN,Homo sapiens,12738781 11897663,true positive,44,0,disordered
ELME000442,MOD_Plk_1,Polo-like kinase phosphosites,MOD,Ser/Thr residue phosphorylated by the Plk1 kinase,PF00069,Pkinase,Protein kinase domain,.[DNE][^PG][ST](([FYILMVW]..)|([^PEDGKN][FWYLIVM]).),TDVSLEE,352,358,NDD1_YEAST,Saccharomyces cerevisiae S288c,17122856,true positive,44,0,disordered
ELME000442,MOD_Plk_1,Polo-like kinase phosphosites,MOD,Ser/Thr residue phosphorylated by the Plk1 kinase,PF00069,Pkinase,Protein kinase domain,.[DNE][^PG][ST](([FYILMVW]..)|([^PEDGKN][FWYLIVM]).),TDVSLEE,352,358,NEDD1_HUMAN,Homo sapiens,19509060,true positive,44,0,disordered
ELME000442,MOD_Plk_1,Polo-like kinase phosphosites,MOD,Ser/Thr residue phosphorylated by the Plk1 kinase,PF00069,Pkinase,Protein kinase domain,.[DNE][^PG][ST](([FYILMVW]..)|([^PEDGKN][FWYLIVM]).),TDVSLEE,352,358,O96561_DROME,Drosophila melanogaster,27238966,true positive,44,0,disordered
ELME000442,MOD_Plk_1,Polo-like kinase phosphosites,MOD,Ser/Thr residue phosphorylated by the Plk1 kinase,PF00069,Pkinase,Protein kinase domain,.[DNE][^PG][ST](([FYILMVW]..)|([^PEDGKN][FWYLIVM]).),TDVSLEE,352,358,PINX1_HUMAN,Homo sapiens,20573420,true positive,44,0,disordered
ELME000442,MOD_Plk_1,Polo-like kinase phosphosites,MOD,Ser/Thr residue phosphorylated by the Plk1 kinase,PF00069,Pkinase,Protein kinase domain,.[DNE][^PG][ST](([FYILMVW]..)|([^PEDGKN][FWYLIVM]).),TDVSLEE,352,358,PMYT1_HUMAN,Homo sapiens,12738781 21498573,true positive,44,0,disordered
ELME000442,MOD_Plk_1,Polo-like kinase phosphosites,MOD,Ser/Thr residue phosphorylated by the Plk1 kinase,PF00069,Pkinase,Protein kinase domain,.[DNE][^PG][ST](([FYILMVW]..)|([^PEDGKN][FWYLIVM]).),TDVSLEE,352,358,PMYT1_HUMAN,Homo sapiens,21498573,true positive,44,0,disordered
ELME000442,MOD_Plk_1,Polo-like kinase phosphosites,MOD,Ser/Thr residue phosphorylated by the Plk1 kinase,PF00069,Pkinase,Protein kinase domain,.[DNE][^PG][ST](([FYILMVW]..)|([^PEDGKN][FWYLIVM]).),TDVSLEE,352,358,RGAP1_HUMAN,Homo sapiens,19468300,true positive,44,0,disordered
ELME000442,MOD_Plk_1,Polo-like kinase phosphosites,MOD,Ser/Thr residue phosphorylated by the Plk1 kinase,PF00069,Pkinase,Protein kinase domain,.[DNE][^PG][ST](([FYILMVW]..)|([^PEDGKN][FWYLIVM]).),TDVSLEE,352,358,RGAP1_HUMAN,Homo sapiens,19468302 19468300,true positive,44,0,disordered
ELME000442,MOD_Plk_1,Polo-like kinase phosphosites,MOD,Ser/Thr residue phosphorylated by the Plk1 kinase,PF00069,Pkinase,Protein kinase domain,.[DNE][^PG][ST](([FYILMVW]..)|([^PEDGKN][FWYLIVM]).),TDVSLEE,352,358,SCC1_YEAST,Saccharomyces cerevisiae S288c,11371343,true positive,44,0,disordered
ELME000442,MOD_Plk_1,Polo-like kinase phosphosites,MOD,Ser/Thr residue phosphorylated by the Plk1 kinase,PF00069,Pkinase,Protein kinase domain,.[DNE][^PG][ST](([FYILMVW]..)|([^PEDGKN][FWYLIVM]).),TDVSLEE,352,358,SFI1_YEAST,Saccharomyces cerevisiae S288c,24954044,true positive,44,0,disordered
ELME000442,MOD_Plk_1,Polo-like kinase phosphosites,MOD,Ser/Thr residue phosphorylated by the Plk1 kinase,PF00069,Pkinase,Protein kinase domain,.[DNE][^PG][ST](([FYILMVW]..)|([^PEDGKN][FWYLIVM]).),TDVSLEE,352,358,SLD2_YEAST,Saccharomyces cerevisiae S288c,27705801,true positive,44,0,disordered
ELME000442,MOD_Plk_1,Polo-like kinase phosphosites,MOD,Ser/Thr residue phosphorylated by the Plk1 kinase,PF00069,Pkinase,Protein kinase domain,.[DNE][^PG][ST](([FYILMVW]..)|([^PEDGKN][FWYLIVM]).),TDVSLEE,352,358,SPC7_SCHPO,Schizosaccharomyces pombe 972h-,28497540,true positive,44,0,disordered
ELME000442,MOD_Plk_1,Polo-like kinase phosphosites,MOD,Ser/Thr residue phosphorylated by the Plk1 kinase,PF00069,Pkinase,Protein kinase domain,.[DNE][^PG][ST](([FYILMVW]..)|([^PEDGKN][FWYLIVM]).),TDVSLEE,352,358,SRBP1_HUMAN,Homo sapiens,27579997,true positive,44,0,disordered
ELME000442,MOD_Plk_1,Polo-like kinase phosphosites,MOD,Ser/Thr residue phosphorylated by the Plk1 kinase,PF00069,Pkinase,Protein kinase domain,.[DNE][^PG][ST](([FYILMVW]..)|([^PEDGKN][FWYLIVM]).),TDVSLEE,352,358,SRBP1_HUMAN,Homo sapiens,27579998,true positive,44,0,disordered
ELME000442,MOD_Plk_1,Polo-like kinase phosphosites,MOD,Ser/Thr residue phosphorylated by the Plk1 kinase,PF00069,Pkinase,Protein kinase domain,.[DNE][^PG][ST](([FYILMVW]..)|([^PEDGKN][FWYLIVM]).),TDVSLEE,352,358,TOPRS_HUMAN,Homo sapiens,19473992,true positive,44,0,disordered
ELME000442,MOD_Plk_1,Polo-like kinase phosphosites,MOD,Ser/Thr residue phosphorylated by the Plk1 kinase,PF00069,Pkinase,Protein kinase domain,.[DNE][^PG][ST](([FYILMVW]..)|([^PEDGKN][FWYLIVM]).),TDVSLEE,352,358,VIME_MOUSE,Mus musculus,16260496,true positive,44,0,disordered
ELME000442,MOD_Plk_1,Polo-like kinase phosphosites,MOD,Ser/Thr residue phosphorylated by the Plk1 kinase,PF00069,Pkinase,Protein kinase domain,.[DNE][^PG][ST](([FYILMVW]..)|([^PEDGKN][FWYLIVM]).),TDVSLEE,352,358,WEE1_HUMAN,Homo sapiens,15070733,true positive,44,0,disordered
ELME000442,MOD_Plk_1,Polo-like kinase phosphosites,MOD,Ser/Thr residue phosphorylated by the Plk1 kinase,PF00069,Pkinase,Protein kinase domain,.[DNE][^PG][ST](([FYILMVW]..)|([^PEDGKN][FWYLIVM]).),TDISLDH,380,386,BRCA2_HUMAN,Homo sapiens,12815053,true positive,44,0,disordered
ELME000442,MOD_Plk_1,Polo-like kinase phosphosites,MOD,Ser/Thr residue phosphorylated by the Plk1 kinase,PF00069,Pkinase,Protein kinase domain,.[DNE][^PG][ST](([FYILMVW]..)|([^PEDGKN][FWYLIVM]).),TDISLDH,380,386,CDH1_YEAST,Saccharomyces cerevisiae S288c,1850033,true positive,44,0,disordered
ELME000442,MOD_Plk_1,Polo-like kinase phosphosites,MOD,Ser/Thr residue phosphorylated by the Plk1 kinase,PF00069,Pkinase,Protein kinase domain,.[DNE][^PG][ST](([FYILMVW]..)|([^PEDGKN][FWYLIVM]).),TDISLDH,380,386,CND1_YEAST,Saccharomyces cerevisiae S288c,19481522,true positive,44,0,disordered
ELME000442,MOD_Plk_1,Polo-like kinase phosphosites,MOD,Ser/Thr residue phosphorylated by the Plk1 kinase,PF00069,Pkinase,Protein kinase domain,.[DNE][^PG][ST](([FYILMVW]..)|([^PEDGKN][FWYLIVM]).),TDISLDH,380,386,CND2_YEAST,Saccharomyces cerevisiae S288c,19481522,true positive,44,0,disordered
ELME000442,MOD_Plk_1,Polo-like kinase phosphosites,MOD,Ser/Thr residue phosphorylated by the Plk1 kinase,PF00069,Pkinase,Protein kinase domain,.[DNE][^PG][ST](([FYILMVW]..)|([^PEDGKN][FWYLIVM]).),TDISLDH,380,386,CND3_YEAST,Saccharomyces cerevisiae S288c,19481522,true positive,44,0,disordered
ELME000442,MOD_Plk_1,Polo-like kinase phosphosites,MOD,Ser/Thr residue phosphorylated by the Plk1 kinase,PF00069,Pkinase,Protein kinase domain,.[DNE][^PG][ST](([FYILMVW]..)|([^PEDGKN][FWYLIVM]).),TDISLDH,380,386,CNDD3_HUMAN,Homo sapiens,21498573,true positive,44,0,disordered
ELME000442,MOD_Plk_1,Polo-like kinase phosphosites,MOD,Ser/Thr residue phosphorylated by the Plk1 kinase,PF00069,Pkinase,Protein kinase domain,.[DNE][^PG][ST](([FYILMVW]..)|([^PEDGKN][FWYLIVM]).),TDISLDH,380,386,CYK2_YEAST,Saccharomyces cerevisiae S288c,21498574,true positive,44,0,disordered
ELME000442,MOD_Plk_1,Polo-like kinase phosphosites,MOD,Ser/Thr residue phosphorylated by the Plk1 kinase,PF00069,Pkinase,Protein kinase domain,.[DNE][^PG][ST](([FYILMVW]..)|([^PEDGKN][FWYLIVM]).),TDISLDH,380,386,DAM1_SCHPO,Schizosaccharomyces pombe 972h-,22375062,true positive,44,0,disordered
ELME000442,MOD_Plk_1,Polo-like kinase phosphosites,MOD,Ser/Thr residue phosphorylated by the Plk1 kinase,PF00069,Pkinase,Protein kinase domain,.[DNE][^PG][ST](([FYILMVW]..)|([^PEDGKN][FWYLIVM]).),TDISLDH,380,386,FOXM1_HUMAN,Homo sapiens,19160488,true positive,44,0,disordered
ELME000442,MOD_Plk_1,Polo-like kinase phosphosites,MOD,Ser/Thr residue phosphorylated by the Plk1 kinase,PF00069,Pkinase,Protein kinase domain,.[DNE][^PG][ST](([FYILMVW]..)|([^PEDGKN][FWYLIVM]).),TDISLDH,380,386,IKKB_HUMAN,Homo sapiens,18957422,true positive,44,0,disordered
ELME000442,MOD_Plk_1,Polo-like kinase phosphosites,MOD,Ser/Thr residue phosphorylated by the Plk1 kinase,PF00069,Pkinase,Protein kinase domain,.[DNE][^PG][ST](([FYILMVW]..)|([^PEDGKN][FWYLIVM]).),TDISLDH,380,386,KIZ_HUMAN,Homo sapiens,16980960,true positive,44,0,disordered
ELME000442,MOD_Plk_1,Polo-like kinase phosphosites,MOD,Ser/Thr residue phosphorylated by the Plk1 kinase,PF00069,Pkinase,Protein kinase domain,.[DNE][^PG][ST](([FYILMVW]..)|([^PEDGKN][FWYLIVM]).),TDISLDH,380,386,MAD3_YEAST,Saccharomyces cerevisiae,15970700,true positive,44,0,disordered
ELME000442,MOD_Plk_1,Polo-like kinase phosphosites,MOD,Ser/Thr residue phosphorylated by the Plk1 kinase,PF00069,Pkinase,Protein kinase domain,.[DNE][^PG][ST](([FYILMVW]..)|([^PEDGKN][FWYLIVM]).),TDISLDH,380,386,MID1_SCHPO,Schizosaccharomyces pombe 972h-,21376600,true positive,44,0,disordered
ELME000442,MOD_Plk_1,Polo-like kinase phosphosites,MOD,Ser/Thr residue phosphorylated by the Plk1 kinase,PF00069,Pkinase,Protein kinase domain,.[DNE][^PG][ST](([FYILMVW]..)|([^PEDGKN][FWYLIVM]).),TDISLDH,380,386,MPIP3_HUMAN,Homo sapiens,12738781 11897663,true positive,44,0,disordered
ELME000442,MOD_Plk_1,Polo-like kinase phosphosites,MOD,Ser/Thr residue phosphorylated by the Plk1 kinase,PF00069,Pkinase,Protein kinase domain,.[DNE][^PG][ST](([FYILMVW]..)|([^PEDGKN][FWYLIVM]).),TDISLDH,380,386,NDD1_YEAST,Saccharomyces cerevisiae S288c,17122856,true positive,44,0,disordered
ELME000442,MOD_Plk_1,Polo-like kinase phosphosites,MOD,Ser/Thr residue phosphorylated by the Plk1 kinase,PF00069,Pkinase,Protein kinase domain,.[DNE][^PG][ST](([FYILMVW]..)|([^PEDGKN][FWYLIVM]).),TDISLDH,380,386,NEDD1_HUMAN,Homo sapiens,19509060,true positive,44,0,disordered
ELME000442,MOD_Plk_1,Polo-like kinase phosphosites,MOD,Ser/Thr residue phosphorylated by the Plk1 kinase,PF00069,Pkinase,Protein kinase domain,.[DNE][^PG][ST](([FYILMVW]..)|([^PEDGKN][FWYLIVM]).),TDISLDH,380,386,O96561_DROME,Drosophila melanogaster,27238966,true positive,44,0,disordered
ELME000442,MOD_Plk_1,Polo-like kinase phosphosites,MOD,Ser/Thr residue phosphorylated by the Plk1 kinase,PF00069,Pkinase,Protein kinase domain,.[DNE][^PG][ST](([FYILMVW]..)|([^PEDGKN][FWYLIVM]).),TDISLDH,380,386,PINX1_HUMAN,Homo sapiens,20573420,true positive,44,0,disordered
ELME000442,MOD_Plk_1,Polo-like kinase phosphosites,MOD,Ser/Thr residue phosphorylated by the Plk1 kinase,PF00069,Pkinase,Protein kinase domain,.[DNE][^PG][ST](([FYILMVW]..)|([^PEDGKN][FWYLIVM]).),TDISLDH,380,386,PMYT1_HUMAN,Homo sapiens,12738781 21498573,true positive,44,0,disordered
ELME000442,MOD_Plk_1,Polo-like kinase phosphosites,MOD,Ser/Thr residue phosphorylated by the Plk1 kinase,PF00069,Pkinase,Protein kinase domain,.[DNE][^PG][ST](([FYILMVW]..)|([^PEDGKN][FWYLIVM]).),TDISLDH,380,386,PMYT1_HUMAN,Homo sapiens,21498573,true positive,44,0,disordered
ELME000442,MOD_Plk_1,Polo-like kinase phosphosites,MOD,Ser/Thr residue phosphorylated by the Plk1 kinase,PF00069,Pkinase,Protein kinase domain,.[DNE][^PG][ST](([FYILMVW]..)|([^PEDGKN][FWYLIVM]).),TDISLDH,380,386,RGAP1_HUMAN,Homo sapiens,19468300,true positive,44,0,disordered
ELME000442,MOD_Plk_1,Polo-like kinase phosphosites,MOD,Ser/Thr residue phosphorylated by the Plk1 kinase,PF00069,Pkinase,Protein kinase domain,.[DNE][^PG][ST](([FYILMVW]..)|([^PEDGKN][FWYLIVM]).),TDISLDH,380,386,RGAP1_HUMAN,Homo sapiens,19468302 19468300,true positive,44,0,disordered
ELME000442,MOD_Plk_1,Polo-like kinase phosphosites,MOD,Ser/Thr residue phosphorylated by the Plk1 kinase,PF00069,Pkinase,Protein kinase domain,.[DNE][^PG][ST](([FYILMVW]..)|([^PEDGKN][FWYLIVM]).),TDISLDH,380,386,SCC1_YEAST,Saccharomyces cerevisiae S288c,11371343,true positive,44,0,disordered
ELME000442,MOD_Plk_1,Polo-like kinase phosphosites,MOD,Ser/Thr residue phosphorylated by the Plk1 kinase,PF00069,Pkinase,Protein kinase domain,.[DNE][^PG][ST](([FYILMVW]..)|([^PEDGKN][FWYLIVM]).),TDISLDH,380,386,SFI1_YEAST,Saccharomyces cerevisiae S288c,24954044,true positive,44,0,disordered
ELME000442,MOD_Plk_1,Polo-like kinase phosphosites,MOD,Ser/Thr residue phosphorylated by the Plk1 kinase,PF00069,Pkinase,Protein kinase domain,.[DNE][^PG][ST](([FYILMVW]..)|([^PEDGKN][FWYLIVM]).),TDISLDH,380,386,SLD2_YEAST,Saccharomyces cerevisiae S288c,27705801,true positive,44,0,disordered
ELME000442,MOD_Plk_1,Polo-like kinase phosphosites,MOD,Ser/Thr residue phosphorylated by the Plk1 kinase,PF00069,Pkinase,Protein kinase domain,.[DNE][^PG][ST](([FYILMVW]..)|([^PEDGKN][FWYLIVM]).),TDISLDH,380,386,SPC7_SCHPO,Schizosaccharomyces pombe 972h-,28497540,true positive,44,0,disordered
ELME000442,MOD_Plk_1,Polo-like kinase phosphosites,MOD,Ser/Thr residue phosphorylated by the Plk1 kinase,PF00069,Pkinase,Protein kinase domain,.[DNE][^PG][ST](([FYILMVW]..)|([^PEDGKN][FWYLIVM]).),TDISLDH,380,386,SRBP1_HUMAN,Homo sapiens,27579997,true positive,44,0,disordered
ELME000442,MOD_Plk_1,Polo-like kinase phosphosites,MOD,Ser/Thr residue phosphorylated by the Plk1 kinase,PF00069,Pkinase,Protein kinase domain,.[DNE][^PG][ST](([FYILMVW]..)|([^PEDGKN][FWYLIVM]).),TDISLDH,380,386,SRBP1_HUMAN,Homo sapiens,27579998,true positive,44,0,disordered
ELME000442,MOD_Plk_1,Polo-like kinase phosphosites,MOD,Ser/Thr residue phosphorylated by the Plk1 kinase,PF00069,Pkinase,Protein kinase domain,.[DNE][^PG][ST](([FYILMVW]..)|([^PEDGKN][FWYLIVM]).),TDISLDH,380,386,TOPRS_HUMAN,Homo sapiens,19473992,true positive,44,0,disordered
ELME000442,MOD_Plk_1,Polo-like kinase phosphosites,MOD,Ser/Thr residue phosphorylated by the Plk1 kinase,PF00069,Pkinase,Protein kinase domain,.[DNE][^PG][ST](([FYILMVW]..)|([^PEDGKN][FWYLIVM]).),TDISLDH,380,386,VIME_MOUSE,Mus musculus,16260496,true positive,44,0,disordered
ELME000442,MOD_Plk_1,Polo-like kinase phosphosites,MOD,Ser/Thr residue phosphorylated by the Plk1 kinase,PF00069,Pkinase,Protein kinase domain,.[DNE][^PG][ST](([FYILMVW]..)|([^PEDGKN][FWYLIVM]).),TDISLDH,380,386,WEE1_HUMAN,Homo sapiens,15070733,true positive,44,0,disordered
ELME000442,MOD_Plk_1,Polo-like kinase phosphosites,MOD,Ser/Thr residue phosphorylated by the Plk1 kinase,PF00069,Pkinase,Protein kinase domain,.[DNE][^PG][ST](([FYILMVW]..)|([^PEDGKN][FWYLIVM]).),GNHTIQV,423,429,BRCA2_HUMAN,Homo sapiens,12815053,true positive,44,0,disordered
ELME000442,MOD_Plk_1,Polo-like kinase phosphosites,MOD,Ser/Thr residue phosphorylated by the Plk1 kinase,PF00069,Pkinase,Protein kinase domain,.[DNE][^PG][ST](([FYILMVW]..)|([^PEDGKN][FWYLIVM]).),GNHTIQV,423,429,CDH1_YEAST,Saccharomyces cerevisiae S288c,1850033,true positive,44,0,disordered
ELME000442,MOD_Plk_1,Polo-like kinase phosphosites,MOD,Ser/Thr residue phosphorylated by the Plk1 kinase,PF00069,Pkinase,Protein kinase domain,.[DNE][^PG][ST](([FYILMVW]..)|([^PEDGKN][FWYLIVM]).),GNHTIQV,423,429,CND1_YEAST,Saccharomyces cerevisiae S288c,19481522,true positive,44,0,disordered
ELME000442,MOD_Plk_1,Polo-like kinase phosphosites,MOD,Ser/Thr residue phosphorylated by the Plk1 kinase,PF00069,Pkinase,Protein kinase domain,.[DNE][^PG][ST](([FYILMVW]..)|([^PEDGKN][FWYLIVM]).),GNHTIQV,423,429,CND2_YEAST,Saccharomyces cerevisiae S288c,19481522,true positive,44,0,disordered
ELME000442,MOD_Plk_1,Polo-like kinase phosphosites,MOD,Ser/Thr residue phosphorylated by the Plk1 kinase,PF00069,Pkinase,Protein kinase domain,.[DNE][^PG][ST](([FYILMVW]..)|([^PEDGKN][FWYLIVM]).),GNHTIQV,423,429,CND3_YEAST,Saccharomyces cerevisiae S288c,19481522,true positive,44,0,disordered
ELME000442,MOD_Plk_1,Polo-like kinase phosphosites,MOD,Ser/Thr residue phosphorylated by the Plk1 kinase,PF00069,Pkinase,Protein kinase domain,.[DNE][^PG][ST](([FYILMVW]..)|([^PEDGKN][FWYLIVM]).),GNHTIQV,423,429,CNDD3_HUMAN,Homo sapiens,21498573,true positive,44,0,disordered
ELME000442,MOD_Plk_1,Polo-like kinase phosphosites,MOD,Ser/Thr residue phosphorylated by the Plk1 kinase,PF00069,Pkinase,Protein kinase domain,.[DNE][^PG][ST](([FYILMVW]..)|([^PEDGKN][FWYLIVM]).),GNHTIQV,423,429,CYK2_YEAST,Saccharomyces cerevisiae S288c,21498574,true positive,44,0,disordered
ELME000442,MOD_Plk_1,Polo-like kinase phosphosites,MOD,Ser/Thr residue phosphorylated by the Plk1 kinase,PF00069,Pkinase,Protein kinase domain,.[DNE][^PG][ST](([FYILMVW]..)|([^PEDGKN][FWYLIVM]).),GNHTIQV,423,429,DAM1_SCHPO,Schizosaccharomyces pombe 972h-,22375062,true positive,44,0,disordered
ELME000442,MOD_Plk_1,Polo-like kinase phosphosites,MOD,Ser/Thr residue phosphorylated by the Plk1 kinase,PF00069,Pkinase,Protein kinase domain,.[DNE][^PG][ST](([FYILMVW]..)|([^PEDGKN][FWYLIVM]).),GNHTIQV,423,429,FOXM1_HUMAN,Homo sapiens,19160488,true positive,44,0,disordered
ELME000442,MOD_Plk_1,Polo-like kinase phosphosites,MOD,Ser/Thr residue phosphorylated by the Plk1 kinase,PF00069,Pkinase,Protein kinase domain,.[DNE][^PG][ST](([FYILMVW]..)|([^PEDGKN][FWYLIVM]).),GNHTIQV,423,429,IKKB_HUMAN,Homo sapiens,18957422,true positive,44,0,disordered
ELME000442,MOD_Plk_1,Polo-like kinase phosphosites,MOD,Ser/Thr residue phosphorylated by the Plk1 kinase,PF00069,Pkinase,Protein kinase domain,.[DNE][^PG][ST](([FYILMVW]..)|([^PEDGKN][FWYLIVM]).),GNHTIQV,423,429,KIZ_HUMAN,Homo sapiens,16980960,true positive,44,0,disordered
ELME000442,MOD_Plk_1,Polo-like kinase phosphosites,MOD,Ser/Thr residue phosphorylated by the Plk1 kinase,PF00069,Pkinase,Protein kinase domain,.[DNE][^PG][ST](([FYILMVW]..)|([^PEDGKN][FWYLIVM]).),GNHTIQV,423,429,MAD3_YEAST,Saccharomyces cerevisiae,15970700,true positive,44,0,disordered
ELME000442,MOD_Plk_1,Polo-like kinase phosphosites,MOD,Ser/Thr residue phosphorylated by the Plk1 kinase,PF00069,Pkinase,Protein kinase domain,.[DNE][^PG][ST](([FYILMVW]..)|([^PEDGKN][FWYLIVM]).),GNHTIQV,423,429,MID1_SCHPO,Schizosaccharomyces pombe 972h-,21376600,true positive,44,0,disordered
ELME000442,MOD_Plk_1,Polo-like kinase phosphosites,MOD,Ser/Thr residue phosphorylated by the Plk1 kinase,PF00069,Pkinase,Protein kinase domain,.[DNE][^PG][ST](([FYILMVW]..)|([^PEDGKN][FWYLIVM]).),GNHTIQV,423,429,MPIP3_HUMAN,Homo sapiens,12738781 11897663,true positive,44,0,disordered
ELME000442,MOD_Plk_1,Polo-like kinase phosphosites,MOD,Ser/Thr residue phosphorylated by the Plk1 kinase,PF00069,Pkinase,Protein kinase domain,.[DNE][^PG][ST](([FYILMVW]..)|([^PEDGKN][FWYLIVM]).),GNHTIQV,423,429,NDD1_YEAST,Saccharomyces cerevisiae S288c,17122856,true positive,44,0,disordered
ELME000442,MOD_Plk_1,Polo-like kinase phosphosites,MOD,Ser/Thr residue phosphorylated by the Plk1 kinase,PF00069,Pkinase,Protein kinase domain,.[DNE][^PG][ST](([FYILMVW]..)|([^PEDGKN][FWYLIVM]).),GNHTIQV,423,429,NEDD1_HUMAN,Homo sapiens,19509060,true positive,44,0,disordered
ELME000442,MOD_Plk_1,Polo-like kinase phosphosites,MOD,Ser/Thr residue phosphorylated by the Plk1 kinase,PF00069,Pkinase,Protein kinase domain,.[DNE][^PG][ST](([FYILMVW]..)|([^PEDGKN][FWYLIVM]).),GNHTIQV,423,429,O96561_DROME,Drosophila melanogaster,27238966,true positive,44,0,disordered
ELME000442,MOD_Plk_1,Polo-like kinase phosphosites,MOD,Ser/Thr residue phosphorylated by the Plk1 kinase,PF00069,Pkinase,Protein kinase domain,.[DNE][^PG][ST](([FYILMVW]..)|([^PEDGKN][FWYLIVM]).),GNHTIQV,423,429,PINX1_HUMAN,Homo sapiens,20573420,true positive,44,0,disordered
ELME000442,MOD_Plk_1,Polo-like kinase phosphosites,MOD,Ser/Thr residue phosphorylated by the Plk1 kinase,PF00069,Pkinase,Protein kinase domain,.[DNE][^PG][ST](([FYILMVW]..)|([^PEDGKN][FWYLIVM]).),GNHTIQV,423,429,PMYT1_HUMAN,Homo sapiens,12738781 21498573,true positive,44,0,disordered
ELME000442,MOD_Plk_1,Polo-like kinase phosphosites,MOD,Ser/Thr residue phosphorylated by the Plk1 kinase,PF00069,Pkinase,Protein kinase domain,.[DNE][^PG][ST](([FYILMVW]..)|([^PEDGKN][FWYLIVM]).),GNHTIQV,423,429,PMYT1_HUMAN,Homo sapiens,21498573,true positive,44,0,disordered
ELME000442,MOD_Plk_1,Polo-like kinase phosphosites,MOD,Ser/Thr residue phosphorylated by the Plk1 kinase,PF00069,Pkinase,Protein kinase domain,.[DNE][^PG][ST](([FYILMVW]..)|([^PEDGKN][FWYLIVM]).),GNHTIQV,423,429,RGAP1_HUMAN,Homo sapiens,19468300,true positive,44,0,disordered
ELME000442,MOD_Plk_1,Polo-like kinase phosphosites,MOD,Ser/Thr residue phosphorylated by the Plk1 kinase,PF00069,Pkinase,Protein kinase domain,.[DNE][^PG][ST](([FYILMVW]..)|([^PEDGKN][FWYLIVM]).),GNHTIQV,423,429,RGAP1_HUMAN,Homo sapiens,19468302 19468300,true positive,44,0,disordered
ELME000442,MOD_Plk_1,Polo-like kinase phosphosites,MOD,Ser/Thr residue phosphorylated by the Plk1 kinase,PF00069,Pkinase,Protein kinase domain,.[DNE][^PG][ST](([FYILMVW]..)|([^PEDGKN][FWYLIVM]).),GNHTIQV,423,429,SCC1_YEAST,Saccharomyces cerevisiae S288c,11371343,true positive,44,0,disordered
ELME000442,MOD_Plk_1,Polo-like kinase phosphosites,MOD,Ser/Thr residue phosphorylated by the Plk1 kinase,PF00069,Pkinase,Protein kinase domain,.[DNE][^PG][ST](([FYILMVW]..)|([^PEDGKN][FWYLIVM]).),GNHTIQV,423,429,SFI1_YEAST,Saccharomyces cerevisiae S288c,24954044,true positive,44,0,disordered
ELME000442,MOD_Plk_1,Polo-like kinase phosphosites,MOD,Ser/Thr residue phosphorylated by the Plk1 kinase,PF00069,Pkinase,Protein kinase domain,.[DNE][^PG][ST](([FYILMVW]..)|([^PEDGKN][FWYLIVM]).),GNHTIQV,423,429,SLD2_YEAST,Saccharomyces cerevisiae S288c,27705801,true positive,44,0,disordered
ELME000442,MOD_Plk_1,Polo-like kinase phosphosites,MOD,Ser/Thr residue phosphorylated by the Plk1 kinase,PF00069,Pkinase,Protein kinase domain,.[DNE][^PG][ST](([FYILMVW]..)|([^PEDGKN][FWYLIVM]).),GNHTIQV,423,429,SPC7_SCHPO,Schizosaccharomyces pombe 972h-,28497540,true positive,44,0,disordered
ELME000442,MOD_Plk_1,Polo-like kinase phosphosites,MOD,Ser/Thr residue phosphorylated by the Plk1 kinase,PF00069,Pkinase,Protein kinase domain,.[DNE][^PG][ST](([FYILMVW]..)|([^PEDGKN][FWYLIVM]).),GNHTIQV,423,429,SRBP1_HUMAN,Homo sapiens,27579997,true positive,44,0,disordered
ELME000442,MOD_Plk_1,Polo-like kinase phosphosites,MOD,Ser/Thr residue phosphorylated by the Plk1 kinase,PF00069,Pkinase,Protein kinase domain,.[DNE][^PG][ST](([FYILMVW]..)|([^PEDGKN][FWYLIVM]).),GNHTIQV,423,429,SRBP1_HUMAN,Homo sapiens,27579998,true positive,44,0,disordered
ELME000442,MOD_Plk_1,Polo-like kinase phosphosites,MOD,Ser/Thr residue phosphorylated by the Plk1 kinase,PF00069,Pkinase,Protein kinase domain,.[DNE][^PG][ST](([FYILMVW]..)|([^PEDGKN][FWYLIVM]).),GNHTIQV,423,429,TOPRS_HUMAN,Homo sapiens,19473992,true positive,44,0,disordered
ELME000442,MOD_Plk_1,Polo-like kinase phosphosites,MOD,Ser/Thr residue phosphorylated by the Plk1 kinase,PF00069,Pkinase,Protein kinase domain,.[DNE][^PG][ST](([FYILMVW]..)|([^PEDGKN][FWYLIVM]).),GNHTIQV,423,429,VIME_MOUSE,Mus musculus,16260496,true positive,44,0,disordered
ELME000442,MOD_Plk_1,Polo-like kinase phosphosites,MOD,Ser/Thr residue phosphorylated by the Plk1 kinase,PF00069,Pkinase,Protein kinase domain,.[DNE][^PG][ST](([FYILMVW]..)|([^PEDGKN][FWYLIVM]).),GNHTIQV,423,429,WEE1_HUMAN,Homo sapiens,15070733,true positive,44,0,disordered
ELME000444,MOD_Plk_4,Polo-like kinase phosphosites,MOD,Ser/Thr residue phosphorylated by Plk4,PF00069,Pkinase,Protein kinase domain,..[^IRFW]([ST])[ILMVFWY][ILMVFWY].,GPSSIML,415,421,CENPJ_HUMAN,Homo sapiens,20531387,true positive,7,0,disordered
ELME000444,MOD_Plk_4,Polo-like kinase phosphosites,MOD,Ser/Thr residue phosphorylated by Plk4,PF00069,Pkinase,Protein kinase domain,..[^IRFW]([ST])[ILMVFWY][ILMVFWY].,GPSSIML,415,421,FBXW5_HUMAN,Homo sapiens,21725316,true positive,7,0,disordered
ELME000444,MOD_Plk_4,Polo-like kinase phosphosites,MOD,Ser/Thr residue phosphorylated by Plk4,PF00069,Pkinase,Protein kinase domain,..[^IRFW]([ST])[ILMVFWY][ILMVFWY].,GPSSIML,415,421,PLK4_HUMAN,Homo sapiens,20032307,true positive,7,0,disordered
ELME000444,MOD_Plk_4,Polo-like kinase phosphosites,MOD,Ser/Thr residue phosphorylated by Plk4,PF00069,Pkinase,Protein kinase domain,..[^IRFW]([ST])[ILMVFWY][ILMVFWY].,GPSSIML,415,421,Q9XZ31_DROME,Drosophila melanogaster,25264260,true positive,7,0,disordered
ELME000444,MOD_Plk_4,Polo-like kinase phosphosites,MOD,Ser/Thr residue phosphorylated by Plk4,PF00069,Pkinase,Protein kinase domain,..[^IRFW]([ST])[ILMVFWY][ILMVFWY].,GPSSIML,415,421,STIL_HUMAN,Homo sapiens,26101219,true positive,7,0,disordered
ELME000012,TRG_ER_diArg_1,di Arginine retention/retrieving signal,TRG,The di-Arg ER retention motif is defined by two consecutive arginine residues (RR) or with a single residue insertion (RXR). The motif is completed by an adjacent hydrophobic/arginine residue which may be on either side of the Arg pair.,PF00400,WD40,"WD domain, G-beta repeat","([LIVMFYWPR]R[^YFWDE]{0,1}R)|(R[^YFWDE]{0,1}R[LIVMFYWPR])",RRRR,531,534,ABCC8_HUMAN,Homo sapiens,10197533,true positive,27,0,disordered
ELME000012,TRG_ER_diArg_1,di Arginine retention/retrieving signal,TRG,The di-Arg ER retention motif is defined by two consecutive arginine residues (RR) or with a single residue insertion (RXR). The motif is completed by an adjacent hydrophobic/arginine residue which may be on either side of the Arg pair.,PF00400,WD40,"WD domain, G-beta repeat","([LIVMFYWPR]R[^YFWDE]{0,1}R)|(R[^YFWDE]{0,1}R[LIVMFYWPR])",RRRR,531,534,ADA10_HUMAN,Homo sapiens,20100836,true positive,27,0,disordered
ELME000012,TRG_ER_diArg_1,di Arginine retention/retrieving signal,TRG,The di-Arg ER retention motif is defined by two consecutive arginine residues (RR) or with a single residue insertion (RXR). The motif is completed by an adjacent hydrophobic/arginine residue which may be on either side of the Arg pair.,PF00400,WD40,"WD domain, G-beta repeat","([LIVMFYWPR]R[^YFWDE]{0,1}R)|(R[^YFWDE]{0,1}R[LIVMFYWPR])",RRRR,531,534,ADA22_HUMAN,Homo sapiens,16868027,true positive,27,0,disordered
ELME000012,TRG_ER_diArg_1,di Arginine retention/retrieving signal,TRG,The di-Arg ER retention motif is defined by two consecutive arginine residues (RR) or with a single residue insertion (RXR). The motif is completed by an adjacent hydrophobic/arginine residue which may be on either side of the Arg pair.,PF00400,WD40,"WD domain, G-beta repeat","([LIVMFYWPR]R[^YFWDE]{0,1}R)|(R[^YFWDE]{0,1}R[LIVMFYWPR])",RRRR,531,534,C8ZIX9_YEAS8,Saccharomyces cerevisiae EC1118,18083825,true positive,27,0,disordered
ELME000012,TRG_ER_diArg_1,di Arginine retention/retrieving signal,TRG,The di-Arg ER retention motif is defined by two consecutive arginine residues (RR) or with a single residue insertion (RXR). The motif is completed by an adjacent hydrophobic/arginine residue which may be on either side of the Arg pair.,PF00400,WD40,"WD domain, G-beta repeat","([LIVMFYWPR]R[^YFWDE]{0,1}R)|(R[^YFWDE]{0,1}R[LIVMFYWPR])",RRRR,531,534,GABR1_HUMAN,Homo sapiens,10939334,true positive,27,0,disordered
ELME000012,TRG_ER_diArg_1,di Arginine retention/retrieving signal,TRG,The di-Arg ER retention motif is defined by two consecutive arginine residues (RR) or with a single residue insertion (RXR). The motif is completed by an adjacent hydrophobic/arginine residue which may be on either side of the Arg pair.,PF00400,WD40,"WD domain, G-beta repeat","([LIVMFYWPR]R[^YFWDE]{0,1}R)|(R[^YFWDE]{0,1}R[LIVMFYWPR])",RRRR,531,534,GPR15_HUMAN,Homo sapiens,21189250,true positive,27,0,disordered
ELME000012,TRG_ER_diArg_1,di Arginine retention/retrieving signal,TRG,The di-Arg ER retention motif is defined by two consecutive arginine residues (RR) or with a single residue insertion (RXR). The motif is completed by an adjacent hydrophobic/arginine residue which may be on either side of the Arg pair.,PF00400,WD40,"WD domain, G-beta repeat","([LIVMFYWPR]R[^YFWDE]{0,1}R)|(R[^YFWDE]{0,1}R[LIVMFYWPR])",RRRR,531,534,GRIK5_HUMAN,Homo sapiens,12878702,true positive,27,0,disordered
ELME000012,TRG_ER_diArg_1,di Arginine retention/retrieving signal,TRG,The di-Arg ER retention motif is defined by two consecutive arginine residues (RR) or with a single residue insertion (RXR). The motif is completed by an adjacent hydrophobic/arginine residue which may be on either side of the Arg pair.,PF00400,WD40,"WD domain, G-beta repeat","([LIVMFYWPR]R[^YFWDE]{0,1}R)|(R[^YFWDE]{0,1}R[LIVMFYWPR])",RRRR,531,534,HG2A_HUMAN,Homo sapiens,8157008,true positive,27,0,disordered
ELME000012,TRG_ER_diArg_1,di Arginine retention/retrieving signal,TRG,The di-Arg ER retention motif is defined by two consecutive arginine residues (RR) or with a single residue insertion (RXR). The motif is completed by an adjacent hydrophobic/arginine residue which may be on either side of the Arg pair.,PF00400,WD40,"WD domain, G-beta repeat","([LIVMFYWPR]R[^YFWDE]{0,1}R)|(R[^YFWDE]{0,1}R[LIVMFYWPR])",RRRR,531,534,HMDH_NICSY,Nicotiana sylvestris,8970721,true positive,27,0,disordered
ELME000012,TRG_ER_diArg_1,di Arginine retention/retrieving signal,TRG,The di-Arg ER retention motif is defined by two consecutive arginine residues (RR) or with a single residue insertion (RXR). The motif is completed by an adjacent hydrophobic/arginine residue which may be on either side of the Arg pair.,PF00400,WD40,"WD domain, G-beta repeat","([LIVMFYWPR]R[^YFWDE]{0,1}R)|(R[^YFWDE]{0,1}R[LIVMFYWPR])",RRRR,531,534,IRK11_HUMAN,Homo sapiens,10197533 12699619,true positive,27,0,disordered
ELME000012,TRG_ER_diArg_1,di Arginine retention/retrieving signal,TRG,The di-Arg ER retention motif is defined by two consecutive arginine residues (RR) or with a single residue insertion (RXR). The motif is completed by an adjacent hydrophobic/arginine residue which may be on either side of the Arg pair.,PF00400,WD40,"WD domain, G-beta repeat","([LIVMFYWPR]R[^YFWDE]{0,1}R)|(R[^YFWDE]{0,1}R[LIVMFYWPR])",RRRR,531,534,IRK8_HUMAN,Homo sapiens,10197533,true positive,27,0,disordered
ELME000012,TRG_ER_diArg_1,di Arginine retention/retrieving signal,TRG,The di-Arg ER retention motif is defined by two consecutive arginine residues (RR) or with a single residue insertion (RXR). The motif is completed by an adjacent hydrophobic/arginine residue which may be on either side of the Arg pair.,PF00400,WD40,"WD domain, G-beta repeat","([LIVMFYWPR]R[^YFWDE]{0,1}R)|(R[^YFWDE]{0,1}R[LIVMFYWPR])",RRRR,531,534,MSHR_HUMAN,Homo sapiens,19452503,true positive,27,0,disordered
ELME000012,TRG_ER_diArg_1,di Arginine retention/retrieving signal,TRG,The di-Arg ER retention motif is defined by two consecutive arginine residues (RR) or with a single residue insertion (RXR). The motif is completed by an adjacent hydrophobic/arginine residue which may be on either side of the Arg pair.,PF00400,WD40,"WD domain, G-beta repeat","([LIVMFYWPR]R[^YFWDE]{0,1}R)|(R[^YFWDE]{0,1}R[LIVMFYWPR])",RRRR,531,534,NMDZ1_HUMAN,Homo sapiens,11163274,true positive,27,0,disordered
ELME000012,TRG_ER_diArg_1,di Arginine retention/retrieving signal,TRG,The di-Arg ER retention motif is defined by two consecutive arginine residues (RR) or with a single residue insertion (RXR). The motif is completed by an adjacent hydrophobic/arginine residue which may be on either side of the Arg pair.,PF00400,WD40,"WD domain, G-beta repeat","([LIVMFYWPR]R[^YFWDE]{0,1}R)|(R[^YFWDE]{0,1}R[LIVMFYWPR])",RRRR,531,534,NMDZ1_HUMAN,Homo sapiens,11312291,true positive,27,0,disordered
ELME000012,TRG_ER_diArg_1,di Arginine retention/retrieving signal,TRG,The di-Arg ER retention motif is defined by two consecutive arginine residues (RR) or with a single residue insertion (RXR). The motif is completed by an adjacent hydrophobic/arginine residue which may be on either side of the Arg pair.,PF00400,WD40,"WD domain, G-beta repeat","([LIVMFYWPR]R[^YFWDE]{0,1}R)|(R[^YFWDE]{0,1}R[LIVMFYWPR])",RRRR,531,534,P2RX7_HUMAN,Homo sapiens,19263245,true positive,27,0,disordered
ELME000012,TRG_ER_diArg_1,di Arginine retention/retrieving signal,TRG,The di-Arg ER retention motif is defined by two consecutive arginine residues (RR) or with a single residue insertion (RXR). The motif is completed by an adjacent hydrophobic/arginine residue which may be on either side of the Arg pair.,PF00400,WD40,"WD domain, G-beta repeat","([LIVMFYWPR]R[^YFWDE]{0,1}R)|(R[^YFWDE]{0,1}R[LIVMFYWPR])",RRRR,531,534,PAR4_HUMAN,Homo sapiens,22411985,true positive,27,0,disordered
ELME000012,TRG_ER_diArg_1,di Arginine retention/retrieving signal,TRG,The di-Arg ER retention motif is defined by two consecutive arginine residues (RR) or with a single residue insertion (RXR). The motif is completed by an adjacent hydrophobic/arginine residue which may be on either side of the Arg pair.,PF00400,WD40,"WD domain, G-beta repeat","([LIVMFYWPR]R[^YFWDE]{0,1}R)|(R[^YFWDE]{0,1}R[LIVMFYWPR])",RRRR,531,534,PPLA_HUMAN,Homo sapiens,20634894,true positive,27,0,disordered
ELME000012,TRG_ER_diArg_1,di Arginine retention/retrieving signal,TRG,The di-Arg ER retention motif is defined by two consecutive arginine residues (RR) or with a single residue insertion (RXR). The motif is completed by an adjacent hydrophobic/arginine residue which may be on either side of the Arg pair.,PF00400,WD40,"WD domain, G-beta repeat","([LIVMFYWPR]R[^YFWDE]{0,1}R)|(R[^YFWDE]{0,1}R[LIVMFYWPR])",RRRR,531,534,Q58F09_HUMAN,Homo sapiens,12626409,true positive,27,0,disordered
ELME000012,TRG_ER_diArg_1,di Arginine retention/retrieving signal,TRG,The di-Arg ER retention motif is defined by two consecutive arginine residues (RR) or with a single residue insertion (RXR). The motif is completed by an adjacent hydrophobic/arginine residue which may be on either side of the Arg pair.,PF00400,WD40,"WD domain, G-beta repeat","([LIVMFYWPR]R[^YFWDE]{0,1}R)|(R[^YFWDE]{0,1}R[LIVMFYWPR])",RRRR,531,534,S12A5_RAT,Rattus norvegicus,19679663,true positive,27,0,disordered
ELME000012,TRG_ER_diArg_1,di Arginine retention/retrieving signal,TRG,The di-Arg ER retention motif is defined by two consecutive arginine residues (RR) or with a single residue insertion (RXR). The motif is completed by an adjacent hydrophobic/arginine residue which may be on either side of the Arg pair.,PF00400,WD40,"WD domain, G-beta repeat","([LIVMFYWPR]R[^YFWDE]{0,1}R)|(R[^YFWDE]{0,1}R[LIVMFYWPR])",RRRR,531,534,SCNAA_RAT,Rattus norvegicus,18782866,true positive,27,0,disordered
ELME000012,TRG_ER_diArg_1,di Arginine retention/retrieving signal,TRG,The di-Arg ER retention motif is defined by two consecutive arginine residues (RR) or with a single residue insertion (RXR). The motif is completed by an adjacent hydrophobic/arginine residue which may be on either side of the Arg pair.,PF00400,WD40,"WD domain, G-beta repeat","([LIVMFYWPR]R[^YFWDE]{0,1}R)|(R[^YFWDE]{0,1}R[LIVMFYWPR])",RRRR,531,534,SGMR1_HUMAN,Homo sapiens,20634894,true positive,27,0,disordered
ELME000012,TRG_ER_diArg_1,di Arginine retention/retrieving signal,TRG,The di-Arg ER retention motif is defined by two consecutive arginine residues (RR) or with a single residue insertion (RXR). The motif is completed by an adjacent hydrophobic/arginine residue which may be on either side of the Arg pair.,PF00400,WD40,"WD domain, G-beta repeat","([LIVMFYWPR]R[^YFWDE]{0,1}R)|(R[^YFWDE]{0,1}R[LIVMFYWPR])",RRRR,531,534,SIAT9_MOUSE,Mus musculus,19420140,true positive,27,0,disordered
ELME000012,TRG_ER_diArg_1,di Arginine retention/retrieving signal,TRG,The di-Arg ER retention motif is defined by two consecutive arginine residues (RR) or with a single residue insertion (RXR). The motif is completed by an adjacent hydrophobic/arginine residue which may be on either side of the Arg pair.,PF00400,WD40,"WD domain, G-beta repeat","([LIVMFYWPR]R[^YFWDE]{0,1}R)|(R[^YFWDE]{0,1}R[LIVMFYWPR])",RRRR,531,534,SOAT1_HUMAN,Homo sapiens,20634894,true positive,27,0,disordered
ELME000012,TRG_ER_diArg_1,di Arginine retention/retrieving signal,TRG,The di-Arg ER retention motif is defined by two consecutive arginine residues (RR) or with a single residue insertion (RXR). The motif is completed by an adjacent hydrophobic/arginine residue which may be on either side of the Arg pair.,PF00400,WD40,"WD domain, G-beta repeat","([LIVMFYWPR]R[^YFWDE]{0,1}R)|(R[^YFWDE]{0,1}R[LIVMFYWPR])",RRRR,531,534,SRPRB_HUMAN,Homo sapiens,20634894,true positive,27,0,disordered
ELME000012,TRG_ER_diArg_1,di Arginine retention/retrieving signal,TRG,The di-Arg ER retention motif is defined by two consecutive arginine residues (RR) or with a single residue insertion (RXR). The motif is completed by an adjacent hydrophobic/arginine residue which may be on either side of the Arg pair.,PF00400,WD40,"WD domain, G-beta repeat","([LIVMFYWPR]R[^YFWDE]{0,1}R)|(R[^YFWDE]{0,1}R[LIVMFYWPR])",RRRR,531,534,V2R_HUMAN,Homo sapiens,11641431,true positive,27,0,disordered
ELME000012,TRG_ER_diArg_1,di Arginine retention/retrieving signal,TRG,The di-Arg ER retention motif is defined by two consecutive arginine residues (RR) or with a single residue insertion (RXR). The motif is completed by an adjacent hydrophobic/arginine residue which may be on either side of the Arg pair.,PF00400,WD40,"WD domain, G-beta repeat","([LIVMFYWPR]R[^YFWDE]{0,1}R)|(R[^YFWDE]{0,1}R[LIVMFYWPR])",RRRR,532,535,ABCC8_HUMAN,Homo sapiens,10197533,true positive,27,0,disordered
ELME000012,TRG_ER_diArg_1,di Arginine retention/retrieving signal,TRG,The di-Arg ER retention motif is defined by two consecutive arginine residues (RR) or with a single residue insertion (RXR). The motif is completed by an adjacent hydrophobic/arginine residue which may be on either side of the Arg pair.,PF00400,WD40,"WD domain, G-beta repeat","([LIVMFYWPR]R[^YFWDE]{0,1}R)|(R[^YFWDE]{0,1}R[LIVMFYWPR])",RRRR,532,535,ADA10_HUMAN,Homo sapiens,20100836,true positive,27,0,disordered
ELME000012,TRG_ER_diArg_1,di Arginine retention/retrieving signal,TRG,The di-Arg ER retention motif is defined by two consecutive arginine residues (RR) or with a single residue insertion (RXR). The motif is completed by an adjacent hydrophobic/arginine residue which may be on either side of the Arg pair.,PF00400,WD40,"WD domain, G-beta repeat","([LIVMFYWPR]R[^YFWDE]{0,1}R)|(R[^YFWDE]{0,1}R[LIVMFYWPR])",RRRR,532,535,ADA22_HUMAN,Homo sapiens,16868027,true positive,27,0,disordered
ELME000012,TRG_ER_diArg_1,di Arginine retention/retrieving signal,TRG,The di-Arg ER retention motif is defined by two consecutive arginine residues (RR) or with a single residue insertion (RXR). The motif is completed by an adjacent hydrophobic/arginine residue which may be on either side of the Arg pair.,PF00400,WD40,"WD domain, G-beta repeat","([LIVMFYWPR]R[^YFWDE]{0,1}R)|(R[^YFWDE]{0,1}R[LIVMFYWPR])",RRRR,532,535,C8ZIX9_YEAS8,Saccharomyces cerevisiae EC1118,18083825,true positive,27,0,disordered
ELME000012,TRG_ER_diArg_1,di Arginine retention/retrieving signal,TRG,The di-Arg ER retention motif is defined by two consecutive arginine residues (RR) or with a single residue insertion (RXR). The motif is completed by an adjacent hydrophobic/arginine residue which may be on either side of the Arg pair.,PF00400,WD40,"WD domain, G-beta repeat","([LIVMFYWPR]R[^YFWDE]{0,1}R)|(R[^YFWDE]{0,1}R[LIVMFYWPR])",RRRR,532,535,GABR1_HUMAN,Homo sapiens,10939334,true positive,27,0,disordered
ELME000012,TRG_ER_diArg_1,di Arginine retention/retrieving signal,TRG,The di-Arg ER retention motif is defined by two consecutive arginine residues (RR) or with a single residue insertion (RXR). The motif is completed by an adjacent hydrophobic/arginine residue which may be on either side of the Arg pair.,PF00400,WD40,"WD domain, G-beta repeat","([LIVMFYWPR]R[^YFWDE]{0,1}R)|(R[^YFWDE]{0,1}R[LIVMFYWPR])",RRRR,532,535,GPR15_HUMAN,Homo sapiens,21189250,true positive,27,0,disordered
ELME000012,TRG_ER_diArg_1,di Arginine retention/retrieving signal,TRG,The di-Arg ER retention motif is defined by two consecutive arginine residues (RR) or with a single residue insertion (RXR). The motif is completed by an adjacent hydrophobic/arginine residue which may be on either side of the Arg pair.,PF00400,WD40,"WD domain, G-beta repeat","([LIVMFYWPR]R[^YFWDE]{0,1}R)|(R[^YFWDE]{0,1}R[LIVMFYWPR])",RRRR,532,535,GRIK5_HUMAN,Homo sapiens,12878702,true positive,27,0,disordered
ELME000012,TRG_ER_diArg_1,di Arginine retention/retrieving signal,TRG,The di-Arg ER retention motif is defined by two consecutive arginine residues (RR) or with a single residue insertion (RXR). The motif is completed by an adjacent hydrophobic/arginine residue which may be on either side of the Arg pair.,PF00400,WD40,"WD domain, G-beta repeat","([LIVMFYWPR]R[^YFWDE]{0,1}R)|(R[^YFWDE]{0,1}R[LIVMFYWPR])",RRRR,532,535,HG2A_HUMAN,Homo sapiens,8157008,true positive,27,0,disordered
ELME000012,TRG_ER_diArg_1,di Arginine retention/retrieving signal,TRG,The di-Arg ER retention motif is defined by two consecutive arginine residues (RR) or with a single residue insertion (RXR). The motif is completed by an adjacent hydrophobic/arginine residue which may be on either side of the Arg pair.,PF00400,WD40,"WD domain, G-beta repeat","([LIVMFYWPR]R[^YFWDE]{0,1}R)|(R[^YFWDE]{0,1}R[LIVMFYWPR])",RRRR,532,535,HMDH_NICSY,Nicotiana sylvestris,8970721,true positive,27,0,disordered
ELME000012,TRG_ER_diArg_1,di Arginine retention/retrieving signal,TRG,The di-Arg ER retention motif is defined by two consecutive arginine residues (RR) or with a single residue insertion (RXR). The motif is completed by an adjacent hydrophobic/arginine residue which may be on either side of the Arg pair.,PF00400,WD40,"WD domain, G-beta repeat","([LIVMFYWPR]R[^YFWDE]{0,1}R)|(R[^YFWDE]{0,1}R[LIVMFYWPR])",RRRR,532,535,IRK11_HUMAN,Homo sapiens,10197533 12699619,true positive,27,0,disordered
ELME000012,TRG_ER_diArg_1,di Arginine retention/retrieving signal,TRG,The di-Arg ER retention motif is defined by two consecutive arginine residues (RR) or with a single residue insertion (RXR). The motif is completed by an adjacent hydrophobic/arginine residue which may be on either side of the Arg pair.,PF00400,WD40,"WD domain, G-beta repeat","([LIVMFYWPR]R[^YFWDE]{0,1}R)|(R[^YFWDE]{0,1}R[LIVMFYWPR])",RRRR,532,535,IRK8_HUMAN,Homo sapiens,10197533,true positive,27,0,disordered
ELME000012,TRG_ER_diArg_1,di Arginine retention/retrieving signal,TRG,The di-Arg ER retention motif is defined by two consecutive arginine residues (RR) or with a single residue insertion (RXR). The motif is completed by an adjacent hydrophobic/arginine residue which may be on either side of the Arg pair.,PF00400,WD40,"WD domain, G-beta repeat","([LIVMFYWPR]R[^YFWDE]{0,1}R)|(R[^YFWDE]{0,1}R[LIVMFYWPR])",RRRR,532,535,MSHR_HUMAN,Homo sapiens,19452503,true positive,27,0,disordered
ELME000012,TRG_ER_diArg_1,di Arginine retention/retrieving signal,TRG,The di-Arg ER retention motif is defined by two consecutive arginine residues (RR) or with a single residue insertion (RXR). The motif is completed by an adjacent hydrophobic/arginine residue which may be on either side of the Arg pair.,PF00400,WD40,"WD domain, G-beta repeat","([LIVMFYWPR]R[^YFWDE]{0,1}R)|(R[^YFWDE]{0,1}R[LIVMFYWPR])",RRRR,532,535,NMDZ1_HUMAN,Homo sapiens,11163274,true positive,27,0,disordered
ELME000012,TRG_ER_diArg_1,di Arginine retention/retrieving signal,TRG,The di-Arg ER retention motif is defined by two consecutive arginine residues (RR) or with a single residue insertion (RXR). The motif is completed by an adjacent hydrophobic/arginine residue which may be on either side of the Arg pair.,PF00400,WD40,"WD domain, G-beta repeat","([LIVMFYWPR]R[^YFWDE]{0,1}R)|(R[^YFWDE]{0,1}R[LIVMFYWPR])",RRRR,532,535,NMDZ1_HUMAN,Homo sapiens,11312291,true positive,27,0,disordered
ELME000012,TRG_ER_diArg_1,di Arginine retention/retrieving signal,TRG,The di-Arg ER retention motif is defined by two consecutive arginine residues (RR) or with a single residue insertion (RXR). The motif is completed by an adjacent hydrophobic/arginine residue which may be on either side of the Arg pair.,PF00400,WD40,"WD domain, G-beta repeat","([LIVMFYWPR]R[^YFWDE]{0,1}R)|(R[^YFWDE]{0,1}R[LIVMFYWPR])",RRRR,532,535,P2RX7_HUMAN,Homo sapiens,19263245,true positive,27,0,disordered
ELME000012,TRG_ER_diArg_1,di Arginine retention/retrieving signal,TRG,The di-Arg ER retention motif is defined by two consecutive arginine residues (RR) or with a single residue insertion (RXR). The motif is completed by an adjacent hydrophobic/arginine residue which may be on either side of the Arg pair.,PF00400,WD40,"WD domain, G-beta repeat","([LIVMFYWPR]R[^YFWDE]{0,1}R)|(R[^YFWDE]{0,1}R[LIVMFYWPR])",RRRR,532,535,PAR4_HUMAN,Homo sapiens,22411985,true positive,27,0,disordered
ELME000012,TRG_ER_diArg_1,di Arginine retention/retrieving signal,TRG,The di-Arg ER retention motif is defined by two consecutive arginine residues (RR) or with a single residue insertion (RXR). The motif is completed by an adjacent hydrophobic/arginine residue which may be on either side of the Arg pair.,PF00400,WD40,"WD domain, G-beta repeat","([LIVMFYWPR]R[^YFWDE]{0,1}R)|(R[^YFWDE]{0,1}R[LIVMFYWPR])",RRRR,532,535,PPLA_HUMAN,Homo sapiens,20634894,true positive,27,0,disordered
ELME000012,TRG_ER_diArg_1,di Arginine retention/retrieving signal,TRG,The di-Arg ER retention motif is defined by two consecutive arginine residues (RR) or with a single residue insertion (RXR). The motif is completed by an adjacent hydrophobic/arginine residue which may be on either side of the Arg pair.,PF00400,WD40,"WD domain, G-beta repeat","([LIVMFYWPR]R[^YFWDE]{0,1}R)|(R[^YFWDE]{0,1}R[LIVMFYWPR])",RRRR,532,535,Q58F09_HUMAN,Homo sapiens,12626409,true positive,27,0,disordered
ELME000012,TRG_ER_diArg_1,di Arginine retention/retrieving signal,TRG,The di-Arg ER retention motif is defined by two consecutive arginine residues (RR) or with a single residue insertion (RXR). The motif is completed by an adjacent hydrophobic/arginine residue which may be on either side of the Arg pair.,PF00400,WD40,"WD domain, G-beta repeat","([LIVMFYWPR]R[^YFWDE]{0,1}R)|(R[^YFWDE]{0,1}R[LIVMFYWPR])",RRRR,532,535,S12A5_RAT,Rattus norvegicus,19679663,true positive,27,0,disordered
ELME000012,TRG_ER_diArg_1,di Arginine retention/retrieving signal,TRG,The di-Arg ER retention motif is defined by two consecutive arginine residues (RR) or with a single residue insertion (RXR). The motif is completed by an adjacent hydrophobic/arginine residue which may be on either side of the Arg pair.,PF00400,WD40,"WD domain, G-beta repeat","([LIVMFYWPR]R[^YFWDE]{0,1}R)|(R[^YFWDE]{0,1}R[LIVMFYWPR])",RRRR,532,535,SCNAA_RAT,Rattus norvegicus,18782866,true positive,27,0,disordered
ELME000012,TRG_ER_diArg_1,di Arginine retention/retrieving signal,TRG,The di-Arg ER retention motif is defined by two consecutive arginine residues (RR) or with a single residue insertion (RXR). The motif is completed by an adjacent hydrophobic/arginine residue which may be on either side of the Arg pair.,PF00400,WD40,"WD domain, G-beta repeat","([LIVMFYWPR]R[^YFWDE]{0,1}R)|(R[^YFWDE]{0,1}R[LIVMFYWPR])",RRRR,532,535,SGMR1_HUMAN,Homo sapiens,20634894,true positive,27,0,disordered
ELME000012,TRG_ER_diArg_1,di Arginine retention/retrieving signal,TRG,The di-Arg ER retention motif is defined by two consecutive arginine residues (RR) or with a single residue insertion (RXR). The motif is completed by an adjacent hydrophobic/arginine residue which may be on either side of the Arg pair.,PF00400,WD40,"WD domain, G-beta repeat","([LIVMFYWPR]R[^YFWDE]{0,1}R)|(R[^YFWDE]{0,1}R[LIVMFYWPR])",RRRR,532,535,SIAT9_MOUSE,Mus musculus,19420140,true positive,27,0,disordered
ELME000012,TRG_ER_diArg_1,di Arginine retention/retrieving signal,TRG,The di-Arg ER retention motif is defined by two consecutive arginine residues (RR) or with a single residue insertion (RXR). The motif is completed by an adjacent hydrophobic/arginine residue which may be on either side of the Arg pair.,PF00400,WD40,"WD domain, G-beta repeat","([LIVMFYWPR]R[^YFWDE]{0,1}R)|(R[^YFWDE]{0,1}R[LIVMFYWPR])",RRRR,532,535,SOAT1_HUMAN,Homo sapiens,20634894,true positive,27,0,disordered
ELME000012,TRG_ER_diArg_1,di Arginine retention/retrieving signal,TRG,The di-Arg ER retention motif is defined by two consecutive arginine residues (RR) or with a single residue insertion (RXR). The motif is completed by an adjacent hydrophobic/arginine residue which may be on either side of the Arg pair.,PF00400,WD40,"WD domain, G-beta repeat","([LIVMFYWPR]R[^YFWDE]{0,1}R)|(R[^YFWDE]{0,1}R[LIVMFYWPR])",RRRR,532,535,SRPRB_HUMAN,Homo sapiens,20634894,true positive,27,0,disordered
ELME000012,TRG_ER_diArg_1,di Arginine retention/retrieving signal,TRG,The di-Arg ER retention motif is defined by two consecutive arginine residues (RR) or with a single residue insertion (RXR). The motif is completed by an adjacent hydrophobic/arginine residue which may be on either side of the Arg pair.,PF00400,WD40,"WD domain, G-beta repeat","([LIVMFYWPR]R[^YFWDE]{0,1}R)|(R[^YFWDE]{0,1}R[LIVMFYWPR])",RRRR,532,535,V2R_HUMAN,Homo sapiens,11641431,true positive,27,0,disordered
ELME000012,TRG_ER_diArg_1,di Arginine retention/retrieving signal,TRG,The di-Arg ER retention motif is defined by two consecutive arginine residues (RR) or with a single residue insertion (RXR). The motif is completed by an adjacent hydrophobic/arginine residue which may be on either side of the Arg pair.,PF00400,WD40,"WD domain, G-beta repeat","([LIVMFYWPR]R[^YFWDE]{0,1}R)|(R[^YFWDE]{0,1}R[LIVMFYWPR])",RRRR,533,536,ABCC8_HUMAN,Homo sapiens,10197533,true positive,27,0,disordered
ELME000012,TRG_ER_diArg_1,di Arginine retention/retrieving signal,TRG,The di-Arg ER retention motif is defined by two consecutive arginine residues (RR) or with a single residue insertion (RXR). The motif is completed by an adjacent hydrophobic/arginine residue which may be on either side of the Arg pair.,PF00400,WD40,"WD domain, G-beta repeat","([LIVMFYWPR]R[^YFWDE]{0,1}R)|(R[^YFWDE]{0,1}R[LIVMFYWPR])",RRRR,533,536,ADA10_HUMAN,Homo sapiens,20100836,true positive,27,0,disordered
ELME000012,TRG_ER_diArg_1,di Arginine retention/retrieving signal,TRG,The di-Arg ER retention motif is defined by two consecutive arginine residues (RR) or with a single residue insertion (RXR). The motif is completed by an adjacent hydrophobic/arginine residue which may be on either side of the Arg pair.,PF00400,WD40,"WD domain, G-beta repeat","([LIVMFYWPR]R[^YFWDE]{0,1}R)|(R[^YFWDE]{0,1}R[LIVMFYWPR])",RRRR,533,536,ADA22_HUMAN,Homo sapiens,16868027,true positive,27,0,disordered
ELME000012,TRG_ER_diArg_1,di Arginine retention/retrieving signal,TRG,The di-Arg ER retention motif is defined by two consecutive arginine residues (RR) or with a single residue insertion (RXR). The motif is completed by an adjacent hydrophobic/arginine residue which may be on either side of the Arg pair.,PF00400,WD40,"WD domain, G-beta repeat","([LIVMFYWPR]R[^YFWDE]{0,1}R)|(R[^YFWDE]{0,1}R[LIVMFYWPR])",RRRR,533,536,C8ZIX9_YEAS8,Saccharomyces cerevisiae EC1118,18083825,true positive,27,0,disordered
ELME000012,TRG_ER_diArg_1,di Arginine retention/retrieving signal,TRG,The di-Arg ER retention motif is defined by two consecutive arginine residues (RR) or with a single residue insertion (RXR). The motif is completed by an adjacent hydrophobic/arginine residue which may be on either side of the Arg pair.,PF00400,WD40,"WD domain, G-beta repeat","([LIVMFYWPR]R[^YFWDE]{0,1}R)|(R[^YFWDE]{0,1}R[LIVMFYWPR])",RRRR,533,536,GABR1_HUMAN,Homo sapiens,10939334,true positive,27,0,disordered
ELME000012,TRG_ER_diArg_1,di Arginine retention/retrieving signal,TRG,The di-Arg ER retention motif is defined by two consecutive arginine residues (RR) or with a single residue insertion (RXR). The motif is completed by an adjacent hydrophobic/arginine residue which may be on either side of the Arg pair.,PF00400,WD40,"WD domain, G-beta repeat","([LIVMFYWPR]R[^YFWDE]{0,1}R)|(R[^YFWDE]{0,1}R[LIVMFYWPR])",RRRR,533,536,GPR15_HUMAN,Homo sapiens,21189250,true positive,27,0,disordered
ELME000012,TRG_ER_diArg_1,di Arginine retention/retrieving signal,TRG,The di-Arg ER retention motif is defined by two consecutive arginine residues (RR) or with a single residue insertion (RXR). The motif is completed by an adjacent hydrophobic/arginine residue which may be on either side of the Arg pair.,PF00400,WD40,"WD domain, G-beta repeat","([LIVMFYWPR]R[^YFWDE]{0,1}R)|(R[^YFWDE]{0,1}R[LIVMFYWPR])",RRRR,533,536,GRIK5_HUMAN,Homo sapiens,12878702,true positive,27,0,disordered
ELME000012,TRG_ER_diArg_1,di Arginine retention/retrieving signal,TRG,The di-Arg ER retention motif is defined by two consecutive arginine residues (RR) or with a single residue insertion (RXR). The motif is completed by an adjacent hydrophobic/arginine residue which may be on either side of the Arg pair.,PF00400,WD40,"WD domain, G-beta repeat","([LIVMFYWPR]R[^YFWDE]{0,1}R)|(R[^YFWDE]{0,1}R[LIVMFYWPR])",RRRR,533,536,HG2A_HUMAN,Homo sapiens,8157008,true positive,27,0,disordered
ELME000012,TRG_ER_diArg_1,di Arginine retention/retrieving signal,TRG,The di-Arg ER retention motif is defined by two consecutive arginine residues (RR) or with a single residue insertion (RXR). The motif is completed by an adjacent hydrophobic/arginine residue which may be on either side of the Arg pair.,PF00400,WD40,"WD domain, G-beta repeat","([LIVMFYWPR]R[^YFWDE]{0,1}R)|(R[^YFWDE]{0,1}R[LIVMFYWPR])",RRRR,533,536,HMDH_NICSY,Nicotiana sylvestris,8970721,true positive,27,0,disordered
ELME000012,TRG_ER_diArg_1,di Arginine retention/retrieving signal,TRG,The di-Arg ER retention motif is defined by two consecutive arginine residues (RR) or with a single residue insertion (RXR). The motif is completed by an adjacent hydrophobic/arginine residue which may be on either side of the Arg pair.,PF00400,WD40,"WD domain, G-beta repeat","([LIVMFYWPR]R[^YFWDE]{0,1}R)|(R[^YFWDE]{0,1}R[LIVMFYWPR])",RRRR,533,536,IRK11_HUMAN,Homo sapiens,10197533 12699619,true positive,27,0,disordered
ELME000012,TRG_ER_diArg_1,di Arginine retention/retrieving signal,TRG,The di-Arg ER retention motif is defined by two consecutive arginine residues (RR) or with a single residue insertion (RXR). The motif is completed by an adjacent hydrophobic/arginine residue which may be on either side of the Arg pair.,PF00400,WD40,"WD domain, G-beta repeat","([LIVMFYWPR]R[^YFWDE]{0,1}R)|(R[^YFWDE]{0,1}R[LIVMFYWPR])",RRRR,533,536,IRK8_HUMAN,Homo sapiens,10197533,true positive,27,0,disordered
ELME000012,TRG_ER_diArg_1,di Arginine retention/retrieving signal,TRG,The di-Arg ER retention motif is defined by two consecutive arginine residues (RR) or with a single residue insertion (RXR). The motif is completed by an adjacent hydrophobic/arginine residue which may be on either side of the Arg pair.,PF00400,WD40,"WD domain, G-beta repeat","([LIVMFYWPR]R[^YFWDE]{0,1}R)|(R[^YFWDE]{0,1}R[LIVMFYWPR])",RRRR,533,536,MSHR_HUMAN,Homo sapiens,19452503,true positive,27,0,disordered
ELME000012,TRG_ER_diArg_1,di Arginine retention/retrieving signal,TRG,The di-Arg ER retention motif is defined by two consecutive arginine residues (RR) or with a single residue insertion (RXR). The motif is completed by an adjacent hydrophobic/arginine residue which may be on either side of the Arg pair.,PF00400,WD40,"WD domain, G-beta repeat","([LIVMFYWPR]R[^YFWDE]{0,1}R)|(R[^YFWDE]{0,1}R[LIVMFYWPR])",RRRR,533,536,NMDZ1_HUMAN,Homo sapiens,11163274,true positive,27,0,disordered
ELME000012,TRG_ER_diArg_1,di Arginine retention/retrieving signal,TRG,The di-Arg ER retention motif is defined by two consecutive arginine residues (RR) or with a single residue insertion (RXR). The motif is completed by an adjacent hydrophobic/arginine residue which may be on either side of the Arg pair.,PF00400,WD40,"WD domain, G-beta repeat","([LIVMFYWPR]R[^YFWDE]{0,1}R)|(R[^YFWDE]{0,1}R[LIVMFYWPR])",RRRR,533,536,NMDZ1_HUMAN,Homo sapiens,11312291,true positive,27,0,disordered
ELME000012,TRG_ER_diArg_1,di Arginine retention/retrieving signal,TRG,The di-Arg ER retention motif is defined by two consecutive arginine residues (RR) or with a single residue insertion (RXR). The motif is completed by an adjacent hydrophobic/arginine residue which may be on either side of the Arg pair.,PF00400,WD40,"WD domain, G-beta repeat","([LIVMFYWPR]R[^YFWDE]{0,1}R)|(R[^YFWDE]{0,1}R[LIVMFYWPR])",RRRR,533,536,P2RX7_HUMAN,Homo sapiens,19263245,true positive,27,0,disordered
ELME000012,TRG_ER_diArg_1,di Arginine retention/retrieving signal,TRG,The di-Arg ER retention motif is defined by two consecutive arginine residues (RR) or with a single residue insertion (RXR). The motif is completed by an adjacent hydrophobic/arginine residue which may be on either side of the Arg pair.,PF00400,WD40,"WD domain, G-beta repeat","([LIVMFYWPR]R[^YFWDE]{0,1}R)|(R[^YFWDE]{0,1}R[LIVMFYWPR])",RRRR,533,536,PAR4_HUMAN,Homo sapiens,22411985,true positive,27,0,disordered
ELME000012,TRG_ER_diArg_1,di Arginine retention/retrieving signal,TRG,The di-Arg ER retention motif is defined by two consecutive arginine residues (RR) or with a single residue insertion (RXR). The motif is completed by an adjacent hydrophobic/arginine residue which may be on either side of the Arg pair.,PF00400,WD40,"WD domain, G-beta repeat","([LIVMFYWPR]R[^YFWDE]{0,1}R)|(R[^YFWDE]{0,1}R[LIVMFYWPR])",RRRR,533,536,PPLA_HUMAN,Homo sapiens,20634894,true positive,27,0,disordered
ELME000012,TRG_ER_diArg_1,di Arginine retention/retrieving signal,TRG,The di-Arg ER retention motif is defined by two consecutive arginine residues (RR) or with a single residue insertion (RXR). The motif is completed by an adjacent hydrophobic/arginine residue which may be on either side of the Arg pair.,PF00400,WD40,"WD domain, G-beta repeat","([LIVMFYWPR]R[^YFWDE]{0,1}R)|(R[^YFWDE]{0,1}R[LIVMFYWPR])",RRRR,533,536,Q58F09_HUMAN,Homo sapiens,12626409,true positive,27,0,disordered
ELME000012,TRG_ER_diArg_1,di Arginine retention/retrieving signal,TRG,The di-Arg ER retention motif is defined by two consecutive arginine residues (RR) or with a single residue insertion (RXR). The motif is completed by an adjacent hydrophobic/arginine residue which may be on either side of the Arg pair.,PF00400,WD40,"WD domain, G-beta repeat","([LIVMFYWPR]R[^YFWDE]{0,1}R)|(R[^YFWDE]{0,1}R[LIVMFYWPR])",RRRR,533,536,S12A5_RAT,Rattus norvegicus,19679663,true positive,27,0,disordered
ELME000012,TRG_ER_diArg_1,di Arginine retention/retrieving signal,TRG,The di-Arg ER retention motif is defined by two consecutive arginine residues (RR) or with a single residue insertion (RXR). The motif is completed by an adjacent hydrophobic/arginine residue which may be on either side of the Arg pair.,PF00400,WD40,"WD domain, G-beta repeat","([LIVMFYWPR]R[^YFWDE]{0,1}R)|(R[^YFWDE]{0,1}R[LIVMFYWPR])",RRRR,533,536,SCNAA_RAT,Rattus norvegicus,18782866,true positive,27,0,disordered
ELME000012,TRG_ER_diArg_1,di Arginine retention/retrieving signal,TRG,The di-Arg ER retention motif is defined by two consecutive arginine residues (RR) or with a single residue insertion (RXR). The motif is completed by an adjacent hydrophobic/arginine residue which may be on either side of the Arg pair.,PF00400,WD40,"WD domain, G-beta repeat","([LIVMFYWPR]R[^YFWDE]{0,1}R)|(R[^YFWDE]{0,1}R[LIVMFYWPR])",RRRR,533,536,SGMR1_HUMAN,Homo sapiens,20634894,true positive,27,0,disordered
ELME000012,TRG_ER_diArg_1,di Arginine retention/retrieving signal,TRG,The di-Arg ER retention motif is defined by two consecutive arginine residues (RR) or with a single residue insertion (RXR). The motif is completed by an adjacent hydrophobic/arginine residue which may be on either side of the Arg pair.,PF00400,WD40,"WD domain, G-beta repeat","([LIVMFYWPR]R[^YFWDE]{0,1}R)|(R[^YFWDE]{0,1}R[LIVMFYWPR])",RRRR,533,536,SIAT9_MOUSE,Mus musculus,19420140,true positive,27,0,disordered
ELME000012,TRG_ER_diArg_1,di Arginine retention/retrieving signal,TRG,The di-Arg ER retention motif is defined by two consecutive arginine residues (RR) or with a single residue insertion (RXR). The motif is completed by an adjacent hydrophobic/arginine residue which may be on either side of the Arg pair.,PF00400,WD40,"WD domain, G-beta repeat","([LIVMFYWPR]R[^YFWDE]{0,1}R)|(R[^YFWDE]{0,1}R[LIVMFYWPR])",RRRR,533,536,SOAT1_HUMAN,Homo sapiens,20634894,true positive,27,0,disordered
ELME000012,TRG_ER_diArg_1,di Arginine retention/retrieving signal,TRG,The di-Arg ER retention motif is defined by two consecutive arginine residues (RR) or with a single residue insertion (RXR). The motif is completed by an adjacent hydrophobic/arginine residue which may be on either side of the Arg pair.,PF00400,WD40,"WD domain, G-beta repeat","([LIVMFYWPR]R[^YFWDE]{0,1}R)|(R[^YFWDE]{0,1}R[LIVMFYWPR])",RRRR,533,536,SRPRB_HUMAN,Homo sapiens,20634894,true positive,27,0,disordered
ELME000012,TRG_ER_diArg_1,di Arginine retention/retrieving signal,TRG,The di-Arg ER retention motif is defined by two consecutive arginine residues (RR) or with a single residue insertion (RXR). The motif is completed by an adjacent hydrophobic/arginine residue which may be on either side of the Arg pair.,PF00400,WD40,"WD domain, G-beta repeat","([LIVMFYWPR]R[^YFWDE]{0,1}R)|(R[^YFWDE]{0,1}R[LIVMFYWPR])",RRRR,533,536,V2R_HUMAN,Homo sapiens,11641431,true positive,27,0,disordered
ELME000012,TRG_ER_diArg_1,di Arginine retention/retrieving signal,TRG,The di-Arg ER retention motif is defined by two consecutive arginine residues (RR) or with a single residue insertion (RXR). The motif is completed by an adjacent hydrophobic/arginine residue which may be on either side of the Arg pair.,PF00400,WD40,"WD domain, G-beta repeat","([LIVMFYWPR]R[^YFWDE]{0,1}R)|(R[^YFWDE]{0,1}R[LIVMFYWPR])",RRR,534,536,ABCC8_HUMAN,Homo sapiens,10197533,true positive,27,0,disordered
ELME000012,TRG_ER_diArg_1,di Arginine retention/retrieving signal,TRG,The di-Arg ER retention motif is defined by two consecutive arginine residues (RR) or with a single residue insertion (RXR). The motif is completed by an adjacent hydrophobic/arginine residue which may be on either side of the Arg pair.,PF00400,WD40,"WD domain, G-beta repeat","([LIVMFYWPR]R[^YFWDE]{0,1}R)|(R[^YFWDE]{0,1}R[LIVMFYWPR])",RRR,534,536,ADA10_HUMAN,Homo sapiens,20100836,true positive,27,0,disordered
ELME000012,TRG_ER_diArg_1,di Arginine retention/retrieving signal,TRG,The di-Arg ER retention motif is defined by two consecutive arginine residues (RR) or with a single residue insertion (RXR). The motif is completed by an adjacent hydrophobic/arginine residue which may be on either side of the Arg pair.,PF00400,WD40,"WD domain, G-beta repeat","([LIVMFYWPR]R[^YFWDE]{0,1}R)|(R[^YFWDE]{0,1}R[LIVMFYWPR])",RRR,534,536,ADA22_HUMAN,Homo sapiens,16868027,true positive,27,0,disordered
ELME000012,TRG_ER_diArg_1,di Arginine retention/retrieving signal,TRG,The di-Arg ER retention motif is defined by two consecutive arginine residues (RR) or with a single residue insertion (RXR). The motif is completed by an adjacent hydrophobic/arginine residue which may be on either side of the Arg pair.,PF00400,WD40,"WD domain, G-beta repeat","([LIVMFYWPR]R[^YFWDE]{0,1}R)|(R[^YFWDE]{0,1}R[LIVMFYWPR])",RRR,534,536,C8ZIX9_YEAS8,Saccharomyces cerevisiae EC1118,18083825,true positive,27,0,disordered
ELME000012,TRG_ER_diArg_1,di Arginine retention/retrieving signal,TRG,The di-Arg ER retention motif is defined by two consecutive arginine residues (RR) or with a single residue insertion (RXR). The motif is completed by an adjacent hydrophobic/arginine residue which may be on either side of the Arg pair.,PF00400,WD40,"WD domain, G-beta repeat","([LIVMFYWPR]R[^YFWDE]{0,1}R)|(R[^YFWDE]{0,1}R[LIVMFYWPR])",RRR,534,536,GABR1_HUMAN,Homo sapiens,10939334,true positive,27,0,disordered
ELME000012,TRG_ER_diArg_1,di Arginine retention/retrieving signal,TRG,The di-Arg ER retention motif is defined by two consecutive arginine residues (RR) or with a single residue insertion (RXR). The motif is completed by an adjacent hydrophobic/arginine residue which may be on either side of the Arg pair.,PF00400,WD40,"WD domain, G-beta repeat","([LIVMFYWPR]R[^YFWDE]{0,1}R)|(R[^YFWDE]{0,1}R[LIVMFYWPR])",RRR,534,536,GPR15_HUMAN,Homo sapiens,21189250,true positive,27,0,disordered
ELME000012,TRG_ER_diArg_1,di Arginine retention/retrieving signal,TRG,The di-Arg ER retention motif is defined by two consecutive arginine residues (RR) or with a single residue insertion (RXR). The motif is completed by an adjacent hydrophobic/arginine residue which may be on either side of the Arg pair.,PF00400,WD40,"WD domain, G-beta repeat","([LIVMFYWPR]R[^YFWDE]{0,1}R)|(R[^YFWDE]{0,1}R[LIVMFYWPR])",RRR,534,536,GRIK5_HUMAN,Homo sapiens,12878702,true positive,27,0,disordered
ELME000012,TRG_ER_diArg_1,di Arginine retention/retrieving signal,TRG,The di-Arg ER retention motif is defined by two consecutive arginine residues (RR) or with a single residue insertion (RXR). The motif is completed by an adjacent hydrophobic/arginine residue which may be on either side of the Arg pair.,PF00400,WD40,"WD domain, G-beta repeat","([LIVMFYWPR]R[^YFWDE]{0,1}R)|(R[^YFWDE]{0,1}R[LIVMFYWPR])",RRR,534,536,HG2A_HUMAN,Homo sapiens,8157008,true positive,27,0,disordered
ELME000012,TRG_ER_diArg_1,di Arginine retention/retrieving signal,TRG,The di-Arg ER retention motif is defined by two consecutive arginine residues (RR) or with a single residue insertion (RXR). The motif is completed by an adjacent hydrophobic/arginine residue which may be on either side of the Arg pair.,PF00400,WD40,"WD domain, G-beta repeat","([LIVMFYWPR]R[^YFWDE]{0,1}R)|(R[^YFWDE]{0,1}R[LIVMFYWPR])",RRR,534,536,HMDH_NICSY,Nicotiana sylvestris,8970721,true positive,27,0,disordered
ELME000012,TRG_ER_diArg_1,di Arginine retention/retrieving signal,TRG,The di-Arg ER retention motif is defined by two consecutive arginine residues (RR) or with a single residue insertion (RXR). The motif is completed by an adjacent hydrophobic/arginine residue which may be on either side of the Arg pair.,PF00400,WD40,"WD domain, G-beta repeat","([LIVMFYWPR]R[^YFWDE]{0,1}R)|(R[^YFWDE]{0,1}R[LIVMFYWPR])",RRR,534,536,IRK11_HUMAN,Homo sapiens,10197533 12699619,true positive,27,0,disordered
ELME000012,TRG_ER_diArg_1,di Arginine retention/retrieving signal,TRG,The di-Arg ER retention motif is defined by two consecutive arginine residues (RR) or with a single residue insertion (RXR). The motif is completed by an adjacent hydrophobic/arginine residue which may be on either side of the Arg pair.,PF00400,WD40,"WD domain, G-beta repeat","([LIVMFYWPR]R[^YFWDE]{0,1}R)|(R[^YFWDE]{0,1}R[LIVMFYWPR])",RRR,534,536,IRK8_HUMAN,Homo sapiens,10197533,true positive,27,0,disordered
ELME000012,TRG_ER_diArg_1,di Arginine retention/retrieving signal,TRG,The di-Arg ER retention motif is defined by two consecutive arginine residues (RR) or with a single residue insertion (RXR). The motif is completed by an adjacent hydrophobic/arginine residue which may be on either side of the Arg pair.,PF00400,WD40,"WD domain, G-beta repeat","([LIVMFYWPR]R[^YFWDE]{0,1}R)|(R[^YFWDE]{0,1}R[LIVMFYWPR])",RRR,534,536,MSHR_HUMAN,Homo sapiens,19452503,true positive,27,0,disordered
ELME000012,TRG_ER_diArg_1,di Arginine retention/retrieving signal,TRG,The di-Arg ER retention motif is defined by two consecutive arginine residues (RR) or with a single residue insertion (RXR). The motif is completed by an adjacent hydrophobic/arginine residue which may be on either side of the Arg pair.,PF00400,WD40,"WD domain, G-beta repeat","([LIVMFYWPR]R[^YFWDE]{0,1}R)|(R[^YFWDE]{0,1}R[LIVMFYWPR])",RRR,534,536,NMDZ1_HUMAN,Homo sapiens,11163274,true positive,27,0,disordered
ELME000012,TRG_ER_diArg_1,di Arginine retention/retrieving signal,TRG,The di-Arg ER retention motif is defined by two consecutive arginine residues (RR) or with a single residue insertion (RXR). The motif is completed by an adjacent hydrophobic/arginine residue which may be on either side of the Arg pair.,PF00400,WD40,"WD domain, G-beta repeat","([LIVMFYWPR]R[^YFWDE]{0,1}R)|(R[^YFWDE]{0,1}R[LIVMFYWPR])",RRR,534,536,NMDZ1_HUMAN,Homo sapiens,11312291,true positive,27,0,disordered
ELME000012,TRG_ER_diArg_1,di Arginine retention/retrieving signal,TRG,The di-Arg ER retention motif is defined by two consecutive arginine residues (RR) or with a single residue insertion (RXR). The motif is completed by an adjacent hydrophobic/arginine residue which may be on either side of the Arg pair.,PF00400,WD40,"WD domain, G-beta repeat","([LIVMFYWPR]R[^YFWDE]{0,1}R)|(R[^YFWDE]{0,1}R[LIVMFYWPR])",RRR,534,536,P2RX7_HUMAN,Homo sapiens,19263245,true positive,27,0,disordered
ELME000012,TRG_ER_diArg_1,di Arginine retention/retrieving signal,TRG,The di-Arg ER retention motif is defined by two consecutive arginine residues (RR) or with a single residue insertion (RXR). The motif is completed by an adjacent hydrophobic/arginine residue which may be on either side of the Arg pair.,PF00400,WD40,"WD domain, G-beta repeat","([LIVMFYWPR]R[^YFWDE]{0,1}R)|(R[^YFWDE]{0,1}R[LIVMFYWPR])",RRR,534,536,PAR4_HUMAN,Homo sapiens,22411985,true positive,27,0,disordered
ELME000012,TRG_ER_diArg_1,di Arginine retention/retrieving signal,TRG,The di-Arg ER retention motif is defined by two consecutive arginine residues (RR) or with a single residue insertion (RXR). The motif is completed by an adjacent hydrophobic/arginine residue which may be on either side of the Arg pair.,PF00400,WD40,"WD domain, G-beta repeat","([LIVMFYWPR]R[^YFWDE]{0,1}R)|(R[^YFWDE]{0,1}R[LIVMFYWPR])",RRR,534,536,PPLA_HUMAN,Homo sapiens,20634894,true positive,27,0,disordered
ELME000012,TRG_ER_diArg_1,di Arginine retention/retrieving signal,TRG,The di-Arg ER retention motif is defined by two consecutive arginine residues (RR) or with a single residue insertion (RXR). The motif is completed by an adjacent hydrophobic/arginine residue which may be on either side of the Arg pair.,PF00400,WD40,"WD domain, G-beta repeat","([LIVMFYWPR]R[^YFWDE]{0,1}R)|(R[^YFWDE]{0,1}R[LIVMFYWPR])",RRR,534,536,Q58F09_HUMAN,Homo sapiens,12626409,true positive,27,0,disordered
ELME000012,TRG_ER_diArg_1,di Arginine retention/retrieving signal,TRG,The di-Arg ER retention motif is defined by two consecutive arginine residues (RR) or with a single residue insertion (RXR). The motif is completed by an adjacent hydrophobic/arginine residue which may be on either side of the Arg pair.,PF00400,WD40,"WD domain, G-beta repeat","([LIVMFYWPR]R[^YFWDE]{0,1}R)|(R[^YFWDE]{0,1}R[LIVMFYWPR])",RRR,534,536,S12A5_RAT,Rattus norvegicus,19679663,true positive,27,0,disordered
ELME000012,TRG_ER_diArg_1,di Arginine retention/retrieving signal,TRG,The di-Arg ER retention motif is defined by two consecutive arginine residues (RR) or with a single residue insertion (RXR). The motif is completed by an adjacent hydrophobic/arginine residue which may be on either side of the Arg pair.,PF00400,WD40,"WD domain, G-beta repeat","([LIVMFYWPR]R[^YFWDE]{0,1}R)|(R[^YFWDE]{0,1}R[LIVMFYWPR])",RRR,534,536,SCNAA_RAT,Rattus norvegicus,18782866,true positive,27,0,disordered
ELME000012,TRG_ER_diArg_1,di Arginine retention/retrieving signal,TRG,The di-Arg ER retention motif is defined by two consecutive arginine residues (RR) or with a single residue insertion (RXR). The motif is completed by an adjacent hydrophobic/arginine residue which may be on either side of the Arg pair.,PF00400,WD40,"WD domain, G-beta repeat","([LIVMFYWPR]R[^YFWDE]{0,1}R)|(R[^YFWDE]{0,1}R[LIVMFYWPR])",RRR,534,536,SGMR1_HUMAN,Homo sapiens,20634894,true positive,27,0,disordered
ELME000012,TRG_ER_diArg_1,di Arginine retention/retrieving signal,TRG,The di-Arg ER retention motif is defined by two consecutive arginine residues (RR) or with a single residue insertion (RXR). The motif is completed by an adjacent hydrophobic/arginine residue which may be on either side of the Arg pair.,PF00400,WD40,"WD domain, G-beta repeat","([LIVMFYWPR]R[^YFWDE]{0,1}R)|(R[^YFWDE]{0,1}R[LIVMFYWPR])",RRR,534,536,SIAT9_MOUSE,Mus musculus,19420140,true positive,27,0,disordered
ELME000012,TRG_ER_diArg_1,di Arginine retention/retrieving signal,TRG,The di-Arg ER retention motif is defined by two consecutive arginine residues (RR) or with a single residue insertion (RXR). The motif is completed by an adjacent hydrophobic/arginine residue which may be on either side of the Arg pair.,PF00400,WD40,"WD domain, G-beta repeat","([LIVMFYWPR]R[^YFWDE]{0,1}R)|(R[^YFWDE]{0,1}R[LIVMFYWPR])",RRR,534,536,SOAT1_HUMAN,Homo sapiens,20634894,true positive,27,0,disordered
ELME000012,TRG_ER_diArg_1,di Arginine retention/retrieving signal,TRG,The di-Arg ER retention motif is defined by two consecutive arginine residues (RR) or with a single residue insertion (RXR). The motif is completed by an adjacent hydrophobic/arginine residue which may be on either side of the Arg pair.,PF00400,WD40,"WD domain, G-beta repeat","([LIVMFYWPR]R[^YFWDE]{0,1}R)|(R[^YFWDE]{0,1}R[LIVMFYWPR])",RRR,534,536,SRPRB_HUMAN,Homo sapiens,20634894,true positive,27,0,disordered
ELME000012,TRG_ER_diArg_1,di Arginine retention/retrieving signal,TRG,The di-Arg ER retention motif is defined by two consecutive arginine residues (RR) or with a single residue insertion (RXR). The motif is completed by an adjacent hydrophobic/arginine residue which may be on either side of the Arg pair.,PF00400,WD40,"WD domain, G-beta repeat","([LIVMFYWPR]R[^YFWDE]{0,1}R)|(R[^YFWDE]{0,1}R[LIVMFYWPR])",RRR,534,536,V2R_HUMAN,Homo sapiens,11641431,true positive,27,0,disordered
ELME000270,TRG_NLS_MonoCore_2,NLS classical Nuclear Localization Signals,TRG,Monopartite variant of the classical basically charged NLS. Strong core version.,PF00514,Arm,Armadillo/beta-catenin-like repeat,[^DE]((K[RK])|(RK))[KRP][KR][^DE],NKRRRR,529,534,2B_CMVQ,Cucumber mosaic virus (strain Q),10747034,true positive,18,1,disordered
ELME000270,TRG_NLS_MonoCore_2,NLS classical Nuclear Localization Signals,TRG,Monopartite variant of the classical basically charged NLS. Strong core version.,PF00514,Arm,Armadillo/beta-catenin-like repeat,[^DE]((K[RK])|(RK))[KRP][KR][^DE],NKRRRR,529,534,APC_HUMAN,Homo sapiens,11050185,true positive,18,1,disordered
ELME000270,TRG_NLS_MonoCore_2,NLS classical Nuclear Localization Signals,TRG,Monopartite variant of the classical basically charged NLS. Strong core version.,PF00514,Arm,Armadillo/beta-catenin-like repeat,[^DE]((K[RK])|(RK))[KRP][KR][^DE],NKRRRR,529,534,ATX1_HUMAN,Homo sapiens,9778246,true positive,18,1,disordered
ELME000270,TRG_NLS_MonoCore_2,NLS classical Nuclear Localization Signals,TRG,Monopartite variant of the classical basically charged NLS. Strong core version.,PF00514,Arm,Armadillo/beta-catenin-like repeat,[^DE]((K[RK])|(RK))[KRP][KR][^DE],NKRRRR,529,534,AVRB3_XANEU,Xanthomonas euvesicatoria,8980236,true positive,18,1,disordered
ELME000270,TRG_NLS_MonoCore_2,NLS classical Nuclear Localization Signals,TRG,Monopartite variant of the classical basically charged NLS. Strong core version.,PF00514,Arm,Armadillo/beta-catenin-like repeat,[^DE]((K[RK])|(RK))[KRP][KR][^DE],NKRRRR,529,534,BRCA1_HUMAN,Homo sapiens,8955125,true positive,18,1,disordered
ELME000270,TRG_NLS_MonoCore_2,NLS classical Nuclear Localization Signals,TRG,Monopartite variant of the classical basically charged NLS. Strong core version.,PF00514,Arm,Armadillo/beta-catenin-like repeat,[^DE]((K[RK])|(RK))[KRP][KR][^DE],NKRRRR,529,534,E1A_ADE05,Human adenovirus 5,3614197,true positive,18,1,disordered
ELME000270,TRG_NLS_MonoCore_2,NLS classical Nuclear Localization Signals,TRG,Monopartite variant of the classical basically charged NLS. Strong core version.,PF00514,Arm,Armadillo/beta-catenin-like repeat,[^DE]((K[RK])|(RK))[KRP][KR][^DE],NKRRRR,529,534,FBXW7_HUMAN,Homo sapiens,15498494,true positive,18,1,disordered
ELME000270,TRG_NLS_MonoCore_2,NLS classical Nuclear Localization Signals,TRG,Monopartite variant of the classical basically charged NLS. Strong core version.,PF00514,Arm,Armadillo/beta-catenin-like repeat,[^DE]((K[RK])|(RK))[KRP][KR][^DE],NKRRRR,529,534,JARD2_MOUSE,Mus musculus,12890668,true positive,18,1,disordered
ELME000270,TRG_NLS_MonoCore_2,NLS classical Nuclear Localization Signals,TRG,Monopartite variant of the classical basically charged NLS. Strong core version.,PF00514,Arm,Armadillo/beta-catenin-like repeat,[^DE]((K[RK])|(RK))[KRP][KR][^DE],NKRRRR,529,534,JUN_AVIS1,Avian sarcoma virus 17,1584763,true positive,18,1,disordered
ELME000270,TRG_NLS_MonoCore_2,NLS classical Nuclear Localization Signals,TRG,Monopartite variant of the classical basically charged NLS. Strong core version.,PF00514,Arm,Armadillo/beta-catenin-like repeat,[^DE]((K[RK])|(RK))[KRP][KR][^DE],NKRRRR,529,534,JUN_CHICK,Gallus gallus,1584763,true positive,18,1,disordered
ELME000270,TRG_NLS_MonoCore_2,NLS classical Nuclear Localization Signals,TRG,Monopartite variant of the classical basically charged NLS. Strong core version.,PF00514,Arm,Armadillo/beta-catenin-like repeat,[^DE]((K[RK])|(RK))[KRP][KR][^DE],NKRRRR,529,534,LT_POVMA,Murine polyomavirus strain A2,3000623,true positive,18,1,disordered
ELME000270,TRG_NLS_MonoCore_2,NLS classical Nuclear Localization Signals,TRG,Monopartite variant of the classical basically charged NLS. Strong core version.,PF00514,Arm,Armadillo/beta-catenin-like repeat,[^DE]((K[RK])|(RK))[KRP][KR][^DE],NKRRRR,529,534,LT_SV40,Simian virus 40,6096007 12852786,true positive,18,1,disordered
ELME000270,TRG_NLS_MonoCore_2,NLS classical Nuclear Localization Signals,TRG,Monopartite variant of the classical basically charged NLS. Strong core version.,PF00514,Arm,Armadillo/beta-catenin-like repeat,[^DE]((K[RK])|(RK))[KRP][KR][^DE],NKRRRR,529,534,MAPK3_HUMAN,Homo sapiens,11157753,true positive,18,1,disordered
ELME000270,TRG_NLS_MonoCore_2,NLS classical Nuclear Localization Signals,TRG,Monopartite variant of the classical basically charged NLS. Strong core version.,PF00514,Arm,Armadillo/beta-catenin-like repeat,[^DE]((K[RK])|(RK))[KRP][KR][^DE],NKRRRR,529,534,REV_EIAVY,Equine infectious anemia virus (ISOLATE WYOMING),16571801,true positive,18,1,disordered
ELME000270,TRG_NLS_MonoCore_2,NLS classical Nuclear Localization Signals,TRG,Monopartite variant of the classical basically charged NLS. Strong core version.,PF00514,Arm,Armadillo/beta-catenin-like repeat,[^DE]((K[RK])|(RK))[KRP][KR][^DE],NKRRRR,529,534,TAT_HV1H2,HIV-1 M:B_HXB2R,9430704 9891055,true positive,18,1,disordered
ELME000270,TRG_NLS_MonoCore_2,NLS classical Nuclear Localization Signals,TRG,Monopartite variant of the classical basically charged NLS. Strong core version.,PF00514,Arm,Armadillo/beta-catenin-like repeat,[^DE]((K[RK])|(RK))[KRP][KR][^DE],NKRRRR,529,534,VP2_POVMA,Murine polyomavirus strain A2,1333132,true positive,18,1,disordered
ELME000270,TRG_NLS_MonoCore_2,NLS classical Nuclear Localization Signals,TRG,Monopartite variant of the classical basically charged NLS. Strong core version.,PF00514,Arm,Armadillo/beta-catenin-like repeat,[^DE]((K[RK])|(RK))[KRP][KR][^DE],NKRRRR,529,534,VPRL_FIVSD,Feline immunodeficiency virus (isolate San Diego),15246256,true positive,18,1,disordered
ELME000278,TRG_NLS_MonoExtC_3,NLS classical Nuclear Localization Signals,TRG,Monopartite variant of the classical basically charged NLS. C-extended version.,PF00514,Arm,Armadillo/beta-catenin-like repeat,[^DE]((K[RK])|(RK))(([^DE][KR])|([KR][^DE]))(([PKR])|([^DE][DE])),NKRRRR,529,534,A0A1B4JR46_BURTH,Burkholderia thailandensis,23797873,true positive,23,2,disordered
ELME000278,TRG_NLS_MonoExtC_3,NLS classical Nuclear Localization Signals,TRG,Monopartite variant of the classical basically charged NLS. C-extended version.,PF00514,Arm,Armadillo/beta-catenin-like repeat,[^DE]((K[RK])|(RK))(([^DE][KR])|([KR][^DE]))(([PKR])|([^DE][DE])),NKRRRR,529,534,APC_HUMAN,Homo sapiens,11050185,true positive,23,2,disordered
ELME000278,TRG_NLS_MonoExtC_3,NLS classical Nuclear Localization Signals,TRG,Monopartite variant of the classical basically charged NLS. C-extended version.,PF00514,Arm,Armadillo/beta-catenin-like repeat,[^DE]((K[RK])|(RK))(([^DE][KR])|([KR][^DE]))(([PKR])|([^DE][DE])),NKRRRR,529,534,AVRB3_XANEU,Xanthomonas euvesicatoria,8980236,true positive,23,2,disordered
ELME000278,TRG_NLS_MonoExtC_3,NLS classical Nuclear Localization Signals,TRG,Monopartite variant of the classical basically charged NLS. C-extended version.,PF00514,Arm,Armadillo/beta-catenin-like repeat,[^DE]((K[RK])|(RK))(([^DE][KR])|([KR][^DE]))(([PKR])|([^DE][DE])),NKRRRR,529,534,BRCA1_HUMAN,Homo sapiens,8955125,true positive,23,2,disordered
ELME000278,TRG_NLS_MonoExtC_3,NLS classical Nuclear Localization Signals,TRG,Monopartite variant of the classical basically charged NLS. C-extended version.,PF00514,Arm,Armadillo/beta-catenin-like repeat,[^DE]((K[RK])|(RK))(([^DE][KR])|([KR][^DE]))(([PKR])|([^DE][DE])),NKRRRR,529,534,D2KNN0_ANAPH,Anaplasma phagocytophilum,19543390,true positive,23,2,disordered
ELME000278,TRG_NLS_MonoExtC_3,NLS classical Nuclear Localization Signals,TRG,Monopartite variant of the classical basically charged NLS. C-extended version.,PF00514,Arm,Armadillo/beta-catenin-like repeat,[^DE]((K[RK])|(RK))(([^DE][KR])|([KR][^DE]))(([PKR])|([^DE][DE])),NKRRRR,529,534,E1A_ADE05,Human adenovirus 5,3614197,true positive,23,2,disordered
ELME000278,TRG_NLS_MonoExtC_3,NLS classical Nuclear Localization Signals,TRG,Monopartite variant of the classical basically charged NLS. C-extended version.,PF00514,Arm,Armadillo/beta-catenin-like repeat,[^DE]((K[RK])|(RK))(([^DE][KR])|([KR][^DE]))(([PKR])|([^DE][DE])),NKRRRR,529,534,GAG_HV1H2,HIV-1 M:B_HXB2R,9918876,true positive,23,2,disordered
ELME000278,TRG_NLS_MonoExtC_3,NLS classical Nuclear Localization Signals,TRG,Monopartite variant of the classical basically charged NLS. C-extended version.,PF00514,Arm,Armadillo/beta-catenin-like repeat,[^DE]((K[RK])|(RK))(([^DE][KR])|([KR][^DE]))(([PKR])|([^DE][DE])),NKRRRR,529,534,H2B1_YEAST,Saccharomyces cerevisiae,3123916,true positive,23,2,disordered
ELME000278,TRG_NLS_MonoExtC_3,NLS classical Nuclear Localization Signals,TRG,Monopartite variant of the classical basically charged NLS. C-extended version.,PF00514,Arm,Armadillo/beta-catenin-like repeat,[^DE]((K[RK])|(RK))(([^DE][KR])|([KR][^DE]))(([PKR])|([^DE][DE])),NKRRRR,529,534,JARD2_MOUSE,Mus musculus,12890668,true positive,23,2,disordered
ELME000278,TRG_NLS_MonoExtC_3,NLS classical Nuclear Localization Signals,TRG,Monopartite variant of the classical basically charged NLS. C-extended version.,PF00514,Arm,Armadillo/beta-catenin-like repeat,[^DE]((K[RK])|(RK))(([^DE][KR])|([KR][^DE]))(([PKR])|([^DE][DE])),NKRRRR,529,534,JUN_AVIS1,Avian sarcoma virus 17,1584763,true positive,23,2,disordered
ELME000278,TRG_NLS_MonoExtC_3,NLS classical Nuclear Localization Signals,TRG,Monopartite variant of the classical basically charged NLS. C-extended version.,PF00514,Arm,Armadillo/beta-catenin-like repeat,[^DE]((K[RK])|(RK))(([^DE][KR])|([KR][^DE]))(([PKR])|([^DE][DE])),NKRRRR,529,534,JUN_CHICK,Gallus gallus,1584763,true positive,23,2,disordered
ELME000278,TRG_NLS_MonoExtC_3,NLS classical Nuclear Localization Signals,TRG,Monopartite variant of the classical basically charged NLS. C-extended version.,PF00514,Arm,Armadillo/beta-catenin-like repeat,[^DE]((K[RK])|(RK))(([^DE][KR])|([KR][^DE]))(([PKR])|([^DE][DE])),NKRRRR,529,534,LT_POVMA,Murine polyomavirus strain A2,3000623,true positive,23,2,disordered
ELME000278,TRG_NLS_MonoExtC_3,NLS classical Nuclear Localization Signals,TRG,Monopartite variant of the classical basically charged NLS. C-extended version.,PF00514,Arm,Armadillo/beta-catenin-like repeat,[^DE]((K[RK])|(RK))(([^DE][KR])|([KR][^DE]))(([PKR])|([^DE][DE])),NKRRRR,529,534,LT_SV40,Simian virus 40,6096007 12852786,true positive,23,2,disordered
ELME000278,TRG_NLS_MonoExtC_3,NLS classical Nuclear Localization Signals,TRG,Monopartite variant of the classical basically charged NLS. C-extended version.,PF00514,Arm,Armadillo/beta-catenin-like repeat,[^DE]((K[RK])|(RK))(([^DE][KR])|([KR][^DE]))(([PKR])|([^DE][DE])),NKRRRR,529,534,MYC_HUMAN,Homo sapiens,3054508 10745017,true positive,23,2,disordered
ELME000278,TRG_NLS_MonoExtC_3,NLS classical Nuclear Localization Signals,TRG,Monopartite variant of the classical basically charged NLS. C-extended version.,PF00514,Arm,Armadillo/beta-catenin-like repeat,[^DE]((K[RK])|(RK))(([^DE][KR])|([KR][^DE]))(([PKR])|([^DE][DE])),NKRRRR,529,534,NFKB1_HUMAN,Homo sapiens,12399470,true positive,23,2,disordered
ELME000278,TRG_NLS_MonoExtC_3,NLS classical Nuclear Localization Signals,TRG,Monopartite variant of the classical basically charged NLS. C-extended version.,PF00514,Arm,Armadillo/beta-catenin-like repeat,[^DE]((K[RK])|(RK))(([^DE][KR])|([KR][^DE]))(([PKR])|([^DE][DE])),NKRRRR,529,534,PHO4_YEAST,Saccharomyces cerevisiae S288c,9732266,true positive,23,2,disordered
ELME000278,TRG_NLS_MonoExtC_3,NLS classical Nuclear Localization Signals,TRG,Monopartite variant of the classical basically charged NLS. C-extended version.,PF00514,Arm,Armadillo/beta-catenin-like repeat,[^DE]((K[RK])|(RK))(([^DE][KR])|([KR][^DE]))(([PKR])|([^DE][DE])),NKRRRR,529,534,Q5ZUS4_LEGPH,Legionella pneumophila subsp. pneumophila str. Philadelphia 1,23797873,true positive,23,2,disordered
ELME000278,TRG_NLS_MonoExtC_3,NLS classical Nuclear Localization Signals,TRG,Monopartite variant of the classical basically charged NLS. C-extended version.,PF00514,Arm,Armadillo/beta-catenin-like repeat,[^DE]((K[RK])|(RK))(([^DE][KR])|([KR][^DE]))(([PKR])|([^DE][DE])),NKRRRR,529,534,REX_HTL1A,Human T-cell lymphotrophic virus type 1 (strain ATK),9891056,true positive,23,2,disordered
ELME000278,TRG_NLS_MonoExtC_3,NLS classical Nuclear Localization Signals,TRG,Monopartite variant of the classical basically charged NLS. C-extended version.,PF00514,Arm,Armadillo/beta-catenin-like repeat,[^DE]((K[RK])|(RK))(([^DE][KR])|([KR][^DE]))(([PKR])|([^DE][DE])),NKRRRR,529,534,TF65_HUMAN,Homo sapiens,1340770,true positive,23,2,disordered
ELME000278,TRG_NLS_MonoExtC_3,NLS classical Nuclear Localization Signals,TRG,Monopartite variant of the classical basically charged NLS. C-extended version.,PF00514,Arm,Armadillo/beta-catenin-like repeat,[^DE]((K[RK])|(RK))(([^DE][KR])|([KR][^DE]))(([PKR])|([^DE][DE])),NKRRRR,529,534,VIRD2_RHIRD,Agrobacterium tumefaciens,8391110,true positive,23,2,disordered
ELME000278,TRG_NLS_MonoExtC_3,NLS classical Nuclear Localization Signals,TRG,Monopartite variant of the classical basically charged NLS. C-extended version.,PF00514,Arm,Armadillo/beta-catenin-like repeat,[^DE]((K[RK])|(RK))(([^DE][KR])|([KR][^DE]))(([PKR])|([^DE][DE])),NKRRRR,529,534,VP2_POVMA,Murine polyomavirus strain A2,1333132,true positive,23,2,disordered
ELME000271,TRG_NLS_MonoExtN_4,NLS classical Nuclear Localization Signals,TRG,Monopartite variant of the classical basically charged NLS. N-extended version.,PF00514,Arm,Armadillo/beta-catenin-like repeat,"(([PKR].{0,1}[^DE])|([PKR]))((K[RK])|(RK))(([^DE][KR])|([KR][^DE]))[^DE]",PVNKRRRR,527,534,A0A0H3LYM0_BORBR,Bordetella bronchiseptica RB50,23797873,true positive,28,2,disordered
ELME000271,TRG_NLS_MonoExtN_4,NLS classical Nuclear Localization Signals,TRG,Monopartite variant of the classical basically charged NLS. N-extended version.,PF00514,Arm,Armadillo/beta-catenin-like repeat,"(([PKR].{0,1}[^DE])|([PKR]))((K[RK])|(RK))(([^DE][KR])|([KR][^DE]))[^DE]",PVNKRRRR,527,534,APC_HUMAN,Homo sapiens,11050185,true positive,28,2,disordered
ELME000271,TRG_NLS_MonoExtN_4,NLS classical Nuclear Localization Signals,TRG,Monopartite variant of the classical basically charged NLS. N-extended version.,PF00514,Arm,Armadillo/beta-catenin-like repeat,"(([PKR].{0,1}[^DE])|([PKR]))((K[RK])|(RK))(([^DE][KR])|([KR][^DE]))[^DE]",PVNKRRRR,527,534,BRCA1_HUMAN,Homo sapiens,8955125,true positive,28,2,disordered
ELME000271,TRG_NLS_MonoExtN_4,NLS classical Nuclear Localization Signals,TRG,Monopartite variant of the classical basically charged NLS. N-extended version.,PF00514,Arm,Armadillo/beta-catenin-like repeat,"(([PKR].{0,1}[^DE])|([PKR]))((K[RK])|(RK))(([^DE][KR])|([KR][^DE]))[^DE]",PVNKRRRR,527,534,DAG1_HUMAN,Homo sapiens,20512930,true positive,28,2,disordered
ELME000271,TRG_NLS_MonoExtN_4,NLS classical Nuclear Localization Signals,TRG,Monopartite variant of the classical basically charged NLS. N-extended version.,PF00514,Arm,Armadillo/beta-catenin-like repeat,"(([PKR].{0,1}[^DE])|([PKR]))((K[RK])|(RK))(([^DE][KR])|([KR][^DE]))[^DE]",PVNKRRRR,527,534,H2B1_YEAST,Saccharomyces cerevisiae,3123916,true positive,28,2,disordered
ELME000271,TRG_NLS_MonoExtN_4,NLS classical Nuclear Localization Signals,TRG,Monopartite variant of the classical basically charged NLS. N-extended version.,PF00514,Arm,Armadillo/beta-catenin-like repeat,"(([PKR].{0,1}[^DE])|([PKR]))((K[RK])|(RK))(([^DE][KR])|([KR][^DE]))[^DE]",PVNKRRRR,527,534,JARD2_MOUSE,Mus musculus,12890668,true positive,28,2,disordered
ELME000271,TRG_NLS_MonoExtN_4,NLS classical Nuclear Localization Signals,TRG,Monopartite variant of the classical basically charged NLS. N-extended version.,PF00514,Arm,Armadillo/beta-catenin-like repeat,"(([PKR].{0,1}[^DE])|([PKR]))((K[RK])|(RK))(([^DE][KR])|([KR][^DE]))[^DE]",PVNKRRRR,527,534,JUN_AVIS1,Avian sarcoma virus 17,1584763,true positive,28,2,disordered
ELME000271,TRG_NLS_MonoExtN_4,NLS classical Nuclear Localization Signals,TRG,Monopartite variant of the classical basically charged NLS. N-extended version.,PF00514,Arm,Armadillo/beta-catenin-like repeat,"(([PKR].{0,1}[^DE])|([PKR]))((K[RK])|(RK))(([^DE][KR])|([KR][^DE]))[^DE]",PVNKRRRR,527,534,JUN_CHICK,Gallus gallus,1584763,true positive,28,2,disordered
ELME000271,TRG_NLS_MonoExtN_4,NLS classical Nuclear Localization Signals,TRG,Monopartite variant of the classical basically charged NLS. N-extended version.,PF00514,Arm,Armadillo/beta-catenin-like repeat,"(([PKR].{0,1}[^DE])|([PKR]))((K[RK])|(RK))(([^DE][KR])|([KR][^DE]))[^DE]",PVNKRRRR,527,534,LT_POVMA,Murine polyomavirus strain A2,3000623,true positive,28,2,disordered
ELME000271,TRG_NLS_MonoExtN_4,NLS classical Nuclear Localization Signals,TRG,Monopartite variant of the classical basically charged NLS. N-extended version.,PF00514,Arm,Armadillo/beta-catenin-like repeat,"(([PKR].{0,1}[^DE])|([PKR]))((K[RK])|(RK))(([^DE][KR])|([KR][^DE]))[^DE]",PVNKRRRR,527,534,LT_SV40,Simian virus 40,6096007 12852786,true positive,28,2,disordered
ELME000271,TRG_NLS_MonoExtN_4,NLS classical Nuclear Localization Signals,TRG,Monopartite variant of the classical basically charged NLS. N-extended version.,PF00514,Arm,Armadillo/beta-catenin-like repeat,"(([PKR].{0,1}[^DE])|([PKR]))((K[RK])|(RK))(([^DE][KR])|([KR][^DE]))[^DE]",PVNKRRRR,527,534,LT_SV40,Simian virus 40,6096007,true positive,28,2,disordered
ELME000271,TRG_NLS_MonoExtN_4,NLS classical Nuclear Localization Signals,TRG,Monopartite variant of the classical basically charged NLS. N-extended version.,PF00514,Arm,Armadillo/beta-catenin-like repeat,"(([PKR].{0,1}[^DE])|([PKR]))((K[RK])|(RK))(([^DE][KR])|([KR][^DE]))[^DE]",PVNKRRRR,527,534,MYC_HUMAN,Homo sapiens,3054508 10745017,true positive,28,2,disordered
ELME000271,TRG_NLS_MonoExtN_4,NLS classical Nuclear Localization Signals,TRG,Monopartite variant of the classical basically charged NLS. N-extended version.,PF00514,Arm,Armadillo/beta-catenin-like repeat,"(([PKR].{0,1}[^DE])|([PKR]))((K[RK])|(RK))(([^DE][KR])|([KR][^DE]))[^DE]",PVNKRRRR,527,534,NFKB1_HUMAN,Homo sapiens,12399470,true positive,28,2,disordered
ELME000271,TRG_NLS_MonoExtN_4,NLS classical Nuclear Localization Signals,TRG,Monopartite variant of the classical basically charged NLS. N-extended version.,PF00514,Arm,Armadillo/beta-catenin-like repeat,"(([PKR].{0,1}[^DE])|([PKR]))((K[RK])|(RK))(([^DE][KR])|([KR][^DE]))[^DE]",PVNKRRRR,527,534,OGG1_HUMAN,Homo sapiens,10233168,true positive,28,2,disordered
ELME000271,TRG_NLS_MonoExtN_4,NLS classical Nuclear Localization Signals,TRG,Monopartite variant of the classical basically charged NLS. N-extended version.,PF00514,Arm,Armadillo/beta-catenin-like repeat,"(([PKR].{0,1}[^DE])|([PKR]))((K[RK])|(RK))(([^DE][KR])|([KR][^DE]))[^DE]",PVNKRRRR,527,534,PPR_SCMVC,Cercopithecine herpesvirus 5,9733808,true positive,28,2,disordered
ELME000271,TRG_NLS_MonoExtN_4,NLS classical Nuclear Localization Signals,TRG,Monopartite variant of the classical basically charged NLS. N-extended version.,PF00514,Arm,Armadillo/beta-catenin-like repeat,"(([PKR].{0,1}[^DE])|([PKR]))((K[RK])|(RK))(([^DE][KR])|([KR][^DE]))[^DE]",PVNKRRRR,527,534,Q5ZUS4_LEGPH,Legionella pneumophila subsp. pneumophila str. Philadelphia 1,23797873,true positive,28,2,disordered
ELME000271,TRG_NLS_MonoExtN_4,NLS classical Nuclear Localization Signals,TRG,Monopartite variant of the classical basically charged NLS. N-extended version.,PF00514,Arm,Armadillo/beta-catenin-like repeat,"(([PKR].{0,1}[^DE])|([PKR]))((K[RK])|(RK))(([^DE][KR])|([KR][^DE]))[^DE]",PVNKRRRR,527,534,RL28_YEAST,Saccharomyces cerevisiae,2104804,true positive,28,2,disordered
ELME000271,TRG_NLS_MonoExtN_4,NLS classical Nuclear Localization Signals,TRG,Monopartite variant of the classical basically charged NLS. N-extended version.,PF00514,Arm,Armadillo/beta-catenin-like repeat,"(([PKR].{0,1}[^DE])|([PKR]))((K[RK])|(RK))(([^DE][KR])|([KR][^DE]))[^DE]",PVNKRRRR,527,534,SKP2_HUMAN,Homo sapiens,22770219 19270695,true positive,28,2,disordered
ELME000271,TRG_NLS_MonoExtN_4,NLS classical Nuclear Localization Signals,TRG,Monopartite variant of the classical basically charged NLS. N-extended version.,PF00514,Arm,Armadillo/beta-catenin-like repeat,"(([PKR].{0,1}[^DE])|([PKR]))((K[RK])|(RK))(([^DE][KR])|([KR][^DE]))[^DE]",PVNKRRRR,527,534,SPAST_HUMAN,Homo sapiens,15147984,true positive,28,2,disordered
ELME000271,TRG_NLS_MonoExtN_4,NLS classical Nuclear Localization Signals,TRG,Monopartite variant of the classical basically charged NLS. N-extended version.,PF00514,Arm,Armadillo/beta-catenin-like repeat,"(([PKR].{0,1}[^DE])|([PKR]))((K[RK])|(RK))(([^DE][KR])|([KR][^DE]))[^DE]",PVNKRRRR,527,534,SWI6_YEAST,Saccharomyces cerevisiae S288c,8590795,true positive,28,2,disordered
ELME000271,TRG_NLS_MonoExtN_4,NLS classical Nuclear Localization Signals,TRG,Monopartite variant of the classical basically charged NLS. N-extended version.,PF00514,Arm,Armadillo/beta-catenin-like repeat,"(([PKR].{0,1}[^DE])|([PKR]))((K[RK])|(RK))(([^DE][KR])|([KR][^DE]))[^DE]",PVNKRRRR,527,534,UNG_HUMAN,Homo sapiens,9753728,true positive,28,2,disordered
ELME000271,TRG_NLS_MonoExtN_4,NLS classical Nuclear Localization Signals,TRG,Monopartite variant of the classical basically charged NLS. N-extended version.,PF00514,Arm,Armadillo/beta-catenin-like repeat,"(([PKR].{0,1}[^DE])|([PKR]))((K[RK])|(RK))(([^DE][KR])|([KR][^DE]))[^DE]",PVNKRRRR,527,534,VP1_POVMA,Murine polyomavirus strain A2,1322607,true positive,28,2,disordered
ELME000271,TRG_NLS_MonoExtN_4,NLS classical Nuclear Localization Signals,TRG,Monopartite variant of the classical basically charged NLS. N-extended version.,PF00514,Arm,Armadillo/beta-catenin-like repeat,"(([PKR].{0,1}[^DE])|([PKR]))((K[RK])|(RK))(([^DE][KR])|([KR][^DE]))[^DE]",PVNKRRRR,527,534,VP2_POVMA,Murine polyomavirus strain A2,1333132,true positive,28,2,disordered
ELME000271,TRG_NLS_MonoExtN_4,NLS classical Nuclear Localization Signals,TRG,Monopartite variant of the classical basically charged NLS. N-extended version.,PF00514,Arm,Armadillo/beta-catenin-like repeat,"(([PKR].{0,1}[^DE])|([PKR]))((K[RK])|(RK))(([^DE][KR])|([KR][^DE]))[^DE]",PVNKRRRR,527,534,VPAP_HCMVA,Human herpesvirus 5 strain AD169,20040518,true positive,28,2,disordered
ELME000271,TRG_NLS_MonoExtN_4,NLS classical Nuclear Localization Signals,TRG,Monopartite variant of the classical basically charged NLS. N-extended version.,PF00514,Arm,Armadillo/beta-catenin-like repeat,"(([PKR].{0,1}[^DE])|([PKR]))((K[RK])|(RK))(([^DE][KR])|([KR][^DE]))[^DE]",PVNKRRRR,527,534,W_NIPAV,Nipah virus,15857993,true positive,28,2,disordered
