Instance_accession,ELMIdentifier,FunctionalSiteName,ELMType,Description,InteractionDomainId,InteractionDomainDescription,InteractionDomainName,Regex,Instances (Matched Sequence),motif_start_in_query,motif_end_in_query,ProteinName,Organism,References,InstanceLogic,#Instances,#Instances_in_PDB,IUPred
ELME000146,CLV_PCSK_SKI1_1,PCSK cleavage site,CLV,Subtilisin/kexin isozyme-1 (SKI1) cleavage site ([RK]-X-[hydrophobic]-[LTKF]-|-X).,PF00082,Peptidase_S8,Subtilase family,[RK].[AILMFV][LTKF].,RTVFR,455,459,ATF6A_HUMAN,Homo sapiens,11163209,true positive,2,0,disordered
ELME000146,CLV_PCSK_SKI1_1,PCSK cleavage site,CLV,Subtilisin/kexin isozyme-1 (SKI1) cleavage site ([RK]-X-[hydrophobic]-[LTKF]-|-X).,PF00082,Peptidase_S8,Subtilase family,[RK].[AILMFV][LTKF].,RTVFR,455,459,SRBP2_HUMAN,Homo sapiens,9139737,true positive,2,0,disordered
ELME000146,CLV_PCSK_SKI1_1,PCSK cleavage site,CLV,Subtilisin/kexin isozyme-1 (SKI1) cleavage site ([RK]-X-[hydrophobic]-[LTKF]-|-X).,PF00082,Peptidase_S8,Subtilase family,[RK].[AILMFV][LTKF].,RVITR,493,497,ATF6A_HUMAN,Homo sapiens,11163209,true positive,2,0,disordered
ELME000146,CLV_PCSK_SKI1_1,PCSK cleavage site,CLV,Subtilisin/kexin isozyme-1 (SKI1) cleavage site ([RK]-X-[hydrophobic]-[LTKF]-|-X).,PF00082,Peptidase_S8,Subtilase family,[RK].[AILMFV][LTKF].,RVITR,493,497,SRBP2_HUMAN,Homo sapiens,9139737,true positive,2,0,disordered
ELME000146,CLV_PCSK_SKI1_1,PCSK cleavage site,CLV,Subtilisin/kexin isozyme-1 (SKI1) cleavage site ([RK]-X-[hydrophobic]-[LTKF]-|-X).,PF00082,Peptidase_S8,Subtilase family,[RK].[AILMFV][LTKF].,RVITR,527,531,ATF6A_HUMAN,Homo sapiens,11163209,true positive,2,0,disordered
ELME000146,CLV_PCSK_SKI1_1,PCSK cleavage site,CLV,Subtilisin/kexin isozyme-1 (SKI1) cleavage site ([RK]-X-[hydrophobic]-[LTKF]-|-X).,PF00082,Peptidase_S8,Subtilase family,[RK].[AILMFV][LTKF].,RVITR,527,531,SRBP2_HUMAN,Homo sapiens,9139737,true positive,2,0,disordered
ELME000331,CLV_Separin_Metazoa,Separase cleavage motif,CLV,"Separase cleavage site, best known in sister chromatid separation.",PF03568,Peptidase_C50,Peptidase family C50,E[IMPVL][MLVP]R.,ELVRV,179,183,ESPL1_HUMAN,Homo sapiens,12297314,true positive,5,0,disordered
ELME000331,CLV_Separin_Metazoa,Separase cleavage motif,CLV,"Separase cleavage site, best known in sister chromatid separation.",PF03568,Peptidase_C50,Peptidase family C50,E[IMPVL][MLVP]R.,ELVRV,179,183,PCNT_HUMAN,Homo sapiens,22542101,true positive,5,0,disordered
ELME000331,CLV_Separin_Metazoa,Separase cleavage motif,CLV,"Separase cleavage site, best known in sister chromatid separation.",PF03568,Peptidase_C50,Peptidase family C50,E[IMPVL][MLVP]R.,ELVRV,179,183,RAD21_HUMAN,Homo sapiens,11509732,true positive,5,0,disordered
ELME000231,DEG_APCC_DBOX_1,APCC-binding Destruction motifs,DEG,An RxxL-based motif that binds to the Cdh1 and Cdc20 components of APC/C thereby targeting the protein for destruction in a cell cycle dependent manner,PF00400,WD40,"WD domain, G-beta repeat",.R..L..[LIVM].,TREELEALT,496,504,ACM1_YEAST,Saccharomyces cerevisiae S288c,23707760 18596038 18498748 18519589,true positive,18,3,disordered
ELME000231,DEG_APCC_DBOX_1,APCC-binding Destruction motifs,DEG,An RxxL-based motif that binds to the Cdh1 and Cdc20 components of APC/C thereby targeting the protein for destruction in a cell cycle dependent manner,IPR015943,WD40/YVTN repeat-like-containing domain superfamily, This superfamily represents a WD40/YVTN repeat-like domain,.R..L..[LIVM].,TREELEALT,496,504,ACM1_YEAST,Saccharomyces cerevisiae S288c,23707760 18596038 18498748 18519589,true positive,18,3,disordered
ELME000231,DEG_APCC_DBOX_1,APCC-binding Destruction motifs,DEG,An RxxL-based motif that binds to the Cdh1 and Cdc20 components of APC/C thereby targeting the protein for destruction in a cell cycle dependent manner,PF00400,WD40,"WD domain, G-beta repeat",.R..L..[LIVM].,TREELEALT,496,504,BUB1B_HUMAN,Homo sapiens,27509861,true positive,18,3,disordered
ELME000231,DEG_APCC_DBOX_1,APCC-binding Destruction motifs,DEG,An RxxL-based motif that binds to the Cdh1 and Cdc20 components of APC/C thereby targeting the protein for destruction in a cell cycle dependent manner,IPR015943,WD40/YVTN repeat-like-containing domain superfamily, This superfamily represents a WD40/YVTN repeat-like domain,.R..L..[LIVM].,TREELEALT,496,504,BUB1B_HUMAN,Homo sapiens,27509861,true positive,18,3,disordered
ELME000231,DEG_APCC_DBOX_1,APCC-binding Destruction motifs,DEG,An RxxL-based motif that binds to the Cdh1 and Cdc20 components of APC/C thereby targeting the protein for destruction in a cell cycle dependent manner,PF00400,WD40,"WD domain, G-beta repeat",.R..L..[LIVM].,TREELEALT,496,504,CCNA1_XENLA,Xenopus laevis,1321060 8885231 8670806,true positive,18,3,disordered
ELME000231,DEG_APCC_DBOX_1,APCC-binding Destruction motifs,DEG,An RxxL-based motif that binds to the Cdh1 and Cdc20 components of APC/C thereby targeting the protein for destruction in a cell cycle dependent manner,IPR015943,WD40/YVTN repeat-like-containing domain superfamily, This superfamily represents a WD40/YVTN repeat-like domain,.R..L..[LIVM].,TREELEALT,496,504,CCNA1_XENLA,Xenopus laevis,1321060 8885231 8670806,true positive,18,3,disordered
ELME000231,DEG_APCC_DBOX_1,APCC-binding Destruction motifs,DEG,An RxxL-based motif that binds to the Cdh1 and Cdc20 components of APC/C thereby targeting the protein for destruction in a cell cycle dependent manner,PF00400,WD40,"WD domain, G-beta repeat",.R..L..[LIVM].,TREELEALT,496,504,CCNB1_HUMAN,Homo sapiens,23091007,true positive,18,3,disordered
ELME000231,DEG_APCC_DBOX_1,APCC-binding Destruction motifs,DEG,An RxxL-based motif that binds to the Cdh1 and Cdc20 components of APC/C thereby targeting the protein for destruction in a cell cycle dependent manner,IPR015943,WD40/YVTN repeat-like-containing domain superfamily, This superfamily represents a WD40/YVTN repeat-like domain,.R..L..[LIVM].,TREELEALT,496,504,CCNB1_HUMAN,Homo sapiens,23091007,true positive,18,3,disordered
ELME000231,DEG_APCC_DBOX_1,APCC-binding Destruction motifs,DEG,An RxxL-based motif that binds to the Cdh1 and Cdc20 components of APC/C thereby targeting the protein for destruction in a cell cycle dependent manner,PF00400,WD40,"WD domain, G-beta repeat",.R..L..[LIVM].,TREELEALT,496,504,CCNB_ARBPU,Arbacia punctulata,1846030 8885231,true positive,18,3,disordered
ELME000231,DEG_APCC_DBOX_1,APCC-binding Destruction motifs,DEG,An RxxL-based motif that binds to the Cdh1 and Cdc20 components of APC/C thereby targeting the protein for destruction in a cell cycle dependent manner,IPR015943,WD40/YVTN repeat-like-containing domain superfamily, This superfamily represents a WD40/YVTN repeat-like domain,.R..L..[LIVM].,TREELEALT,496,504,CCNB_ARBPU,Arbacia punctulata,1846030 8885231,true positive,18,3,disordered
ELME000231,DEG_APCC_DBOX_1,APCC-binding Destruction motifs,DEG,An RxxL-based motif that binds to the Cdh1 and Cdc20 components of APC/C thereby targeting the protein for destruction in a cell cycle dependent manner,PF00400,WD40,"WD domain, G-beta repeat",.R..L..[LIVM].,TREELEALT,496,504,FBX5_HUMAN,Homo sapiens,23707760 16921029 23708605 26083744 35634770,true positive,18,3,disordered
ELME000231,DEG_APCC_DBOX_1,APCC-binding Destruction motifs,DEG,An RxxL-based motif that binds to the Cdh1 and Cdc20 components of APC/C thereby targeting the protein for destruction in a cell cycle dependent manner,IPR015943,WD40/YVTN repeat-like-containing domain superfamily, This superfamily represents a WD40/YVTN repeat-like domain,.R..L..[LIVM].,TREELEALT,496,504,FBX5_HUMAN,Homo sapiens,23707760 16921029 23708605 26083744 35634770,true positive,18,3,disordered
ELME000231,DEG_APCC_DBOX_1,APCC-binding Destruction motifs,DEG,An RxxL-based motif that binds to the Cdh1 and Cdc20 components of APC/C thereby targeting the protein for destruction in a cell cycle dependent manner,PF00400,WD40,"WD domain, G-beta repeat",.R..L..[LIVM].,TREELEALT,496,504,HSL1_YEAST,Saccharomyces cerevisiae,23707760 11562348 23708605 18596038 18519589,true positive,18,3,disordered
ELME000231,DEG_APCC_DBOX_1,APCC-binding Destruction motifs,DEG,An RxxL-based motif that binds to the Cdh1 and Cdc20 components of APC/C thereby targeting the protein for destruction in a cell cycle dependent manner,IPR015943,WD40/YVTN repeat-like-containing domain superfamily, This superfamily represents a WD40/YVTN repeat-like domain,.R..L..[LIVM].,TREELEALT,496,504,HSL1_YEAST,Saccharomyces cerevisiae,23707760 11562348 23708605 18596038 18519589,true positive,18,3,disordered
ELME000231,DEG_APCC_DBOX_1,APCC-binding Destruction motifs,DEG,An RxxL-based motif that binds to the Cdh1 and Cdc20 components of APC/C thereby targeting the protein for destruction in a cell cycle dependent manner,PF00400,WD40,"WD domain, G-beta repeat",.R..L..[LIVM].,TREELEALT,496,504,ID2_HUMAN,Homo sapiens,16810178,true positive,18,3,disordered
ELME000231,DEG_APCC_DBOX_1,APCC-binding Destruction motifs,DEG,An RxxL-based motif that binds to the Cdh1 and Cdc20 components of APC/C thereby targeting the protein for destruction in a cell cycle dependent manner,IPR015943,WD40/YVTN repeat-like-containing domain superfamily, This superfamily represents a WD40/YVTN repeat-like domain,.R..L..[LIVM].,TREELEALT,496,504,ID2_HUMAN,Homo sapiens,16810178,true positive,18,3,disordered
ELME000231,DEG_APCC_DBOX_1,APCC-binding Destruction motifs,DEG,An RxxL-based motif that binds to the Cdh1 and Cdc20 components of APC/C thereby targeting the protein for destruction in a cell cycle dependent manner,PF00400,WD40,"WD domain, G-beta repeat",.R..L..[LIVM].,TREELEALT,496,504,MES1_SCHPO,Schizosaccharomyces pombe 972h-,23707760 21389117 18331722,true positive,18,3,disordered
ELME000231,DEG_APCC_DBOX_1,APCC-binding Destruction motifs,DEG,An RxxL-based motif that binds to the Cdh1 and Cdc20 components of APC/C thereby targeting the protein for destruction in a cell cycle dependent manner,IPR015943,WD40/YVTN repeat-like-containing domain superfamily, This superfamily represents a WD40/YVTN repeat-like domain,.R..L..[LIVM].,TREELEALT,496,504,MES1_SCHPO,Schizosaccharomyces pombe 972h-,23707760 21389117 18331722,true positive,18,3,disordered
ELME000231,DEG_APCC_DBOX_1,APCC-binding Destruction motifs,DEG,An RxxL-based motif that binds to the Cdh1 and Cdc20 components of APC/C thereby targeting the protein for destruction in a cell cycle dependent manner,PF00400,WD40,"WD domain, G-beta repeat",.R..L..[LIVM].,TREELEALT,496,504,MPS1_YEAST,Saccharomyces cerevisiae S288c,20729194 18519589,true positive,18,3,disordered
ELME000231,DEG_APCC_DBOX_1,APCC-binding Destruction motifs,DEG,An RxxL-based motif that binds to the Cdh1 and Cdc20 components of APC/C thereby targeting the protein for destruction in a cell cycle dependent manner,IPR015943,WD40/YVTN repeat-like-containing domain superfamily, This superfamily represents a WD40/YVTN repeat-like domain,.R..L..[LIVM].,TREELEALT,496,504,MPS1_YEAST,Saccharomyces cerevisiae S288c,20729194 18519589,true positive,18,3,disordered
ELME000231,DEG_APCC_DBOX_1,APCC-binding Destruction motifs,DEG,An RxxL-based motif that binds to the Cdh1 and Cdc20 components of APC/C thereby targeting the protein for destruction in a cell cycle dependent manner,PF00400,WD40,"WD domain, G-beta repeat",.R..L..[LIVM].,TREELEALT,496,504,O93355_XENLA,Xenopus laevis,9635433,true positive,18,3,disordered
ELME000231,DEG_APCC_DBOX_1,APCC-binding Destruction motifs,DEG,An RxxL-based motif that binds to the Cdh1 and Cdc20 components of APC/C thereby targeting the protein for destruction in a cell cycle dependent manner,IPR015943,WD40/YVTN repeat-like-containing domain superfamily, This superfamily represents a WD40/YVTN repeat-like domain,.R..L..[LIVM].,TREELEALT,496,504,O93355_XENLA,Xenopus laevis,9635433,true positive,18,3,disordered
ELME000231,DEG_APCC_DBOX_1,APCC-binding Destruction motifs,DEG,An RxxL-based motif that binds to the Cdh1 and Cdc20 components of APC/C thereby targeting the protein for destruction in a cell cycle dependent manner,PF00400,WD40,"WD domain, G-beta repeat",.R..L..[LIVM].,TREELEALT,496,504,PLK1_HUMAN,Homo sapiens,14734534,true positive,18,3,disordered
ELME000231,DEG_APCC_DBOX_1,APCC-binding Destruction motifs,DEG,An RxxL-based motif that binds to the Cdh1 and Cdc20 components of APC/C thereby targeting the protein for destruction in a cell cycle dependent manner,IPR015943,WD40/YVTN repeat-like-containing domain superfamily, This superfamily represents a WD40/YVTN repeat-like domain,.R..L..[LIVM].,TREELEALT,496,504,PLK1_HUMAN,Homo sapiens,14734534,true positive,18,3,disordered
ELME000231,DEG_APCC_DBOX_1,APCC-binding Destruction motifs,DEG,An RxxL-based motif that binds to the Cdh1 and Cdc20 components of APC/C thereby targeting the protein for destruction in a cell cycle dependent manner,PF00400,WD40,"WD domain, G-beta repeat",.R..L..[LIVM].,TREELEALT,496,504,Q9IA80_XENLA,Xenopus laevis,10411507,true positive,18,3,disordered
ELME000231,DEG_APCC_DBOX_1,APCC-binding Destruction motifs,DEG,An RxxL-based motif that binds to the Cdh1 and Cdc20 components of APC/C thereby targeting the protein for destruction in a cell cycle dependent manner,IPR015943,WD40/YVTN repeat-like-containing domain superfamily, This superfamily represents a WD40/YVTN repeat-like domain,.R..L..[LIVM].,TREELEALT,496,504,Q9IA80_XENLA,Xenopus laevis,10411507,true positive,18,3,disordered
ELME000231,DEG_APCC_DBOX_1,APCC-binding Destruction motifs,DEG,An RxxL-based motif that binds to the Cdh1 and Cdc20 components of APC/C thereby targeting the protein for destruction in a cell cycle dependent manner,PF00400,WD40,"WD domain, G-beta repeat",.R..L..[LIVM].,TREELEALT,496,504,Q9M2R1_ARATH,Arabidopsis thaliana,23707760 22844260,true positive,18,3,disordered
ELME000231,DEG_APCC_DBOX_1,APCC-binding Destruction motifs,DEG,An RxxL-based motif that binds to the Cdh1 and Cdc20 components of APC/C thereby targeting the protein for destruction in a cell cycle dependent manner,IPR015943,WD40/YVTN repeat-like-containing domain superfamily, This superfamily represents a WD40/YVTN repeat-like domain,.R..L..[LIVM].,TREELEALT,496,504,Q9M2R1_ARATH,Arabidopsis thaliana,23707760 22844260,true positive,18,3,disordered
ELME000231,DEG_APCC_DBOX_1,APCC-binding Destruction motifs,DEG,An RxxL-based motif that binds to the Cdh1 and Cdc20 components of APC/C thereby targeting the protein for destruction in a cell cycle dependent manner,PF00400,WD40,"WD domain, G-beta repeat",.R..L..[LIVM].,TREELEALT,496,504,SKP2_HUMAN,Homo sapiens,15014503,true positive,18,3,disordered
ELME000231,DEG_APCC_DBOX_1,APCC-binding Destruction motifs,DEG,An RxxL-based motif that binds to the Cdh1 and Cdc20 components of APC/C thereby targeting the protein for destruction in a cell cycle dependent manner,IPR015943,WD40/YVTN repeat-like-containing domain superfamily, This superfamily represents a WD40/YVTN repeat-like domain,.R..L..[LIVM].,TREELEALT,496,504,SKP2_HUMAN,Homo sapiens,15014503,true positive,18,3,disordered
ELME000292,DEG_SCF_FBW7_2,SCF ubiquitin ligase binding Phosphodegrons,DEG,The TPxxE phospho-dependent degron binds the FBW7 F box proteins of the SCF (Skp1_Cullin-Fbox) complex.,PF00400,WD40,"WD domain, G-beta repeat","[LIVMP].{0,2}(T)P..E",VETPPVE,331,337,LT_SV40,Simian virus 40,15611062,true positive,2,0,disordered
ELME000292,DEG_SCF_FBW7_2,SCF ubiquitin ligase binding Phosphodegrons,DEG,The TPxxE phospho-dependent degron binds the FBW7 F box proteins of the SCF (Skp1_Cullin-Fbox) complex.,PF00400,WD40,"WD domain, G-beta repeat","[LIVMP].{0,2}(T)P..E",VETPPVE,331,337,NOTC1_HUMAN,Homo sapiens,11585921 11461910,true positive,2,0,disordered
ELME000388,DEG_SPOP_SBC_1,SPOP SBC docking motif,DEG,"The S/T rich motif known as the SPOP-binding consensus (SBC) of the MATH-BTB protein, SPOP, is present in substrates that undergo SPOP/Cul3-dependant ubiquitination.",PF00917,MATH,MATH domain,[AVP].[ST][ST][ST],VSSSS,398,402,CI_DROME,Drosophila melanogaster,19818708,true positive,8,6,disordered
ELME000388,DEG_SPOP_SBC_1,SPOP SBC docking motif,DEG,"The S/T rich motif known as the SPOP-binding consensus (SBC) of the MATH-BTB protein, SPOP, is present in substrates that undergo SPOP/Cul3-dependant ubiquitination.",PF00917,MATH,MATH domain,[AVP].[ST][ST][ST],VSSSS,398,402,DAXX_HUMAN,Homo sapiens,19818708,true positive,8,6,disordered
ELME000388,DEG_SPOP_SBC_1,SPOP SBC docking motif,DEG,"The S/T rich motif known as the SPOP-binding consensus (SBC) of the MATH-BTB protein, SPOP, is present in substrates that undergo SPOP/Cul3-dependant ubiquitination.",PF00917,MATH,MATH domain,[AVP].[ST][ST][ST],VSSSS,398,402,H2AY_HUMAN,Homo sapiens,19818708,true positive,8,6,disordered
ELME000388,DEG_SPOP_SBC_1,SPOP SBC docking motif,DEG,"The S/T rich motif known as the SPOP-binding consensus (SBC) of the MATH-BTB protein, SPOP, is present in substrates that undergo SPOP/Cul3-dependant ubiquitination.",PF00917,MATH,MATH domain,[AVP].[ST][ST][ST],VSSSS,398,402,Q9VHV8_DROME,Drosophila melanogaster,19818708,true positive,8,6,disordered
ELME000358,DOC_CKS1_1,Cks1 ligand,DOC,Phospho-dependent motif that mediates docking of CDK substrates and regulators to cyclin-CDK-bound Cks1.,PF01111,CKS,Cyclin-dependent kinase regulatory subunit,[MPVLIFWYQ].(T)P..,VETPPV,331,336,CDC6_YEAST,Saccharomyces cerevisiae,24186063,true positive,8,1,disordered
ELME000358,DOC_CKS1_1,Cks1 ligand,DOC,Phospho-dependent motif that mediates docking of CDK substrates and regulators to cyclin-CDK-bound Cks1.,PF01111,CKS,Cyclin-dependent kinase regulatory subunit,[MPVLIFWYQ].(T)P..,VETPPV,331,336,SIC1_YEAST,Saccharomyces cerevisiae S288c,24186061 24186063,true positive,8,1,disordered
ELME000358,DOC_CKS1_1,Cks1 ligand,DOC,Phospho-dependent motif that mediates docking of CDK substrates and regulators to cyclin-CDK-bound Cks1.,PF01111,CKS,Cyclin-dependent kinase regulatory subunit,[MPVLIFWYQ].(T)P..,VETPPV,331,336,SIC1_YEAST,Saccharomyces cerevisiae S288c,24186061,true positive,8,1,disordered
ELME000358,DOC_CKS1_1,Cks1 ligand,DOC,Phospho-dependent motif that mediates docking of CDK substrates and regulators to cyclin-CDK-bound Cks1.,PF01111,CKS,Cyclin-dependent kinase regulatory subunit,[MPVLIFWYQ].(T)P..,VETPPV,331,336,SWE1_YEAST,Saccharomyces cerevisiae S288c,24186063,true positive,8,1,disordered
ELME000358,DOC_CKS1_1,Cks1 ligand,DOC,Phospho-dependent motif that mediates docking of CDK substrates and regulators to cyclin-CDK-bound Cks1.,PF01111,CKS,Cyclin-dependent kinase regulatory subunit,[MPVLIFWYQ].(T)P..,VSTPPS,485,490,CDC6_YEAST,Saccharomyces cerevisiae,24186063,true positive,8,1,disordered
ELME000358,DOC_CKS1_1,Cks1 ligand,DOC,Phospho-dependent motif that mediates docking of CDK substrates and regulators to cyclin-CDK-bound Cks1.,PF01111,CKS,Cyclin-dependent kinase regulatory subunit,[MPVLIFWYQ].(T)P..,VSTPPS,485,490,SIC1_YEAST,Saccharomyces cerevisiae S288c,24186061 24186063,true positive,8,1,disordered
ELME000358,DOC_CKS1_1,Cks1 ligand,DOC,Phospho-dependent motif that mediates docking of CDK substrates and regulators to cyclin-CDK-bound Cks1.,PF01111,CKS,Cyclin-dependent kinase regulatory subunit,[MPVLIFWYQ].(T)P..,VSTPPS,485,490,SIC1_YEAST,Saccharomyces cerevisiae S288c,24186061,true positive,8,1,disordered
ELME000358,DOC_CKS1_1,Cks1 ligand,DOC,Phospho-dependent motif that mediates docking of CDK substrates and regulators to cyclin-CDK-bound Cks1.,PF01111,CKS,Cyclin-dependent kinase regulatory subunit,[MPVLIFWYQ].(T)P..,VSTPPS,485,490,SWE1_YEAST,Saccharomyces cerevisiae S288c,24186063,true positive,8,1,disordered
ELME000433,DOC_MAPK_DCC_7,MAPK docking motifs,DOC,A kinase docking motif mediating interaction towards the ERK1/2 and p38 subfamilies of MAP kinases,PF00069,Pkinase,Protein kinase domain,"[RK].{2,4}[LIVP]P.[LIV].[LIVMF]|[RK].{2,4}[LIVP].P[LIV].[LIVMF]",RTRTPEPIII,357,366,CAC1G_HUMAN,Homo sapiens,26538579,true positive,11,2,disordered
ELME000433,DOC_MAPK_DCC_7,MAPK docking motifs,DOC,A kinase docking motif mediating interaction towards the ERK1/2 and p38 subfamilies of MAP kinases,PF00069,Pkinase,Protein kinase domain,"[RK].{2,4}[LIVP]P.[LIV].[LIVMF]|[RK].{2,4}[LIVP].P[LIV].[LIVMF]",RTRTPEPIII,357,366,CBLB_HUMAN,Homo sapiens,26538579,true positive,11,2,disordered
ELME000433,DOC_MAPK_DCC_7,MAPK docking motifs,DOC,A kinase docking motif mediating interaction towards the ERK1/2 and p38 subfamilies of MAP kinases,PF00069,Pkinase,Protein kinase domain,"[RK].{2,4}[LIVP]P.[LIV].[LIVMF]|[RK].{2,4}[LIVP].P[LIV].[LIVMF]",RTRTPEPIII,357,366,D2KU33_NICBE,Nicotiana benthamiana,21386030,true positive,11,2,disordered
ELME000433,DOC_MAPK_DCC_7,MAPK docking motifs,DOC,A kinase docking motif mediating interaction towards the ERK1/2 and p38 subfamilies of MAP kinases,PF00069,Pkinase,Protein kinase domain,"[RK].{2,4}[LIVP]P.[LIV].[LIVMF]|[RK].{2,4}[LIVP].P[LIV].[LIVMF]",RTRTPEPIII,357,366,DCC_HUMAN,Homo sapiens,26538579,true positive,11,2,disordered
ELME000433,DOC_MAPK_DCC_7,MAPK docking motifs,DOC,A kinase docking motif mediating interaction towards the ERK1/2 and p38 subfamilies of MAP kinases,PF00069,Pkinase,Protein kinase domain,"[RK].{2,4}[LIVP]P.[LIV].[LIVMF]|[RK].{2,4}[LIVP].P[LIV].[LIVMF]",RTRTPEPIII,357,366,DCC_RAT,Rattus norvegicus,21070949,true positive,11,2,disordered
ELME000433,DOC_MAPK_DCC_7,MAPK docking motifs,DOC,A kinase docking motif mediating interaction towards the ERK1/2 and p38 subfamilies of MAP kinases,PF00069,Pkinase,Protein kinase domain,"[RK].{2,4}[LIVP]P.[LIV].[LIVMF]|[RK].{2,4}[LIVP].P[LIV].[LIVMF]",RTRTPEPIII,357,366,DIG1_YEAST,Saccharomyces cerevisiae,14734536,true positive,11,2,disordered
ELME000433,DOC_MAPK_DCC_7,MAPK docking motifs,DOC,A kinase docking motif mediating interaction towards the ERK1/2 and p38 subfamilies of MAP kinases,PF00069,Pkinase,Protein kinase domain,"[RK].{2,4}[LIVP]P.[LIV].[LIVMF]|[RK].{2,4}[LIVP].P[LIV].[LIVMF]",RTRTPEPIII,357,366,DIG2_YEAST,Saccharomyces cerevisiae,14734536,true positive,11,2,disordered
ELME000433,DOC_MAPK_DCC_7,MAPK docking motifs,DOC,A kinase docking motif mediating interaction towards the ERK1/2 and p38 subfamilies of MAP kinases,PF00069,Pkinase,Protein kinase domain,"[RK].{2,4}[LIVP]P.[LIV].[LIVMF]|[RK].{2,4}[LIVP].P[LIV].[LIVMF]",RTRTPEPIII,357,366,EMSA1_HUMAN,Homo sapiens,26538579,true positive,11,2,disordered
ELME000433,DOC_MAPK_DCC_7,MAPK docking motifs,DOC,A kinase docking motif mediating interaction towards the ERK1/2 and p38 subfamilies of MAP kinases,PF00069,Pkinase,Protein kinase domain,"[RK].{2,4}[LIVP]P.[LIV].[LIVMF]|[RK].{2,4}[LIVP].P[LIV].[LIVMF]",RTRTPEPIII,357,366,FAR1_YEAST,Saccharomyces cerevisiae S288c,16364919,true positive,11,2,disordered
ELME000433,DOC_MAPK_DCC_7,MAPK docking motifs,DOC,A kinase docking motif mediating interaction towards the ERK1/2 and p38 subfamilies of MAP kinases,PF00069,Pkinase,Protein kinase domain,"[RK].{2,4}[LIVP]P.[LIV].[LIVMF]|[RK].{2,4}[LIVP].P[LIV].[LIVMF]",RTRTPEPIII,357,366,GAB1_HUMAN,Homo sapiens,26538579,true positive,11,2,disordered
ELME000433,DOC_MAPK_DCC_7,MAPK docking motifs,DOC,A kinase docking motif mediating interaction towards the ERK1/2 and p38 subfamilies of MAP kinases,PF00069,Pkinase,Protein kinase domain,"[RK].{2,4}[LIVP]P.[LIV].[LIVMF]|[RK].{2,4}[LIVP].P[LIV].[LIVMF]",RTRTPEPIII,357,366,TREF1_HUMAN,Homo sapiens,26538579,true positive,11,2,disordered
ELME000233,DOC_MAPK_gen_1,MAPK docking motifs,DOC,"MAPK interacting molecules (e.g. MAPKKs, substrates, phosphatases) carry docking motif that help to regulate specific interaction in the MAPK cascade. The classic motif approximates (R/K)xxxx#x# where # is a hydrophobic residue.",PF00069,Pkinase,Protein kinase domain,"[KR]{0,2}[KR].{0,2}[KR].{2,4}[ILVM].[ILVF]",RTRTPEPIII,357,366,DIG1_YEAST,Saccharomyces cerevisiae,,true positive,15,0,disordered
ELME000233,DOC_MAPK_gen_1,MAPK docking motifs,DOC,"MAPK interacting molecules (e.g. MAPKKs, substrates, phosphatases) carry docking motif that help to regulate specific interaction in the MAPK cascade. The classic motif approximates (R/K)xxxx#x# where # is a hydrophobic residue.",PF00069,Pkinase,Protein kinase domain,"[KR]{0,2}[KR].{0,2}[KR].{2,4}[ILVM].[ILVF]",RTRTPEPIII,357,366,DIG2_YEAST,Saccharomyces cerevisiae,14734536,true positive,15,0,disordered
ELME000233,DOC_MAPK_gen_1,MAPK docking motifs,DOC,"MAPK interacting molecules (e.g. MAPKKs, substrates, phosphatases) carry docking motif that help to regulate specific interaction in the MAPK cascade. The classic motif approximates (R/K)xxxx#x# where # is a hydrophobic residue.",PF00069,Pkinase,Protein kinase domain,"[KR]{0,2}[KR].{0,2}[KR].{2,4}[ILVM].[ILVF]",RTRTPEPIII,357,366,DUS1_HUMAN,Homo sapiens,11953434 11278799,true positive,15,0,disordered
ELME000233,DOC_MAPK_gen_1,MAPK docking motifs,DOC,"MAPK interacting molecules (e.g. MAPKKs, substrates, phosphatases) carry docking motif that help to regulate specific interaction in the MAPK cascade. The classic motif approximates (R/K)xxxx#x# where # is a hydrophobic residue.",PF00069,Pkinase,Protein kinase domain,"[KR]{0,2}[KR].{0,2}[KR].{2,4}[ILVM].[ILVF]",RTRTPEPIII,357,366,DUS6_HUMAN,Homo sapiens,10811804 16567630 17046812,true positive,15,0,disordered
ELME000233,DOC_MAPK_gen_1,MAPK docking motifs,DOC,"MAPK interacting molecules (e.g. MAPKKs, substrates, phosphatases) carry docking motif that help to regulate specific interaction in the MAPK cascade. The classic motif approximates (R/K)xxxx#x# where # is a hydrophobic residue.",PF00069,Pkinase,Protein kinase domain,"[KR]{0,2}[KR].{0,2}[KR].{2,4}[ILVM].[ILVF]",RTRTPEPIII,357,366,ELK1_HUMAN,Homo sapiens,9925641,true positive,15,0,disordered
ELME000233,DOC_MAPK_gen_1,MAPK docking motifs,DOC,"MAPK interacting molecules (e.g. MAPKKs, substrates, phosphatases) carry docking motif that help to regulate specific interaction in the MAPK cascade. The classic motif approximates (R/K)xxxx#x# where # is a hydrophobic residue.",PF00069,Pkinase,Protein kinase domain,"[KR]{0,2}[KR].{0,2}[KR].{2,4}[ILVM].[ILVF]",RTRTPEPIII,357,366,ELK3_MOUSE,Mus musculus,9925641,true positive,15,0,disordered
ELME000233,DOC_MAPK_gen_1,MAPK docking motifs,DOC,"MAPK interacting molecules (e.g. MAPKKs, substrates, phosphatases) carry docking motif that help to regulate specific interaction in the MAPK cascade. The classic motif approximates (R/K)xxxx#x# where # is a hydrophobic residue.",PF00069,Pkinase,Protein kinase domain,"[KR]{0,2}[KR].{0,2}[KR].{2,4}[ILVM].[ILVF]",RTRTPEPIII,357,366,ELK4_HUMAN,Homo sapiens,11786537 9925641,true positive,15,0,disordered
ELME000233,DOC_MAPK_gen_1,MAPK docking motifs,DOC,"MAPK interacting molecules (e.g. MAPKKs, substrates, phosphatases) carry docking motif that help to regulate specific interaction in the MAPK cascade. The classic motif approximates (R/K)xxxx#x# where # is a hydrophobic residue.",PF00069,Pkinase,Protein kinase domain,"[KR]{0,2}[KR].{0,2}[KR].{2,4}[ILVM].[ILVF]",RTRTPEPIII,357,366,JUN_HUMAN,Homo sapiens,8945519 9925641,true positive,15,0,disordered
ELME000233,DOC_MAPK_gen_1,MAPK docking motifs,DOC,"MAPK interacting molecules (e.g. MAPKKs, substrates, phosphatases) carry docking motif that help to regulate specific interaction in the MAPK cascade. The classic motif approximates (R/K)xxxx#x# where # is a hydrophobic residue.",PF00069,Pkinase,Protein kinase domain,"[KR]{0,2}[KR].{0,2}[KR].{2,4}[ILVM].[ILVF]",RTRTPEPIII,357,366,MEF2A_HUMAN,Homo sapiens,15132737 10330143,true positive,15,0,disordered
ELME000233,DOC_MAPK_gen_1,MAPK docking motifs,DOC,"MAPK interacting molecules (e.g. MAPKKs, substrates, phosphatases) carry docking motif that help to regulate specific interaction in the MAPK cascade. The classic motif approximates (R/K)xxxx#x# where # is a hydrophobic residue.",PF00069,Pkinase,Protein kinase domain,"[KR]{0,2}[KR].{0,2}[KR].{2,4}[ILVM].[ILVF]",RTRTPEPIII,357,366,MP2K1_HUMAN,Homo sapiens,11134045 11104681 9925641,true positive,15,0,disordered
ELME000233,DOC_MAPK_gen_1,MAPK docking motifs,DOC,"MAPK interacting molecules (e.g. MAPKKs, substrates, phosphatases) carry docking motif that help to regulate specific interaction in the MAPK cascade. The classic motif approximates (R/K)xxxx#x# where # is a hydrophobic residue.",PF00069,Pkinase,Protein kinase domain,"[KR]{0,2}[KR].{0,2}[KR].{2,4}[ILVM].[ILVF]",RTRTPEPIII,357,366,MP2K4_HUMAN,Homo sapiens,9925641,true positive,15,0,disordered
ELME000233,DOC_MAPK_gen_1,MAPK docking motifs,DOC,"MAPK interacting molecules (e.g. MAPKKs, substrates, phosphatases) carry docking motif that help to regulate specific interaction in the MAPK cascade. The classic motif approximates (R/K)xxxx#x# where # is a hydrophobic residue.",PF00069,Pkinase,Protein kinase domain,"[KR]{0,2}[KR].{0,2}[KR].{2,4}[ILVM].[ILVF]",RTRTPEPIII,357,366,MSG5_YEAST,Saccharomyces cerevisiae,16364919,true positive,15,0,disordered
ELME000233,DOC_MAPK_gen_1,MAPK docking motifs,DOC,"MAPK interacting molecules (e.g. MAPKKs, substrates, phosphatases) carry docking motif that help to regulate specific interaction in the MAPK cascade. The classic motif approximates (R/K)xxxx#x# where # is a hydrophobic residue.",PF00069,Pkinase,Protein kinase domain,"[KR]{0,2}[KR].{0,2}[KR].{2,4}[ILVM].[ILVF]",RTRTPEPIII,357,366,STE7_YEAST,Saccharomyces cerevisiae,16364919,true positive,15,0,disordered
ELME000477,DOC_PP4_FxxP_1,PP4 EVH1-binding docking motifs,DOC,The FxxP-like docking motif recognized by the EVH1 domains of the PPP4R3 regulatory subunits of the PP4 holoenzyme,PF00568,WH1,WH1 domain,F..P,FRNP,458,461,CCDC6_HUMAN,Homo sapiens,31585692,true positive,15,0,disordered
ELME000477,DOC_PP4_FxxP_1,PP4 EVH1-binding docking motifs,DOC,The FxxP-like docking motif recognized by the EVH1 domains of the PPP4R3 regulatory subunits of the PP4 holoenzyme,PF00568,WH1,WH1 domain,F..P,FRNP,458,461,CND1_HUMAN,Homo sapiens,31585692,true positive,15,0,disordered
ELME000477,DOC_PP4_FxxP_1,PP4 EVH1-binding docking motifs,DOC,The FxxP-like docking motif recognized by the EVH1 domains of the PPP4R3 regulatory subunits of the PP4 holoenzyme,PF00568,WH1,WH1 domain,F..P,FRNP,458,461,CNTRB_HUMAN,Homo sapiens,31585692,true positive,15,0,disordered
ELME000477,DOC_PP4_FxxP_1,PP4 EVH1-binding docking motifs,DOC,The FxxP-like docking motif recognized by the EVH1 domains of the PPP4R3 regulatory subunits of the PP4 holoenzyme,PF00568,WH1,WH1 domain,F..P,FRNP,458,461,MELK_HUMAN,Homo sapiens,31585692,true positive,15,0,disordered
ELME000477,DOC_PP4_FxxP_1,PP4 EVH1-binding docking motifs,DOC,The FxxP-like docking motif recognized by the EVH1 domains of the PPP4R3 regulatory subunits of the PP4 holoenzyme,PF00568,WH1,WH1 domain,F..P,FRNP,458,461,MPIP1_HUMAN,Homo sapiens,31585692,true positive,15,0,disordered
ELME000477,DOC_PP4_FxxP_1,PP4 EVH1-binding docking motifs,DOC,The FxxP-like docking motif recognized by the EVH1 domains of the PPP4R3 regulatory subunits of the PP4 holoenzyme,PF00568,WH1,WH1 domain,F..P,FRNP,458,461,MPIP2_HUMAN,Homo sapiens,31585692,true positive,15,0,disordered
ELME000477,DOC_PP4_FxxP_1,PP4 EVH1-binding docking motifs,DOC,The FxxP-like docking motif recognized by the EVH1 domains of the PPP4R3 regulatory subunits of the PP4 holoenzyme,PF00568,WH1,WH1 domain,F..P,FRNP,458,461,NADAP_HUMAN,Homo sapiens,31585692,true positive,15,0,disordered
ELME000477,DOC_PP4_FxxP_1,PP4 EVH1-binding docking motifs,DOC,The FxxP-like docking motif recognized by the EVH1 domains of the PPP4R3 regulatory subunits of the PP4 holoenzyme,PF00568,WH1,WH1 domain,F..P,FRNP,458,461,PCDB8_HUMAN,Homo sapiens,31585692,true positive,15,0,disordered
ELME000477,DOC_PP4_FxxP_1,PP4 EVH1-binding docking motifs,DOC,The FxxP-like docking motif recognized by the EVH1 domains of the PPP4R3 regulatory subunits of the PP4 holoenzyme,PF00568,WH1,WH1 domain,F..P,FRNP,458,461,PCDGM_HUMAN,Homo sapiens,31585692,true positive,15,0,disordered
ELME000477,DOC_PP4_FxxP_1,PP4 EVH1-binding docking motifs,DOC,The FxxP-like docking motif recognized by the EVH1 domains of the PPP4R3 regulatory subunits of the PP4 holoenzyme,PF00568,WH1,WH1 domain,F..P,FRNP,458,461,PRP16_HUMAN,Homo sapiens,31585692,true positive,15,0,disordered
ELME000477,DOC_PP4_FxxP_1,PP4 EVH1-binding docking motifs,DOC,The FxxP-like docking motif recognized by the EVH1 domains of the PPP4R3 regulatory subunits of the PP4 holoenzyme,PF00568,WH1,WH1 domain,F..P,FRNP,458,461,Q9VHP9_DROME,Drosophila melanogaster,25562660,true positive,15,0,disordered
ELME000477,DOC_PP4_FxxP_1,PP4 EVH1-binding docking motifs,DOC,The FxxP-like docking motif recognized by the EVH1 domains of the PPP4R3 regulatory subunits of the PP4 holoenzyme,PF00568,WH1,WH1 domain,F..P,FRNP,458,461,SETX_HUMAN,Homo sapiens,31585692,true positive,15,0,disordered
ELME000477,DOC_PP4_FxxP_1,PP4 EVH1-binding docking motifs,DOC,The FxxP-like docking motif recognized by the EVH1 domains of the PPP4R3 regulatory subunits of the PP4 holoenzyme,PF00568,WH1,WH1 domain,F..P,FRNP,458,461,VAV_HUMAN,Homo sapiens,31585692,true positive,15,0,disordered
ELME000477,DOC_PP4_FxxP_1,PP4 EVH1-binding docking motifs,DOC,The FxxP-like docking motif recognized by the EVH1 domains of the PPP4R3 regulatory subunits of the PP4 holoenzyme,PF00568,WH1,WH1 domain,F..P,FRNP,458,461,WAPL_HUMAN,Homo sapiens,31585692,true positive,15,0,disordered
ELME000477,DOC_PP4_FxxP_1,PP4 EVH1-binding docking motifs,DOC,The FxxP-like docking motif recognized by the EVH1 domains of the PPP4R3 regulatory subunits of the PP4 holoenzyme,PF00568,WH1,WH1 domain,F..P,FRNP,458,461,YAP1_HUMAN,Homo sapiens,31585692,true positive,15,0,disordered
ELME000239,DOC_USP7_MATH_1,USP7 binding motif,DOC,The USP7 MATH domain binding motif variant based on the MDM2 and p53 interactions.,PF00917,MATH,MATH domain,[PA][^P][^FYWIL]S[^P],PSVSS,396,400,MDM2_HUMAN,Homo sapiens,16474402,true positive,10,6,disordered
ELME000239,DOC_USP7_MATH_1,USP7 binding motif,DOC,The USP7 MATH domain binding motif variant based on the MDM2 and p53 interactions.,PF00917,MATH,MATH domain,[PA][^P][^FYWIL]S[^P],PSVSS,396,400,MDM2_HUMAN,Homo sapiens,16402859,true positive,10,6,disordered
ELME000239,DOC_USP7_MATH_1,USP7 binding motif,DOC,The USP7 MATH domain binding motif variant based on the MDM2 and p53 interactions.,PF00917,MATH,MATH domain,[PA][^P][^FYWIL]S[^P],PSVSS,396,400,MDM2_HUMAN,Homo sapiens,20713061,true positive,10,6,disordered
ELME000239,DOC_USP7_MATH_1,USP7 binding motif,DOC,The USP7 MATH domain binding motif variant based on the MDM2 and p53 interactions.,PF00917,MATH,MATH domain,[PA][^P][^FYWIL]S[^P],PSVSS,396,400,MDM4_HUMAN,Homo sapiens,20713061,true positive,10,6,disordered
ELME000239,DOC_USP7_MATH_1,USP7 binding motif,DOC,The USP7 MATH domain binding motif variant based on the MDM2 and p53 interactions.,PF00917,MATH,MATH domain,[PA][^P][^FYWIL]S[^P],PSVSS,396,400,P53_HUMAN,Homo sapiens,16474402 16402859,true positive,10,6,disordered
ELME000239,DOC_USP7_MATH_1,USP7 binding motif,DOC,The USP7 MATH domain binding motif variant based on the MDM2 and p53 interactions.,PF00917,MATH,MATH domain,[PA][^P][^FYWIL]S[^P],PSVSS,396,400,P53_HUMAN,Homo sapiens,16474402,true positive,10,6,disordered
ELME000239,DOC_USP7_MATH_1,USP7 binding motif,DOC,The USP7 MATH domain binding motif variant based on the MDM2 and p53 interactions.,PF00917,MATH,MATH domain,[PA][^P][^FYWIL]S[^P],PSRSA,509,513,MDM2_HUMAN,Homo sapiens,16474402,true positive,10,6,disordered
ELME000239,DOC_USP7_MATH_1,USP7 binding motif,DOC,The USP7 MATH domain binding motif variant based on the MDM2 and p53 interactions.,PF00917,MATH,MATH domain,[PA][^P][^FYWIL]S[^P],PSRSA,509,513,MDM2_HUMAN,Homo sapiens,16402859,true positive,10,6,disordered
ELME000239,DOC_USP7_MATH_1,USP7 binding motif,DOC,The USP7 MATH domain binding motif variant based on the MDM2 and p53 interactions.,PF00917,MATH,MATH domain,[PA][^P][^FYWIL]S[^P],PSRSA,509,513,MDM2_HUMAN,Homo sapiens,20713061,true positive,10,6,disordered
ELME000239,DOC_USP7_MATH_1,USP7 binding motif,DOC,The USP7 MATH domain binding motif variant based on the MDM2 and p53 interactions.,PF00917,MATH,MATH domain,[PA][^P][^FYWIL]S[^P],PSRSA,509,513,MDM4_HUMAN,Homo sapiens,20713061,true positive,10,6,disordered
ELME000239,DOC_USP7_MATH_1,USP7 binding motif,DOC,The USP7 MATH domain binding motif variant based on the MDM2 and p53 interactions.,PF00917,MATH,MATH domain,[PA][^P][^FYWIL]S[^P],PSRSA,509,513,P53_HUMAN,Homo sapiens,16474402 16402859,true positive,10,6,disordered
ELME000239,DOC_USP7_MATH_1,USP7 binding motif,DOC,The USP7 MATH domain binding motif variant based on the MDM2 and p53 interactions.,PF00917,MATH,MATH domain,[PA][^P][^FYWIL]S[^P],PSRSA,509,513,P53_HUMAN,Homo sapiens,16474402,true positive,10,6,disordered
ELME000136,DOC_WW_Pin1_4,WW domain ligands,DOC,The Class IV WW domain interaction motif is recognised primarily by the Pin1 phosphorylation-dependent prolyl isomerase.,PF00397,WW,WW domain,...([ST])P.,TEGTPE,342,347,A4_HUMAN,Homo sapiens,16139797,true positive,96,1,disordered
ELME000136,DOC_WW_Pin1_4,WW domain ligands,DOC,The Class IV WW domain interaction motif is recognised primarily by the Pin1 phosphorylation-dependent prolyl isomerase.,PF00397,WW,WW domain,...([ST])P.,TEGTPE,342,347,A4_HUMAN,Homo sapiens,19602287,true positive,96,1,disordered
ELME000136,DOC_WW_Pin1_4,WW domain ligands,DOC,The Class IV WW domain interaction motif is recognised primarily by the Pin1 phosphorylation-dependent prolyl isomerase.,PF00397,WW,WW domain,...([ST])P.,TEGTPE,342,347,AATF_HUMAN,Homo sapiens,17468107,true positive,96,1,disordered
ELME000136,DOC_WW_Pin1_4,WW domain ligands,DOC,The Class IV WW domain interaction motif is recognised primarily by the Pin1 phosphorylation-dependent prolyl isomerase.,PF00397,WW,WW domain,...([ST])P.,TEGTPE,342,347,AGL24_ARATH,Arabidopsis thaliana,20129060,true positive,96,1,disordered
ELME000136,DOC_WW_Pin1_4,WW domain ligands,DOC,The Class IV WW domain interaction motif is recognised primarily by the Pin1 phosphorylation-dependent prolyl isomerase.,PF00397,WW,WW domain,...([ST])P.,TEGTPE,342,347,AKT1_HUMAN,Homo sapiens,19448664,true positive,96,1,disordered
ELME000136,DOC_WW_Pin1_4,WW domain ligands,DOC,The Class IV WW domain interaction motif is recognised primarily by the Pin1 phosphorylation-dependent prolyl isomerase.,PF00397,WW,WW domain,...([ST])P.,TEGTPE,342,347,ARBK1_MOUSE,Mus musculus,20080565,true positive,96,1,disordered
ELME000136,DOC_WW_Pin1_4,WW domain ligands,DOC,The Class IV WW domain interaction motif is recognised primarily by the Pin1 phosphorylation-dependent prolyl isomerase.,PF00397,WW,WW domain,...([ST])P.,TEGTPE,342,347,B2L11_MOUSE,Mus musculus,1650491,true positive,96,1,disordered
ELME000136,DOC_WW_Pin1_4,WW domain ligands,DOC,The Class IV WW domain interaction motif is recognised primarily by the Pin1 phosphorylation-dependent prolyl isomerase.,PF00397,WW,WW domain,...([ST])P.,TEGTPE,342,347,BTG2_HUMAN,Homo sapiens,15788397,true positive,96,1,disordered
ELME000136,DOC_WW_Pin1_4,WW domain ligands,DOC,The Class IV WW domain interaction motif is recognised primarily by the Pin1 phosphorylation-dependent prolyl isomerase.,PF00397,WW,WW domain,...([ST])P.,TEGTPE,342,347,BTK_MOUSE,Mus musculus,16644721,true positive,96,1,disordered
ELME000136,DOC_WW_Pin1_4,WW domain ligands,DOC,The Class IV WW domain interaction motif is recognised primarily by the Pin1 phosphorylation-dependent prolyl isomerase.,PF00397,WW,WW domain,...([ST])P.,TEGTPE,342,347,CCND1_MOUSE,Mus musculus,11805292,true positive,96,1,disordered
ELME000136,DOC_WW_Pin1_4,WW domain ligands,DOC,The Class IV WW domain interaction motif is recognised primarily by the Pin1 phosphorylation-dependent prolyl isomerase.,PF00397,WW,WW domain,...([ST])P.,TEGTPE,342,347,CCNE1_MOUSE,Mus musculus,16223725,true positive,96,1,disordered
ELME000136,DOC_WW_Pin1_4,WW domain ligands,DOC,The Class IV WW domain interaction motif is recognised primarily by the Pin1 phosphorylation-dependent prolyl isomerase.,PF00397,WW,WW domain,...([ST])P.,TEGTPE,342,347,CDN1B_HUMAN,Homo sapiens,19584057,true positive,96,1,disordered
ELME000136,DOC_WW_Pin1_4,WW domain ligands,DOC,The Class IV WW domain interaction motif is recognised primarily by the Pin1 phosphorylation-dependent prolyl isomerase.,PF00397,WW,WW domain,...([ST])P.,TEGTPE,342,347,CEP55_MOUSE,Mus musculus,19638580,true positive,96,1,disordered
ELME000136,DOC_WW_Pin1_4,WW domain ligands,DOC,The Class IV WW domain interaction motif is recognised primarily by the Pin1 phosphorylation-dependent prolyl isomerase.,PF00397,WW,WW domain,...([ST])P.,TEGTPE,342,347,CRTC2_MOUSE,Mus musculus,20675384,true positive,96,1,disordered
ELME000136,DOC_WW_Pin1_4,WW domain ligands,DOC,The Class IV WW domain interaction motif is recognised primarily by the Pin1 phosphorylation-dependent prolyl isomerase.,PF00397,WW,WW domain,...([ST])P.,TEGTPE,342,347,CTNB1_HUMAN,Homo sapiens,11533658,true positive,96,1,disordered
ELME000136,DOC_WW_Pin1_4,WW domain ligands,DOC,The Class IV WW domain interaction motif is recognised primarily by the Pin1 phosphorylation-dependent prolyl isomerase.,PF00397,WW,WW domain,...([ST])P.,TEGTPE,342,347,DAXX_HUMAN,Homo sapiens,17938171,true positive,96,1,disordered
ELME000136,DOC_WW_Pin1_4,WW domain ligands,DOC,The Class IV WW domain interaction motif is recognised primarily by the Pin1 phosphorylation-dependent prolyl isomerase.,PF00397,WW,WW domain,...([ST])P.,TEGTPE,342,347,FAK1_HUMAN,Homo sapiens,19595712,true positive,96,1,disordered
ELME000136,DOC_WW_Pin1_4,WW domain ligands,DOC,The Class IV WW domain interaction motif is recognised primarily by the Pin1 phosphorylation-dependent prolyl isomerase.,PF00397,WW,WW domain,...([ST])P.,TEGTPE,342,347,FAK1_MOUSE,Mus musculus,19595712,true positive,96,1,disordered
ELME000136,DOC_WW_Pin1_4,WW domain ligands,DOC,The Class IV WW domain interaction motif is recognised primarily by the Pin1 phosphorylation-dependent prolyl isomerase.,PF00397,WW,WW domain,...([ST])P.,TEGTPE,342,347,FBX5A_XENLA,Xenopus laevis,17159919,true positive,96,1,disordered
ELME000136,DOC_WW_Pin1_4,WW domain ligands,DOC,The Class IV WW domain interaction motif is recognised primarily by the Pin1 phosphorylation-dependent prolyl isomerase.,PF00397,WW,WW domain,...([ST])P.,TEGTPE,342,347,FBXW7_HUMAN,Homo sapiens,22608923,true positive,96,1,disordered
ELME000136,DOC_WW_Pin1_4,WW domain ligands,DOC,The Class IV WW domain interaction motif is recognised primarily by the Pin1 phosphorylation-dependent prolyl isomerase.,PF00397,WW,WW domain,...([ST])P.,TEGTPE,342,347,FOS_MOUSE,Mus musculus,16123044,true positive,96,1,disordered
ELME000136,DOC_WW_Pin1_4,WW domain ligands,DOC,The Class IV WW domain interaction motif is recognised primarily by the Pin1 phosphorylation-dependent prolyl isomerase.,PF00397,WW,WW domain,...([ST])P.,TEGTPE,342,347,FUBP2_HUMAN,Homo sapiens,19770516,true positive,96,1,disordered
ELME000136,DOC_WW_Pin1_4,WW domain ligands,DOC,The Class IV WW domain interaction motif is recognised primarily by the Pin1 phosphorylation-dependent prolyl isomerase.,PF00397,WW,WW domain,...([ST])P.,TEGTPE,342,347,GEPH_MOUSE,Mus musculus,17347650,true positive,96,1,disordered
ELME000136,DOC_WW_Pin1_4,WW domain ligands,DOC,The Class IV WW domain interaction motif is recognised primarily by the Pin1 phosphorylation-dependent prolyl isomerase.,PF00397,WW,WW domain,...([ST])P.,TEGTPE,342,347,IRF3_HUMAN,Homo sapiens,16699525,true positive,96,1,disordered
ELME000136,DOC_WW_Pin1_4,WW domain ligands,DOC,The Class IV WW domain interaction motif is recognised primarily by the Pin1 phosphorylation-dependent prolyl isomerase.,PF00397,WW,WW domain,...([ST])P.,TEGTPE,342,347,IRS1_HUMAN,Homo sapiens,21454638,true positive,96,1,disordered
ELME000136,DOC_WW_Pin1_4,WW domain ligands,DOC,The Class IV WW domain interaction motif is recognised primarily by the Pin1 phosphorylation-dependent prolyl isomerase.,PF00397,WW,WW domain,...([ST])P.,TEGTPE,342,347,JUN_HUMAN,Homo sapiens,11432833,true positive,96,1,disordered
ELME000136,DOC_WW_Pin1_4,WW domain ligands,DOC,The Class IV WW domain interaction motif is recognised primarily by the Pin1 phosphorylation-dependent prolyl isomerase.,PF00397,WW,WW domain,...([ST])P.,TEGTPE,342,347,KI20B_HUMAN,Homo sapiens,11470801,true positive,96,1,disordered
ELME000136,DOC_WW_Pin1_4,WW domain ligands,DOC,The Class IV WW domain interaction motif is recognised primarily by the Pin1 phosphorylation-dependent prolyl isomerase.,PF00397,WW,WW domain,...([ST])P.,TEGTPE,342,347,MEF2C_MOUSE,Mus musculus,20801874,true positive,96,1,disordered
ELME000136,DOC_WW_Pin1_4,WW domain ligands,DOC,The Class IV WW domain interaction motif is recognised primarily by the Pin1 phosphorylation-dependent prolyl isomerase.,PF00397,WW,WW domain,...([ST])P.,TEGTPE,342,347,MYB_MOUSE,Mus musculus,18359295,true positive,96,1,disordered
ELME000136,DOC_WW_Pin1_4,WW domain ligands,DOC,The Class IV WW domain interaction motif is recognised primarily by the Pin1 phosphorylation-dependent prolyl isomerase.,PF00397,WW,WW domain,...([ST])P.,TEGTPE,342,347,MYC_HUMAN,Homo sapiens,15048125,true positive,96,1,disordered
ELME000136,DOC_WW_Pin1_4,WW domain ligands,DOC,The Class IV WW domain interaction motif is recognised primarily by the Pin1 phosphorylation-dependent prolyl isomerase.,PF00397,WW,WW domain,...([ST])P.,TEGTPE,342,347,NANOG_MOUSE,Mus musculus,20622153,true positive,96,1,disordered
ELME000136,DOC_WW_Pin1_4,WW domain ligands,DOC,The Class IV WW domain interaction motif is recognised primarily by the Pin1 phosphorylation-dependent prolyl isomerase.,PF00397,WW,WW domain,...([ST])P.,TEGTPE,342,347,NCF1_HUMAN,Homo sapiens,20956805,true positive,96,1,disordered
ELME000136,DOC_WW_Pin1_4,WW domain ligands,DOC,The Class IV WW domain interaction motif is recognised primarily by the Pin1 phosphorylation-dependent prolyl isomerase.,PF00397,WW,WW domain,...([ST])P.,TEGTPE,342,347,NCOR2_HUMAN,Homo sapiens,18838553,true positive,96,1,disordered
ELME000136,DOC_WW_Pin1_4,WW domain ligands,DOC,The Class IV WW domain interaction motif is recognised primarily by the Pin1 phosphorylation-dependent prolyl isomerase.,PF00397,WW,WW domain,...([ST])P.,TEGTPE,342,347,NEK6_HUMAN,Homo sapiens,16476580,true positive,96,1,disordered
ELME000136,DOC_WW_Pin1_4,WW domain ligands,DOC,The Class IV WW domain interaction motif is recognised primarily by the Pin1 phosphorylation-dependent prolyl isomerase.,PF00397,WW,WW domain,...([ST])P.,TEGTPE,342,347,NONO_MOUSE,Mus musculus,15701524,true positive,96,1,disordered
ELME000136,DOC_WW_Pin1_4,WW domain ligands,DOC,The Class IV WW domain interaction motif is recognised primarily by the Pin1 phosphorylation-dependent prolyl isomerase.,PF00397,WW,WW domain,...([ST])P.,TEGTPE,342,347,NOTC1_HUMAN,Homo sapiens,19151708,true positive,96,1,disordered
ELME000136,DOC_WW_Pin1_4,WW domain ligands,DOC,The Class IV WW domain interaction motif is recognised primarily by the Pin1 phosphorylation-dependent prolyl isomerase.,PF00397,WW,WW domain,...([ST])P.,TEGTPE,342,347,NR4A1_HUMAN,Homo sapiens,22002310,true positive,96,1,disordered
ELME000136,DOC_WW_Pin1_4,WW domain ligands,DOC,The Class IV WW domain interaction motif is recognised primarily by the Pin1 phosphorylation-dependent prolyl isomerase.,PF00397,WW,WW domain,...([ST])P.,TEGTPE,342,347,P53_HUMAN,Homo sapiens,12388558,true positive,96,1,disordered
ELME000136,DOC_WW_Pin1_4,WW domain ligands,DOC,The Class IV WW domain interaction motif is recognised primarily by the Pin1 phosphorylation-dependent prolyl isomerase.,PF00397,WW,WW domain,...([ST])P.,TEGTPE,342,347,P53_HUMAN,Homo sapiens,12397362,true positive,96,1,disordered
ELME000136,DOC_WW_Pin1_4,WW domain ligands,DOC,The Class IV WW domain interaction motif is recognised primarily by the Pin1 phosphorylation-dependent prolyl isomerase.,PF00397,WW,WW domain,...([ST])P.,TEGTPE,342,347,P73_HUMAN,Homo sapiens,15175157,true positive,96,1,disordered
ELME000136,DOC_WW_Pin1_4,WW domain ligands,DOC,The Class IV WW domain interaction motif is recognised primarily by the Pin1 phosphorylation-dependent prolyl isomerase.,PF00397,WW,WW domain,...([ST])P.,TEGTPE,342,347,PML_HUMAN,Homo sapiens,18039859,true positive,96,1,disordered
ELME000136,DOC_WW_Pin1_4,WW domain ligands,DOC,The Class IV WW domain interaction motif is recognised primarily by the Pin1 phosphorylation-dependent prolyl isomerase.,PF00397,WW,WW domain,...([ST])P.,TEGTPE,342,347,PO5F1_HUMAN,Homo sapiens,21296877,true positive,96,1,disordered
ELME000136,DOC_WW_Pin1_4,WW domain ligands,DOC,The Class IV WW domain interaction motif is recognised primarily by the Pin1 phosphorylation-dependent prolyl isomerase.,PF00397,WW,WW domain,...([ST])P.,TEGTPE,342,347,PPARG_HUMAN,Homo sapiens,19996102,true positive,96,1,disordered
ELME000136,DOC_WW_Pin1_4,WW domain ligands,DOC,The Class IV WW domain interaction motif is recognised primarily by the Pin1 phosphorylation-dependent prolyl isomerase.,PF00397,WW,WW domain,...([ST])P.,TEGTPE,342,347,RARA_HUMAN,Homo sapiens,15670742,true positive,96,1,disordered
ELME000136,DOC_WW_Pin1_4,WW domain ligands,DOC,The Class IV WW domain interaction motif is recognised primarily by the Pin1 phosphorylation-dependent prolyl isomerase.,PF00397,WW,WW domain,...([ST])P.,TEGTPE,342,347,SMAD3_HUMAN,Homo sapiens,19122240 21685363,true positive,96,1,disordered
ELME000136,DOC_WW_Pin1_4,WW domain ligands,DOC,The Class IV WW domain interaction motif is recognised primarily by the Pin1 phosphorylation-dependent prolyl isomerase.,PF00397,WW,WW domain,...([ST])P.,TEGTPE,342,347,SMAD3_HUMAN,Homo sapiens,19122240,true positive,96,1,disordered
ELME000136,DOC_WW_Pin1_4,WW domain ligands,DOC,The Class IV WW domain interaction motif is recognised primarily by the Pin1 phosphorylation-dependent prolyl isomerase.,PF00397,WW,WW domain,...([ST])P.,TEGTPE,342,347,SNCAP_HUMAN,Homo sapiens,16365047,true positive,96,1,disordered
ELME000136,DOC_WW_Pin1_4,WW domain ligands,DOC,The Class IV WW domain interaction motif is recognised primarily by the Pin1 phosphorylation-dependent prolyl isomerase.,PF00397,WW,WW domain,...([ST])P.,TEGTPE,342,347,SOC1_ARATH,Arabidopsis thaliana,20129060,true positive,96,1,disordered
ELME000136,DOC_WW_Pin1_4,WW domain ligands,DOC,The Class IV WW domain interaction motif is recognised primarily by the Pin1 phosphorylation-dependent prolyl isomerase.,PF00397,WW,WW domain,...([ST])P.,TEGTPE,342,347,SPT23_YEAST,Saccharomyces cerevisiae S288c,19597489,true positive,96,1,disordered
ELME000136,DOC_WW_Pin1_4,WW domain ligands,DOC,The Class IV WW domain interaction motif is recognised primarily by the Pin1 phosphorylation-dependent prolyl isomerase.,PF00397,WW,WW domain,...([ST])P.,TEGTPE,342,347,ST4A1_HUMAN,Homo sapiens,19439498 20920535,true positive,96,1,disordered
ELME000136,DOC_WW_Pin1_4,WW domain ligands,DOC,The Class IV WW domain interaction motif is recognised primarily by the Pin1 phosphorylation-dependent prolyl isomerase.,PF00397,WW,WW domain,...([ST])P.,TEGTPE,342,347,STAT3_HUMAN,Homo sapiens,17563747,true positive,96,1,disordered
ELME000136,DOC_WW_Pin1_4,WW domain ligands,DOC,The Class IV WW domain interaction motif is recognised primarily by the Pin1 phosphorylation-dependent prolyl isomerase.,PF00397,WW,WW domain,...([ST])P.,TEGTPE,342,347,STF1_MOUSE,Mus musculus,19995909,true positive,96,1,disordered
ELME000136,DOC_WW_Pin1_4,WW domain ligands,DOC,The Class IV WW domain interaction motif is recognised primarily by the Pin1 phosphorylation-dependent prolyl isomerase.,PF00397,WW,WW domain,...([ST])P.,TEGTPE,342,347,TAU_HUMAN,Homo sapiens,10391244,true positive,96,1,disordered
ELME000136,DOC_WW_Pin1_4,WW domain ligands,DOC,The Class IV WW domain interaction motif is recognised primarily by the Pin1 phosphorylation-dependent prolyl isomerase.,PF00397,WW,WW domain,...([ST])P.,TEGTPE,342,347,TAX_HTL1A,Human T-cell lymphotrophic virus type 1 (strain ATK),19338781,true positive,96,1,disordered
ELME000136,DOC_WW_Pin1_4,WW domain ligands,DOC,The Class IV WW domain interaction motif is recognised primarily by the Pin1 phosphorylation-dependent prolyl isomerase.,PF00397,WW,WW domain,...([ST])P.,TEGTPE,342,347,TERF1_HUMAN,Homo sapiens,19060891,true positive,96,1,disordered
ELME000136,DOC_WW_Pin1_4,WW domain ligands,DOC,The Class IV WW domain interaction motif is recognised primarily by the Pin1 phosphorylation-dependent prolyl isomerase.,PF00397,WW,WW domain,...([ST])P.,TEGTPE,342,347,TF65_HUMAN,Homo sapiens,14690596,true positive,96,1,disordered
ELME000136,DOC_WW_Pin1_4,WW domain ligands,DOC,The Class IV WW domain interaction motif is recognised primarily by the Pin1 phosphorylation-dependent prolyl isomerase.,PF00397,WW,WW domain,...([ST])P.,TEGTPE,342,347,TFCP2_HUMAN,Homo sapiens,20682773,true positive,96,1,disordered
ELME000136,DOC_WW_Pin1_4,WW domain ligands,DOC,The Class IV WW domain interaction motif is recognised primarily by the Pin1 phosphorylation-dependent prolyl isomerase.,PF00397,WW,WW domain,...([ST])P.,TEGTPE,342,347,WEE1B_XENLA,Xenopus laevis,17360425,true positive,96,1,disordered
ELME000136,DOC_WW_Pin1_4,WW domain ligands,DOC,The Class IV WW domain interaction motif is recognised primarily by the Pin1 phosphorylation-dependent prolyl isomerase.,PF00397,WW,WW domain,...([ST])P.,TEGTPE,342,347,X_HBVA3,Hepatitis B virus adw2/Rutter/1979,17383430,true positive,96,1,disordered
ELME000136,DOC_WW_Pin1_4,WW domain ligands,DOC,The Class IV WW domain interaction motif is recognised primarily by the Pin1 phosphorylation-dependent prolyl isomerase.,PF00397,WW,WW domain,...([ST])P.,RTRTPE,357,362,A4_HUMAN,Homo sapiens,16139797,true positive,96,1,disordered
ELME000136,DOC_WW_Pin1_4,WW domain ligands,DOC,The Class IV WW domain interaction motif is recognised primarily by the Pin1 phosphorylation-dependent prolyl isomerase.,PF00397,WW,WW domain,...([ST])P.,RTRTPE,357,362,A4_HUMAN,Homo sapiens,19602287,true positive,96,1,disordered
ELME000136,DOC_WW_Pin1_4,WW domain ligands,DOC,The Class IV WW domain interaction motif is recognised primarily by the Pin1 phosphorylation-dependent prolyl isomerase.,PF00397,WW,WW domain,...([ST])P.,RTRTPE,357,362,AATF_HUMAN,Homo sapiens,17468107,true positive,96,1,disordered
ELME000136,DOC_WW_Pin1_4,WW domain ligands,DOC,The Class IV WW domain interaction motif is recognised primarily by the Pin1 phosphorylation-dependent prolyl isomerase.,PF00397,WW,WW domain,...([ST])P.,RTRTPE,357,362,AGL24_ARATH,Arabidopsis thaliana,20129060,true positive,96,1,disordered
ELME000136,DOC_WW_Pin1_4,WW domain ligands,DOC,The Class IV WW domain interaction motif is recognised primarily by the Pin1 phosphorylation-dependent prolyl isomerase.,PF00397,WW,WW domain,...([ST])P.,RTRTPE,357,362,AKT1_HUMAN,Homo sapiens,19448664,true positive,96,1,disordered
ELME000136,DOC_WW_Pin1_4,WW domain ligands,DOC,The Class IV WW domain interaction motif is recognised primarily by the Pin1 phosphorylation-dependent prolyl isomerase.,PF00397,WW,WW domain,...([ST])P.,RTRTPE,357,362,ARBK1_MOUSE,Mus musculus,20080565,true positive,96,1,disordered
ELME000136,DOC_WW_Pin1_4,WW domain ligands,DOC,The Class IV WW domain interaction motif is recognised primarily by the Pin1 phosphorylation-dependent prolyl isomerase.,PF00397,WW,WW domain,...([ST])P.,RTRTPE,357,362,B2L11_MOUSE,Mus musculus,1650491,true positive,96,1,disordered
ELME000136,DOC_WW_Pin1_4,WW domain ligands,DOC,The Class IV WW domain interaction motif is recognised primarily by the Pin1 phosphorylation-dependent prolyl isomerase.,PF00397,WW,WW domain,...([ST])P.,RTRTPE,357,362,BTG2_HUMAN,Homo sapiens,15788397,true positive,96,1,disordered
ELME000136,DOC_WW_Pin1_4,WW domain ligands,DOC,The Class IV WW domain interaction motif is recognised primarily by the Pin1 phosphorylation-dependent prolyl isomerase.,PF00397,WW,WW domain,...([ST])P.,RTRTPE,357,362,BTK_MOUSE,Mus musculus,16644721,true positive,96,1,disordered
ELME000136,DOC_WW_Pin1_4,WW domain ligands,DOC,The Class IV WW domain interaction motif is recognised primarily by the Pin1 phosphorylation-dependent prolyl isomerase.,PF00397,WW,WW domain,...([ST])P.,RTRTPE,357,362,CCND1_MOUSE,Mus musculus,11805292,true positive,96,1,disordered
ELME000136,DOC_WW_Pin1_4,WW domain ligands,DOC,The Class IV WW domain interaction motif is recognised primarily by the Pin1 phosphorylation-dependent prolyl isomerase.,PF00397,WW,WW domain,...([ST])P.,RTRTPE,357,362,CCNE1_MOUSE,Mus musculus,16223725,true positive,96,1,disordered
ELME000136,DOC_WW_Pin1_4,WW domain ligands,DOC,The Class IV WW domain interaction motif is recognised primarily by the Pin1 phosphorylation-dependent prolyl isomerase.,PF00397,WW,WW domain,...([ST])P.,RTRTPE,357,362,CDN1B_HUMAN,Homo sapiens,19584057,true positive,96,1,disordered
ELME000136,DOC_WW_Pin1_4,WW domain ligands,DOC,The Class IV WW domain interaction motif is recognised primarily by the Pin1 phosphorylation-dependent prolyl isomerase.,PF00397,WW,WW domain,...([ST])P.,RTRTPE,357,362,CEP55_MOUSE,Mus musculus,19638580,true positive,96,1,disordered
ELME000136,DOC_WW_Pin1_4,WW domain ligands,DOC,The Class IV WW domain interaction motif is recognised primarily by the Pin1 phosphorylation-dependent prolyl isomerase.,PF00397,WW,WW domain,...([ST])P.,RTRTPE,357,362,CRTC2_MOUSE,Mus musculus,20675384,true positive,96,1,disordered
ELME000136,DOC_WW_Pin1_4,WW domain ligands,DOC,The Class IV WW domain interaction motif is recognised primarily by the Pin1 phosphorylation-dependent prolyl isomerase.,PF00397,WW,WW domain,...([ST])P.,RTRTPE,357,362,CTNB1_HUMAN,Homo sapiens,11533658,true positive,96,1,disordered
ELME000136,DOC_WW_Pin1_4,WW domain ligands,DOC,The Class IV WW domain interaction motif is recognised primarily by the Pin1 phosphorylation-dependent prolyl isomerase.,PF00397,WW,WW domain,...([ST])P.,RTRTPE,357,362,DAXX_HUMAN,Homo sapiens,17938171,true positive,96,1,disordered
ELME000136,DOC_WW_Pin1_4,WW domain ligands,DOC,The Class IV WW domain interaction motif is recognised primarily by the Pin1 phosphorylation-dependent prolyl isomerase.,PF00397,WW,WW domain,...([ST])P.,RTRTPE,357,362,FAK1_HUMAN,Homo sapiens,19595712,true positive,96,1,disordered
ELME000136,DOC_WW_Pin1_4,WW domain ligands,DOC,The Class IV WW domain interaction motif is recognised primarily by the Pin1 phosphorylation-dependent prolyl isomerase.,PF00397,WW,WW domain,...([ST])P.,RTRTPE,357,362,FAK1_MOUSE,Mus musculus,19595712,true positive,96,1,disordered
ELME000136,DOC_WW_Pin1_4,WW domain ligands,DOC,The Class IV WW domain interaction motif is recognised primarily by the Pin1 phosphorylation-dependent prolyl isomerase.,PF00397,WW,WW domain,...([ST])P.,RTRTPE,357,362,FBX5A_XENLA,Xenopus laevis,17159919,true positive,96,1,disordered
ELME000136,DOC_WW_Pin1_4,WW domain ligands,DOC,The Class IV WW domain interaction motif is recognised primarily by the Pin1 phosphorylation-dependent prolyl isomerase.,PF00397,WW,WW domain,...([ST])P.,RTRTPE,357,362,FBXW7_HUMAN,Homo sapiens,22608923,true positive,96,1,disordered
ELME000136,DOC_WW_Pin1_4,WW domain ligands,DOC,The Class IV WW domain interaction motif is recognised primarily by the Pin1 phosphorylation-dependent prolyl isomerase.,PF00397,WW,WW domain,...([ST])P.,RTRTPE,357,362,FOS_MOUSE,Mus musculus,16123044,true positive,96,1,disordered
ELME000136,DOC_WW_Pin1_4,WW domain ligands,DOC,The Class IV WW domain interaction motif is recognised primarily by the Pin1 phosphorylation-dependent prolyl isomerase.,PF00397,WW,WW domain,...([ST])P.,RTRTPE,357,362,FUBP2_HUMAN,Homo sapiens,19770516,true positive,96,1,disordered
ELME000136,DOC_WW_Pin1_4,WW domain ligands,DOC,The Class IV WW domain interaction motif is recognised primarily by the Pin1 phosphorylation-dependent prolyl isomerase.,PF00397,WW,WW domain,...([ST])P.,RTRTPE,357,362,GEPH_MOUSE,Mus musculus,17347650,true positive,96,1,disordered
ELME000136,DOC_WW_Pin1_4,WW domain ligands,DOC,The Class IV WW domain interaction motif is recognised primarily by the Pin1 phosphorylation-dependent prolyl isomerase.,PF00397,WW,WW domain,...([ST])P.,RTRTPE,357,362,IRF3_HUMAN,Homo sapiens,16699525,true positive,96,1,disordered
ELME000136,DOC_WW_Pin1_4,WW domain ligands,DOC,The Class IV WW domain interaction motif is recognised primarily by the Pin1 phosphorylation-dependent prolyl isomerase.,PF00397,WW,WW domain,...([ST])P.,RTRTPE,357,362,IRS1_HUMAN,Homo sapiens,21454638,true positive,96,1,disordered
ELME000136,DOC_WW_Pin1_4,WW domain ligands,DOC,The Class IV WW domain interaction motif is recognised primarily by the Pin1 phosphorylation-dependent prolyl isomerase.,PF00397,WW,WW domain,...([ST])P.,RTRTPE,357,362,JUN_HUMAN,Homo sapiens,11432833,true positive,96,1,disordered
ELME000136,DOC_WW_Pin1_4,WW domain ligands,DOC,The Class IV WW domain interaction motif is recognised primarily by the Pin1 phosphorylation-dependent prolyl isomerase.,PF00397,WW,WW domain,...([ST])P.,RTRTPE,357,362,KI20B_HUMAN,Homo sapiens,11470801,true positive,96,1,disordered
ELME000136,DOC_WW_Pin1_4,WW domain ligands,DOC,The Class IV WW domain interaction motif is recognised primarily by the Pin1 phosphorylation-dependent prolyl isomerase.,PF00397,WW,WW domain,...([ST])P.,RTRTPE,357,362,MEF2C_MOUSE,Mus musculus,20801874,true positive,96,1,disordered
ELME000136,DOC_WW_Pin1_4,WW domain ligands,DOC,The Class IV WW domain interaction motif is recognised primarily by the Pin1 phosphorylation-dependent prolyl isomerase.,PF00397,WW,WW domain,...([ST])P.,RTRTPE,357,362,MYB_MOUSE,Mus musculus,18359295,true positive,96,1,disordered
ELME000136,DOC_WW_Pin1_4,WW domain ligands,DOC,The Class IV WW domain interaction motif is recognised primarily by the Pin1 phosphorylation-dependent prolyl isomerase.,PF00397,WW,WW domain,...([ST])P.,RTRTPE,357,362,MYC_HUMAN,Homo sapiens,15048125,true positive,96,1,disordered
ELME000136,DOC_WW_Pin1_4,WW domain ligands,DOC,The Class IV WW domain interaction motif is recognised primarily by the Pin1 phosphorylation-dependent prolyl isomerase.,PF00397,WW,WW domain,...([ST])P.,RTRTPE,357,362,NANOG_MOUSE,Mus musculus,20622153,true positive,96,1,disordered
ELME000136,DOC_WW_Pin1_4,WW domain ligands,DOC,The Class IV WW domain interaction motif is recognised primarily by the Pin1 phosphorylation-dependent prolyl isomerase.,PF00397,WW,WW domain,...([ST])P.,RTRTPE,357,362,NCF1_HUMAN,Homo sapiens,20956805,true positive,96,1,disordered
ELME000136,DOC_WW_Pin1_4,WW domain ligands,DOC,The Class IV WW domain interaction motif is recognised primarily by the Pin1 phosphorylation-dependent prolyl isomerase.,PF00397,WW,WW domain,...([ST])P.,RTRTPE,357,362,NCOR2_HUMAN,Homo sapiens,18838553,true positive,96,1,disordered
ELME000136,DOC_WW_Pin1_4,WW domain ligands,DOC,The Class IV WW domain interaction motif is recognised primarily by the Pin1 phosphorylation-dependent prolyl isomerase.,PF00397,WW,WW domain,...([ST])P.,RTRTPE,357,362,NEK6_HUMAN,Homo sapiens,16476580,true positive,96,1,disordered
ELME000136,DOC_WW_Pin1_4,WW domain ligands,DOC,The Class IV WW domain interaction motif is recognised primarily by the Pin1 phosphorylation-dependent prolyl isomerase.,PF00397,WW,WW domain,...([ST])P.,RTRTPE,357,362,NONO_MOUSE,Mus musculus,15701524,true positive,96,1,disordered
ELME000136,DOC_WW_Pin1_4,WW domain ligands,DOC,The Class IV WW domain interaction motif is recognised primarily by the Pin1 phosphorylation-dependent prolyl isomerase.,PF00397,WW,WW domain,...([ST])P.,RTRTPE,357,362,NOTC1_HUMAN,Homo sapiens,19151708,true positive,96,1,disordered
ELME000136,DOC_WW_Pin1_4,WW domain ligands,DOC,The Class IV WW domain interaction motif is recognised primarily by the Pin1 phosphorylation-dependent prolyl isomerase.,PF00397,WW,WW domain,...([ST])P.,RTRTPE,357,362,NR4A1_HUMAN,Homo sapiens,22002310,true positive,96,1,disordered
ELME000136,DOC_WW_Pin1_4,WW domain ligands,DOC,The Class IV WW domain interaction motif is recognised primarily by the Pin1 phosphorylation-dependent prolyl isomerase.,PF00397,WW,WW domain,...([ST])P.,RTRTPE,357,362,P53_HUMAN,Homo sapiens,12388558,true positive,96,1,disordered
ELME000136,DOC_WW_Pin1_4,WW domain ligands,DOC,The Class IV WW domain interaction motif is recognised primarily by the Pin1 phosphorylation-dependent prolyl isomerase.,PF00397,WW,WW domain,...([ST])P.,RTRTPE,357,362,P53_HUMAN,Homo sapiens,12397362,true positive,96,1,disordered
ELME000136,DOC_WW_Pin1_4,WW domain ligands,DOC,The Class IV WW domain interaction motif is recognised primarily by the Pin1 phosphorylation-dependent prolyl isomerase.,PF00397,WW,WW domain,...([ST])P.,RTRTPE,357,362,P73_HUMAN,Homo sapiens,15175157,true positive,96,1,disordered
ELME000136,DOC_WW_Pin1_4,WW domain ligands,DOC,The Class IV WW domain interaction motif is recognised primarily by the Pin1 phosphorylation-dependent prolyl isomerase.,PF00397,WW,WW domain,...([ST])P.,RTRTPE,357,362,PML_HUMAN,Homo sapiens,18039859,true positive,96,1,disordered
ELME000136,DOC_WW_Pin1_4,WW domain ligands,DOC,The Class IV WW domain interaction motif is recognised primarily by the Pin1 phosphorylation-dependent prolyl isomerase.,PF00397,WW,WW domain,...([ST])P.,RTRTPE,357,362,PO5F1_HUMAN,Homo sapiens,21296877,true positive,96,1,disordered
ELME000136,DOC_WW_Pin1_4,WW domain ligands,DOC,The Class IV WW domain interaction motif is recognised primarily by the Pin1 phosphorylation-dependent prolyl isomerase.,PF00397,WW,WW domain,...([ST])P.,RTRTPE,357,362,PPARG_HUMAN,Homo sapiens,19996102,true positive,96,1,disordered
ELME000136,DOC_WW_Pin1_4,WW domain ligands,DOC,The Class IV WW domain interaction motif is recognised primarily by the Pin1 phosphorylation-dependent prolyl isomerase.,PF00397,WW,WW domain,...([ST])P.,RTRTPE,357,362,RARA_HUMAN,Homo sapiens,15670742,true positive,96,1,disordered
ELME000136,DOC_WW_Pin1_4,WW domain ligands,DOC,The Class IV WW domain interaction motif is recognised primarily by the Pin1 phosphorylation-dependent prolyl isomerase.,PF00397,WW,WW domain,...([ST])P.,RTRTPE,357,362,SMAD3_HUMAN,Homo sapiens,19122240 21685363,true positive,96,1,disordered
ELME000136,DOC_WW_Pin1_4,WW domain ligands,DOC,The Class IV WW domain interaction motif is recognised primarily by the Pin1 phosphorylation-dependent prolyl isomerase.,PF00397,WW,WW domain,...([ST])P.,RTRTPE,357,362,SMAD3_HUMAN,Homo sapiens,19122240,true positive,96,1,disordered
ELME000136,DOC_WW_Pin1_4,WW domain ligands,DOC,The Class IV WW domain interaction motif is recognised primarily by the Pin1 phosphorylation-dependent prolyl isomerase.,PF00397,WW,WW domain,...([ST])P.,RTRTPE,357,362,SNCAP_HUMAN,Homo sapiens,16365047,true positive,96,1,disordered
ELME000136,DOC_WW_Pin1_4,WW domain ligands,DOC,The Class IV WW domain interaction motif is recognised primarily by the Pin1 phosphorylation-dependent prolyl isomerase.,PF00397,WW,WW domain,...([ST])P.,RTRTPE,357,362,SOC1_ARATH,Arabidopsis thaliana,20129060,true positive,96,1,disordered
ELME000136,DOC_WW_Pin1_4,WW domain ligands,DOC,The Class IV WW domain interaction motif is recognised primarily by the Pin1 phosphorylation-dependent prolyl isomerase.,PF00397,WW,WW domain,...([ST])P.,RTRTPE,357,362,SPT23_YEAST,Saccharomyces cerevisiae S288c,19597489,true positive,96,1,disordered
ELME000136,DOC_WW_Pin1_4,WW domain ligands,DOC,The Class IV WW domain interaction motif is recognised primarily by the Pin1 phosphorylation-dependent prolyl isomerase.,PF00397,WW,WW domain,...([ST])P.,RTRTPE,357,362,ST4A1_HUMAN,Homo sapiens,19439498 20920535,true positive,96,1,disordered
ELME000136,DOC_WW_Pin1_4,WW domain ligands,DOC,The Class IV WW domain interaction motif is recognised primarily by the Pin1 phosphorylation-dependent prolyl isomerase.,PF00397,WW,WW domain,...([ST])P.,RTRTPE,357,362,STAT3_HUMAN,Homo sapiens,17563747,true positive,96,1,disordered
ELME000136,DOC_WW_Pin1_4,WW domain ligands,DOC,The Class IV WW domain interaction motif is recognised primarily by the Pin1 phosphorylation-dependent prolyl isomerase.,PF00397,WW,WW domain,...([ST])P.,RTRTPE,357,362,STF1_MOUSE,Mus musculus,19995909,true positive,96,1,disordered
ELME000136,DOC_WW_Pin1_4,WW domain ligands,DOC,The Class IV WW domain interaction motif is recognised primarily by the Pin1 phosphorylation-dependent prolyl isomerase.,PF00397,WW,WW domain,...([ST])P.,RTRTPE,357,362,TAU_HUMAN,Homo sapiens,10391244,true positive,96,1,disordered
ELME000136,DOC_WW_Pin1_4,WW domain ligands,DOC,The Class IV WW domain interaction motif is recognised primarily by the Pin1 phosphorylation-dependent prolyl isomerase.,PF00397,WW,WW domain,...([ST])P.,RTRTPE,357,362,TAX_HTL1A,Human T-cell lymphotrophic virus type 1 (strain ATK),19338781,true positive,96,1,disordered
ELME000136,DOC_WW_Pin1_4,WW domain ligands,DOC,The Class IV WW domain interaction motif is recognised primarily by the Pin1 phosphorylation-dependent prolyl isomerase.,PF00397,WW,WW domain,...([ST])P.,RTRTPE,357,362,TERF1_HUMAN,Homo sapiens,19060891,true positive,96,1,disordered
ELME000136,DOC_WW_Pin1_4,WW domain ligands,DOC,The Class IV WW domain interaction motif is recognised primarily by the Pin1 phosphorylation-dependent prolyl isomerase.,PF00397,WW,WW domain,...([ST])P.,RTRTPE,357,362,TF65_HUMAN,Homo sapiens,14690596,true positive,96,1,disordered
ELME000136,DOC_WW_Pin1_4,WW domain ligands,DOC,The Class IV WW domain interaction motif is recognised primarily by the Pin1 phosphorylation-dependent prolyl isomerase.,PF00397,WW,WW domain,...([ST])P.,RTRTPE,357,362,TFCP2_HUMAN,Homo sapiens,20682773,true positive,96,1,disordered
ELME000136,DOC_WW_Pin1_4,WW domain ligands,DOC,The Class IV WW domain interaction motif is recognised primarily by the Pin1 phosphorylation-dependent prolyl isomerase.,PF00397,WW,WW domain,...([ST])P.,RTRTPE,357,362,WEE1B_XENLA,Xenopus laevis,17360425,true positive,96,1,disordered
ELME000136,DOC_WW_Pin1_4,WW domain ligands,DOC,The Class IV WW domain interaction motif is recognised primarily by the Pin1 phosphorylation-dependent prolyl isomerase.,PF00397,WW,WW domain,...([ST])P.,RTRTPE,357,362,X_HBVA3,Hepatitis B virus adw2/Rutter/1979,17383430,true positive,96,1,disordered
ELME000136,DOC_WW_Pin1_4,WW domain ligands,DOC,The Class IV WW domain interaction motif is recognised primarily by the Pin1 phosphorylation-dependent prolyl isomerase.,PF00397,WW,WW domain,...([ST])P.,RTRTPS,467,472,A4_HUMAN,Homo sapiens,16139797,true positive,96,1,disordered
ELME000136,DOC_WW_Pin1_4,WW domain ligands,DOC,The Class IV WW domain interaction motif is recognised primarily by the Pin1 phosphorylation-dependent prolyl isomerase.,PF00397,WW,WW domain,...([ST])P.,RTRTPS,467,472,A4_HUMAN,Homo sapiens,19602287,true positive,96,1,disordered
ELME000136,DOC_WW_Pin1_4,WW domain ligands,DOC,The Class IV WW domain interaction motif is recognised primarily by the Pin1 phosphorylation-dependent prolyl isomerase.,PF00397,WW,WW domain,...([ST])P.,RTRTPS,467,472,AATF_HUMAN,Homo sapiens,17468107,true positive,96,1,disordered
ELME000136,DOC_WW_Pin1_4,WW domain ligands,DOC,The Class IV WW domain interaction motif is recognised primarily by the Pin1 phosphorylation-dependent prolyl isomerase.,PF00397,WW,WW domain,...([ST])P.,RTRTPS,467,472,AGL24_ARATH,Arabidopsis thaliana,20129060,true positive,96,1,disordered
ELME000136,DOC_WW_Pin1_4,WW domain ligands,DOC,The Class IV WW domain interaction motif is recognised primarily by the Pin1 phosphorylation-dependent prolyl isomerase.,PF00397,WW,WW domain,...([ST])P.,RTRTPS,467,472,AKT1_HUMAN,Homo sapiens,19448664,true positive,96,1,disordered
ELME000136,DOC_WW_Pin1_4,WW domain ligands,DOC,The Class IV WW domain interaction motif is recognised primarily by the Pin1 phosphorylation-dependent prolyl isomerase.,PF00397,WW,WW domain,...([ST])P.,RTRTPS,467,472,ARBK1_MOUSE,Mus musculus,20080565,true positive,96,1,disordered
ELME000136,DOC_WW_Pin1_4,WW domain ligands,DOC,The Class IV WW domain interaction motif is recognised primarily by the Pin1 phosphorylation-dependent prolyl isomerase.,PF00397,WW,WW domain,...([ST])P.,RTRTPS,467,472,B2L11_MOUSE,Mus musculus,1650491,true positive,96,1,disordered
ELME000136,DOC_WW_Pin1_4,WW domain ligands,DOC,The Class IV WW domain interaction motif is recognised primarily by the Pin1 phosphorylation-dependent prolyl isomerase.,PF00397,WW,WW domain,...([ST])P.,RTRTPS,467,472,BTG2_HUMAN,Homo sapiens,15788397,true positive,96,1,disordered
ELME000136,DOC_WW_Pin1_4,WW domain ligands,DOC,The Class IV WW domain interaction motif is recognised primarily by the Pin1 phosphorylation-dependent prolyl isomerase.,PF00397,WW,WW domain,...([ST])P.,RTRTPS,467,472,BTK_MOUSE,Mus musculus,16644721,true positive,96,1,disordered
ELME000136,DOC_WW_Pin1_4,WW domain ligands,DOC,The Class IV WW domain interaction motif is recognised primarily by the Pin1 phosphorylation-dependent prolyl isomerase.,PF00397,WW,WW domain,...([ST])P.,RTRTPS,467,472,CCND1_MOUSE,Mus musculus,11805292,true positive,96,1,disordered
ELME000136,DOC_WW_Pin1_4,WW domain ligands,DOC,The Class IV WW domain interaction motif is recognised primarily by the Pin1 phosphorylation-dependent prolyl isomerase.,PF00397,WW,WW domain,...([ST])P.,RTRTPS,467,472,CCNE1_MOUSE,Mus musculus,16223725,true positive,96,1,disordered
ELME000136,DOC_WW_Pin1_4,WW domain ligands,DOC,The Class IV WW domain interaction motif is recognised primarily by the Pin1 phosphorylation-dependent prolyl isomerase.,PF00397,WW,WW domain,...([ST])P.,RTRTPS,467,472,CDN1B_HUMAN,Homo sapiens,19584057,true positive,96,1,disordered
ELME000136,DOC_WW_Pin1_4,WW domain ligands,DOC,The Class IV WW domain interaction motif is recognised primarily by the Pin1 phosphorylation-dependent prolyl isomerase.,PF00397,WW,WW domain,...([ST])P.,RTRTPS,467,472,CEP55_MOUSE,Mus musculus,19638580,true positive,96,1,disordered
ELME000136,DOC_WW_Pin1_4,WW domain ligands,DOC,The Class IV WW domain interaction motif is recognised primarily by the Pin1 phosphorylation-dependent prolyl isomerase.,PF00397,WW,WW domain,...([ST])P.,RTRTPS,467,472,CRTC2_MOUSE,Mus musculus,20675384,true positive,96,1,disordered
ELME000136,DOC_WW_Pin1_4,WW domain ligands,DOC,The Class IV WW domain interaction motif is recognised primarily by the Pin1 phosphorylation-dependent prolyl isomerase.,PF00397,WW,WW domain,...([ST])P.,RTRTPS,467,472,CTNB1_HUMAN,Homo sapiens,11533658,true positive,96,1,disordered
ELME000136,DOC_WW_Pin1_4,WW domain ligands,DOC,The Class IV WW domain interaction motif is recognised primarily by the Pin1 phosphorylation-dependent prolyl isomerase.,PF00397,WW,WW domain,...([ST])P.,RTRTPS,467,472,DAXX_HUMAN,Homo sapiens,17938171,true positive,96,1,disordered
ELME000136,DOC_WW_Pin1_4,WW domain ligands,DOC,The Class IV WW domain interaction motif is recognised primarily by the Pin1 phosphorylation-dependent prolyl isomerase.,PF00397,WW,WW domain,...([ST])P.,RTRTPS,467,472,FAK1_HUMAN,Homo sapiens,19595712,true positive,96,1,disordered
ELME000136,DOC_WW_Pin1_4,WW domain ligands,DOC,The Class IV WW domain interaction motif is recognised primarily by the Pin1 phosphorylation-dependent prolyl isomerase.,PF00397,WW,WW domain,...([ST])P.,RTRTPS,467,472,FAK1_MOUSE,Mus musculus,19595712,true positive,96,1,disordered
ELME000136,DOC_WW_Pin1_4,WW domain ligands,DOC,The Class IV WW domain interaction motif is recognised primarily by the Pin1 phosphorylation-dependent prolyl isomerase.,PF00397,WW,WW domain,...([ST])P.,RTRTPS,467,472,FBX5A_XENLA,Xenopus laevis,17159919,true positive,96,1,disordered
ELME000136,DOC_WW_Pin1_4,WW domain ligands,DOC,The Class IV WW domain interaction motif is recognised primarily by the Pin1 phosphorylation-dependent prolyl isomerase.,PF00397,WW,WW domain,...([ST])P.,RTRTPS,467,472,FBXW7_HUMAN,Homo sapiens,22608923,true positive,96,1,disordered
ELME000136,DOC_WW_Pin1_4,WW domain ligands,DOC,The Class IV WW domain interaction motif is recognised primarily by the Pin1 phosphorylation-dependent prolyl isomerase.,PF00397,WW,WW domain,...([ST])P.,RTRTPS,467,472,FOS_MOUSE,Mus musculus,16123044,true positive,96,1,disordered
ELME000136,DOC_WW_Pin1_4,WW domain ligands,DOC,The Class IV WW domain interaction motif is recognised primarily by the Pin1 phosphorylation-dependent prolyl isomerase.,PF00397,WW,WW domain,...([ST])P.,RTRTPS,467,472,FUBP2_HUMAN,Homo sapiens,19770516,true positive,96,1,disordered
ELME000136,DOC_WW_Pin1_4,WW domain ligands,DOC,The Class IV WW domain interaction motif is recognised primarily by the Pin1 phosphorylation-dependent prolyl isomerase.,PF00397,WW,WW domain,...([ST])P.,RTRTPS,467,472,GEPH_MOUSE,Mus musculus,17347650,true positive,96,1,disordered
ELME000136,DOC_WW_Pin1_4,WW domain ligands,DOC,The Class IV WW domain interaction motif is recognised primarily by the Pin1 phosphorylation-dependent prolyl isomerase.,PF00397,WW,WW domain,...([ST])P.,RTRTPS,467,472,IRF3_HUMAN,Homo sapiens,16699525,true positive,96,1,disordered
ELME000136,DOC_WW_Pin1_4,WW domain ligands,DOC,The Class IV WW domain interaction motif is recognised primarily by the Pin1 phosphorylation-dependent prolyl isomerase.,PF00397,WW,WW domain,...([ST])P.,RTRTPS,467,472,IRS1_HUMAN,Homo sapiens,21454638,true positive,96,1,disordered
ELME000136,DOC_WW_Pin1_4,WW domain ligands,DOC,The Class IV WW domain interaction motif is recognised primarily by the Pin1 phosphorylation-dependent prolyl isomerase.,PF00397,WW,WW domain,...([ST])P.,RTRTPS,467,472,JUN_HUMAN,Homo sapiens,11432833,true positive,96,1,disordered
ELME000136,DOC_WW_Pin1_4,WW domain ligands,DOC,The Class IV WW domain interaction motif is recognised primarily by the Pin1 phosphorylation-dependent prolyl isomerase.,PF00397,WW,WW domain,...([ST])P.,RTRTPS,467,472,KI20B_HUMAN,Homo sapiens,11470801,true positive,96,1,disordered
ELME000136,DOC_WW_Pin1_4,WW domain ligands,DOC,The Class IV WW domain interaction motif is recognised primarily by the Pin1 phosphorylation-dependent prolyl isomerase.,PF00397,WW,WW domain,...([ST])P.,RTRTPS,467,472,MEF2C_MOUSE,Mus musculus,20801874,true positive,96,1,disordered
ELME000136,DOC_WW_Pin1_4,WW domain ligands,DOC,The Class IV WW domain interaction motif is recognised primarily by the Pin1 phosphorylation-dependent prolyl isomerase.,PF00397,WW,WW domain,...([ST])P.,RTRTPS,467,472,MYB_MOUSE,Mus musculus,18359295,true positive,96,1,disordered
ELME000136,DOC_WW_Pin1_4,WW domain ligands,DOC,The Class IV WW domain interaction motif is recognised primarily by the Pin1 phosphorylation-dependent prolyl isomerase.,PF00397,WW,WW domain,...([ST])P.,RTRTPS,467,472,MYC_HUMAN,Homo sapiens,15048125,true positive,96,1,disordered
ELME000136,DOC_WW_Pin1_4,WW domain ligands,DOC,The Class IV WW domain interaction motif is recognised primarily by the Pin1 phosphorylation-dependent prolyl isomerase.,PF00397,WW,WW domain,...([ST])P.,RTRTPS,467,472,NANOG_MOUSE,Mus musculus,20622153,true positive,96,1,disordered
ELME000136,DOC_WW_Pin1_4,WW domain ligands,DOC,The Class IV WW domain interaction motif is recognised primarily by the Pin1 phosphorylation-dependent prolyl isomerase.,PF00397,WW,WW domain,...([ST])P.,RTRTPS,467,472,NCF1_HUMAN,Homo sapiens,20956805,true positive,96,1,disordered
ELME000136,DOC_WW_Pin1_4,WW domain ligands,DOC,The Class IV WW domain interaction motif is recognised primarily by the Pin1 phosphorylation-dependent prolyl isomerase.,PF00397,WW,WW domain,...([ST])P.,RTRTPS,467,472,NCOR2_HUMAN,Homo sapiens,18838553,true positive,96,1,disordered
ELME000136,DOC_WW_Pin1_4,WW domain ligands,DOC,The Class IV WW domain interaction motif is recognised primarily by the Pin1 phosphorylation-dependent prolyl isomerase.,PF00397,WW,WW domain,...([ST])P.,RTRTPS,467,472,NEK6_HUMAN,Homo sapiens,16476580,true positive,96,1,disordered
ELME000136,DOC_WW_Pin1_4,WW domain ligands,DOC,The Class IV WW domain interaction motif is recognised primarily by the Pin1 phosphorylation-dependent prolyl isomerase.,PF00397,WW,WW domain,...([ST])P.,RTRTPS,467,472,NONO_MOUSE,Mus musculus,15701524,true positive,96,1,disordered
ELME000136,DOC_WW_Pin1_4,WW domain ligands,DOC,The Class IV WW domain interaction motif is recognised primarily by the Pin1 phosphorylation-dependent prolyl isomerase.,PF00397,WW,WW domain,...([ST])P.,RTRTPS,467,472,NOTC1_HUMAN,Homo sapiens,19151708,true positive,96,1,disordered
ELME000136,DOC_WW_Pin1_4,WW domain ligands,DOC,The Class IV WW domain interaction motif is recognised primarily by the Pin1 phosphorylation-dependent prolyl isomerase.,PF00397,WW,WW domain,...([ST])P.,RTRTPS,467,472,NR4A1_HUMAN,Homo sapiens,22002310,true positive,96,1,disordered
ELME000136,DOC_WW_Pin1_4,WW domain ligands,DOC,The Class IV WW domain interaction motif is recognised primarily by the Pin1 phosphorylation-dependent prolyl isomerase.,PF00397,WW,WW domain,...([ST])P.,RTRTPS,467,472,P53_HUMAN,Homo sapiens,12388558,true positive,96,1,disordered
ELME000136,DOC_WW_Pin1_4,WW domain ligands,DOC,The Class IV WW domain interaction motif is recognised primarily by the Pin1 phosphorylation-dependent prolyl isomerase.,PF00397,WW,WW domain,...([ST])P.,RTRTPS,467,472,P53_HUMAN,Homo sapiens,12397362,true positive,96,1,disordered
ELME000136,DOC_WW_Pin1_4,WW domain ligands,DOC,The Class IV WW domain interaction motif is recognised primarily by the Pin1 phosphorylation-dependent prolyl isomerase.,PF00397,WW,WW domain,...([ST])P.,RTRTPS,467,472,P73_HUMAN,Homo sapiens,15175157,true positive,96,1,disordered
ELME000136,DOC_WW_Pin1_4,WW domain ligands,DOC,The Class IV WW domain interaction motif is recognised primarily by the Pin1 phosphorylation-dependent prolyl isomerase.,PF00397,WW,WW domain,...([ST])P.,RTRTPS,467,472,PML_HUMAN,Homo sapiens,18039859,true positive,96,1,disordered
ELME000136,DOC_WW_Pin1_4,WW domain ligands,DOC,The Class IV WW domain interaction motif is recognised primarily by the Pin1 phosphorylation-dependent prolyl isomerase.,PF00397,WW,WW domain,...([ST])P.,RTRTPS,467,472,PO5F1_HUMAN,Homo sapiens,21296877,true positive,96,1,disordered
ELME000136,DOC_WW_Pin1_4,WW domain ligands,DOC,The Class IV WW domain interaction motif is recognised primarily by the Pin1 phosphorylation-dependent prolyl isomerase.,PF00397,WW,WW domain,...([ST])P.,RTRTPS,467,472,PPARG_HUMAN,Homo sapiens,19996102,true positive,96,1,disordered
ELME000136,DOC_WW_Pin1_4,WW domain ligands,DOC,The Class IV WW domain interaction motif is recognised primarily by the Pin1 phosphorylation-dependent prolyl isomerase.,PF00397,WW,WW domain,...([ST])P.,RTRTPS,467,472,RARA_HUMAN,Homo sapiens,15670742,true positive,96,1,disordered
ELME000136,DOC_WW_Pin1_4,WW domain ligands,DOC,The Class IV WW domain interaction motif is recognised primarily by the Pin1 phosphorylation-dependent prolyl isomerase.,PF00397,WW,WW domain,...([ST])P.,RTRTPS,467,472,SMAD3_HUMAN,Homo sapiens,19122240 21685363,true positive,96,1,disordered
ELME000136,DOC_WW_Pin1_4,WW domain ligands,DOC,The Class IV WW domain interaction motif is recognised primarily by the Pin1 phosphorylation-dependent prolyl isomerase.,PF00397,WW,WW domain,...([ST])P.,RTRTPS,467,472,SMAD3_HUMAN,Homo sapiens,19122240,true positive,96,1,disordered
ELME000136,DOC_WW_Pin1_4,WW domain ligands,DOC,The Class IV WW domain interaction motif is recognised primarily by the Pin1 phosphorylation-dependent prolyl isomerase.,PF00397,WW,WW domain,...([ST])P.,RTRTPS,467,472,SNCAP_HUMAN,Homo sapiens,16365047,true positive,96,1,disordered
ELME000136,DOC_WW_Pin1_4,WW domain ligands,DOC,The Class IV WW domain interaction motif is recognised primarily by the Pin1 phosphorylation-dependent prolyl isomerase.,PF00397,WW,WW domain,...([ST])P.,RTRTPS,467,472,SOC1_ARATH,Arabidopsis thaliana,20129060,true positive,96,1,disordered
ELME000136,DOC_WW_Pin1_4,WW domain ligands,DOC,The Class IV WW domain interaction motif is recognised primarily by the Pin1 phosphorylation-dependent prolyl isomerase.,PF00397,WW,WW domain,...([ST])P.,RTRTPS,467,472,SPT23_YEAST,Saccharomyces cerevisiae S288c,19597489,true positive,96,1,disordered
ELME000136,DOC_WW_Pin1_4,WW domain ligands,DOC,The Class IV WW domain interaction motif is recognised primarily by the Pin1 phosphorylation-dependent prolyl isomerase.,PF00397,WW,WW domain,...([ST])P.,RTRTPS,467,472,ST4A1_HUMAN,Homo sapiens,19439498 20920535,true positive,96,1,disordered
ELME000136,DOC_WW_Pin1_4,WW domain ligands,DOC,The Class IV WW domain interaction motif is recognised primarily by the Pin1 phosphorylation-dependent prolyl isomerase.,PF00397,WW,WW domain,...([ST])P.,RTRTPS,467,472,STAT3_HUMAN,Homo sapiens,17563747,true positive,96,1,disordered
ELME000136,DOC_WW_Pin1_4,WW domain ligands,DOC,The Class IV WW domain interaction motif is recognised primarily by the Pin1 phosphorylation-dependent prolyl isomerase.,PF00397,WW,WW domain,...([ST])P.,RTRTPS,467,472,STF1_MOUSE,Mus musculus,19995909,true positive,96,1,disordered
ELME000136,DOC_WW_Pin1_4,WW domain ligands,DOC,The Class IV WW domain interaction motif is recognised primarily by the Pin1 phosphorylation-dependent prolyl isomerase.,PF00397,WW,WW domain,...([ST])P.,RTRTPS,467,472,TAU_HUMAN,Homo sapiens,10391244,true positive,96,1,disordered
ELME000136,DOC_WW_Pin1_4,WW domain ligands,DOC,The Class IV WW domain interaction motif is recognised primarily by the Pin1 phosphorylation-dependent prolyl isomerase.,PF00397,WW,WW domain,...([ST])P.,RTRTPS,467,472,TAX_HTL1A,Human T-cell lymphotrophic virus type 1 (strain ATK),19338781,true positive,96,1,disordered
ELME000136,DOC_WW_Pin1_4,WW domain ligands,DOC,The Class IV WW domain interaction motif is recognised primarily by the Pin1 phosphorylation-dependent prolyl isomerase.,PF00397,WW,WW domain,...([ST])P.,RTRTPS,467,472,TERF1_HUMAN,Homo sapiens,19060891,true positive,96,1,disordered
ELME000136,DOC_WW_Pin1_4,WW domain ligands,DOC,The Class IV WW domain interaction motif is recognised primarily by the Pin1 phosphorylation-dependent prolyl isomerase.,PF00397,WW,WW domain,...([ST])P.,RTRTPS,467,472,TF65_HUMAN,Homo sapiens,14690596,true positive,96,1,disordered
ELME000136,DOC_WW_Pin1_4,WW domain ligands,DOC,The Class IV WW domain interaction motif is recognised primarily by the Pin1 phosphorylation-dependent prolyl isomerase.,PF00397,WW,WW domain,...([ST])P.,RTRTPS,467,472,TFCP2_HUMAN,Homo sapiens,20682773,true positive,96,1,disordered
ELME000136,DOC_WW_Pin1_4,WW domain ligands,DOC,The Class IV WW domain interaction motif is recognised primarily by the Pin1 phosphorylation-dependent prolyl isomerase.,PF00397,WW,WW domain,...([ST])P.,RTRTPS,467,472,WEE1B_XENLA,Xenopus laevis,17360425,true positive,96,1,disordered
ELME000136,DOC_WW_Pin1_4,WW domain ligands,DOC,The Class IV WW domain interaction motif is recognised primarily by the Pin1 phosphorylation-dependent prolyl isomerase.,PF00397,WW,WW domain,...([ST])P.,RTRTPS,467,472,X_HBVA3,Hepatitis B virus adw2/Rutter/1979,17383430,true positive,96,1,disordered
ELME000136,DOC_WW_Pin1_4,WW domain ligands,DOC,The Class IV WW domain interaction motif is recognised primarily by the Pin1 phosphorylation-dependent prolyl isomerase.,PF00397,WW,WW domain,...([ST])P.,LVSTPP,484,489,A4_HUMAN,Homo sapiens,16139797,true positive,96,1,disordered
ELME000136,DOC_WW_Pin1_4,WW domain ligands,DOC,The Class IV WW domain interaction motif is recognised primarily by the Pin1 phosphorylation-dependent prolyl isomerase.,PF00397,WW,WW domain,...([ST])P.,LVSTPP,484,489,A4_HUMAN,Homo sapiens,19602287,true positive,96,1,disordered
ELME000136,DOC_WW_Pin1_4,WW domain ligands,DOC,The Class IV WW domain interaction motif is recognised primarily by the Pin1 phosphorylation-dependent prolyl isomerase.,PF00397,WW,WW domain,...([ST])P.,LVSTPP,484,489,AATF_HUMAN,Homo sapiens,17468107,true positive,96,1,disordered
ELME000136,DOC_WW_Pin1_4,WW domain ligands,DOC,The Class IV WW domain interaction motif is recognised primarily by the Pin1 phosphorylation-dependent prolyl isomerase.,PF00397,WW,WW domain,...([ST])P.,LVSTPP,484,489,AGL24_ARATH,Arabidopsis thaliana,20129060,true positive,96,1,disordered
ELME000136,DOC_WW_Pin1_4,WW domain ligands,DOC,The Class IV WW domain interaction motif is recognised primarily by the Pin1 phosphorylation-dependent prolyl isomerase.,PF00397,WW,WW domain,...([ST])P.,LVSTPP,484,489,AKT1_HUMAN,Homo sapiens,19448664,true positive,96,1,disordered
ELME000136,DOC_WW_Pin1_4,WW domain ligands,DOC,The Class IV WW domain interaction motif is recognised primarily by the Pin1 phosphorylation-dependent prolyl isomerase.,PF00397,WW,WW domain,...([ST])P.,LVSTPP,484,489,ARBK1_MOUSE,Mus musculus,20080565,true positive,96,1,disordered
ELME000136,DOC_WW_Pin1_4,WW domain ligands,DOC,The Class IV WW domain interaction motif is recognised primarily by the Pin1 phosphorylation-dependent prolyl isomerase.,PF00397,WW,WW domain,...([ST])P.,LVSTPP,484,489,B2L11_MOUSE,Mus musculus,1650491,true positive,96,1,disordered
ELME000136,DOC_WW_Pin1_4,WW domain ligands,DOC,The Class IV WW domain interaction motif is recognised primarily by the Pin1 phosphorylation-dependent prolyl isomerase.,PF00397,WW,WW domain,...([ST])P.,LVSTPP,484,489,BTG2_HUMAN,Homo sapiens,15788397,true positive,96,1,disordered
ELME000136,DOC_WW_Pin1_4,WW domain ligands,DOC,The Class IV WW domain interaction motif is recognised primarily by the Pin1 phosphorylation-dependent prolyl isomerase.,PF00397,WW,WW domain,...([ST])P.,LVSTPP,484,489,BTK_MOUSE,Mus musculus,16644721,true positive,96,1,disordered
ELME000136,DOC_WW_Pin1_4,WW domain ligands,DOC,The Class IV WW domain interaction motif is recognised primarily by the Pin1 phosphorylation-dependent prolyl isomerase.,PF00397,WW,WW domain,...([ST])P.,LVSTPP,484,489,CCND1_MOUSE,Mus musculus,11805292,true positive,96,1,disordered
ELME000136,DOC_WW_Pin1_4,WW domain ligands,DOC,The Class IV WW domain interaction motif is recognised primarily by the Pin1 phosphorylation-dependent prolyl isomerase.,PF00397,WW,WW domain,...([ST])P.,LVSTPP,484,489,CCNE1_MOUSE,Mus musculus,16223725,true positive,96,1,disordered
ELME000136,DOC_WW_Pin1_4,WW domain ligands,DOC,The Class IV WW domain interaction motif is recognised primarily by the Pin1 phosphorylation-dependent prolyl isomerase.,PF00397,WW,WW domain,...([ST])P.,LVSTPP,484,489,CDN1B_HUMAN,Homo sapiens,19584057,true positive,96,1,disordered
ELME000136,DOC_WW_Pin1_4,WW domain ligands,DOC,The Class IV WW domain interaction motif is recognised primarily by the Pin1 phosphorylation-dependent prolyl isomerase.,PF00397,WW,WW domain,...([ST])P.,LVSTPP,484,489,CEP55_MOUSE,Mus musculus,19638580,true positive,96,1,disordered
ELME000136,DOC_WW_Pin1_4,WW domain ligands,DOC,The Class IV WW domain interaction motif is recognised primarily by the Pin1 phosphorylation-dependent prolyl isomerase.,PF00397,WW,WW domain,...([ST])P.,LVSTPP,484,489,CRTC2_MOUSE,Mus musculus,20675384,true positive,96,1,disordered
ELME000136,DOC_WW_Pin1_4,WW domain ligands,DOC,The Class IV WW domain interaction motif is recognised primarily by the Pin1 phosphorylation-dependent prolyl isomerase.,PF00397,WW,WW domain,...([ST])P.,LVSTPP,484,489,CTNB1_HUMAN,Homo sapiens,11533658,true positive,96,1,disordered
ELME000136,DOC_WW_Pin1_4,WW domain ligands,DOC,The Class IV WW domain interaction motif is recognised primarily by the Pin1 phosphorylation-dependent prolyl isomerase.,PF00397,WW,WW domain,...([ST])P.,LVSTPP,484,489,DAXX_HUMAN,Homo sapiens,17938171,true positive,96,1,disordered
ELME000136,DOC_WW_Pin1_4,WW domain ligands,DOC,The Class IV WW domain interaction motif is recognised primarily by the Pin1 phosphorylation-dependent prolyl isomerase.,PF00397,WW,WW domain,...([ST])P.,LVSTPP,484,489,FAK1_HUMAN,Homo sapiens,19595712,true positive,96,1,disordered
ELME000136,DOC_WW_Pin1_4,WW domain ligands,DOC,The Class IV WW domain interaction motif is recognised primarily by the Pin1 phosphorylation-dependent prolyl isomerase.,PF00397,WW,WW domain,...([ST])P.,LVSTPP,484,489,FAK1_MOUSE,Mus musculus,19595712,true positive,96,1,disordered
ELME000136,DOC_WW_Pin1_4,WW domain ligands,DOC,The Class IV WW domain interaction motif is recognised primarily by the Pin1 phosphorylation-dependent prolyl isomerase.,PF00397,WW,WW domain,...([ST])P.,LVSTPP,484,489,FBX5A_XENLA,Xenopus laevis,17159919,true positive,96,1,disordered
ELME000136,DOC_WW_Pin1_4,WW domain ligands,DOC,The Class IV WW domain interaction motif is recognised primarily by the Pin1 phosphorylation-dependent prolyl isomerase.,PF00397,WW,WW domain,...([ST])P.,LVSTPP,484,489,FBXW7_HUMAN,Homo sapiens,22608923,true positive,96,1,disordered
ELME000136,DOC_WW_Pin1_4,WW domain ligands,DOC,The Class IV WW domain interaction motif is recognised primarily by the Pin1 phosphorylation-dependent prolyl isomerase.,PF00397,WW,WW domain,...([ST])P.,LVSTPP,484,489,FOS_MOUSE,Mus musculus,16123044,true positive,96,1,disordered
ELME000136,DOC_WW_Pin1_4,WW domain ligands,DOC,The Class IV WW domain interaction motif is recognised primarily by the Pin1 phosphorylation-dependent prolyl isomerase.,PF00397,WW,WW domain,...([ST])P.,LVSTPP,484,489,FUBP2_HUMAN,Homo sapiens,19770516,true positive,96,1,disordered
ELME000136,DOC_WW_Pin1_4,WW domain ligands,DOC,The Class IV WW domain interaction motif is recognised primarily by the Pin1 phosphorylation-dependent prolyl isomerase.,PF00397,WW,WW domain,...([ST])P.,LVSTPP,484,489,GEPH_MOUSE,Mus musculus,17347650,true positive,96,1,disordered
ELME000136,DOC_WW_Pin1_4,WW domain ligands,DOC,The Class IV WW domain interaction motif is recognised primarily by the Pin1 phosphorylation-dependent prolyl isomerase.,PF00397,WW,WW domain,...([ST])P.,LVSTPP,484,489,IRF3_HUMAN,Homo sapiens,16699525,true positive,96,1,disordered
ELME000136,DOC_WW_Pin1_4,WW domain ligands,DOC,The Class IV WW domain interaction motif is recognised primarily by the Pin1 phosphorylation-dependent prolyl isomerase.,PF00397,WW,WW domain,...([ST])P.,LVSTPP,484,489,IRS1_HUMAN,Homo sapiens,21454638,true positive,96,1,disordered
ELME000136,DOC_WW_Pin1_4,WW domain ligands,DOC,The Class IV WW domain interaction motif is recognised primarily by the Pin1 phosphorylation-dependent prolyl isomerase.,PF00397,WW,WW domain,...([ST])P.,LVSTPP,484,489,JUN_HUMAN,Homo sapiens,11432833,true positive,96,1,disordered
ELME000136,DOC_WW_Pin1_4,WW domain ligands,DOC,The Class IV WW domain interaction motif is recognised primarily by the Pin1 phosphorylation-dependent prolyl isomerase.,PF00397,WW,WW domain,...([ST])P.,LVSTPP,484,489,KI20B_HUMAN,Homo sapiens,11470801,true positive,96,1,disordered
ELME000136,DOC_WW_Pin1_4,WW domain ligands,DOC,The Class IV WW domain interaction motif is recognised primarily by the Pin1 phosphorylation-dependent prolyl isomerase.,PF00397,WW,WW domain,...([ST])P.,LVSTPP,484,489,MEF2C_MOUSE,Mus musculus,20801874,true positive,96,1,disordered
ELME000136,DOC_WW_Pin1_4,WW domain ligands,DOC,The Class IV WW domain interaction motif is recognised primarily by the Pin1 phosphorylation-dependent prolyl isomerase.,PF00397,WW,WW domain,...([ST])P.,LVSTPP,484,489,MYB_MOUSE,Mus musculus,18359295,true positive,96,1,disordered
ELME000136,DOC_WW_Pin1_4,WW domain ligands,DOC,The Class IV WW domain interaction motif is recognised primarily by the Pin1 phosphorylation-dependent prolyl isomerase.,PF00397,WW,WW domain,...([ST])P.,LVSTPP,484,489,MYC_HUMAN,Homo sapiens,15048125,true positive,96,1,disordered
ELME000136,DOC_WW_Pin1_4,WW domain ligands,DOC,The Class IV WW domain interaction motif is recognised primarily by the Pin1 phosphorylation-dependent prolyl isomerase.,PF00397,WW,WW domain,...([ST])P.,LVSTPP,484,489,NANOG_MOUSE,Mus musculus,20622153,true positive,96,1,disordered
ELME000136,DOC_WW_Pin1_4,WW domain ligands,DOC,The Class IV WW domain interaction motif is recognised primarily by the Pin1 phosphorylation-dependent prolyl isomerase.,PF00397,WW,WW domain,...([ST])P.,LVSTPP,484,489,NCF1_HUMAN,Homo sapiens,20956805,true positive,96,1,disordered
ELME000136,DOC_WW_Pin1_4,WW domain ligands,DOC,The Class IV WW domain interaction motif is recognised primarily by the Pin1 phosphorylation-dependent prolyl isomerase.,PF00397,WW,WW domain,...([ST])P.,LVSTPP,484,489,NCOR2_HUMAN,Homo sapiens,18838553,true positive,96,1,disordered
ELME000136,DOC_WW_Pin1_4,WW domain ligands,DOC,The Class IV WW domain interaction motif is recognised primarily by the Pin1 phosphorylation-dependent prolyl isomerase.,PF00397,WW,WW domain,...([ST])P.,LVSTPP,484,489,NEK6_HUMAN,Homo sapiens,16476580,true positive,96,1,disordered
ELME000136,DOC_WW_Pin1_4,WW domain ligands,DOC,The Class IV WW domain interaction motif is recognised primarily by the Pin1 phosphorylation-dependent prolyl isomerase.,PF00397,WW,WW domain,...([ST])P.,LVSTPP,484,489,NONO_MOUSE,Mus musculus,15701524,true positive,96,1,disordered
ELME000136,DOC_WW_Pin1_4,WW domain ligands,DOC,The Class IV WW domain interaction motif is recognised primarily by the Pin1 phosphorylation-dependent prolyl isomerase.,PF00397,WW,WW domain,...([ST])P.,LVSTPP,484,489,NOTC1_HUMAN,Homo sapiens,19151708,true positive,96,1,disordered
ELME000136,DOC_WW_Pin1_4,WW domain ligands,DOC,The Class IV WW domain interaction motif is recognised primarily by the Pin1 phosphorylation-dependent prolyl isomerase.,PF00397,WW,WW domain,...([ST])P.,LVSTPP,484,489,NR4A1_HUMAN,Homo sapiens,22002310,true positive,96,1,disordered
ELME000136,DOC_WW_Pin1_4,WW domain ligands,DOC,The Class IV WW domain interaction motif is recognised primarily by the Pin1 phosphorylation-dependent prolyl isomerase.,PF00397,WW,WW domain,...([ST])P.,LVSTPP,484,489,P53_HUMAN,Homo sapiens,12388558,true positive,96,1,disordered
ELME000136,DOC_WW_Pin1_4,WW domain ligands,DOC,The Class IV WW domain interaction motif is recognised primarily by the Pin1 phosphorylation-dependent prolyl isomerase.,PF00397,WW,WW domain,...([ST])P.,LVSTPP,484,489,P53_HUMAN,Homo sapiens,12397362,true positive,96,1,disordered
ELME000136,DOC_WW_Pin1_4,WW domain ligands,DOC,The Class IV WW domain interaction motif is recognised primarily by the Pin1 phosphorylation-dependent prolyl isomerase.,PF00397,WW,WW domain,...([ST])P.,LVSTPP,484,489,P73_HUMAN,Homo sapiens,15175157,true positive,96,1,disordered
ELME000136,DOC_WW_Pin1_4,WW domain ligands,DOC,The Class IV WW domain interaction motif is recognised primarily by the Pin1 phosphorylation-dependent prolyl isomerase.,PF00397,WW,WW domain,...([ST])P.,LVSTPP,484,489,PML_HUMAN,Homo sapiens,18039859,true positive,96,1,disordered
ELME000136,DOC_WW_Pin1_4,WW domain ligands,DOC,The Class IV WW domain interaction motif is recognised primarily by the Pin1 phosphorylation-dependent prolyl isomerase.,PF00397,WW,WW domain,...([ST])P.,LVSTPP,484,489,PO5F1_HUMAN,Homo sapiens,21296877,true positive,96,1,disordered
ELME000136,DOC_WW_Pin1_4,WW domain ligands,DOC,The Class IV WW domain interaction motif is recognised primarily by the Pin1 phosphorylation-dependent prolyl isomerase.,PF00397,WW,WW domain,...([ST])P.,LVSTPP,484,489,PPARG_HUMAN,Homo sapiens,19996102,true positive,96,1,disordered
ELME000136,DOC_WW_Pin1_4,WW domain ligands,DOC,The Class IV WW domain interaction motif is recognised primarily by the Pin1 phosphorylation-dependent prolyl isomerase.,PF00397,WW,WW domain,...([ST])P.,LVSTPP,484,489,RARA_HUMAN,Homo sapiens,15670742,true positive,96,1,disordered
ELME000136,DOC_WW_Pin1_4,WW domain ligands,DOC,The Class IV WW domain interaction motif is recognised primarily by the Pin1 phosphorylation-dependent prolyl isomerase.,PF00397,WW,WW domain,...([ST])P.,LVSTPP,484,489,SMAD3_HUMAN,Homo sapiens,19122240 21685363,true positive,96,1,disordered
ELME000136,DOC_WW_Pin1_4,WW domain ligands,DOC,The Class IV WW domain interaction motif is recognised primarily by the Pin1 phosphorylation-dependent prolyl isomerase.,PF00397,WW,WW domain,...([ST])P.,LVSTPP,484,489,SMAD3_HUMAN,Homo sapiens,19122240,true positive,96,1,disordered
ELME000136,DOC_WW_Pin1_4,WW domain ligands,DOC,The Class IV WW domain interaction motif is recognised primarily by the Pin1 phosphorylation-dependent prolyl isomerase.,PF00397,WW,WW domain,...([ST])P.,LVSTPP,484,489,SNCAP_HUMAN,Homo sapiens,16365047,true positive,96,1,disordered
ELME000136,DOC_WW_Pin1_4,WW domain ligands,DOC,The Class IV WW domain interaction motif is recognised primarily by the Pin1 phosphorylation-dependent prolyl isomerase.,PF00397,WW,WW domain,...([ST])P.,LVSTPP,484,489,SOC1_ARATH,Arabidopsis thaliana,20129060,true positive,96,1,disordered
ELME000136,DOC_WW_Pin1_4,WW domain ligands,DOC,The Class IV WW domain interaction motif is recognised primarily by the Pin1 phosphorylation-dependent prolyl isomerase.,PF00397,WW,WW domain,...([ST])P.,LVSTPP,484,489,SPT23_YEAST,Saccharomyces cerevisiae S288c,19597489,true positive,96,1,disordered
ELME000136,DOC_WW_Pin1_4,WW domain ligands,DOC,The Class IV WW domain interaction motif is recognised primarily by the Pin1 phosphorylation-dependent prolyl isomerase.,PF00397,WW,WW domain,...([ST])P.,LVSTPP,484,489,ST4A1_HUMAN,Homo sapiens,19439498 20920535,true positive,96,1,disordered
ELME000136,DOC_WW_Pin1_4,WW domain ligands,DOC,The Class IV WW domain interaction motif is recognised primarily by the Pin1 phosphorylation-dependent prolyl isomerase.,PF00397,WW,WW domain,...([ST])P.,LVSTPP,484,489,STAT3_HUMAN,Homo sapiens,17563747,true positive,96,1,disordered
ELME000136,DOC_WW_Pin1_4,WW domain ligands,DOC,The Class IV WW domain interaction motif is recognised primarily by the Pin1 phosphorylation-dependent prolyl isomerase.,PF00397,WW,WW domain,...([ST])P.,LVSTPP,484,489,STF1_MOUSE,Mus musculus,19995909,true positive,96,1,disordered
ELME000136,DOC_WW_Pin1_4,WW domain ligands,DOC,The Class IV WW domain interaction motif is recognised primarily by the Pin1 phosphorylation-dependent prolyl isomerase.,PF00397,WW,WW domain,...([ST])P.,LVSTPP,484,489,TAU_HUMAN,Homo sapiens,10391244,true positive,96,1,disordered
ELME000136,DOC_WW_Pin1_4,WW domain ligands,DOC,The Class IV WW domain interaction motif is recognised primarily by the Pin1 phosphorylation-dependent prolyl isomerase.,PF00397,WW,WW domain,...([ST])P.,LVSTPP,484,489,TAX_HTL1A,Human T-cell lymphotrophic virus type 1 (strain ATK),19338781,true positive,96,1,disordered
ELME000136,DOC_WW_Pin1_4,WW domain ligands,DOC,The Class IV WW domain interaction motif is recognised primarily by the Pin1 phosphorylation-dependent prolyl isomerase.,PF00397,WW,WW domain,...([ST])P.,LVSTPP,484,489,TERF1_HUMAN,Homo sapiens,19060891,true positive,96,1,disordered
ELME000136,DOC_WW_Pin1_4,WW domain ligands,DOC,The Class IV WW domain interaction motif is recognised primarily by the Pin1 phosphorylation-dependent prolyl isomerase.,PF00397,WW,WW domain,...([ST])P.,LVSTPP,484,489,TF65_HUMAN,Homo sapiens,14690596,true positive,96,1,disordered
ELME000136,DOC_WW_Pin1_4,WW domain ligands,DOC,The Class IV WW domain interaction motif is recognised primarily by the Pin1 phosphorylation-dependent prolyl isomerase.,PF00397,WW,WW domain,...([ST])P.,LVSTPP,484,489,TFCP2_HUMAN,Homo sapiens,20682773,true positive,96,1,disordered
ELME000136,DOC_WW_Pin1_4,WW domain ligands,DOC,The Class IV WW domain interaction motif is recognised primarily by the Pin1 phosphorylation-dependent prolyl isomerase.,PF00397,WW,WW domain,...([ST])P.,LVSTPP,484,489,WEE1B_XENLA,Xenopus laevis,17360425,true positive,96,1,disordered
ELME000136,DOC_WW_Pin1_4,WW domain ligands,DOC,The Class IV WW domain interaction motif is recognised primarily by the Pin1 phosphorylation-dependent prolyl isomerase.,PF00397,WW,WW domain,...([ST])P.,LVSTPP,484,489,X_HBVA3,Hepatitis B virus adw2/Rutter/1979,17383430,true positive,96,1,disordered
ELME000136,DOC_WW_Pin1_4,WW domain ligands,DOC,The Class IV WW domain interaction motif is recognised primarily by the Pin1 phosphorylation-dependent prolyl isomerase.,PF00397,WW,WW domain,...([ST])P.,EALTPS,501,506,A4_HUMAN,Homo sapiens,16139797,true positive,96,1,disordered
ELME000136,DOC_WW_Pin1_4,WW domain ligands,DOC,The Class IV WW domain interaction motif is recognised primarily by the Pin1 phosphorylation-dependent prolyl isomerase.,PF00397,WW,WW domain,...([ST])P.,EALTPS,501,506,A4_HUMAN,Homo sapiens,19602287,true positive,96,1,disordered
ELME000136,DOC_WW_Pin1_4,WW domain ligands,DOC,The Class IV WW domain interaction motif is recognised primarily by the Pin1 phosphorylation-dependent prolyl isomerase.,PF00397,WW,WW domain,...([ST])P.,EALTPS,501,506,AATF_HUMAN,Homo sapiens,17468107,true positive,96,1,disordered
ELME000136,DOC_WW_Pin1_4,WW domain ligands,DOC,The Class IV WW domain interaction motif is recognised primarily by the Pin1 phosphorylation-dependent prolyl isomerase.,PF00397,WW,WW domain,...([ST])P.,EALTPS,501,506,AGL24_ARATH,Arabidopsis thaliana,20129060,true positive,96,1,disordered
ELME000136,DOC_WW_Pin1_4,WW domain ligands,DOC,The Class IV WW domain interaction motif is recognised primarily by the Pin1 phosphorylation-dependent prolyl isomerase.,PF00397,WW,WW domain,...([ST])P.,EALTPS,501,506,AKT1_HUMAN,Homo sapiens,19448664,true positive,96,1,disordered
ELME000136,DOC_WW_Pin1_4,WW domain ligands,DOC,The Class IV WW domain interaction motif is recognised primarily by the Pin1 phosphorylation-dependent prolyl isomerase.,PF00397,WW,WW domain,...([ST])P.,EALTPS,501,506,ARBK1_MOUSE,Mus musculus,20080565,true positive,96,1,disordered
ELME000136,DOC_WW_Pin1_4,WW domain ligands,DOC,The Class IV WW domain interaction motif is recognised primarily by the Pin1 phosphorylation-dependent prolyl isomerase.,PF00397,WW,WW domain,...([ST])P.,EALTPS,501,506,B2L11_MOUSE,Mus musculus,1650491,true positive,96,1,disordered
ELME000136,DOC_WW_Pin1_4,WW domain ligands,DOC,The Class IV WW domain interaction motif is recognised primarily by the Pin1 phosphorylation-dependent prolyl isomerase.,PF00397,WW,WW domain,...([ST])P.,EALTPS,501,506,BTG2_HUMAN,Homo sapiens,15788397,true positive,96,1,disordered
ELME000136,DOC_WW_Pin1_4,WW domain ligands,DOC,The Class IV WW domain interaction motif is recognised primarily by the Pin1 phosphorylation-dependent prolyl isomerase.,PF00397,WW,WW domain,...([ST])P.,EALTPS,501,506,BTK_MOUSE,Mus musculus,16644721,true positive,96,1,disordered
ELME000136,DOC_WW_Pin1_4,WW domain ligands,DOC,The Class IV WW domain interaction motif is recognised primarily by the Pin1 phosphorylation-dependent prolyl isomerase.,PF00397,WW,WW domain,...([ST])P.,EALTPS,501,506,CCND1_MOUSE,Mus musculus,11805292,true positive,96,1,disordered
ELME000136,DOC_WW_Pin1_4,WW domain ligands,DOC,The Class IV WW domain interaction motif is recognised primarily by the Pin1 phosphorylation-dependent prolyl isomerase.,PF00397,WW,WW domain,...([ST])P.,EALTPS,501,506,CCNE1_MOUSE,Mus musculus,16223725,true positive,96,1,disordered
ELME000136,DOC_WW_Pin1_4,WW domain ligands,DOC,The Class IV WW domain interaction motif is recognised primarily by the Pin1 phosphorylation-dependent prolyl isomerase.,PF00397,WW,WW domain,...([ST])P.,EALTPS,501,506,CDN1B_HUMAN,Homo sapiens,19584057,true positive,96,1,disordered
ELME000136,DOC_WW_Pin1_4,WW domain ligands,DOC,The Class IV WW domain interaction motif is recognised primarily by the Pin1 phosphorylation-dependent prolyl isomerase.,PF00397,WW,WW domain,...([ST])P.,EALTPS,501,506,CEP55_MOUSE,Mus musculus,19638580,true positive,96,1,disordered
ELME000136,DOC_WW_Pin1_4,WW domain ligands,DOC,The Class IV WW domain interaction motif is recognised primarily by the Pin1 phosphorylation-dependent prolyl isomerase.,PF00397,WW,WW domain,...([ST])P.,EALTPS,501,506,CRTC2_MOUSE,Mus musculus,20675384,true positive,96,1,disordered
ELME000136,DOC_WW_Pin1_4,WW domain ligands,DOC,The Class IV WW domain interaction motif is recognised primarily by the Pin1 phosphorylation-dependent prolyl isomerase.,PF00397,WW,WW domain,...([ST])P.,EALTPS,501,506,CTNB1_HUMAN,Homo sapiens,11533658,true positive,96,1,disordered
ELME000136,DOC_WW_Pin1_4,WW domain ligands,DOC,The Class IV WW domain interaction motif is recognised primarily by the Pin1 phosphorylation-dependent prolyl isomerase.,PF00397,WW,WW domain,...([ST])P.,EALTPS,501,506,DAXX_HUMAN,Homo sapiens,17938171,true positive,96,1,disordered
ELME000136,DOC_WW_Pin1_4,WW domain ligands,DOC,The Class IV WW domain interaction motif is recognised primarily by the Pin1 phosphorylation-dependent prolyl isomerase.,PF00397,WW,WW domain,...([ST])P.,EALTPS,501,506,FAK1_HUMAN,Homo sapiens,19595712,true positive,96,1,disordered
ELME000136,DOC_WW_Pin1_4,WW domain ligands,DOC,The Class IV WW domain interaction motif is recognised primarily by the Pin1 phosphorylation-dependent prolyl isomerase.,PF00397,WW,WW domain,...([ST])P.,EALTPS,501,506,FAK1_MOUSE,Mus musculus,19595712,true positive,96,1,disordered
ELME000136,DOC_WW_Pin1_4,WW domain ligands,DOC,The Class IV WW domain interaction motif is recognised primarily by the Pin1 phosphorylation-dependent prolyl isomerase.,PF00397,WW,WW domain,...([ST])P.,EALTPS,501,506,FBX5A_XENLA,Xenopus laevis,17159919,true positive,96,1,disordered
ELME000136,DOC_WW_Pin1_4,WW domain ligands,DOC,The Class IV WW domain interaction motif is recognised primarily by the Pin1 phosphorylation-dependent prolyl isomerase.,PF00397,WW,WW domain,...([ST])P.,EALTPS,501,506,FBXW7_HUMAN,Homo sapiens,22608923,true positive,96,1,disordered
ELME000136,DOC_WW_Pin1_4,WW domain ligands,DOC,The Class IV WW domain interaction motif is recognised primarily by the Pin1 phosphorylation-dependent prolyl isomerase.,PF00397,WW,WW domain,...([ST])P.,EALTPS,501,506,FOS_MOUSE,Mus musculus,16123044,true positive,96,1,disordered
ELME000136,DOC_WW_Pin1_4,WW domain ligands,DOC,The Class IV WW domain interaction motif is recognised primarily by the Pin1 phosphorylation-dependent prolyl isomerase.,PF00397,WW,WW domain,...([ST])P.,EALTPS,501,506,FUBP2_HUMAN,Homo sapiens,19770516,true positive,96,1,disordered
ELME000136,DOC_WW_Pin1_4,WW domain ligands,DOC,The Class IV WW domain interaction motif is recognised primarily by the Pin1 phosphorylation-dependent prolyl isomerase.,PF00397,WW,WW domain,...([ST])P.,EALTPS,501,506,GEPH_MOUSE,Mus musculus,17347650,true positive,96,1,disordered
ELME000136,DOC_WW_Pin1_4,WW domain ligands,DOC,The Class IV WW domain interaction motif is recognised primarily by the Pin1 phosphorylation-dependent prolyl isomerase.,PF00397,WW,WW domain,...([ST])P.,EALTPS,501,506,IRF3_HUMAN,Homo sapiens,16699525,true positive,96,1,disordered
ELME000136,DOC_WW_Pin1_4,WW domain ligands,DOC,The Class IV WW domain interaction motif is recognised primarily by the Pin1 phosphorylation-dependent prolyl isomerase.,PF00397,WW,WW domain,...([ST])P.,EALTPS,501,506,IRS1_HUMAN,Homo sapiens,21454638,true positive,96,1,disordered
ELME000136,DOC_WW_Pin1_4,WW domain ligands,DOC,The Class IV WW domain interaction motif is recognised primarily by the Pin1 phosphorylation-dependent prolyl isomerase.,PF00397,WW,WW domain,...([ST])P.,EALTPS,501,506,JUN_HUMAN,Homo sapiens,11432833,true positive,96,1,disordered
ELME000136,DOC_WW_Pin1_4,WW domain ligands,DOC,The Class IV WW domain interaction motif is recognised primarily by the Pin1 phosphorylation-dependent prolyl isomerase.,PF00397,WW,WW domain,...([ST])P.,EALTPS,501,506,KI20B_HUMAN,Homo sapiens,11470801,true positive,96,1,disordered
ELME000136,DOC_WW_Pin1_4,WW domain ligands,DOC,The Class IV WW domain interaction motif is recognised primarily by the Pin1 phosphorylation-dependent prolyl isomerase.,PF00397,WW,WW domain,...([ST])P.,EALTPS,501,506,MEF2C_MOUSE,Mus musculus,20801874,true positive,96,1,disordered
ELME000136,DOC_WW_Pin1_4,WW domain ligands,DOC,The Class IV WW domain interaction motif is recognised primarily by the Pin1 phosphorylation-dependent prolyl isomerase.,PF00397,WW,WW domain,...([ST])P.,EALTPS,501,506,MYB_MOUSE,Mus musculus,18359295,true positive,96,1,disordered
ELME000136,DOC_WW_Pin1_4,WW domain ligands,DOC,The Class IV WW domain interaction motif is recognised primarily by the Pin1 phosphorylation-dependent prolyl isomerase.,PF00397,WW,WW domain,...([ST])P.,EALTPS,501,506,MYC_HUMAN,Homo sapiens,15048125,true positive,96,1,disordered
ELME000136,DOC_WW_Pin1_4,WW domain ligands,DOC,The Class IV WW domain interaction motif is recognised primarily by the Pin1 phosphorylation-dependent prolyl isomerase.,PF00397,WW,WW domain,...([ST])P.,EALTPS,501,506,NANOG_MOUSE,Mus musculus,20622153,true positive,96,1,disordered
ELME000136,DOC_WW_Pin1_4,WW domain ligands,DOC,The Class IV WW domain interaction motif is recognised primarily by the Pin1 phosphorylation-dependent prolyl isomerase.,PF00397,WW,WW domain,...([ST])P.,EALTPS,501,506,NCF1_HUMAN,Homo sapiens,20956805,true positive,96,1,disordered
ELME000136,DOC_WW_Pin1_4,WW domain ligands,DOC,The Class IV WW domain interaction motif is recognised primarily by the Pin1 phosphorylation-dependent prolyl isomerase.,PF00397,WW,WW domain,...([ST])P.,EALTPS,501,506,NCOR2_HUMAN,Homo sapiens,18838553,true positive,96,1,disordered
ELME000136,DOC_WW_Pin1_4,WW domain ligands,DOC,The Class IV WW domain interaction motif is recognised primarily by the Pin1 phosphorylation-dependent prolyl isomerase.,PF00397,WW,WW domain,...([ST])P.,EALTPS,501,506,NEK6_HUMAN,Homo sapiens,16476580,true positive,96,1,disordered
ELME000136,DOC_WW_Pin1_4,WW domain ligands,DOC,The Class IV WW domain interaction motif is recognised primarily by the Pin1 phosphorylation-dependent prolyl isomerase.,PF00397,WW,WW domain,...([ST])P.,EALTPS,501,506,NONO_MOUSE,Mus musculus,15701524,true positive,96,1,disordered
ELME000136,DOC_WW_Pin1_4,WW domain ligands,DOC,The Class IV WW domain interaction motif is recognised primarily by the Pin1 phosphorylation-dependent prolyl isomerase.,PF00397,WW,WW domain,...([ST])P.,EALTPS,501,506,NOTC1_HUMAN,Homo sapiens,19151708,true positive,96,1,disordered
ELME000136,DOC_WW_Pin1_4,WW domain ligands,DOC,The Class IV WW domain interaction motif is recognised primarily by the Pin1 phosphorylation-dependent prolyl isomerase.,PF00397,WW,WW domain,...([ST])P.,EALTPS,501,506,NR4A1_HUMAN,Homo sapiens,22002310,true positive,96,1,disordered
ELME000136,DOC_WW_Pin1_4,WW domain ligands,DOC,The Class IV WW domain interaction motif is recognised primarily by the Pin1 phosphorylation-dependent prolyl isomerase.,PF00397,WW,WW domain,...([ST])P.,EALTPS,501,506,P53_HUMAN,Homo sapiens,12388558,true positive,96,1,disordered
ELME000136,DOC_WW_Pin1_4,WW domain ligands,DOC,The Class IV WW domain interaction motif is recognised primarily by the Pin1 phosphorylation-dependent prolyl isomerase.,PF00397,WW,WW domain,...([ST])P.,EALTPS,501,506,P53_HUMAN,Homo sapiens,12397362,true positive,96,1,disordered
ELME000136,DOC_WW_Pin1_4,WW domain ligands,DOC,The Class IV WW domain interaction motif is recognised primarily by the Pin1 phosphorylation-dependent prolyl isomerase.,PF00397,WW,WW domain,...([ST])P.,EALTPS,501,506,P73_HUMAN,Homo sapiens,15175157,true positive,96,1,disordered
ELME000136,DOC_WW_Pin1_4,WW domain ligands,DOC,The Class IV WW domain interaction motif is recognised primarily by the Pin1 phosphorylation-dependent prolyl isomerase.,PF00397,WW,WW domain,...([ST])P.,EALTPS,501,506,PML_HUMAN,Homo sapiens,18039859,true positive,96,1,disordered
ELME000136,DOC_WW_Pin1_4,WW domain ligands,DOC,The Class IV WW domain interaction motif is recognised primarily by the Pin1 phosphorylation-dependent prolyl isomerase.,PF00397,WW,WW domain,...([ST])P.,EALTPS,501,506,PO5F1_HUMAN,Homo sapiens,21296877,true positive,96,1,disordered
ELME000136,DOC_WW_Pin1_4,WW domain ligands,DOC,The Class IV WW domain interaction motif is recognised primarily by the Pin1 phosphorylation-dependent prolyl isomerase.,PF00397,WW,WW domain,...([ST])P.,EALTPS,501,506,PPARG_HUMAN,Homo sapiens,19996102,true positive,96,1,disordered
ELME000136,DOC_WW_Pin1_4,WW domain ligands,DOC,The Class IV WW domain interaction motif is recognised primarily by the Pin1 phosphorylation-dependent prolyl isomerase.,PF00397,WW,WW domain,...([ST])P.,EALTPS,501,506,RARA_HUMAN,Homo sapiens,15670742,true positive,96,1,disordered
ELME000136,DOC_WW_Pin1_4,WW domain ligands,DOC,The Class IV WW domain interaction motif is recognised primarily by the Pin1 phosphorylation-dependent prolyl isomerase.,PF00397,WW,WW domain,...([ST])P.,EALTPS,501,506,SMAD3_HUMAN,Homo sapiens,19122240 21685363,true positive,96,1,disordered
ELME000136,DOC_WW_Pin1_4,WW domain ligands,DOC,The Class IV WW domain interaction motif is recognised primarily by the Pin1 phosphorylation-dependent prolyl isomerase.,PF00397,WW,WW domain,...([ST])P.,EALTPS,501,506,SMAD3_HUMAN,Homo sapiens,19122240,true positive,96,1,disordered
ELME000136,DOC_WW_Pin1_4,WW domain ligands,DOC,The Class IV WW domain interaction motif is recognised primarily by the Pin1 phosphorylation-dependent prolyl isomerase.,PF00397,WW,WW domain,...([ST])P.,EALTPS,501,506,SNCAP_HUMAN,Homo sapiens,16365047,true positive,96,1,disordered
ELME000136,DOC_WW_Pin1_4,WW domain ligands,DOC,The Class IV WW domain interaction motif is recognised primarily by the Pin1 phosphorylation-dependent prolyl isomerase.,PF00397,WW,WW domain,...([ST])P.,EALTPS,501,506,SOC1_ARATH,Arabidopsis thaliana,20129060,true positive,96,1,disordered
ELME000136,DOC_WW_Pin1_4,WW domain ligands,DOC,The Class IV WW domain interaction motif is recognised primarily by the Pin1 phosphorylation-dependent prolyl isomerase.,PF00397,WW,WW domain,...([ST])P.,EALTPS,501,506,SPT23_YEAST,Saccharomyces cerevisiae S288c,19597489,true positive,96,1,disordered
ELME000136,DOC_WW_Pin1_4,WW domain ligands,DOC,The Class IV WW domain interaction motif is recognised primarily by the Pin1 phosphorylation-dependent prolyl isomerase.,PF00397,WW,WW domain,...([ST])P.,EALTPS,501,506,ST4A1_HUMAN,Homo sapiens,19439498 20920535,true positive,96,1,disordered
ELME000136,DOC_WW_Pin1_4,WW domain ligands,DOC,The Class IV WW domain interaction motif is recognised primarily by the Pin1 phosphorylation-dependent prolyl isomerase.,PF00397,WW,WW domain,...([ST])P.,EALTPS,501,506,STAT3_HUMAN,Homo sapiens,17563747,true positive,96,1,disordered
ELME000136,DOC_WW_Pin1_4,WW domain ligands,DOC,The Class IV WW domain interaction motif is recognised primarily by the Pin1 phosphorylation-dependent prolyl isomerase.,PF00397,WW,WW domain,...([ST])P.,EALTPS,501,506,STF1_MOUSE,Mus musculus,19995909,true positive,96,1,disordered
ELME000136,DOC_WW_Pin1_4,WW domain ligands,DOC,The Class IV WW domain interaction motif is recognised primarily by the Pin1 phosphorylation-dependent prolyl isomerase.,PF00397,WW,WW domain,...([ST])P.,EALTPS,501,506,TAU_HUMAN,Homo sapiens,10391244,true positive,96,1,disordered
ELME000136,DOC_WW_Pin1_4,WW domain ligands,DOC,The Class IV WW domain interaction motif is recognised primarily by the Pin1 phosphorylation-dependent prolyl isomerase.,PF00397,WW,WW domain,...([ST])P.,EALTPS,501,506,TAX_HTL1A,Human T-cell lymphotrophic virus type 1 (strain ATK),19338781,true positive,96,1,disordered
ELME000136,DOC_WW_Pin1_4,WW domain ligands,DOC,The Class IV WW domain interaction motif is recognised primarily by the Pin1 phosphorylation-dependent prolyl isomerase.,PF00397,WW,WW domain,...([ST])P.,EALTPS,501,506,TERF1_HUMAN,Homo sapiens,19060891,true positive,96,1,disordered
ELME000136,DOC_WW_Pin1_4,WW domain ligands,DOC,The Class IV WW domain interaction motif is recognised primarily by the Pin1 phosphorylation-dependent prolyl isomerase.,PF00397,WW,WW domain,...([ST])P.,EALTPS,501,506,TF65_HUMAN,Homo sapiens,14690596,true positive,96,1,disordered
ELME000136,DOC_WW_Pin1_4,WW domain ligands,DOC,The Class IV WW domain interaction motif is recognised primarily by the Pin1 phosphorylation-dependent prolyl isomerase.,PF00397,WW,WW domain,...([ST])P.,EALTPS,501,506,TFCP2_HUMAN,Homo sapiens,20682773,true positive,96,1,disordered
ELME000136,DOC_WW_Pin1_4,WW domain ligands,DOC,The Class IV WW domain interaction motif is recognised primarily by the Pin1 phosphorylation-dependent prolyl isomerase.,PF00397,WW,WW domain,...([ST])P.,EALTPS,501,506,WEE1B_XENLA,Xenopus laevis,17360425,true positive,96,1,disordered
ELME000136,DOC_WW_Pin1_4,WW domain ligands,DOC,The Class IV WW domain interaction motif is recognised primarily by the Pin1 phosphorylation-dependent prolyl isomerase.,PF00397,WW,WW domain,...([ST])P.,EALTPS,501,506,X_HBVA3,Hepatitis B virus adw2/Rutter/1979,17383430,true positive,96,1,disordered
ELME000417,LIG_14-3-3_CanoR_1,14-3-3 binding phosphopeptide motif,LIG,Canonical Arg-containing phospho-motif mediating a strong interaction with 14-3-3 proteins.  ,PF00244,14-3-3,14-3-3 protein,"R[^DE]{0,2}[^DEPG]([ST])(([FWYLMV].)|([^PRIKGN]P)|([^PRIKGN].{2,4}[VILMFWYP]))",RASSRTSLV,477,485,3BP2_HUMAN,Homo sapiens,12501243,true positive,65,16,disordered
ELME000417,LIG_14-3-3_CanoR_1,14-3-3 binding phosphopeptide motif,LIG,Canonical Arg-containing phospho-motif mediating a strong interaction with 14-3-3 proteins.  ,PF00244,14-3-3,14-3-3 protein,"R[^DE]{0,2}[^DEPG]([ST])(([FWYLMV].)|([^PRIKGN]P)|([^PRIKGN].{2,4}[VILMFWYP]))",RASSRTSLV,477,485,ADA22_HUMAN,Homo sapiens,16868027,true positive,65,16,disordered
ELME000417,LIG_14-3-3_CanoR_1,14-3-3 binding phosphopeptide motif,LIG,Canonical Arg-containing phospho-motif mediating a strong interaction with 14-3-3 proteins.  ,PF00244,14-3-3,14-3-3 protein,"R[^DE]{0,2}[^DEPG]([ST])(([FWYLMV].)|([^PRIKGN]P)|([^PRIKGN].{2,4}[VILMFWYP]))",RASSRTSLV,477,485,ATX1_HUMAN,Homo sapiens,20037628 12757707,true positive,65,16,disordered
ELME000417,LIG_14-3-3_CanoR_1,14-3-3 binding phosphopeptide motif,LIG,Canonical Arg-containing phospho-motif mediating a strong interaction with 14-3-3 proteins.  ,PF00244,14-3-3,14-3-3 protein,"R[^DE]{0,2}[^DEPG]([ST])(([FWYLMV].)|([^PRIKGN]P)|([^PRIKGN].{2,4}[VILMFWYP]))",RASSRTSLV,477,485,B7UM88_ECO27,Escherichia coli O127:H6 str. E2348/69,15339273,true positive,65,16,disordered
ELME000417,LIG_14-3-3_CanoR_1,14-3-3 binding phosphopeptide motif,LIG,Canonical Arg-containing phospho-motif mediating a strong interaction with 14-3-3 proteins.  ,PF00244,14-3-3,14-3-3 protein,"R[^DE]{0,2}[^DEPG]([ST])(([FWYLMV].)|([^PRIKGN]P)|([^PRIKGN].{2,4}[VILMFWYP]))",RASSRTSLV,477,485,BAD_MOUSE,Mus musculus,8929531,true positive,65,16,disordered
ELME000417,LIG_14-3-3_CanoR_1,14-3-3 binding phosphopeptide motif,LIG,Canonical Arg-containing phospho-motif mediating a strong interaction with 14-3-3 proteins.  ,PF00244,14-3-3,14-3-3 protein,"R[^DE]{0,2}[^DEPG]([ST])(([FWYLMV].)|([^PRIKGN]P)|([^PRIKGN].{2,4}[VILMFWYP]))",RASSRTSLV,477,485,BAD_MOUSE,Mus musculus,8929531 10949026,true positive,65,16,disordered
ELME000417,LIG_14-3-3_CanoR_1,14-3-3 binding phosphopeptide motif,LIG,Canonical Arg-containing phospho-motif mediating a strong interaction with 14-3-3 proteins.  ,PF00244,14-3-3,14-3-3 protein,"R[^DE]{0,2}[^DEPG]([ST])(([FWYLMV].)|([^PRIKGN]P)|([^PRIKGN].{2,4}[VILMFWYP]))",RASSRTSLV,477,485,BAD_RAT,Rattus norvegicus,9369453,true positive,65,16,disordered
ELME000417,LIG_14-3-3_CanoR_1,14-3-3 binding phosphopeptide motif,LIG,Canonical Arg-containing phospho-motif mediating a strong interaction with 14-3-3 proteins.  ,PF00244,14-3-3,14-3-3 protein,"R[^DE]{0,2}[^DEPG]([ST])(([FWYLMV].)|([^PRIKGN]P)|([^PRIKGN].{2,4}[VILMFWYP]))",RASSRTSLV,477,485,CBY1_HUMAN,Homo sapiens,25909186,true positive,65,16,disordered
ELME000417,LIG_14-3-3_CanoR_1,14-3-3 binding phosphopeptide motif,LIG,Canonical Arg-containing phospho-motif mediating a strong interaction with 14-3-3 proteins.  ,PF00244,14-3-3,14-3-3 protein,"R[^DE]{0,2}[^DEPG]([ST])(([FWYLMV].)|([^PRIKGN]P)|([^PRIKGN].{2,4}[VILMFWYP]))",RASSRTSLV,477,485,CFTR_HUMAN,Homo sapiens,26888287,true positive,65,16,disordered
ELME000417,LIG_14-3-3_CanoR_1,14-3-3 binding phosphopeptide motif,LIG,Canonical Arg-containing phospho-motif mediating a strong interaction with 14-3-3 proteins.  ,PF00244,14-3-3,14-3-3 protein,"R[^DE]{0,2}[^DEPG]([ST])(([FWYLMV].)|([^PRIKGN]P)|([^PRIKGN].{2,4}[VILMFWYP]))",RASSRTSLV,477,485,FOXO3_HUMAN,Homo sapiens,11864996,true positive,65,16,disordered
ELME000417,LIG_14-3-3_CanoR_1,14-3-3 binding phosphopeptide motif,LIG,Canonical Arg-containing phospho-motif mediating a strong interaction with 14-3-3 proteins.  ,PF00244,14-3-3,14-3-3 protein,"R[^DE]{0,2}[^DEPG]([ST])(([FWYLMV].)|([^PRIKGN]P)|([^PRIKGN].{2,4}[VILMFWYP]))",RASSRTSLV,477,485,FOXO4_HUMAN,Homo sapiens,14690436,true positive,65,16,disordered
ELME000417,LIG_14-3-3_CanoR_1,14-3-3 binding phosphopeptide motif,LIG,Canonical Arg-containing phospho-motif mediating a strong interaction with 14-3-3 proteins.  ,PF00244,14-3-3,14-3-3 protein,"R[^DE]{0,2}[^DEPG]([ST])(([FWYLMV].)|([^PRIKGN]P)|([^PRIKGN].{2,4}[VILMFWYP]))",RASSRTSLV,477,485,FOXO4_HUMAN,Homo sapiens,16114898,true positive,65,16,disordered
ELME000417,LIG_14-3-3_CanoR_1,14-3-3 binding phosphopeptide motif,LIG,Canonical Arg-containing phospho-motif mediating a strong interaction with 14-3-3 proteins.  ,PF00244,14-3-3,14-3-3 protein,"R[^DE]{0,2}[^DEPG]([ST])(([FWYLMV].)|([^PRIKGN]P)|([^PRIKGN].{2,4}[VILMFWYP]))",RASSRTSLV,477,485,GAB2_HUMAN,Homo sapiens,19172738,true positive,65,16,disordered
ELME000417,LIG_14-3-3_CanoR_1,14-3-3 binding phosphopeptide motif,LIG,Canonical Arg-containing phospho-motif mediating a strong interaction with 14-3-3 proteins.  ,PF00244,14-3-3,14-3-3 protein,"R[^DE]{0,2}[^DEPG]([ST])(([FWYLMV].)|([^PRIKGN]P)|([^PRIKGN].{2,4}[VILMFWYP]))",RASSRTSLV,477,485,GFAP_HUMAN,Homo sapiens,17032734,true positive,65,16,disordered
ELME000417,LIG_14-3-3_CanoR_1,14-3-3 binding phosphopeptide motif,LIG,Canonical Arg-containing phospho-motif mediating a strong interaction with 14-3-3 proteins.  ,PF00244,14-3-3,14-3-3 protein,"R[^DE]{0,2}[^DEPG]([ST])(([FWYLMV].)|([^PRIKGN]P)|([^PRIKGN].{2,4}[VILMFWYP]))",RASSRTSLV,477,485,H31_HUMAN,Homo sapiens,16246723,true positive,65,16,disordered
ELME000417,LIG_14-3-3_CanoR_1,14-3-3 binding phosphopeptide motif,LIG,Canonical Arg-containing phospho-motif mediating a strong interaction with 14-3-3 proteins.  ,PF00244,14-3-3,14-3-3 protein,"R[^DE]{0,2}[^DEPG]([ST])(([FWYLMV].)|([^PRIKGN]P)|([^PRIKGN].{2,4}[VILMFWYP]))",RASSRTSLV,477,485,HDAC4_HUMAN,Homo sapiens,10958686 10869435,true positive,65,16,disordered
ELME000417,LIG_14-3-3_CanoR_1,14-3-3 binding phosphopeptide motif,LIG,Canonical Arg-containing phospho-motif mediating a strong interaction with 14-3-3 proteins.  ,PF00244,14-3-3,14-3-3 protein,"R[^DE]{0,2}[^DEPG]([ST])(([FWYLMV].)|([^PRIKGN]P)|([^PRIKGN].{2,4}[VILMFWYP]))",RASSRTSLV,477,485,HDAC4_HUMAN,Homo sapiens,10869435,true positive,65,16,disordered
ELME000417,LIG_14-3-3_CanoR_1,14-3-3 binding phosphopeptide motif,LIG,Canonical Arg-containing phospho-motif mediating a strong interaction with 14-3-3 proteins.  ,PF00244,14-3-3,14-3-3 protein,"R[^DE]{0,2}[^DEPG]([ST])(([FWYLMV].)|([^PRIKGN]P)|([^PRIKGN].{2,4}[VILMFWYP]))",RASSRTSLV,477,485,HDAC5_HUMAN,Homo sapiens,11114197,true positive,65,16,disordered
ELME000417,LIG_14-3-3_CanoR_1,14-3-3 binding phosphopeptide motif,LIG,Canonical Arg-containing phospho-motif mediating a strong interaction with 14-3-3 proteins.  ,PF00244,14-3-3,14-3-3 protein,"R[^DE]{0,2}[^DEPG]([ST])(([FWYLMV].)|([^PRIKGN]P)|([^PRIKGN].{2,4}[VILMFWYP]))",RASSRTSLV,477,485,KIF1C_HUMAN,Homo sapiens,17085597 10559254,true positive,65,16,disordered
ELME000417,LIG_14-3-3_CanoR_1,14-3-3 binding phosphopeptide motif,LIG,Canonical Arg-containing phospho-motif mediating a strong interaction with 14-3-3 proteins.  ,PF00244,14-3-3,14-3-3 protein,"R[^DE]{0,2}[^DEPG]([ST])(([FWYLMV].)|([^PRIKGN]P)|([^PRIKGN].{2,4}[VILMFWYP]))",RASSRTSLV,477,485,KLC2_HUMAN,Homo sapiens,21189416,true positive,65,16,disordered
ELME000417,LIG_14-3-3_CanoR_1,14-3-3 binding phosphopeptide motif,LIG,Canonical Arg-containing phospho-motif mediating a strong interaction with 14-3-3 proteins.  ,PF00244,14-3-3,14-3-3 protein,"R[^DE]{0,2}[^DEPG]([ST])(([FWYLMV].)|([^PRIKGN]P)|([^PRIKGN].{2,4}[VILMFWYP]))",RASSRTSLV,477,485,KLC3_HUMAN,Homo sapiens,21189416,true positive,65,16,disordered
ELME000417,LIG_14-3-3_CanoR_1,14-3-3 binding phosphopeptide motif,LIG,Canonical Arg-containing phospho-motif mediating a strong interaction with 14-3-3 proteins.  ,PF00244,14-3-3,14-3-3 protein,"R[^DE]{0,2}[^DEPG]([ST])(([FWYLMV].)|([^PRIKGN]P)|([^PRIKGN].{2,4}[VILMFWYP]))",RASSRTSLV,477,485,KPCE_HUMAN,Homo sapiens,19662078,true positive,65,16,disordered
ELME000417,LIG_14-3-3_CanoR_1,14-3-3 binding phosphopeptide motif,LIG,Canonical Arg-containing phospho-motif mediating a strong interaction with 14-3-3 proteins.  ,PF00244,14-3-3,14-3-3 protein,"R[^DE]{0,2}[^DEPG]([ST])(([FWYLMV].)|([^PRIKGN]P)|([^PRIKGN].{2,4}[VILMFWYP]))",RASSRTSLV,477,485,KSR1_MOUSE,Mus musculus,9858547,true positive,65,16,disordered
ELME000417,LIG_14-3-3_CanoR_1,14-3-3 binding phosphopeptide motif,LIG,Canonical Arg-containing phospho-motif mediating a strong interaction with 14-3-3 proteins.  ,PF00244,14-3-3,14-3-3 protein,"R[^DE]{0,2}[^DEPG]([ST])(([FWYLMV].)|([^PRIKGN]P)|([^PRIKGN].{2,4}[VILMFWYP]))",RASSRTSLV,477,485,M3K5_HUMAN,Homo sapiens,17085597 10411906,true positive,65,16,disordered
ELME000417,LIG_14-3-3_CanoR_1,14-3-3 binding phosphopeptide motif,LIG,Canonical Arg-containing phospho-motif mediating a strong interaction with 14-3-3 proteins.  ,PF00244,14-3-3,14-3-3 protein,"R[^DE]{0,2}[^DEPG]([ST])(([FWYLMV].)|([^PRIKGN]P)|([^PRIKGN].{2,4}[VILMFWYP]))",RASSRTSLV,477,485,MDM4_HUMAN,Homo sapiens,16943424,true positive,65,16,disordered
ELME000417,LIG_14-3-3_CanoR_1,14-3-3 binding phosphopeptide motif,LIG,Canonical Arg-containing phospho-motif mediating a strong interaction with 14-3-3 proteins.  ,PF00244,14-3-3,14-3-3 protein,"R[^DE]{0,2}[^DEPG]([ST])(([FWYLMV].)|([^PRIKGN]P)|([^PRIKGN].{2,4}[VILMFWYP]))",RASSRTSLV,477,485,MEFV_HUMAN,Homo sapiens,15934090,true positive,65,16,disordered
ELME000417,LIG_14-3-3_CanoR_1,14-3-3 binding phosphopeptide motif,LIG,Canonical Arg-containing phospho-motif mediating a strong interaction with 14-3-3 proteins.  ,PF00244,14-3-3,14-3-3 protein,"R[^DE]{0,2}[^DEPG]([ST])(([FWYLMV].)|([^PRIKGN]P)|([^PRIKGN].{2,4}[VILMFWYP]))",RASSRTSLV,477,485,MEI2_SCHPO,Schizosaccharomyces pombe 972h-,11818066,true positive,65,16,disordered
ELME000417,LIG_14-3-3_CanoR_1,14-3-3 binding phosphopeptide motif,LIG,Canonical Arg-containing phospho-motif mediating a strong interaction with 14-3-3 proteins.  ,PF00244,14-3-3,14-3-3 protein,"R[^DE]{0,2}[^DEPG]([ST])(([FWYLMV].)|([^PRIKGN]P)|([^PRIKGN].{2,4}[VILMFWYP]))",RASSRTSLV,477,485,MLF1_HUMAN,Homo sapiens,22151054,true positive,65,16,disordered
ELME000417,LIG_14-3-3_CanoR_1,14-3-3 binding phosphopeptide motif,LIG,Canonical Arg-containing phospho-motif mediating a strong interaction with 14-3-3 proteins.  ,PF00244,14-3-3,14-3-3 protein,"R[^DE]{0,2}[^DEPG]([ST])(([FWYLMV].)|([^PRIKGN]P)|([^PRIKGN].{2,4}[VILMFWYP]))",RASSRTSLV,477,485,MT_POVM3,Mouse polyomavirus (strain 3),9428519,true positive,65,16,disordered
ELME000417,LIG_14-3-3_CanoR_1,14-3-3 binding phosphopeptide motif,LIG,Canonical Arg-containing phospho-motif mediating a strong interaction with 14-3-3 proteins.  ,PF00244,14-3-3,14-3-3 protein,"R[^DE]{0,2}[^DEPG]([ST])(([FWYLMV].)|([^PRIKGN]P)|([^PRIKGN].{2,4}[VILMFWYP]))",RASSRTSLV,477,485,NAC1_HUMAN,Homo sapiens,16679322,true positive,65,16,disordered
ELME000417,LIG_14-3-3_CanoR_1,14-3-3 binding phosphopeptide motif,LIG,Canonical Arg-containing phospho-motif mediating a strong interaction with 14-3-3 proteins.  ,PF00244,14-3-3,14-3-3 protein,"R[^DE]{0,2}[^DEPG]([ST])(([FWYLMV].)|([^PRIKGN]P)|([^PRIKGN].{2,4}[VILMFWYP]))",RASSRTSLV,477,485,NED4L_HUMAN,Homo sapiens,21900244,true positive,65,16,disordered
ELME000417,LIG_14-3-3_CanoR_1,14-3-3 binding phosphopeptide motif,LIG,Canonical Arg-containing phospho-motif mediating a strong interaction with 14-3-3 proteins.  ,PF00244,14-3-3,14-3-3 protein,"R[^DE]{0,2}[^DEPG]([ST])(([FWYLMV].)|([^PRIKGN]P)|([^PRIKGN].{2,4}[VILMFWYP]))",RASSRTSLV,477,485,NED4L_HUMAN,Homo sapiens,15677482,true positive,65,16,disordered
ELME000417,LIG_14-3-3_CanoR_1,14-3-3 binding phosphopeptide motif,LIG,Canonical Arg-containing phospho-motif mediating a strong interaction with 14-3-3 proteins.  ,PF00244,14-3-3,14-3-3 protein,"R[^DE]{0,2}[^DEPG]([ST])(([FWYLMV].)|([^PRIKGN]P)|([^PRIKGN].{2,4}[VILMFWYP]))",RASSRTSLV,477,485,PACS2_HUMAN,Homo sapiens,19481529,true positive,65,16,disordered
ELME000417,LIG_14-3-3_CanoR_1,14-3-3 binding phosphopeptide motif,LIG,Canonical Arg-containing phospho-motif mediating a strong interaction with 14-3-3 proteins.  ,PF00244,14-3-3,14-3-3 protein,"R[^DE]{0,2}[^DEPG]([ST])(([FWYLMV].)|([^PRIKGN]P)|([^PRIKGN].{2,4}[VILMFWYP]))",RASSRTSLV,477,485,PADI6_HUMAN,Homo sapiens,22634725,true positive,65,16,disordered
ELME000417,LIG_14-3-3_CanoR_1,14-3-3 binding phosphopeptide motif,LIG,Canonical Arg-containing phospho-motif mediating a strong interaction with 14-3-3 proteins.  ,PF00244,14-3-3,14-3-3 protein,"R[^DE]{0,2}[^DEPG]([ST])(([FWYLMV].)|([^PRIKGN]P)|([^PRIKGN].{2,4}[VILMFWYP]))",RASSRTSLV,477,485,PDE3A_HUMAN,Homo sapiens,16153182,true positive,65,16,disordered
ELME000417,LIG_14-3-3_CanoR_1,14-3-3 binding phosphopeptide motif,LIG,Canonical Arg-containing phospho-motif mediating a strong interaction with 14-3-3 proteins.  ,PF00244,14-3-3,14-3-3 protein,"R[^DE]{0,2}[^DEPG]([ST])(([FWYLMV].)|([^PRIKGN]P)|([^PRIKGN].{2,4}[VILMFWYP]))",RASSRTSLV,477,485,PTN3_HUMAN,Homo sapiens,9341175,true positive,65,16,disordered
ELME000417,LIG_14-3-3_CanoR_1,14-3-3 binding phosphopeptide motif,LIG,Canonical Arg-containing phospho-motif mediating a strong interaction with 14-3-3 proteins.  ,PF00244,14-3-3,14-3-3 protein,"R[^DE]{0,2}[^DEPG]([ST])(([FWYLMV].)|([^PRIKGN]P)|([^PRIKGN].{2,4}[VILMFWYP]))",RASSRTSLV,477,485,PTPN3_MOUSE,Mus musculus,9341175,true positive,65,16,disordered
ELME000417,LIG_14-3-3_CanoR_1,14-3-3 binding phosphopeptide motif,LIG,Canonical Arg-containing phospho-motif mediating a strong interaction with 14-3-3 proteins.  ,PF00244,14-3-3,14-3-3 protein,"R[^DE]{0,2}[^DEPG]([ST])(([FWYLMV].)|([^PRIKGN]P)|([^PRIKGN].{2,4}[VILMFWYP]))",RASSRTSLV,477,485,Q888Y7_PSESM,Pseudomonas syringae pv. tomato str. DC3000,23417089,true positive,65,16,disordered
ELME000417,LIG_14-3-3_CanoR_1,14-3-3 binding phosphopeptide motif,LIG,Canonical Arg-containing phospho-motif mediating a strong interaction with 14-3-3 proteins.  ,PF00244,14-3-3,14-3-3 protein,"R[^DE]{0,2}[^DEPG]([ST])(([FWYLMV].)|([^PRIKGN]P)|([^PRIKGN].{2,4}[VILMFWYP]))",RASSRTSLV,477,485,RAF1_HUMAN,Homo sapiens,23808890,true positive,65,16,disordered
ELME000417,LIG_14-3-3_CanoR_1,14-3-3 binding phosphopeptide motif,LIG,Canonical Arg-containing phospho-motif mediating a strong interaction with 14-3-3 proteins.  ,PF00244,14-3-3,14-3-3 protein,"R[^DE]{0,2}[^DEPG]([ST])(([FWYLMV].)|([^PRIKGN]P)|([^PRIKGN].{2,4}[VILMFWYP]))",RASSRTSLV,477,485,RAF1_HUMAN,Homo sapiens,8601312 23808890 20679480,true positive,65,16,disordered
ELME000417,LIG_14-3-3_CanoR_1,14-3-3 binding phosphopeptide motif,LIG,Canonical Arg-containing phospho-motif mediating a strong interaction with 14-3-3 proteins.  ,PF00244,14-3-3,14-3-3 protein,"R[^DE]{0,2}[^DEPG]([ST])(([FWYLMV].)|([^PRIKGN]P)|([^PRIKGN].{2,4}[VILMFWYP]))",RASSRTSLV,477,485,RAF1_HUMAN,Homo sapiens,23808890 8601312,true positive,65,16,disordered
ELME000417,LIG_14-3-3_CanoR_1,14-3-3 binding phosphopeptide motif,LIG,Canonical Arg-containing phospho-motif mediating a strong interaction with 14-3-3 proteins.  ,PF00244,14-3-3,14-3-3 protein,"R[^DE]{0,2}[^DEPG]([ST])(([FWYLMV].)|([^PRIKGN]P)|([^PRIKGN].{2,4}[VILMFWYP]))",RASSRTSLV,477,485,RGS3_HUMAN,Homo sapiens,11985497,true positive,65,16,disordered
ELME000417,LIG_14-3-3_CanoR_1,14-3-3 binding phosphopeptide motif,LIG,Canonical Arg-containing phospho-motif mediating a strong interaction with 14-3-3 proteins.  ,PF00244,14-3-3,14-3-3 protein,"R[^DE]{0,2}[^DEPG]([ST])(([FWYLMV].)|([^PRIKGN]P)|([^PRIKGN].{2,4}[VILMFWYP]))",RASSRTSLV,477,485,RIM15_YEAST,Saccharomyces cerevisiae,16308562,true positive,65,16,disordered
ELME000417,LIG_14-3-3_CanoR_1,14-3-3 binding phosphopeptide motif,LIG,Canonical Arg-containing phospho-motif mediating a strong interaction with 14-3-3 proteins.  ,PF00244,14-3-3,14-3-3 protein,"R[^DE]{0,2}[^DEPG]([ST])(([FWYLMV].)|([^PRIKGN]P)|([^PRIKGN].{2,4}[VILMFWYP]))",RASSRTSLV,477,485,SLOB_DROME,Drosophila melanogaster,10230800,true positive,65,16,disordered
ELME000417,LIG_14-3-3_CanoR_1,14-3-3 binding phosphopeptide motif,LIG,Canonical Arg-containing phospho-motif mediating a strong interaction with 14-3-3 proteins.  ,PF00244,14-3-3,14-3-3 protein,"R[^DE]{0,2}[^DEPG]([ST])(([FWYLMV].)|([^PRIKGN]P)|([^PRIKGN].{2,4}[VILMFWYP]))",RASSRTSLV,477,485,SNAT_SHEEP,Ovis aries,11336675,true positive,65,16,disordered
ELME000417,LIG_14-3-3_CanoR_1,14-3-3 binding phosphopeptide motif,LIG,Canonical Arg-containing phospho-motif mediating a strong interaction with 14-3-3 proteins.  ,PF00244,14-3-3,14-3-3 protein,"R[^DE]{0,2}[^DEPG]([ST])(([FWYLMV].)|([^PRIKGN]P)|([^PRIKGN].{2,4}[VILMFWYP]))",RASSRTSLV,477,485,TBCD1_HUMAN,Homo sapiens,19531644,true positive,65,16,disordered
ELME000417,LIG_14-3-3_CanoR_1,14-3-3 binding phosphopeptide motif,LIG,Canonical Arg-containing phospho-motif mediating a strong interaction with 14-3-3 proteins.  ,PF00244,14-3-3,14-3-3 protein,"R[^DE]{0,2}[^DEPG]([ST])(([FWYLMV].)|([^PRIKGN]P)|([^PRIKGN].{2,4}[VILMFWYP]))",RASSRTSLV,477,485,TESK1_RAT,Rattus norvegicus,11555644,true positive,65,16,disordered
ELME000417,LIG_14-3-3_CanoR_1,14-3-3 binding phosphopeptide motif,LIG,Canonical Arg-containing phospho-motif mediating a strong interaction with 14-3-3 proteins.  ,PF00244,14-3-3,14-3-3 protein,"R[^DE]{0,2}[^DEPG]([ST])(([FWYLMV].)|([^PRIKGN]P)|([^PRIKGN].{2,4}[VILMFWYP]))",RASSRTSLV,477,485,TIR_ECO27,Escherichia coli O127:H6 str. E2348/69,16367866,true positive,65,16,disordered
ELME000417,LIG_14-3-3_CanoR_1,14-3-3 binding phosphopeptide motif,LIG,Canonical Arg-containing phospho-motif mediating a strong interaction with 14-3-3 proteins.  ,PF00244,14-3-3,14-3-3 protein,"R[^DE]{0,2}[^DEPG]([ST])(([FWYLMV].)|([^PRIKGN]P)|([^PRIKGN].{2,4}[VILMFWYP]))",RASSRTSLV,477,485,WWTR1_HUMAN,Homo sapiens,11118213,true positive,65,16,disordered
ELME000417,LIG_14-3-3_CanoR_1,14-3-3 binding phosphopeptide motif,LIG,Canonical Arg-containing phospho-motif mediating a strong interaction with 14-3-3 proteins.  ,PF00244,14-3-3,14-3-3 protein,"R[^DE]{0,2}[^DEPG]([ST])(([FWYLMV].)|([^PRIKGN]P)|([^PRIKGN].{2,4}[VILMFWYP]))",RASSRTSLV,477,485,WWTR1_MOUSE,Mus musculus,11118213,true positive,65,16,disordered
ELME000417,LIG_14-3-3_CanoR_1,14-3-3 binding phosphopeptide motif,LIG,Canonical Arg-containing phospho-motif mediating a strong interaction with 14-3-3 proteins.  ,PF00244,14-3-3,14-3-3 protein,"R[^DE]{0,2}[^DEPG]([ST])(([FWYLMV].)|([^PRIKGN]P)|([^PRIKGN].{2,4}[VILMFWYP]))",RASSRTSLV,477,485,YAP1_HUMAN,Homo sapiens,20823509 12535517,true positive,65,16,disordered
ELME000417,LIG_14-3-3_CanoR_1,14-3-3 binding phosphopeptide motif,LIG,Canonical Arg-containing phospho-motif mediating a strong interaction with 14-3-3 proteins.  ,PF00244,14-3-3,14-3-3 protein,"R[^DE]{0,2}[^DEPG]([ST])(([FWYLMV].)|([^PRIKGN]P)|([^PRIKGN].{2,4}[VILMFWYP]))",RASSRTSLV,477,485,YAP1_HUMAN,Homo sapiens,17974916,true positive,65,16,disordered
ELME000417,LIG_14-3-3_CanoR_1,14-3-3 binding phosphopeptide motif,LIG,Canonical Arg-containing phospho-motif mediating a strong interaction with 14-3-3 proteins.  ,PF00244,14-3-3,14-3-3 protein,"R[^DE]{0,2}[^DEPG]([ST])(([FWYLMV].)|([^PRIKGN]P)|([^PRIKGN].{2,4}[VILMFWYP]))",RASSRTSLV,477,485,YAP1_MOUSE,Mus musculus,11118213,true positive,65,16,disordered
ELME000417,LIG_14-3-3_CanoR_1,14-3-3 binding phosphopeptide motif,LIG,Canonical Arg-containing phospho-motif mediating a strong interaction with 14-3-3 proteins.  ,PF00244,14-3-3,14-3-3 protein,"R[^DE]{0,2}[^DEPG]([ST])(([FWYLMV].)|([^PRIKGN]P)|([^PRIKGN].{2,4}[VILMFWYP]))",RTSLV,481,485,3BP2_HUMAN,Homo sapiens,12501243,true positive,65,16,disordered
ELME000417,LIG_14-3-3_CanoR_1,14-3-3 binding phosphopeptide motif,LIG,Canonical Arg-containing phospho-motif mediating a strong interaction with 14-3-3 proteins.  ,PF00244,14-3-3,14-3-3 protein,"R[^DE]{0,2}[^DEPG]([ST])(([FWYLMV].)|([^PRIKGN]P)|([^PRIKGN].{2,4}[VILMFWYP]))",RTSLV,481,485,ADA22_HUMAN,Homo sapiens,16868027,true positive,65,16,disordered
ELME000417,LIG_14-3-3_CanoR_1,14-3-3 binding phosphopeptide motif,LIG,Canonical Arg-containing phospho-motif mediating a strong interaction with 14-3-3 proteins.  ,PF00244,14-3-3,14-3-3 protein,"R[^DE]{0,2}[^DEPG]([ST])(([FWYLMV].)|([^PRIKGN]P)|([^PRIKGN].{2,4}[VILMFWYP]))",RTSLV,481,485,ATX1_HUMAN,Homo sapiens,20037628 12757707,true positive,65,16,disordered
ELME000417,LIG_14-3-3_CanoR_1,14-3-3 binding phosphopeptide motif,LIG,Canonical Arg-containing phospho-motif mediating a strong interaction with 14-3-3 proteins.  ,PF00244,14-3-3,14-3-3 protein,"R[^DE]{0,2}[^DEPG]([ST])(([FWYLMV].)|([^PRIKGN]P)|([^PRIKGN].{2,4}[VILMFWYP]))",RTSLV,481,485,B7UM88_ECO27,Escherichia coli O127:H6 str. E2348/69,15339273,true positive,65,16,disordered
ELME000417,LIG_14-3-3_CanoR_1,14-3-3 binding phosphopeptide motif,LIG,Canonical Arg-containing phospho-motif mediating a strong interaction with 14-3-3 proteins.  ,PF00244,14-3-3,14-3-3 protein,"R[^DE]{0,2}[^DEPG]([ST])(([FWYLMV].)|([^PRIKGN]P)|([^PRIKGN].{2,4}[VILMFWYP]))",RTSLV,481,485,BAD_MOUSE,Mus musculus,8929531,true positive,65,16,disordered
ELME000417,LIG_14-3-3_CanoR_1,14-3-3 binding phosphopeptide motif,LIG,Canonical Arg-containing phospho-motif mediating a strong interaction with 14-3-3 proteins.  ,PF00244,14-3-3,14-3-3 protein,"R[^DE]{0,2}[^DEPG]([ST])(([FWYLMV].)|([^PRIKGN]P)|([^PRIKGN].{2,4}[VILMFWYP]))",RTSLV,481,485,BAD_MOUSE,Mus musculus,8929531 10949026,true positive,65,16,disordered
ELME000417,LIG_14-3-3_CanoR_1,14-3-3 binding phosphopeptide motif,LIG,Canonical Arg-containing phospho-motif mediating a strong interaction with 14-3-3 proteins.  ,PF00244,14-3-3,14-3-3 protein,"R[^DE]{0,2}[^DEPG]([ST])(([FWYLMV].)|([^PRIKGN]P)|([^PRIKGN].{2,4}[VILMFWYP]))",RTSLV,481,485,BAD_RAT,Rattus norvegicus,9369453,true positive,65,16,disordered
ELME000417,LIG_14-3-3_CanoR_1,14-3-3 binding phosphopeptide motif,LIG,Canonical Arg-containing phospho-motif mediating a strong interaction with 14-3-3 proteins.  ,PF00244,14-3-3,14-3-3 protein,"R[^DE]{0,2}[^DEPG]([ST])(([FWYLMV].)|([^PRIKGN]P)|([^PRIKGN].{2,4}[VILMFWYP]))",RTSLV,481,485,CBY1_HUMAN,Homo sapiens,25909186,true positive,65,16,disordered
ELME000417,LIG_14-3-3_CanoR_1,14-3-3 binding phosphopeptide motif,LIG,Canonical Arg-containing phospho-motif mediating a strong interaction with 14-3-3 proteins.  ,PF00244,14-3-3,14-3-3 protein,"R[^DE]{0,2}[^DEPG]([ST])(([FWYLMV].)|([^PRIKGN]P)|([^PRIKGN].{2,4}[VILMFWYP]))",RTSLV,481,485,CFTR_HUMAN,Homo sapiens,26888287,true positive,65,16,disordered
ELME000417,LIG_14-3-3_CanoR_1,14-3-3 binding phosphopeptide motif,LIG,Canonical Arg-containing phospho-motif mediating a strong interaction with 14-3-3 proteins.  ,PF00244,14-3-3,14-3-3 protein,"R[^DE]{0,2}[^DEPG]([ST])(([FWYLMV].)|([^PRIKGN]P)|([^PRIKGN].{2,4}[VILMFWYP]))",RTSLV,481,485,FOXO3_HUMAN,Homo sapiens,11864996,true positive,65,16,disordered
ELME000417,LIG_14-3-3_CanoR_1,14-3-3 binding phosphopeptide motif,LIG,Canonical Arg-containing phospho-motif mediating a strong interaction with 14-3-3 proteins.  ,PF00244,14-3-3,14-3-3 protein,"R[^DE]{0,2}[^DEPG]([ST])(([FWYLMV].)|([^PRIKGN]P)|([^PRIKGN].{2,4}[VILMFWYP]))",RTSLV,481,485,FOXO4_HUMAN,Homo sapiens,14690436,true positive,65,16,disordered
ELME000417,LIG_14-3-3_CanoR_1,14-3-3 binding phosphopeptide motif,LIG,Canonical Arg-containing phospho-motif mediating a strong interaction with 14-3-3 proteins.  ,PF00244,14-3-3,14-3-3 protein,"R[^DE]{0,2}[^DEPG]([ST])(([FWYLMV].)|([^PRIKGN]P)|([^PRIKGN].{2,4}[VILMFWYP]))",RTSLV,481,485,FOXO4_HUMAN,Homo sapiens,16114898,true positive,65,16,disordered
ELME000417,LIG_14-3-3_CanoR_1,14-3-3 binding phosphopeptide motif,LIG,Canonical Arg-containing phospho-motif mediating a strong interaction with 14-3-3 proteins.  ,PF00244,14-3-3,14-3-3 protein,"R[^DE]{0,2}[^DEPG]([ST])(([FWYLMV].)|([^PRIKGN]P)|([^PRIKGN].{2,4}[VILMFWYP]))",RTSLV,481,485,GAB2_HUMAN,Homo sapiens,19172738,true positive,65,16,disordered
ELME000417,LIG_14-3-3_CanoR_1,14-3-3 binding phosphopeptide motif,LIG,Canonical Arg-containing phospho-motif mediating a strong interaction with 14-3-3 proteins.  ,PF00244,14-3-3,14-3-3 protein,"R[^DE]{0,2}[^DEPG]([ST])(([FWYLMV].)|([^PRIKGN]P)|([^PRIKGN].{2,4}[VILMFWYP]))",RTSLV,481,485,GFAP_HUMAN,Homo sapiens,17032734,true positive,65,16,disordered
ELME000417,LIG_14-3-3_CanoR_1,14-3-3 binding phosphopeptide motif,LIG,Canonical Arg-containing phospho-motif mediating a strong interaction with 14-3-3 proteins.  ,PF00244,14-3-3,14-3-3 protein,"R[^DE]{0,2}[^DEPG]([ST])(([FWYLMV].)|([^PRIKGN]P)|([^PRIKGN].{2,4}[VILMFWYP]))",RTSLV,481,485,H31_HUMAN,Homo sapiens,16246723,true positive,65,16,disordered
ELME000417,LIG_14-3-3_CanoR_1,14-3-3 binding phosphopeptide motif,LIG,Canonical Arg-containing phospho-motif mediating a strong interaction with 14-3-3 proteins.  ,PF00244,14-3-3,14-3-3 protein,"R[^DE]{0,2}[^DEPG]([ST])(([FWYLMV].)|([^PRIKGN]P)|([^PRIKGN].{2,4}[VILMFWYP]))",RTSLV,481,485,HDAC4_HUMAN,Homo sapiens,10958686 10869435,true positive,65,16,disordered
ELME000417,LIG_14-3-3_CanoR_1,14-3-3 binding phosphopeptide motif,LIG,Canonical Arg-containing phospho-motif mediating a strong interaction with 14-3-3 proteins.  ,PF00244,14-3-3,14-3-3 protein,"R[^DE]{0,2}[^DEPG]([ST])(([FWYLMV].)|([^PRIKGN]P)|([^PRIKGN].{2,4}[VILMFWYP]))",RTSLV,481,485,HDAC4_HUMAN,Homo sapiens,10869435,true positive,65,16,disordered
ELME000417,LIG_14-3-3_CanoR_1,14-3-3 binding phosphopeptide motif,LIG,Canonical Arg-containing phospho-motif mediating a strong interaction with 14-3-3 proteins.  ,PF00244,14-3-3,14-3-3 protein,"R[^DE]{0,2}[^DEPG]([ST])(([FWYLMV].)|([^PRIKGN]P)|([^PRIKGN].{2,4}[VILMFWYP]))",RTSLV,481,485,HDAC5_HUMAN,Homo sapiens,11114197,true positive,65,16,disordered
ELME000417,LIG_14-3-3_CanoR_1,14-3-3 binding phosphopeptide motif,LIG,Canonical Arg-containing phospho-motif mediating a strong interaction with 14-3-3 proteins.  ,PF00244,14-3-3,14-3-3 protein,"R[^DE]{0,2}[^DEPG]([ST])(([FWYLMV].)|([^PRIKGN]P)|([^PRIKGN].{2,4}[VILMFWYP]))",RTSLV,481,485,KIF1C_HUMAN,Homo sapiens,17085597 10559254,true positive,65,16,disordered
ELME000417,LIG_14-3-3_CanoR_1,14-3-3 binding phosphopeptide motif,LIG,Canonical Arg-containing phospho-motif mediating a strong interaction with 14-3-3 proteins.  ,PF00244,14-3-3,14-3-3 protein,"R[^DE]{0,2}[^DEPG]([ST])(([FWYLMV].)|([^PRIKGN]P)|([^PRIKGN].{2,4}[VILMFWYP]))",RTSLV,481,485,KLC2_HUMAN,Homo sapiens,21189416,true positive,65,16,disordered
ELME000417,LIG_14-3-3_CanoR_1,14-3-3 binding phosphopeptide motif,LIG,Canonical Arg-containing phospho-motif mediating a strong interaction with 14-3-3 proteins.  ,PF00244,14-3-3,14-3-3 protein,"R[^DE]{0,2}[^DEPG]([ST])(([FWYLMV].)|([^PRIKGN]P)|([^PRIKGN].{2,4}[VILMFWYP]))",RTSLV,481,485,KLC3_HUMAN,Homo sapiens,21189416,true positive,65,16,disordered
ELME000417,LIG_14-3-3_CanoR_1,14-3-3 binding phosphopeptide motif,LIG,Canonical Arg-containing phospho-motif mediating a strong interaction with 14-3-3 proteins.  ,PF00244,14-3-3,14-3-3 protein,"R[^DE]{0,2}[^DEPG]([ST])(([FWYLMV].)|([^PRIKGN]P)|([^PRIKGN].{2,4}[VILMFWYP]))",RTSLV,481,485,KPCE_HUMAN,Homo sapiens,19662078,true positive,65,16,disordered
ELME000417,LIG_14-3-3_CanoR_1,14-3-3 binding phosphopeptide motif,LIG,Canonical Arg-containing phospho-motif mediating a strong interaction with 14-3-3 proteins.  ,PF00244,14-3-3,14-3-3 protein,"R[^DE]{0,2}[^DEPG]([ST])(([FWYLMV].)|([^PRIKGN]P)|([^PRIKGN].{2,4}[VILMFWYP]))",RTSLV,481,485,KSR1_MOUSE,Mus musculus,9858547,true positive,65,16,disordered
ELME000417,LIG_14-3-3_CanoR_1,14-3-3 binding phosphopeptide motif,LIG,Canonical Arg-containing phospho-motif mediating a strong interaction with 14-3-3 proteins.  ,PF00244,14-3-3,14-3-3 protein,"R[^DE]{0,2}[^DEPG]([ST])(([FWYLMV].)|([^PRIKGN]P)|([^PRIKGN].{2,4}[VILMFWYP]))",RTSLV,481,485,M3K5_HUMAN,Homo sapiens,17085597 10411906,true positive,65,16,disordered
ELME000417,LIG_14-3-3_CanoR_1,14-3-3 binding phosphopeptide motif,LIG,Canonical Arg-containing phospho-motif mediating a strong interaction with 14-3-3 proteins.  ,PF00244,14-3-3,14-3-3 protein,"R[^DE]{0,2}[^DEPG]([ST])(([FWYLMV].)|([^PRIKGN]P)|([^PRIKGN].{2,4}[VILMFWYP]))",RTSLV,481,485,MDM4_HUMAN,Homo sapiens,16943424,true positive,65,16,disordered
ELME000417,LIG_14-3-3_CanoR_1,14-3-3 binding phosphopeptide motif,LIG,Canonical Arg-containing phospho-motif mediating a strong interaction with 14-3-3 proteins.  ,PF00244,14-3-3,14-3-3 protein,"R[^DE]{0,2}[^DEPG]([ST])(([FWYLMV].)|([^PRIKGN]P)|([^PRIKGN].{2,4}[VILMFWYP]))",RTSLV,481,485,MEFV_HUMAN,Homo sapiens,15934090,true positive,65,16,disordered
ELME000417,LIG_14-3-3_CanoR_1,14-3-3 binding phosphopeptide motif,LIG,Canonical Arg-containing phospho-motif mediating a strong interaction with 14-3-3 proteins.  ,PF00244,14-3-3,14-3-3 protein,"R[^DE]{0,2}[^DEPG]([ST])(([FWYLMV].)|([^PRIKGN]P)|([^PRIKGN].{2,4}[VILMFWYP]))",RTSLV,481,485,MEI2_SCHPO,Schizosaccharomyces pombe 972h-,11818066,true positive,65,16,disordered
ELME000417,LIG_14-3-3_CanoR_1,14-3-3 binding phosphopeptide motif,LIG,Canonical Arg-containing phospho-motif mediating a strong interaction with 14-3-3 proteins.  ,PF00244,14-3-3,14-3-3 protein,"R[^DE]{0,2}[^DEPG]([ST])(([FWYLMV].)|([^PRIKGN]P)|([^PRIKGN].{2,4}[VILMFWYP]))",RTSLV,481,485,MLF1_HUMAN,Homo sapiens,22151054,true positive,65,16,disordered
ELME000417,LIG_14-3-3_CanoR_1,14-3-3 binding phosphopeptide motif,LIG,Canonical Arg-containing phospho-motif mediating a strong interaction with 14-3-3 proteins.  ,PF00244,14-3-3,14-3-3 protein,"R[^DE]{0,2}[^DEPG]([ST])(([FWYLMV].)|([^PRIKGN]P)|([^PRIKGN].{2,4}[VILMFWYP]))",RTSLV,481,485,MT_POVM3,Mouse polyomavirus (strain 3),9428519,true positive,65,16,disordered
ELME000417,LIG_14-3-3_CanoR_1,14-3-3 binding phosphopeptide motif,LIG,Canonical Arg-containing phospho-motif mediating a strong interaction with 14-3-3 proteins.  ,PF00244,14-3-3,14-3-3 protein,"R[^DE]{0,2}[^DEPG]([ST])(([FWYLMV].)|([^PRIKGN]P)|([^PRIKGN].{2,4}[VILMFWYP]))",RTSLV,481,485,NAC1_HUMAN,Homo sapiens,16679322,true positive,65,16,disordered
ELME000417,LIG_14-3-3_CanoR_1,14-3-3 binding phosphopeptide motif,LIG,Canonical Arg-containing phospho-motif mediating a strong interaction with 14-3-3 proteins.  ,PF00244,14-3-3,14-3-3 protein,"R[^DE]{0,2}[^DEPG]([ST])(([FWYLMV].)|([^PRIKGN]P)|([^PRIKGN].{2,4}[VILMFWYP]))",RTSLV,481,485,NED4L_HUMAN,Homo sapiens,21900244,true positive,65,16,disordered
ELME000417,LIG_14-3-3_CanoR_1,14-3-3 binding phosphopeptide motif,LIG,Canonical Arg-containing phospho-motif mediating a strong interaction with 14-3-3 proteins.  ,PF00244,14-3-3,14-3-3 protein,"R[^DE]{0,2}[^DEPG]([ST])(([FWYLMV].)|([^PRIKGN]P)|([^PRIKGN].{2,4}[VILMFWYP]))",RTSLV,481,485,NED4L_HUMAN,Homo sapiens,15677482,true positive,65,16,disordered
ELME000417,LIG_14-3-3_CanoR_1,14-3-3 binding phosphopeptide motif,LIG,Canonical Arg-containing phospho-motif mediating a strong interaction with 14-3-3 proteins.  ,PF00244,14-3-3,14-3-3 protein,"R[^DE]{0,2}[^DEPG]([ST])(([FWYLMV].)|([^PRIKGN]P)|([^PRIKGN].{2,4}[VILMFWYP]))",RTSLV,481,485,PACS2_HUMAN,Homo sapiens,19481529,true positive,65,16,disordered
ELME000417,LIG_14-3-3_CanoR_1,14-3-3 binding phosphopeptide motif,LIG,Canonical Arg-containing phospho-motif mediating a strong interaction with 14-3-3 proteins.  ,PF00244,14-3-3,14-3-3 protein,"R[^DE]{0,2}[^DEPG]([ST])(([FWYLMV].)|([^PRIKGN]P)|([^PRIKGN].{2,4}[VILMFWYP]))",RTSLV,481,485,PADI6_HUMAN,Homo sapiens,22634725,true positive,65,16,disordered
ELME000417,LIG_14-3-3_CanoR_1,14-3-3 binding phosphopeptide motif,LIG,Canonical Arg-containing phospho-motif mediating a strong interaction with 14-3-3 proteins.  ,PF00244,14-3-3,14-3-3 protein,"R[^DE]{0,2}[^DEPG]([ST])(([FWYLMV].)|([^PRIKGN]P)|([^PRIKGN].{2,4}[VILMFWYP]))",RTSLV,481,485,PDE3A_HUMAN,Homo sapiens,16153182,true positive,65,16,disordered
ELME000417,LIG_14-3-3_CanoR_1,14-3-3 binding phosphopeptide motif,LIG,Canonical Arg-containing phospho-motif mediating a strong interaction with 14-3-3 proteins.  ,PF00244,14-3-3,14-3-3 protein,"R[^DE]{0,2}[^DEPG]([ST])(([FWYLMV].)|([^PRIKGN]P)|([^PRIKGN].{2,4}[VILMFWYP]))",RTSLV,481,485,PTN3_HUMAN,Homo sapiens,9341175,true positive,65,16,disordered
ELME000417,LIG_14-3-3_CanoR_1,14-3-3 binding phosphopeptide motif,LIG,Canonical Arg-containing phospho-motif mediating a strong interaction with 14-3-3 proteins.  ,PF00244,14-3-3,14-3-3 protein,"R[^DE]{0,2}[^DEPG]([ST])(([FWYLMV].)|([^PRIKGN]P)|([^PRIKGN].{2,4}[VILMFWYP]))",RTSLV,481,485,PTPN3_MOUSE,Mus musculus,9341175,true positive,65,16,disordered
ELME000417,LIG_14-3-3_CanoR_1,14-3-3 binding phosphopeptide motif,LIG,Canonical Arg-containing phospho-motif mediating a strong interaction with 14-3-3 proteins.  ,PF00244,14-3-3,14-3-3 protein,"R[^DE]{0,2}[^DEPG]([ST])(([FWYLMV].)|([^PRIKGN]P)|([^PRIKGN].{2,4}[VILMFWYP]))",RTSLV,481,485,Q888Y7_PSESM,Pseudomonas syringae pv. tomato str. DC3000,23417089,true positive,65,16,disordered
ELME000417,LIG_14-3-3_CanoR_1,14-3-3 binding phosphopeptide motif,LIG,Canonical Arg-containing phospho-motif mediating a strong interaction with 14-3-3 proteins.  ,PF00244,14-3-3,14-3-3 protein,"R[^DE]{0,2}[^DEPG]([ST])(([FWYLMV].)|([^PRIKGN]P)|([^PRIKGN].{2,4}[VILMFWYP]))",RTSLV,481,485,RAF1_HUMAN,Homo sapiens,23808890,true positive,65,16,disordered
ELME000417,LIG_14-3-3_CanoR_1,14-3-3 binding phosphopeptide motif,LIG,Canonical Arg-containing phospho-motif mediating a strong interaction with 14-3-3 proteins.  ,PF00244,14-3-3,14-3-3 protein,"R[^DE]{0,2}[^DEPG]([ST])(([FWYLMV].)|([^PRIKGN]P)|([^PRIKGN].{2,4}[VILMFWYP]))",RTSLV,481,485,RAF1_HUMAN,Homo sapiens,8601312 23808890 20679480,true positive,65,16,disordered
ELME000417,LIG_14-3-3_CanoR_1,14-3-3 binding phosphopeptide motif,LIG,Canonical Arg-containing phospho-motif mediating a strong interaction with 14-3-3 proteins.  ,PF00244,14-3-3,14-3-3 protein,"R[^DE]{0,2}[^DEPG]([ST])(([FWYLMV].)|([^PRIKGN]P)|([^PRIKGN].{2,4}[VILMFWYP]))",RTSLV,481,485,RAF1_HUMAN,Homo sapiens,23808890 8601312,true positive,65,16,disordered
ELME000417,LIG_14-3-3_CanoR_1,14-3-3 binding phosphopeptide motif,LIG,Canonical Arg-containing phospho-motif mediating a strong interaction with 14-3-3 proteins.  ,PF00244,14-3-3,14-3-3 protein,"R[^DE]{0,2}[^DEPG]([ST])(([FWYLMV].)|([^PRIKGN]P)|([^PRIKGN].{2,4}[VILMFWYP]))",RTSLV,481,485,RGS3_HUMAN,Homo sapiens,11985497,true positive,65,16,disordered
ELME000417,LIG_14-3-3_CanoR_1,14-3-3 binding phosphopeptide motif,LIG,Canonical Arg-containing phospho-motif mediating a strong interaction with 14-3-3 proteins.  ,PF00244,14-3-3,14-3-3 protein,"R[^DE]{0,2}[^DEPG]([ST])(([FWYLMV].)|([^PRIKGN]P)|([^PRIKGN].{2,4}[VILMFWYP]))",RTSLV,481,485,RIM15_YEAST,Saccharomyces cerevisiae,16308562,true positive,65,16,disordered
ELME000417,LIG_14-3-3_CanoR_1,14-3-3 binding phosphopeptide motif,LIG,Canonical Arg-containing phospho-motif mediating a strong interaction with 14-3-3 proteins.  ,PF00244,14-3-3,14-3-3 protein,"R[^DE]{0,2}[^DEPG]([ST])(([FWYLMV].)|([^PRIKGN]P)|([^PRIKGN].{2,4}[VILMFWYP]))",RTSLV,481,485,SLOB_DROME,Drosophila melanogaster,10230800,true positive,65,16,disordered
ELME000417,LIG_14-3-3_CanoR_1,14-3-3 binding phosphopeptide motif,LIG,Canonical Arg-containing phospho-motif mediating a strong interaction with 14-3-3 proteins.  ,PF00244,14-3-3,14-3-3 protein,"R[^DE]{0,2}[^DEPG]([ST])(([FWYLMV].)|([^PRIKGN]P)|([^PRIKGN].{2,4}[VILMFWYP]))",RTSLV,481,485,SNAT_SHEEP,Ovis aries,11336675,true positive,65,16,disordered
ELME000417,LIG_14-3-3_CanoR_1,14-3-3 binding phosphopeptide motif,LIG,Canonical Arg-containing phospho-motif mediating a strong interaction with 14-3-3 proteins.  ,PF00244,14-3-3,14-3-3 protein,"R[^DE]{0,2}[^DEPG]([ST])(([FWYLMV].)|([^PRIKGN]P)|([^PRIKGN].{2,4}[VILMFWYP]))",RTSLV,481,485,TBCD1_HUMAN,Homo sapiens,19531644,true positive,65,16,disordered
ELME000417,LIG_14-3-3_CanoR_1,14-3-3 binding phosphopeptide motif,LIG,Canonical Arg-containing phospho-motif mediating a strong interaction with 14-3-3 proteins.  ,PF00244,14-3-3,14-3-3 protein,"R[^DE]{0,2}[^DEPG]([ST])(([FWYLMV].)|([^PRIKGN]P)|([^PRIKGN].{2,4}[VILMFWYP]))",RTSLV,481,485,TESK1_RAT,Rattus norvegicus,11555644,true positive,65,16,disordered
ELME000417,LIG_14-3-3_CanoR_1,14-3-3 binding phosphopeptide motif,LIG,Canonical Arg-containing phospho-motif mediating a strong interaction with 14-3-3 proteins.  ,PF00244,14-3-3,14-3-3 protein,"R[^DE]{0,2}[^DEPG]([ST])(([FWYLMV].)|([^PRIKGN]P)|([^PRIKGN].{2,4}[VILMFWYP]))",RTSLV,481,485,TIR_ECO27,Escherichia coli O127:H6 str. E2348/69,16367866,true positive,65,16,disordered
ELME000417,LIG_14-3-3_CanoR_1,14-3-3 binding phosphopeptide motif,LIG,Canonical Arg-containing phospho-motif mediating a strong interaction with 14-3-3 proteins.  ,PF00244,14-3-3,14-3-3 protein,"R[^DE]{0,2}[^DEPG]([ST])(([FWYLMV].)|([^PRIKGN]P)|([^PRIKGN].{2,4}[VILMFWYP]))",RTSLV,481,485,WWTR1_HUMAN,Homo sapiens,11118213,true positive,65,16,disordered
ELME000417,LIG_14-3-3_CanoR_1,14-3-3 binding phosphopeptide motif,LIG,Canonical Arg-containing phospho-motif mediating a strong interaction with 14-3-3 proteins.  ,PF00244,14-3-3,14-3-3 protein,"R[^DE]{0,2}[^DEPG]([ST])(([FWYLMV].)|([^PRIKGN]P)|([^PRIKGN].{2,4}[VILMFWYP]))",RTSLV,481,485,WWTR1_MOUSE,Mus musculus,11118213,true positive,65,16,disordered
ELME000417,LIG_14-3-3_CanoR_1,14-3-3 binding phosphopeptide motif,LIG,Canonical Arg-containing phospho-motif mediating a strong interaction with 14-3-3 proteins.  ,PF00244,14-3-3,14-3-3 protein,"R[^DE]{0,2}[^DEPG]([ST])(([FWYLMV].)|([^PRIKGN]P)|([^PRIKGN].{2,4}[VILMFWYP]))",RTSLV,481,485,YAP1_HUMAN,Homo sapiens,20823509 12535517,true positive,65,16,disordered
ELME000417,LIG_14-3-3_CanoR_1,14-3-3 binding phosphopeptide motif,LIG,Canonical Arg-containing phospho-motif mediating a strong interaction with 14-3-3 proteins.  ,PF00244,14-3-3,14-3-3 protein,"R[^DE]{0,2}[^DEPG]([ST])(([FWYLMV].)|([^PRIKGN]P)|([^PRIKGN].{2,4}[VILMFWYP]))",RTSLV,481,485,YAP1_HUMAN,Homo sapiens,17974916,true positive,65,16,disordered
ELME000417,LIG_14-3-3_CanoR_1,14-3-3 binding phosphopeptide motif,LIG,Canonical Arg-containing phospho-motif mediating a strong interaction with 14-3-3 proteins.  ,PF00244,14-3-3,14-3-3 protein,"R[^DE]{0,2}[^DEPG]([ST])(([FWYLMV].)|([^PRIKGN]P)|([^PRIKGN].{2,4}[VILMFWYP]))",RTSLV,481,485,YAP1_MOUSE,Mus musculus,11118213,true positive,65,16,disordered
ELME000417,LIG_14-3-3_CanoR_1,14-3-3 binding phosphopeptide motif,LIG,Canonical Arg-containing phospho-motif mediating a strong interaction with 14-3-3 proteins.  ,PF00244,14-3-3,14-3-3 protein,"R[^DE]{0,2}[^DEPG]([ST])(([FWYLMV].)|([^PRIKGN]P)|([^PRIKGN].{2,4}[VILMFWYP]))",RTSLV,515,519,3BP2_HUMAN,Homo sapiens,12501243,true positive,65,16,disordered
ELME000417,LIG_14-3-3_CanoR_1,14-3-3 binding phosphopeptide motif,LIG,Canonical Arg-containing phospho-motif mediating a strong interaction with 14-3-3 proteins.  ,PF00244,14-3-3,14-3-3 protein,"R[^DE]{0,2}[^DEPG]([ST])(([FWYLMV].)|([^PRIKGN]P)|([^PRIKGN].{2,4}[VILMFWYP]))",RTSLV,515,519,ADA22_HUMAN,Homo sapiens,16868027,true positive,65,16,disordered
ELME000417,LIG_14-3-3_CanoR_1,14-3-3 binding phosphopeptide motif,LIG,Canonical Arg-containing phospho-motif mediating a strong interaction with 14-3-3 proteins.  ,PF00244,14-3-3,14-3-3 protein,"R[^DE]{0,2}[^DEPG]([ST])(([FWYLMV].)|([^PRIKGN]P)|([^PRIKGN].{2,4}[VILMFWYP]))",RTSLV,515,519,ATX1_HUMAN,Homo sapiens,20037628 12757707,true positive,65,16,disordered
ELME000417,LIG_14-3-3_CanoR_1,14-3-3 binding phosphopeptide motif,LIG,Canonical Arg-containing phospho-motif mediating a strong interaction with 14-3-3 proteins.  ,PF00244,14-3-3,14-3-3 protein,"R[^DE]{0,2}[^DEPG]([ST])(([FWYLMV].)|([^PRIKGN]P)|([^PRIKGN].{2,4}[VILMFWYP]))",RTSLV,515,519,B7UM88_ECO27,Escherichia coli O127:H6 str. E2348/69,15339273,true positive,65,16,disordered
ELME000417,LIG_14-3-3_CanoR_1,14-3-3 binding phosphopeptide motif,LIG,Canonical Arg-containing phospho-motif mediating a strong interaction with 14-3-3 proteins.  ,PF00244,14-3-3,14-3-3 protein,"R[^DE]{0,2}[^DEPG]([ST])(([FWYLMV].)|([^PRIKGN]P)|([^PRIKGN].{2,4}[VILMFWYP]))",RTSLV,515,519,BAD_MOUSE,Mus musculus,8929531,true positive,65,16,disordered
ELME000417,LIG_14-3-3_CanoR_1,14-3-3 binding phosphopeptide motif,LIG,Canonical Arg-containing phospho-motif mediating a strong interaction with 14-3-3 proteins.  ,PF00244,14-3-3,14-3-3 protein,"R[^DE]{0,2}[^DEPG]([ST])(([FWYLMV].)|([^PRIKGN]P)|([^PRIKGN].{2,4}[VILMFWYP]))",RTSLV,515,519,BAD_MOUSE,Mus musculus,8929531 10949026,true positive,65,16,disordered
ELME000417,LIG_14-3-3_CanoR_1,14-3-3 binding phosphopeptide motif,LIG,Canonical Arg-containing phospho-motif mediating a strong interaction with 14-3-3 proteins.  ,PF00244,14-3-3,14-3-3 protein,"R[^DE]{0,2}[^DEPG]([ST])(([FWYLMV].)|([^PRIKGN]P)|([^PRIKGN].{2,4}[VILMFWYP]))",RTSLV,515,519,BAD_RAT,Rattus norvegicus,9369453,true positive,65,16,disordered
ELME000417,LIG_14-3-3_CanoR_1,14-3-3 binding phosphopeptide motif,LIG,Canonical Arg-containing phospho-motif mediating a strong interaction with 14-3-3 proteins.  ,PF00244,14-3-3,14-3-3 protein,"R[^DE]{0,2}[^DEPG]([ST])(([FWYLMV].)|([^PRIKGN]P)|([^PRIKGN].{2,4}[VILMFWYP]))",RTSLV,515,519,CBY1_HUMAN,Homo sapiens,25909186,true positive,65,16,disordered
ELME000417,LIG_14-3-3_CanoR_1,14-3-3 binding phosphopeptide motif,LIG,Canonical Arg-containing phospho-motif mediating a strong interaction with 14-3-3 proteins.  ,PF00244,14-3-3,14-3-3 protein,"R[^DE]{0,2}[^DEPG]([ST])(([FWYLMV].)|([^PRIKGN]P)|([^PRIKGN].{2,4}[VILMFWYP]))",RTSLV,515,519,CFTR_HUMAN,Homo sapiens,26888287,true positive,65,16,disordered
ELME000417,LIG_14-3-3_CanoR_1,14-3-3 binding phosphopeptide motif,LIG,Canonical Arg-containing phospho-motif mediating a strong interaction with 14-3-3 proteins.  ,PF00244,14-3-3,14-3-3 protein,"R[^DE]{0,2}[^DEPG]([ST])(([FWYLMV].)|([^PRIKGN]P)|([^PRIKGN].{2,4}[VILMFWYP]))",RTSLV,515,519,FOXO3_HUMAN,Homo sapiens,11864996,true positive,65,16,disordered
ELME000417,LIG_14-3-3_CanoR_1,14-3-3 binding phosphopeptide motif,LIG,Canonical Arg-containing phospho-motif mediating a strong interaction with 14-3-3 proteins.  ,PF00244,14-3-3,14-3-3 protein,"R[^DE]{0,2}[^DEPG]([ST])(([FWYLMV].)|([^PRIKGN]P)|([^PRIKGN].{2,4}[VILMFWYP]))",RTSLV,515,519,FOXO4_HUMAN,Homo sapiens,14690436,true positive,65,16,disordered
ELME000417,LIG_14-3-3_CanoR_1,14-3-3 binding phosphopeptide motif,LIG,Canonical Arg-containing phospho-motif mediating a strong interaction with 14-3-3 proteins.  ,PF00244,14-3-3,14-3-3 protein,"R[^DE]{0,2}[^DEPG]([ST])(([FWYLMV].)|([^PRIKGN]P)|([^PRIKGN].{2,4}[VILMFWYP]))",RTSLV,515,519,FOXO4_HUMAN,Homo sapiens,16114898,true positive,65,16,disordered
ELME000417,LIG_14-3-3_CanoR_1,14-3-3 binding phosphopeptide motif,LIG,Canonical Arg-containing phospho-motif mediating a strong interaction with 14-3-3 proteins.  ,PF00244,14-3-3,14-3-3 protein,"R[^DE]{0,2}[^DEPG]([ST])(([FWYLMV].)|([^PRIKGN]P)|([^PRIKGN].{2,4}[VILMFWYP]))",RTSLV,515,519,GAB2_HUMAN,Homo sapiens,19172738,true positive,65,16,disordered
ELME000417,LIG_14-3-3_CanoR_1,14-3-3 binding phosphopeptide motif,LIG,Canonical Arg-containing phospho-motif mediating a strong interaction with 14-3-3 proteins.  ,PF00244,14-3-3,14-3-3 protein,"R[^DE]{0,2}[^DEPG]([ST])(([FWYLMV].)|([^PRIKGN]P)|([^PRIKGN].{2,4}[VILMFWYP]))",RTSLV,515,519,GFAP_HUMAN,Homo sapiens,17032734,true positive,65,16,disordered
ELME000417,LIG_14-3-3_CanoR_1,14-3-3 binding phosphopeptide motif,LIG,Canonical Arg-containing phospho-motif mediating a strong interaction with 14-3-3 proteins.  ,PF00244,14-3-3,14-3-3 protein,"R[^DE]{0,2}[^DEPG]([ST])(([FWYLMV].)|([^PRIKGN]P)|([^PRIKGN].{2,4}[VILMFWYP]))",RTSLV,515,519,H31_HUMAN,Homo sapiens,16246723,true positive,65,16,disordered
ELME000417,LIG_14-3-3_CanoR_1,14-3-3 binding phosphopeptide motif,LIG,Canonical Arg-containing phospho-motif mediating a strong interaction with 14-3-3 proteins.  ,PF00244,14-3-3,14-3-3 protein,"R[^DE]{0,2}[^DEPG]([ST])(([FWYLMV].)|([^PRIKGN]P)|([^PRIKGN].{2,4}[VILMFWYP]))",RTSLV,515,519,HDAC4_HUMAN,Homo sapiens,10958686 10869435,true positive,65,16,disordered
ELME000417,LIG_14-3-3_CanoR_1,14-3-3 binding phosphopeptide motif,LIG,Canonical Arg-containing phospho-motif mediating a strong interaction with 14-3-3 proteins.  ,PF00244,14-3-3,14-3-3 protein,"R[^DE]{0,2}[^DEPG]([ST])(([FWYLMV].)|([^PRIKGN]P)|([^PRIKGN].{2,4}[VILMFWYP]))",RTSLV,515,519,HDAC4_HUMAN,Homo sapiens,10869435,true positive,65,16,disordered
ELME000417,LIG_14-3-3_CanoR_1,14-3-3 binding phosphopeptide motif,LIG,Canonical Arg-containing phospho-motif mediating a strong interaction with 14-3-3 proteins.  ,PF00244,14-3-3,14-3-3 protein,"R[^DE]{0,2}[^DEPG]([ST])(([FWYLMV].)|([^PRIKGN]P)|([^PRIKGN].{2,4}[VILMFWYP]))",RTSLV,515,519,HDAC5_HUMAN,Homo sapiens,11114197,true positive,65,16,disordered
ELME000417,LIG_14-3-3_CanoR_1,14-3-3 binding phosphopeptide motif,LIG,Canonical Arg-containing phospho-motif mediating a strong interaction with 14-3-3 proteins.  ,PF00244,14-3-3,14-3-3 protein,"R[^DE]{0,2}[^DEPG]([ST])(([FWYLMV].)|([^PRIKGN]P)|([^PRIKGN].{2,4}[VILMFWYP]))",RTSLV,515,519,KIF1C_HUMAN,Homo sapiens,17085597 10559254,true positive,65,16,disordered
ELME000417,LIG_14-3-3_CanoR_1,14-3-3 binding phosphopeptide motif,LIG,Canonical Arg-containing phospho-motif mediating a strong interaction with 14-3-3 proteins.  ,PF00244,14-3-3,14-3-3 protein,"R[^DE]{0,2}[^DEPG]([ST])(([FWYLMV].)|([^PRIKGN]P)|([^PRIKGN].{2,4}[VILMFWYP]))",RTSLV,515,519,KLC2_HUMAN,Homo sapiens,21189416,true positive,65,16,disordered
ELME000417,LIG_14-3-3_CanoR_1,14-3-3 binding phosphopeptide motif,LIG,Canonical Arg-containing phospho-motif mediating a strong interaction with 14-3-3 proteins.  ,PF00244,14-3-3,14-3-3 protein,"R[^DE]{0,2}[^DEPG]([ST])(([FWYLMV].)|([^PRIKGN]P)|([^PRIKGN].{2,4}[VILMFWYP]))",RTSLV,515,519,KLC3_HUMAN,Homo sapiens,21189416,true positive,65,16,disordered
ELME000417,LIG_14-3-3_CanoR_1,14-3-3 binding phosphopeptide motif,LIG,Canonical Arg-containing phospho-motif mediating a strong interaction with 14-3-3 proteins.  ,PF00244,14-3-3,14-3-3 protein,"R[^DE]{0,2}[^DEPG]([ST])(([FWYLMV].)|([^PRIKGN]P)|([^PRIKGN].{2,4}[VILMFWYP]))",RTSLV,515,519,KPCE_HUMAN,Homo sapiens,19662078,true positive,65,16,disordered
ELME000417,LIG_14-3-3_CanoR_1,14-3-3 binding phosphopeptide motif,LIG,Canonical Arg-containing phospho-motif mediating a strong interaction with 14-3-3 proteins.  ,PF00244,14-3-3,14-3-3 protein,"R[^DE]{0,2}[^DEPG]([ST])(([FWYLMV].)|([^PRIKGN]P)|([^PRIKGN].{2,4}[VILMFWYP]))",RTSLV,515,519,KSR1_MOUSE,Mus musculus,9858547,true positive,65,16,disordered
ELME000417,LIG_14-3-3_CanoR_1,14-3-3 binding phosphopeptide motif,LIG,Canonical Arg-containing phospho-motif mediating a strong interaction with 14-3-3 proteins.  ,PF00244,14-3-3,14-3-3 protein,"R[^DE]{0,2}[^DEPG]([ST])(([FWYLMV].)|([^PRIKGN]P)|([^PRIKGN].{2,4}[VILMFWYP]))",RTSLV,515,519,M3K5_HUMAN,Homo sapiens,17085597 10411906,true positive,65,16,disordered
ELME000417,LIG_14-3-3_CanoR_1,14-3-3 binding phosphopeptide motif,LIG,Canonical Arg-containing phospho-motif mediating a strong interaction with 14-3-3 proteins.  ,PF00244,14-3-3,14-3-3 protein,"R[^DE]{0,2}[^DEPG]([ST])(([FWYLMV].)|([^PRIKGN]P)|([^PRIKGN].{2,4}[VILMFWYP]))",RTSLV,515,519,MDM4_HUMAN,Homo sapiens,16943424,true positive,65,16,disordered
ELME000417,LIG_14-3-3_CanoR_1,14-3-3 binding phosphopeptide motif,LIG,Canonical Arg-containing phospho-motif mediating a strong interaction with 14-3-3 proteins.  ,PF00244,14-3-3,14-3-3 protein,"R[^DE]{0,2}[^DEPG]([ST])(([FWYLMV].)|([^PRIKGN]P)|([^PRIKGN].{2,4}[VILMFWYP]))",RTSLV,515,519,MEFV_HUMAN,Homo sapiens,15934090,true positive,65,16,disordered
ELME000417,LIG_14-3-3_CanoR_1,14-3-3 binding phosphopeptide motif,LIG,Canonical Arg-containing phospho-motif mediating a strong interaction with 14-3-3 proteins.  ,PF00244,14-3-3,14-3-3 protein,"R[^DE]{0,2}[^DEPG]([ST])(([FWYLMV].)|([^PRIKGN]P)|([^PRIKGN].{2,4}[VILMFWYP]))",RTSLV,515,519,MEI2_SCHPO,Schizosaccharomyces pombe 972h-,11818066,true positive,65,16,disordered
ELME000417,LIG_14-3-3_CanoR_1,14-3-3 binding phosphopeptide motif,LIG,Canonical Arg-containing phospho-motif mediating a strong interaction with 14-3-3 proteins.  ,PF00244,14-3-3,14-3-3 protein,"R[^DE]{0,2}[^DEPG]([ST])(([FWYLMV].)|([^PRIKGN]P)|([^PRIKGN].{2,4}[VILMFWYP]))",RTSLV,515,519,MLF1_HUMAN,Homo sapiens,22151054,true positive,65,16,disordered
ELME000417,LIG_14-3-3_CanoR_1,14-3-3 binding phosphopeptide motif,LIG,Canonical Arg-containing phospho-motif mediating a strong interaction with 14-3-3 proteins.  ,PF00244,14-3-3,14-3-3 protein,"R[^DE]{0,2}[^DEPG]([ST])(([FWYLMV].)|([^PRIKGN]P)|([^PRIKGN].{2,4}[VILMFWYP]))",RTSLV,515,519,MT_POVM3,Mouse polyomavirus (strain 3),9428519,true positive,65,16,disordered
ELME000417,LIG_14-3-3_CanoR_1,14-3-3 binding phosphopeptide motif,LIG,Canonical Arg-containing phospho-motif mediating a strong interaction with 14-3-3 proteins.  ,PF00244,14-3-3,14-3-3 protein,"R[^DE]{0,2}[^DEPG]([ST])(([FWYLMV].)|([^PRIKGN]P)|([^PRIKGN].{2,4}[VILMFWYP]))",RTSLV,515,519,NAC1_HUMAN,Homo sapiens,16679322,true positive,65,16,disordered
ELME000417,LIG_14-3-3_CanoR_1,14-3-3 binding phosphopeptide motif,LIG,Canonical Arg-containing phospho-motif mediating a strong interaction with 14-3-3 proteins.  ,PF00244,14-3-3,14-3-3 protein,"R[^DE]{0,2}[^DEPG]([ST])(([FWYLMV].)|([^PRIKGN]P)|([^PRIKGN].{2,4}[VILMFWYP]))",RTSLV,515,519,NED4L_HUMAN,Homo sapiens,21900244,true positive,65,16,disordered
ELME000417,LIG_14-3-3_CanoR_1,14-3-3 binding phosphopeptide motif,LIG,Canonical Arg-containing phospho-motif mediating a strong interaction with 14-3-3 proteins.  ,PF00244,14-3-3,14-3-3 protein,"R[^DE]{0,2}[^DEPG]([ST])(([FWYLMV].)|([^PRIKGN]P)|([^PRIKGN].{2,4}[VILMFWYP]))",RTSLV,515,519,NED4L_HUMAN,Homo sapiens,15677482,true positive,65,16,disordered
ELME000417,LIG_14-3-3_CanoR_1,14-3-3 binding phosphopeptide motif,LIG,Canonical Arg-containing phospho-motif mediating a strong interaction with 14-3-3 proteins.  ,PF00244,14-3-3,14-3-3 protein,"R[^DE]{0,2}[^DEPG]([ST])(([FWYLMV].)|([^PRIKGN]P)|([^PRIKGN].{2,4}[VILMFWYP]))",RTSLV,515,519,PACS2_HUMAN,Homo sapiens,19481529,true positive,65,16,disordered
ELME000417,LIG_14-3-3_CanoR_1,14-3-3 binding phosphopeptide motif,LIG,Canonical Arg-containing phospho-motif mediating a strong interaction with 14-3-3 proteins.  ,PF00244,14-3-3,14-3-3 protein,"R[^DE]{0,2}[^DEPG]([ST])(([FWYLMV].)|([^PRIKGN]P)|([^PRIKGN].{2,4}[VILMFWYP]))",RTSLV,515,519,PADI6_HUMAN,Homo sapiens,22634725,true positive,65,16,disordered
ELME000417,LIG_14-3-3_CanoR_1,14-3-3 binding phosphopeptide motif,LIG,Canonical Arg-containing phospho-motif mediating a strong interaction with 14-3-3 proteins.  ,PF00244,14-3-3,14-3-3 protein,"R[^DE]{0,2}[^DEPG]([ST])(([FWYLMV].)|([^PRIKGN]P)|([^PRIKGN].{2,4}[VILMFWYP]))",RTSLV,515,519,PDE3A_HUMAN,Homo sapiens,16153182,true positive,65,16,disordered
ELME000417,LIG_14-3-3_CanoR_1,14-3-3 binding phosphopeptide motif,LIG,Canonical Arg-containing phospho-motif mediating a strong interaction with 14-3-3 proteins.  ,PF00244,14-3-3,14-3-3 protein,"R[^DE]{0,2}[^DEPG]([ST])(([FWYLMV].)|([^PRIKGN]P)|([^PRIKGN].{2,4}[VILMFWYP]))",RTSLV,515,519,PTN3_HUMAN,Homo sapiens,9341175,true positive,65,16,disordered
ELME000417,LIG_14-3-3_CanoR_1,14-3-3 binding phosphopeptide motif,LIG,Canonical Arg-containing phospho-motif mediating a strong interaction with 14-3-3 proteins.  ,PF00244,14-3-3,14-3-3 protein,"R[^DE]{0,2}[^DEPG]([ST])(([FWYLMV].)|([^PRIKGN]P)|([^PRIKGN].{2,4}[VILMFWYP]))",RTSLV,515,519,PTPN3_MOUSE,Mus musculus,9341175,true positive,65,16,disordered
ELME000417,LIG_14-3-3_CanoR_1,14-3-3 binding phosphopeptide motif,LIG,Canonical Arg-containing phospho-motif mediating a strong interaction with 14-3-3 proteins.  ,PF00244,14-3-3,14-3-3 protein,"R[^DE]{0,2}[^DEPG]([ST])(([FWYLMV].)|([^PRIKGN]P)|([^PRIKGN].{2,4}[VILMFWYP]))",RTSLV,515,519,Q888Y7_PSESM,Pseudomonas syringae pv. tomato str. DC3000,23417089,true positive,65,16,disordered
ELME000417,LIG_14-3-3_CanoR_1,14-3-3 binding phosphopeptide motif,LIG,Canonical Arg-containing phospho-motif mediating a strong interaction with 14-3-3 proteins.  ,PF00244,14-3-3,14-3-3 protein,"R[^DE]{0,2}[^DEPG]([ST])(([FWYLMV].)|([^PRIKGN]P)|([^PRIKGN].{2,4}[VILMFWYP]))",RTSLV,515,519,RAF1_HUMAN,Homo sapiens,23808890,true positive,65,16,disordered
ELME000417,LIG_14-3-3_CanoR_1,14-3-3 binding phosphopeptide motif,LIG,Canonical Arg-containing phospho-motif mediating a strong interaction with 14-3-3 proteins.  ,PF00244,14-3-3,14-3-3 protein,"R[^DE]{0,2}[^DEPG]([ST])(([FWYLMV].)|([^PRIKGN]P)|([^PRIKGN].{2,4}[VILMFWYP]))",RTSLV,515,519,RAF1_HUMAN,Homo sapiens,8601312 23808890 20679480,true positive,65,16,disordered
ELME000417,LIG_14-3-3_CanoR_1,14-3-3 binding phosphopeptide motif,LIG,Canonical Arg-containing phospho-motif mediating a strong interaction with 14-3-3 proteins.  ,PF00244,14-3-3,14-3-3 protein,"R[^DE]{0,2}[^DEPG]([ST])(([FWYLMV].)|([^PRIKGN]P)|([^PRIKGN].{2,4}[VILMFWYP]))",RTSLV,515,519,RAF1_HUMAN,Homo sapiens,23808890 8601312,true positive,65,16,disordered
ELME000417,LIG_14-3-3_CanoR_1,14-3-3 binding phosphopeptide motif,LIG,Canonical Arg-containing phospho-motif mediating a strong interaction with 14-3-3 proteins.  ,PF00244,14-3-3,14-3-3 protein,"R[^DE]{0,2}[^DEPG]([ST])(([FWYLMV].)|([^PRIKGN]P)|([^PRIKGN].{2,4}[VILMFWYP]))",RTSLV,515,519,RGS3_HUMAN,Homo sapiens,11985497,true positive,65,16,disordered
ELME000417,LIG_14-3-3_CanoR_1,14-3-3 binding phosphopeptide motif,LIG,Canonical Arg-containing phospho-motif mediating a strong interaction with 14-3-3 proteins.  ,PF00244,14-3-3,14-3-3 protein,"R[^DE]{0,2}[^DEPG]([ST])(([FWYLMV].)|([^PRIKGN]P)|([^PRIKGN].{2,4}[VILMFWYP]))",RTSLV,515,519,RIM15_YEAST,Saccharomyces cerevisiae,16308562,true positive,65,16,disordered
ELME000417,LIG_14-3-3_CanoR_1,14-3-3 binding phosphopeptide motif,LIG,Canonical Arg-containing phospho-motif mediating a strong interaction with 14-3-3 proteins.  ,PF00244,14-3-3,14-3-3 protein,"R[^DE]{0,2}[^DEPG]([ST])(([FWYLMV].)|([^PRIKGN]P)|([^PRIKGN].{2,4}[VILMFWYP]))",RTSLV,515,519,SLOB_DROME,Drosophila melanogaster,10230800,true positive,65,16,disordered
ELME000417,LIG_14-3-3_CanoR_1,14-3-3 binding phosphopeptide motif,LIG,Canonical Arg-containing phospho-motif mediating a strong interaction with 14-3-3 proteins.  ,PF00244,14-3-3,14-3-3 protein,"R[^DE]{0,2}[^DEPG]([ST])(([FWYLMV].)|([^PRIKGN]P)|([^PRIKGN].{2,4}[VILMFWYP]))",RTSLV,515,519,SNAT_SHEEP,Ovis aries,11336675,true positive,65,16,disordered
ELME000417,LIG_14-3-3_CanoR_1,14-3-3 binding phosphopeptide motif,LIG,Canonical Arg-containing phospho-motif mediating a strong interaction with 14-3-3 proteins.  ,PF00244,14-3-3,14-3-3 protein,"R[^DE]{0,2}[^DEPG]([ST])(([FWYLMV].)|([^PRIKGN]P)|([^PRIKGN].{2,4}[VILMFWYP]))",RTSLV,515,519,TBCD1_HUMAN,Homo sapiens,19531644,true positive,65,16,disordered
ELME000417,LIG_14-3-3_CanoR_1,14-3-3 binding phosphopeptide motif,LIG,Canonical Arg-containing phospho-motif mediating a strong interaction with 14-3-3 proteins.  ,PF00244,14-3-3,14-3-3 protein,"R[^DE]{0,2}[^DEPG]([ST])(([FWYLMV].)|([^PRIKGN]P)|([^PRIKGN].{2,4}[VILMFWYP]))",RTSLV,515,519,TESK1_RAT,Rattus norvegicus,11555644,true positive,65,16,disordered
ELME000417,LIG_14-3-3_CanoR_1,14-3-3 binding phosphopeptide motif,LIG,Canonical Arg-containing phospho-motif mediating a strong interaction with 14-3-3 proteins.  ,PF00244,14-3-3,14-3-3 protein,"R[^DE]{0,2}[^DEPG]([ST])(([FWYLMV].)|([^PRIKGN]P)|([^PRIKGN].{2,4}[VILMFWYP]))",RTSLV,515,519,TIR_ECO27,Escherichia coli O127:H6 str. E2348/69,16367866,true positive,65,16,disordered
ELME000417,LIG_14-3-3_CanoR_1,14-3-3 binding phosphopeptide motif,LIG,Canonical Arg-containing phospho-motif mediating a strong interaction with 14-3-3 proteins.  ,PF00244,14-3-3,14-3-3 protein,"R[^DE]{0,2}[^DEPG]([ST])(([FWYLMV].)|([^PRIKGN]P)|([^PRIKGN].{2,4}[VILMFWYP]))",RTSLV,515,519,WWTR1_HUMAN,Homo sapiens,11118213,true positive,65,16,disordered
ELME000417,LIG_14-3-3_CanoR_1,14-3-3 binding phosphopeptide motif,LIG,Canonical Arg-containing phospho-motif mediating a strong interaction with 14-3-3 proteins.  ,PF00244,14-3-3,14-3-3 protein,"R[^DE]{0,2}[^DEPG]([ST])(([FWYLMV].)|([^PRIKGN]P)|([^PRIKGN].{2,4}[VILMFWYP]))",RTSLV,515,519,WWTR1_MOUSE,Mus musculus,11118213,true positive,65,16,disordered
ELME000417,LIG_14-3-3_CanoR_1,14-3-3 binding phosphopeptide motif,LIG,Canonical Arg-containing phospho-motif mediating a strong interaction with 14-3-3 proteins.  ,PF00244,14-3-3,14-3-3 protein,"R[^DE]{0,2}[^DEPG]([ST])(([FWYLMV].)|([^PRIKGN]P)|([^PRIKGN].{2,4}[VILMFWYP]))",RTSLV,515,519,YAP1_HUMAN,Homo sapiens,20823509 12535517,true positive,65,16,disordered
ELME000417,LIG_14-3-3_CanoR_1,14-3-3 binding phosphopeptide motif,LIG,Canonical Arg-containing phospho-motif mediating a strong interaction with 14-3-3 proteins.  ,PF00244,14-3-3,14-3-3 protein,"R[^DE]{0,2}[^DEPG]([ST])(([FWYLMV].)|([^PRIKGN]P)|([^PRIKGN].{2,4}[VILMFWYP]))",RTSLV,515,519,YAP1_HUMAN,Homo sapiens,17974916,true positive,65,16,disordered
ELME000417,LIG_14-3-3_CanoR_1,14-3-3 binding phosphopeptide motif,LIG,Canonical Arg-containing phospho-motif mediating a strong interaction with 14-3-3 proteins.  ,PF00244,14-3-3,14-3-3 protein,"R[^DE]{0,2}[^DEPG]([ST])(([FWYLMV].)|([^PRIKGN]P)|([^PRIKGN].{2,4}[VILMFWYP]))",RTSLV,515,519,YAP1_MOUSE,Mus musculus,11118213,true positive,65,16,disordered
ELME000534,LIG_Arc_Nlobe_1,Arc N-lobe binding ligand,LIG,"Binding motif for the N-lobe part of the C-terminal domain in Arc. The N-lobe domain has structural homology with HIV virus capsid, but the binding appears to be unique to higher vertebrates.",IPR040814,"Activity-regulated cytoskeleton-associated protein, C-terminal domain", This entry represents the  C-terminal capsid-like domain of the Activity-regulated cytoskeleton-associated protein (Arc),"[^P][P]G{0,1}[^P][YFH][^P]",GPTHQ,380,384,CCG2_HUMAN,Homo sapiens,33732907,true positive,11,4,disordered
ELME000534,LIG_Arc_Nlobe_1,Arc N-lobe binding ligand,LIG,"Binding motif for the N-lobe part of the C-terminal domain in Arc. The N-lobe domain has structural homology with HIV virus capsid, but the binding appears to be unique to higher vertebrates.",IPR040814,"Activity-regulated cytoskeleton-associated protein, C-terminal domain", This entry represents the  C-terminal capsid-like domain of the Activity-regulated cytoskeleton-associated protein (Arc),"[^P][P]G{0,1}[^P][YFH][^P]",GPTHQ,380,384,CCG2_MOUSE,Mus musculus,31080121 25864631,true positive,11,4,disordered
ELME000534,LIG_Arc_Nlobe_1,Arc N-lobe binding ligand,LIG,"Binding motif for the N-lobe part of the C-terminal domain in Arc. The N-lobe domain has structural homology with HIV virus capsid, but the binding appears to be unique to higher vertebrates.",IPR040814,"Activity-regulated cytoskeleton-associated protein, C-terminal domain", This entry represents the  C-terminal capsid-like domain of the Activity-regulated cytoskeleton-associated protein (Arc),"[^P][P]G{0,1}[^P][YFH][^P]",GPTHQ,380,384,DLGP1_HUMAN,Homo sapiens,33732907,true positive,11,4,disordered
ELME000534,LIG_Arc_Nlobe_1,Arc N-lobe binding ligand,LIG,"Binding motif for the N-lobe part of the C-terminal domain in Arc. The N-lobe domain has structural homology with HIV virus capsid, but the binding appears to be unique to higher vertebrates.",IPR040814,"Activity-regulated cytoskeleton-associated protein, C-terminal domain", This entry represents the  C-terminal capsid-like domain of the Activity-regulated cytoskeleton-associated protein (Arc),"[^P][P]G{0,1}[^P][YFH][^P]",GPTHQ,380,384,DLGP1_MOUSE,Mus musculus,25864631,true positive,11,4,disordered
ELME000534,LIG_Arc_Nlobe_1,Arc N-lobe binding ligand,LIG,"Binding motif for the N-lobe part of the C-terminal domain in Arc. The N-lobe domain has structural homology with HIV virus capsid, but the binding appears to be unique to higher vertebrates.",IPR040814,"Activity-regulated cytoskeleton-associated protein, C-terminal domain", This entry represents the  C-terminal capsid-like domain of the Activity-regulated cytoskeleton-associated protein (Arc),"[^P][P]G{0,1}[^P][YFH][^P]",GPTHQ,380,384,IQEC2_MOUSE,Mus musculus,25864631,true positive,11,4,disordered
ELME000534,LIG_Arc_Nlobe_1,Arc N-lobe binding ligand,LIG,"Binding motif for the N-lobe part of the C-terminal domain in Arc. The N-lobe domain has structural homology with HIV virus capsid, but the binding appears to be unique to higher vertebrates.",IPR040814,"Activity-regulated cytoskeleton-associated protein, C-terminal domain", This entry represents the  C-terminal capsid-like domain of the Activity-regulated cytoskeleton-associated protein (Arc),"[^P][P]G{0,1}[^P][YFH][^P]",GPTHQ,380,384,NMDE1_MOUSE,Mus musculus,25864631,true positive,11,4,disordered
ELME000534,LIG_Arc_Nlobe_1,Arc N-lobe binding ligand,LIG,"Binding motif for the N-lobe part of the C-terminal domain in Arc. The N-lobe domain has structural homology with HIV virus capsid, but the binding appears to be unique to higher vertebrates.",IPR040814,"Activity-regulated cytoskeleton-associated protein, C-terminal domain", This entry represents the  C-terminal capsid-like domain of the Activity-regulated cytoskeleton-associated protein (Arc),"[^P][P]G{0,1}[^P][YFH][^P]",GPTHQ,380,384,NMDE1_RAT,Rattus norvegicus,31080121,true positive,11,4,disordered
ELME000534,LIG_Arc_Nlobe_1,Arc N-lobe binding ligand,LIG,"Binding motif for the N-lobe part of the C-terminal domain in Arc. The N-lobe domain has structural homology with HIV virus capsid, but the binding appears to be unique to higher vertebrates.",IPR040814,"Activity-regulated cytoskeleton-associated protein, C-terminal domain", This entry represents the  C-terminal capsid-like domain of the Activity-regulated cytoskeleton-associated protein (Arc),"[^P][P]G{0,1}[^P][YFH][^P]",GPTHQ,380,384,NMDE2_RAT,Rattus norvegicus,31080121,true positive,11,4,disordered
ELME000534,LIG_Arc_Nlobe_1,Arc N-lobe binding ligand,LIG,"Binding motif for the N-lobe part of the C-terminal domain in Arc. The N-lobe domain has structural homology with HIV virus capsid, but the binding appears to be unique to higher vertebrates.",IPR040814,"Activity-regulated cytoskeleton-associated protein, C-terminal domain", This entry represents the  C-terminal capsid-like domain of the Activity-regulated cytoskeleton-associated protein (Arc),"[^P][P]G{0,1}[^P][YFH][^P]",GPTHQ,380,384,WASF1_MOUSE,Mus musculus,25864631,true positive,11,4,disordered
ELME000052,LIG_FHA_1,FHA phosphopeptide ligands,LIG,Phosphothreonine motif binding a subset of FHA domains that show a preference for a large aliphatic amino acid at the pT+3 position.,PF00498,FHA,FHA domain,..(T)..[ILV].,VETPPVE,331,337,CHK2_HUMAN,Homo sapiens,12049740,true positive,6,3,disordered
ELME000052,LIG_FHA_1,FHA phosphopeptide ligands,LIG,Phosphothreonine motif binding a subset of FHA domains that show a preference for a large aliphatic amino acid at the pT+3 position.,PF00498,FHA,FHA domain,..(T)..[ILV].,VETPPVE,331,337,CLV1_ARATH,Arabidopsis thaliana,16042389,true positive,6,3,disordered
ELME000052,LIG_FHA_1,FHA phosphopeptide ligands,LIG,Phosphothreonine motif binding a subset of FHA domains that show a preference for a large aliphatic amino acid at the pT+3 position.,PF00498,FHA,FHA domain,..(T)..[ILV].,VETPPVE,331,337,GARA_MYCTU,Mycobacterium tuberculosis H37Rv,19318624,true positive,6,3,disordered
ELME000052,LIG_FHA_1,FHA phosphopeptide ligands,LIG,Phosphothreonine motif binding a subset of FHA domains that show a preference for a large aliphatic amino acid at the pT+3 position.,PF00498,FHA,FHA domain,..(T)..[ILV].,VETPPVE,331,337,ODHI_CORGL,Corynebacterium glutamicum ATCC 13032,16522631,true positive,6,3,disordered
ELME000052,LIG_FHA_1,FHA phosphopeptide ligands,LIG,Phosphothreonine motif binding a subset of FHA domains that show a preference for a large aliphatic amino acid at the pT+3 position.,PF00498,FHA,FHA domain,..(T)..[ILV].,VETPPVE,331,337,PIN4_YEAST,Saccharomyces cerevisiae,15024067 16231900,true positive,6,3,disordered
ELME000052,LIG_FHA_1,FHA phosphopeptide ligands,LIG,Phosphothreonine motif binding a subset of FHA domains that show a preference for a large aliphatic amino acid at the pT+3 position.,PF00498,FHA,FHA domain,..(T)..[ILV].,VETPPVE,331,337,RAD9_YEAST,Saccharomyces cerevisiae,11846568,true positive,6,3,disordered
ELME000052,LIG_FHA_1,FHA phosphopeptide ligands,LIG,Phosphothreonine motif binding a subset of FHA domains that show a preference for a large aliphatic amino acid at the pT+3 position.,PF00498,FHA,FHA domain,..(T)..[ILV].,GPTHQVL,380,386,CHK2_HUMAN,Homo sapiens,12049740,true positive,6,3,disordered
ELME000052,LIG_FHA_1,FHA phosphopeptide ligands,LIG,Phosphothreonine motif binding a subset of FHA domains that show a preference for a large aliphatic amino acid at the pT+3 position.,PF00498,FHA,FHA domain,..(T)..[ILV].,GPTHQVL,380,386,CLV1_ARATH,Arabidopsis thaliana,16042389,true positive,6,3,disordered
ELME000052,LIG_FHA_1,FHA phosphopeptide ligands,LIG,Phosphothreonine motif binding a subset of FHA domains that show a preference for a large aliphatic amino acid at the pT+3 position.,PF00498,FHA,FHA domain,..(T)..[ILV].,GPTHQVL,380,386,GARA_MYCTU,Mycobacterium tuberculosis H37Rv,19318624,true positive,6,3,disordered
ELME000052,LIG_FHA_1,FHA phosphopeptide ligands,LIG,Phosphothreonine motif binding a subset of FHA domains that show a preference for a large aliphatic amino acid at the pT+3 position.,PF00498,FHA,FHA domain,..(T)..[ILV].,GPTHQVL,380,386,ODHI_CORGL,Corynebacterium glutamicum ATCC 13032,16522631,true positive,6,3,disordered
ELME000052,LIG_FHA_1,FHA phosphopeptide ligands,LIG,Phosphothreonine motif binding a subset of FHA domains that show a preference for a large aliphatic amino acid at the pT+3 position.,PF00498,FHA,FHA domain,..(T)..[ILV].,GPTHQVL,380,386,PIN4_YEAST,Saccharomyces cerevisiae,15024067 16231900,true positive,6,3,disordered
ELME000052,LIG_FHA_1,FHA phosphopeptide ligands,LIG,Phosphothreonine motif binding a subset of FHA domains that show a preference for a large aliphatic amino acid at the pT+3 position.,PF00498,FHA,FHA domain,..(T)..[ILV].,GPTHQVL,380,386,RAD9_YEAST,Saccharomyces cerevisiae,11846568,true positive,6,3,disordered
ELME000052,LIG_FHA_1,FHA phosphopeptide ligands,LIG,Phosphothreonine motif binding a subset of FHA domains that show a preference for a large aliphatic amino acid at the pT+3 position.,PF00498,FHA,FHA domain,..(T)..[ILV].,TRTPSLA,468,474,CHK2_HUMAN,Homo sapiens,12049740,true positive,6,3,disordered
ELME000052,LIG_FHA_1,FHA phosphopeptide ligands,LIG,Phosphothreonine motif binding a subset of FHA domains that show a preference for a large aliphatic amino acid at the pT+3 position.,PF00498,FHA,FHA domain,..(T)..[ILV].,TRTPSLA,468,474,CLV1_ARATH,Arabidopsis thaliana,16042389,true positive,6,3,disordered
ELME000052,LIG_FHA_1,FHA phosphopeptide ligands,LIG,Phosphothreonine motif binding a subset of FHA domains that show a preference for a large aliphatic amino acid at the pT+3 position.,PF00498,FHA,FHA domain,..(T)..[ILV].,TRTPSLA,468,474,GARA_MYCTU,Mycobacterium tuberculosis H37Rv,19318624,true positive,6,3,disordered
ELME000052,LIG_FHA_1,FHA phosphopeptide ligands,LIG,Phosphothreonine motif binding a subset of FHA domains that show a preference for a large aliphatic amino acid at the pT+3 position.,PF00498,FHA,FHA domain,..(T)..[ILV].,TRTPSLA,468,474,ODHI_CORGL,Corynebacterium glutamicum ATCC 13032,16522631,true positive,6,3,disordered
ELME000052,LIG_FHA_1,FHA phosphopeptide ligands,LIG,Phosphothreonine motif binding a subset of FHA domains that show a preference for a large aliphatic amino acid at the pT+3 position.,PF00498,FHA,FHA domain,..(T)..[ILV].,TRTPSLA,468,474,PIN4_YEAST,Saccharomyces cerevisiae,15024067 16231900,true positive,6,3,disordered
ELME000052,LIG_FHA_1,FHA phosphopeptide ligands,LIG,Phosphothreonine motif binding a subset of FHA domains that show a preference for a large aliphatic amino acid at the pT+3 position.,PF00498,FHA,FHA domain,..(T)..[ILV].,TRTPSLA,468,474,RAD9_YEAST,Saccharomyces cerevisiae,11846568,true positive,6,3,disordered
ELME000052,LIG_FHA_1,FHA phosphopeptide ligands,LIG,Phosphothreonine motif binding a subset of FHA domains that show a preference for a large aliphatic amino acid at the pT+3 position.,PF00498,FHA,FHA domain,..(T)..[ILV].,SRTSLVS,480,486,CHK2_HUMAN,Homo sapiens,12049740,true positive,6,3,disordered
ELME000052,LIG_FHA_1,FHA phosphopeptide ligands,LIG,Phosphothreonine motif binding a subset of FHA domains that show a preference for a large aliphatic amino acid at the pT+3 position.,PF00498,FHA,FHA domain,..(T)..[ILV].,SRTSLVS,480,486,CLV1_ARATH,Arabidopsis thaliana,16042389,true positive,6,3,disordered
ELME000052,LIG_FHA_1,FHA phosphopeptide ligands,LIG,Phosphothreonine motif binding a subset of FHA domains that show a preference for a large aliphatic amino acid at the pT+3 position.,PF00498,FHA,FHA domain,..(T)..[ILV].,SRTSLVS,480,486,GARA_MYCTU,Mycobacterium tuberculosis H37Rv,19318624,true positive,6,3,disordered
ELME000052,LIG_FHA_1,FHA phosphopeptide ligands,LIG,Phosphothreonine motif binding a subset of FHA domains that show a preference for a large aliphatic amino acid at the pT+3 position.,PF00498,FHA,FHA domain,..(T)..[ILV].,SRTSLVS,480,486,ODHI_CORGL,Corynebacterium glutamicum ATCC 13032,16522631,true positive,6,3,disordered
ELME000052,LIG_FHA_1,FHA phosphopeptide ligands,LIG,Phosphothreonine motif binding a subset of FHA domains that show a preference for a large aliphatic amino acid at the pT+3 position.,PF00498,FHA,FHA domain,..(T)..[ILV].,SRTSLVS,480,486,PIN4_YEAST,Saccharomyces cerevisiae,15024067 16231900,true positive,6,3,disordered
ELME000052,LIG_FHA_1,FHA phosphopeptide ligands,LIG,Phosphothreonine motif binding a subset of FHA domains that show a preference for a large aliphatic amino acid at the pT+3 position.,PF00498,FHA,FHA domain,..(T)..[ILV].,SRTSLVS,480,486,RAD9_YEAST,Saccharomyces cerevisiae,11846568,true positive,6,3,disordered
ELME000052,LIG_FHA_1,FHA phosphopeptide ligands,LIG,Phosphothreonine motif binding a subset of FHA domains that show a preference for a large aliphatic amino acid at the pT+3 position.,PF00498,FHA,FHA domain,..(T)..[ILV].,SRTSLVS,514,520,CHK2_HUMAN,Homo sapiens,12049740,true positive,6,3,disordered
ELME000052,LIG_FHA_1,FHA phosphopeptide ligands,LIG,Phosphothreonine motif binding a subset of FHA domains that show a preference for a large aliphatic amino acid at the pT+3 position.,PF00498,FHA,FHA domain,..(T)..[ILV].,SRTSLVS,514,520,CLV1_ARATH,Arabidopsis thaliana,16042389,true positive,6,3,disordered
ELME000052,LIG_FHA_1,FHA phosphopeptide ligands,LIG,Phosphothreonine motif binding a subset of FHA domains that show a preference for a large aliphatic amino acid at the pT+3 position.,PF00498,FHA,FHA domain,..(T)..[ILV].,SRTSLVS,514,520,GARA_MYCTU,Mycobacterium tuberculosis H37Rv,19318624,true positive,6,3,disordered
ELME000052,LIG_FHA_1,FHA phosphopeptide ligands,LIG,Phosphothreonine motif binding a subset of FHA domains that show a preference for a large aliphatic amino acid at the pT+3 position.,PF00498,FHA,FHA domain,..(T)..[ILV].,SRTSLVS,514,520,ODHI_CORGL,Corynebacterium glutamicum ATCC 13032,16522631,true positive,6,3,disordered
ELME000052,LIG_FHA_1,FHA phosphopeptide ligands,LIG,Phosphothreonine motif binding a subset of FHA domains that show a preference for a large aliphatic amino acid at the pT+3 position.,PF00498,FHA,FHA domain,..(T)..[ILV].,SRTSLVS,514,520,PIN4_YEAST,Saccharomyces cerevisiae,15024067 16231900,true positive,6,3,disordered
ELME000052,LIG_FHA_1,FHA phosphopeptide ligands,LIG,Phosphothreonine motif binding a subset of FHA domains that show a preference for a large aliphatic amino acid at the pT+3 position.,PF00498,FHA,FHA domain,..(T)..[ILV].,SRTSLVS,514,520,RAD9_YEAST,Saccharomyces cerevisiae,11846568,true positive,6,3,disordered
ELME000220,LIG_FHA_2,FHA phosphopeptide ligands,LIG,Phosphothreonine motif binding a subset of FHA domains that have a preference for an acidic amino acid at the pT+3 position.,PF00498,FHA,FHA domain,..(T)..[DE].,VITREEL,494,500,MRC1_SCHPO,Schizosaccharomyces pombe,14585996,true positive,6,2,disordered
ELME000220,LIG_FHA_2,FHA phosphopeptide ligands,LIG,Phosphothreonine motif binding a subset of FHA domains that have a preference for an acidic amino acid at the pT+3 position.,PF00498,FHA,FHA domain,..(T)..[DE].,VITREEL,494,500,RAD9_YEAST,Saccharomyces cerevisiae,11846567,true positive,6,2,disordered
ELME000220,LIG_FHA_2,FHA phosphopeptide ligands,LIG,Phosphothreonine motif binding a subset of FHA domains that have a preference for an acidic amino acid at the pT+3 position.,PF00498,FHA,FHA domain,..(T)..[DE].,VITREEL,494,500,XRCC1_HUMAN,Homo sapiens,15367657,true positive,6,2,disordered
ELME000220,LIG_FHA_2,FHA phosphopeptide ligands,LIG,Phosphothreonine motif binding a subset of FHA domains that have a preference for an acidic amino acid at the pT+3 position.,PF00498,FHA,FHA domain,..(T)..[DE].,VITREEL,494,500,XRCC4_HUMAN,Homo sapiens,15385968,true positive,6,2,disordered
ELME000220,LIG_FHA_2,FHA phosphopeptide ligands,LIG,Phosphothreonine motif binding a subset of FHA domains that have a preference for an acidic amino acid at the pT+3 position.,PF00498,FHA,FHA domain,..(T)..[DE].,VITREEL,494,500,XRCC4_MOUSE,Mus musculus,15749016,true positive,6,2,disordered
ELME000220,LIG_FHA_2,FHA phosphopeptide ligands,LIG,Phosphothreonine motif binding a subset of FHA domains that have a preference for an acidic amino acid at the pT+3 position.,PF00498,FHA,FHA domain,..(T)..[DE].,VITREEF,528,534,MRC1_SCHPO,Schizosaccharomyces pombe,14585996,true positive,6,2,disordered
ELME000220,LIG_FHA_2,FHA phosphopeptide ligands,LIG,Phosphothreonine motif binding a subset of FHA domains that have a preference for an acidic amino acid at the pT+3 position.,PF00498,FHA,FHA domain,..(T)..[DE].,VITREEF,528,534,RAD9_YEAST,Saccharomyces cerevisiae,11846567,true positive,6,2,disordered
ELME000220,LIG_FHA_2,FHA phosphopeptide ligands,LIG,Phosphothreonine motif binding a subset of FHA domains that have a preference for an acidic amino acid at the pT+3 position.,PF00498,FHA,FHA domain,..(T)..[DE].,VITREEF,528,534,XRCC1_HUMAN,Homo sapiens,15367657,true positive,6,2,disordered
ELME000220,LIG_FHA_2,FHA phosphopeptide ligands,LIG,Phosphothreonine motif binding a subset of FHA domains that have a preference for an acidic amino acid at the pT+3 position.,PF00498,FHA,FHA domain,..(T)..[DE].,VITREEF,528,534,XRCC4_HUMAN,Homo sapiens,15385968,true positive,6,2,disordered
ELME000220,LIG_FHA_2,FHA phosphopeptide ligands,LIG,Phosphothreonine motif binding a subset of FHA domains that have a preference for an acidic amino acid at the pT+3 position.,PF00498,FHA,FHA domain,..(T)..[DE].,VITREEF,528,534,XRCC4_MOUSE,Mus musculus,15749016,true positive,6,2,disordered
ELME000369,LIG_LIR_Apic_2,Atg8 protein family ligands,LIG,Apicomplexa specific variant of the canonical LIR motif that binds to Atg8 protein family members to mediate processes involved in autophagy.,PF02991,Atg8,Autophagy protein Atg8 ubiquitin like,"[EDST].{0,2}[WFY]..P",TVFRNP,456,461,C0H519_PLAF7,Plasmodium falciparum 3D7,22982544,true positive,1,1,disordered
ELME000145,LIG_MYND_1,MYND domain binding motif.,LIG,PxLxP motif is recognized by a subset of MYND domain containing proteins.,PF01753,zf-MYND,MYND finger,P.L.P,PSLAP,471,475,E1A_ADE05,Human adenovirus 5,11733528,true positive,6,0,disordered
ELME000145,LIG_MYND_1,MYND domain binding motif.,LIG,PxLxP motif is recognized by a subset of MYND domain containing proteins.,PF01753,zf-MYND,MYND finger,P.L.P,PSLAP,471,475,EBNA2_EBVB9,Human herpesvirus 4 (strain B95-8),11733528,true positive,6,0,disordered
ELME000145,LIG_MYND_1,MYND domain binding motif.,LIG,PxLxP motif is recognized by a subset of MYND domain containing proteins.,PF01753,zf-MYND,MYND finger,P.L.P,PSLAP,471,475,MGAP_HUMAN,Homo sapiens,11733528,true positive,6,0,disordered
ELME000145,LIG_MYND_1,MYND domain binding motif.,LIG,PxLxP motif is recognized by a subset of MYND domain containing proteins.,PF01753,zf-MYND,MYND finger,P.L.P,PSLAP,471,475,NACAM_MOUSE,Mus musculus,12011100,true positive,6,0,disordered
ELME000155,LIG_SH3_3,SH3 domain ligands,LIG,This is the motif recognized by those SH3 domains with a non-canonical class I recognition specificity,PF00018,SH3_1,SH3 domain,...[PV]..P,FRNPPHP,458,464,BIN1_HUMAN,Homo sapiens,15992821,true positive,26,1,disordered
ELME000155,LIG_SH3_3,SH3 domain ligands,LIG,This is the motif recognized by those SH3 domains with a non-canonical class I recognition specificity,PF00018,SH3_1,SH3 domain,...[PV]..P,FRNPPHP,458,464,CD2_HUMAN,Homo sapiens,12426371,true positive,26,1,disordered
ELME000155,LIG_SH3_3,SH3 domain ligands,LIG,This is the motif recognized by those SH3 domains with a non-canonical class I recognition specificity,PF00018,SH3_1,SH3 domain,...[PV]..P,FRNPPHP,458,464,CY24A_TURTR,Tursiops truncatus,9121467,true positive,26,1,disordered
ELME000155,LIG_SH3_3,SH3 domain ligands,LIG,This is the motif recognized by those SH3 domains with a non-canonical class I recognition specificity,PF00018,SH3_1,SH3 domain,...[PV]..P,FRNPPHP,458,464,DAG1_HUMAN,Homo sapiens,10903901,true positive,26,1,disordered
ELME000155,LIG_SH3_3,SH3 domain ligands,LIG,This is the motif recognized by those SH3 domains with a non-canonical class I recognition specificity,PF00018,SH3_1,SH3 domain,...[PV]..P,FRNPPHP,458,464,EPS8_HUMAN,Homo sapiens,21098279 22921828,true positive,26,1,disordered
ELME000155,LIG_SH3_3,SH3 domain ligands,LIG,This is the motif recognized by those SH3 domains with a non-canonical class I recognition specificity,PF00018,SH3_1,SH3 domain,...[PV]..P,FRNPPHP,458,464,ESPFU_ECO5T,Escherichia coli O157:H7 str. TW14359,21098279,true positive,26,1,disordered
ELME000155,LIG_SH3_3,SH3 domain ligands,LIG,This is the motif recognized by those SH3 domains with a non-canonical class I recognition specificity,PF00018,SH3_1,SH3 domain,...[PV]..P,FRNPPHP,458,464,LAS17_YEAST,Saccharomyces cerevisiae,10648568,true positive,26,1,disordered
ELME000155,LIG_SH3_3,SH3 domain ligands,LIG,This is the motif recognized by those SH3 domains with a non-canonical class I recognition specificity,PF00018,SH3_1,SH3 domain,...[PV]..P,FRNPPHP,458,464,NS1_I72A2,Influenza A virus (A/Udorn/307/1972(H3N2)),17881440,true positive,26,1,disordered
ELME000155,LIG_SH3_3,SH3 domain ligands,LIG,This is the motif recognized by those SH3 domains with a non-canonical class I recognition specificity,PF00018,SH3_1,SH3 domain,...[PV]..P,FRNPPHP,458,464,ORF3_HEVBU,Hepatitis E virus (strain Burma),11518702,true positive,26,1,disordered
ELME000155,LIG_SH3_3,SH3 domain ligands,LIG,This is the motif recognized by those SH3 domains with a non-canonical class I recognition specificity,PF00018,SH3_1,SH3 domain,...[PV]..P,FRNPPHP,458,464,P73_HUMAN,Homo sapiens,10391251,true positive,26,1,disordered
ELME000155,LIG_SH3_3,SH3 domain ligands,LIG,This is the motif recognized by those SH3 domains with a non-canonical class I recognition specificity,PF00018,SH3_1,SH3 domain,...[PV]..P,FRNPPHP,458,464,SOS1_MOUSE,Mus musculus,9135122,true positive,26,1,disordered
ELME000155,LIG_SH3_3,SH3 domain ligands,LIG,This is the motif recognized by those SH3 domains with a non-canonical class I recognition specificity,PF00018,SH3_1,SH3 domain,...[PV]..P,FRNPPHP,458,464,TAU_HUMAN,Homo sapiens,18467332,true positive,26,1,disordered
ELME000155,LIG_SH3_3,SH3 domain ligands,LIG,This is the motif recognized by those SH3 domains with a non-canonical class I recognition specificity,PF00018,SH3_1,SH3 domain,...[PV]..P,FRNPPHP,458,464,TIP_SHV24,Herpesvirus saimiri (strain 484-77),11040125,true positive,26,1,disordered
ELME000155,LIG_SH3_3,SH3 domain ligands,LIG,This is the motif recognized by those SH3 domains with a non-canonical class I recognition specificity,PF00018,SH3_1,SH3 domain,...[PV]..P,FRNPPHP,458,464,WASF1_MOUSE,Mus musculus,10970852,true positive,26,1,disordered
ELME000155,LIG_SH3_3,SH3 domain ligands,LIG,This is the motif recognized by those SH3 domains with a non-canonical class I recognition specificity,PF00018,SH3_1,SH3 domain,...[PV]..P,TSLVSTP,482,488,BIN1_HUMAN,Homo sapiens,15992821,true positive,26,1,disordered
ELME000155,LIG_SH3_3,SH3 domain ligands,LIG,This is the motif recognized by those SH3 domains with a non-canonical class I recognition specificity,PF00018,SH3_1,SH3 domain,...[PV]..P,TSLVSTP,482,488,CD2_HUMAN,Homo sapiens,12426371,true positive,26,1,disordered
ELME000155,LIG_SH3_3,SH3 domain ligands,LIG,This is the motif recognized by those SH3 domains with a non-canonical class I recognition specificity,PF00018,SH3_1,SH3 domain,...[PV]..P,TSLVSTP,482,488,CY24A_TURTR,Tursiops truncatus,9121467,true positive,26,1,disordered
ELME000155,LIG_SH3_3,SH3 domain ligands,LIG,This is the motif recognized by those SH3 domains with a non-canonical class I recognition specificity,PF00018,SH3_1,SH3 domain,...[PV]..P,TSLVSTP,482,488,DAG1_HUMAN,Homo sapiens,10903901,true positive,26,1,disordered
ELME000155,LIG_SH3_3,SH3 domain ligands,LIG,This is the motif recognized by those SH3 domains with a non-canonical class I recognition specificity,PF00018,SH3_1,SH3 domain,...[PV]..P,TSLVSTP,482,488,EPS8_HUMAN,Homo sapiens,21098279 22921828,true positive,26,1,disordered
ELME000155,LIG_SH3_3,SH3 domain ligands,LIG,This is the motif recognized by those SH3 domains with a non-canonical class I recognition specificity,PF00018,SH3_1,SH3 domain,...[PV]..P,TSLVSTP,482,488,ESPFU_ECO5T,Escherichia coli O157:H7 str. TW14359,21098279,true positive,26,1,disordered
ELME000155,LIG_SH3_3,SH3 domain ligands,LIG,This is the motif recognized by those SH3 domains with a non-canonical class I recognition specificity,PF00018,SH3_1,SH3 domain,...[PV]..P,TSLVSTP,482,488,LAS17_YEAST,Saccharomyces cerevisiae,10648568,true positive,26,1,disordered
ELME000155,LIG_SH3_3,SH3 domain ligands,LIG,This is the motif recognized by those SH3 domains with a non-canonical class I recognition specificity,PF00018,SH3_1,SH3 domain,...[PV]..P,TSLVSTP,482,488,NS1_I72A2,Influenza A virus (A/Udorn/307/1972(H3N2)),17881440,true positive,26,1,disordered
ELME000155,LIG_SH3_3,SH3 domain ligands,LIG,This is the motif recognized by those SH3 domains with a non-canonical class I recognition specificity,PF00018,SH3_1,SH3 domain,...[PV]..P,TSLVSTP,482,488,ORF3_HEVBU,Hepatitis E virus (strain Burma),11518702,true positive,26,1,disordered
ELME000155,LIG_SH3_3,SH3 domain ligands,LIG,This is the motif recognized by those SH3 domains with a non-canonical class I recognition specificity,PF00018,SH3_1,SH3 domain,...[PV]..P,TSLVSTP,482,488,P73_HUMAN,Homo sapiens,10391251,true positive,26,1,disordered
ELME000155,LIG_SH3_3,SH3 domain ligands,LIG,This is the motif recognized by those SH3 domains with a non-canonical class I recognition specificity,PF00018,SH3_1,SH3 domain,...[PV]..P,TSLVSTP,482,488,SOS1_MOUSE,Mus musculus,9135122,true positive,26,1,disordered
ELME000155,LIG_SH3_3,SH3 domain ligands,LIG,This is the motif recognized by those SH3 domains with a non-canonical class I recognition specificity,PF00018,SH3_1,SH3 domain,...[PV]..P,TSLVSTP,482,488,TAU_HUMAN,Homo sapiens,18467332,true positive,26,1,disordered
ELME000155,LIG_SH3_3,SH3 domain ligands,LIG,This is the motif recognized by those SH3 domains with a non-canonical class I recognition specificity,PF00018,SH3_1,SH3 domain,...[PV]..P,TSLVSTP,482,488,TIP_SHV24,Herpesvirus saimiri (strain 484-77),11040125,true positive,26,1,disordered
ELME000155,LIG_SH3_3,SH3 domain ligands,LIG,This is the motif recognized by those SH3 domains with a non-canonical class I recognition specificity,PF00018,SH3_1,SH3 domain,...[PV]..P,TSLVSTP,482,488,WASF1_MOUSE,Mus musculus,10970852,true positive,26,1,disordered
ELME000155,LIG_SH3_3,SH3 domain ligands,LIG,This is the motif recognized by those SH3 domains with a non-canonical class I recognition specificity,PF00018,SH3_1,SH3 domain,...[PV]..P,TSLVSNP,516,522,BIN1_HUMAN,Homo sapiens,15992821,true positive,26,1,disordered
ELME000155,LIG_SH3_3,SH3 domain ligands,LIG,This is the motif recognized by those SH3 domains with a non-canonical class I recognition specificity,PF00018,SH3_1,SH3 domain,...[PV]..P,TSLVSNP,516,522,CD2_HUMAN,Homo sapiens,12426371,true positive,26,1,disordered
ELME000155,LIG_SH3_3,SH3 domain ligands,LIG,This is the motif recognized by those SH3 domains with a non-canonical class I recognition specificity,PF00018,SH3_1,SH3 domain,...[PV]..P,TSLVSNP,516,522,CY24A_TURTR,Tursiops truncatus,9121467,true positive,26,1,disordered
ELME000155,LIG_SH3_3,SH3 domain ligands,LIG,This is the motif recognized by those SH3 domains with a non-canonical class I recognition specificity,PF00018,SH3_1,SH3 domain,...[PV]..P,TSLVSNP,516,522,DAG1_HUMAN,Homo sapiens,10903901,true positive,26,1,disordered
ELME000155,LIG_SH3_3,SH3 domain ligands,LIG,This is the motif recognized by those SH3 domains with a non-canonical class I recognition specificity,PF00018,SH3_1,SH3 domain,...[PV]..P,TSLVSNP,516,522,EPS8_HUMAN,Homo sapiens,21098279 22921828,true positive,26,1,disordered
ELME000155,LIG_SH3_3,SH3 domain ligands,LIG,This is the motif recognized by those SH3 domains with a non-canonical class I recognition specificity,PF00018,SH3_1,SH3 domain,...[PV]..P,TSLVSNP,516,522,ESPFU_ECO5T,Escherichia coli O157:H7 str. TW14359,21098279,true positive,26,1,disordered
ELME000155,LIG_SH3_3,SH3 domain ligands,LIG,This is the motif recognized by those SH3 domains with a non-canonical class I recognition specificity,PF00018,SH3_1,SH3 domain,...[PV]..P,TSLVSNP,516,522,LAS17_YEAST,Saccharomyces cerevisiae,10648568,true positive,26,1,disordered
ELME000155,LIG_SH3_3,SH3 domain ligands,LIG,This is the motif recognized by those SH3 domains with a non-canonical class I recognition specificity,PF00018,SH3_1,SH3 domain,...[PV]..P,TSLVSNP,516,522,NS1_I72A2,Influenza A virus (A/Udorn/307/1972(H3N2)),17881440,true positive,26,1,disordered
ELME000155,LIG_SH3_3,SH3 domain ligands,LIG,This is the motif recognized by those SH3 domains with a non-canonical class I recognition specificity,PF00018,SH3_1,SH3 domain,...[PV]..P,TSLVSNP,516,522,ORF3_HEVBU,Hepatitis E virus (strain Burma),11518702,true positive,26,1,disordered
ELME000155,LIG_SH3_3,SH3 domain ligands,LIG,This is the motif recognized by those SH3 domains with a non-canonical class I recognition specificity,PF00018,SH3_1,SH3 domain,...[PV]..P,TSLVSNP,516,522,P73_HUMAN,Homo sapiens,10391251,true positive,26,1,disordered
ELME000155,LIG_SH3_3,SH3 domain ligands,LIG,This is the motif recognized by those SH3 domains with a non-canonical class I recognition specificity,PF00018,SH3_1,SH3 domain,...[PV]..P,TSLVSNP,516,522,SOS1_MOUSE,Mus musculus,9135122,true positive,26,1,disordered
ELME000155,LIG_SH3_3,SH3 domain ligands,LIG,This is the motif recognized by those SH3 domains with a non-canonical class I recognition specificity,PF00018,SH3_1,SH3 domain,...[PV]..P,TSLVSNP,516,522,TAU_HUMAN,Homo sapiens,18467332,true positive,26,1,disordered
ELME000155,LIG_SH3_3,SH3 domain ligands,LIG,This is the motif recognized by those SH3 domains with a non-canonical class I recognition specificity,PF00018,SH3_1,SH3 domain,...[PV]..P,TSLVSNP,516,522,TIP_SHV24,Herpesvirus saimiri (strain 484-77),11040125,true positive,26,1,disordered
ELME000155,LIG_SH3_3,SH3 domain ligands,LIG,This is the motif recognized by those SH3 domains with a non-canonical class I recognition specificity,PF00018,SH3_1,SH3 domain,...[PV]..P,TSLVSNP,516,522,WASF1_MOUSE,Mus musculus,10970852,true positive,26,1,disordered
ELME000501,LIG_SH3_CIN85_PxpxPR_1,CIN85 and CD2AP SH3 domain binding motif ,LIG,"The non-canonical SH3-binding motif is recognized primarily by adaptor proteins CIN85 and CD2AP, which are involved in RTK regulation, endocytosis, lysosomal degradation, actin cytoskeleton dynamics regulation, and signal transduction",PF14604,SH3_9,Variant SH3 domain,P.[AP].PR,PHPAPR,462,467,3BP2_HUMAN,Homo sapiens,17306257,true positive,60,4,disordered
ELME000501,LIG_SH3_CIN85_PxpxPR_1,CIN85 and CD2AP SH3 domain binding motif ,LIG,"The non-canonical SH3-binding motif is recognized primarily by adaptor proteins CIN85 and CD2AP, which are involved in RTK regulation, endocytosis, lysosomal degradation, actin cytoskeleton dynamics regulation, and signal transduction",PF14604,SH3_9,Variant SH3 domain,P.[AP].PR,PHPAPR,462,467,A0A1B0SZV8_ORENI,Oreochromis niloticus,32247045,true positive,60,4,disordered
ELME000501,LIG_SH3_CIN85_PxpxPR_1,CIN85 and CD2AP SH3 domain binding motif ,LIG,"The non-canonical SH3-binding motif is recognized primarily by adaptor proteins CIN85 and CD2AP, which are involved in RTK regulation, endocytosis, lysosomal degradation, actin cytoskeleton dynamics regulation, and signal transduction",PF14604,SH3_9,Variant SH3 domain,P.[AP].PR,PHPAPR,462,467,ARAP3_HUMAN,Homo sapiens,15090612,true positive,60,4,disordered
ELME000501,LIG_SH3_CIN85_PxpxPR_1,CIN85 and CD2AP SH3 domain binding motif ,LIG,"The non-canonical SH3-binding motif is recognized primarily by adaptor proteins CIN85 and CD2AP, which are involved in RTK regulation, endocytosis, lysosomal degradation, actin cytoskeleton dynamics regulation, and signal transduction",PF14604,SH3_9,Variant SH3 domain,P.[AP].PR,PHPAPR,462,467,ASAP1_HUMAN,Homo sapiens,15090612,true positive,60,4,disordered
ELME000501,LIG_SH3_CIN85_PxpxPR_1,CIN85 and CD2AP SH3 domain binding motif ,LIG,"The non-canonical SH3-binding motif is recognized primarily by adaptor proteins CIN85 and CD2AP, which are involved in RTK regulation, endocytosis, lysosomal degradation, actin cytoskeleton dynamics regulation, and signal transduction",PF14604,SH3_9,Variant SH3 domain,P.[AP].PR,PHPAPR,462,467,ASAP1_MOUSE,Mus musculus,15632162,true positive,60,4,disordered
ELME000501,LIG_SH3_CIN85_PxpxPR_1,CIN85 and CD2AP SH3 domain binding motif ,LIG,"The non-canonical SH3-binding motif is recognized primarily by adaptor proteins CIN85 and CD2AP, which are involved in RTK regulation, endocytosis, lysosomal degradation, actin cytoskeleton dynamics regulation, and signal transduction",PF14604,SH3_9,Variant SH3 domain,P.[AP].PR,PHPAPR,462,467,BLNK_HUMAN,Homo sapiens,11071869 32051419 27353366,true positive,60,4,disordered
ELME000501,LIG_SH3_CIN85_PxpxPR_1,CIN85 and CD2AP SH3 domain binding motif ,LIG,"The non-canonical SH3-binding motif is recognized primarily by adaptor proteins CIN85 and CD2AP, which are involved in RTK regulation, endocytosis, lysosomal degradation, actin cytoskeleton dynamics regulation, and signal transduction",PF14604,SH3_9,Variant SH3 domain,P.[AP].PR,PHPAPR,462,467,BLNK_HUMAN,Homo sapiens,32051419 27353366,true positive,60,4,disordered
ELME000501,LIG_SH3_CIN85_PxpxPR_1,CIN85 and CD2AP SH3 domain binding motif ,LIG,"The non-canonical SH3-binding motif is recognized primarily by adaptor proteins CIN85 and CD2AP, which are involved in RTK regulation, endocytosis, lysosomal degradation, actin cytoskeleton dynamics regulation, and signal transduction",PF14604,SH3_9,Variant SH3 domain,P.[AP].PR,PHPAPR,462,467,CBLB_HUMAN,Homo sapiens,12177062 16228008 23663663 12874286 19268472 17020880,true positive,60,4,disordered
ELME000501,LIG_SH3_CIN85_PxpxPR_1,CIN85 and CD2AP SH3 domain binding motif ,LIG,"The non-canonical SH3-binding motif is recognized primarily by adaptor proteins CIN85 and CD2AP, which are involved in RTK regulation, endocytosis, lysosomal degradation, actin cytoskeleton dynamics regulation, and signal transduction",PF14604,SH3_9,Variant SH3 domain,P.[AP].PR,PHPAPR,462,467,CBL_HUMAN,Homo sapiens,11067845 16228008 11071869 10679202 12874286 19268472,true positive,60,4,disordered
ELME000501,LIG_SH3_CIN85_PxpxPR_1,CIN85 and CD2AP SH3 domain binding motif ,LIG,"The non-canonical SH3-binding motif is recognized primarily by adaptor proteins CIN85 and CD2AP, which are involved in RTK regulation, endocytosis, lysosomal degradation, actin cytoskeleton dynamics regulation, and signal transduction",PF14604,SH3_9,Variant SH3 domain,P.[AP].PR,PHPAPR,462,467,CD2_HUMAN,Homo sapiens,23663663 17020880 12690097,true positive,60,4,disordered
ELME000501,LIG_SH3_CIN85_PxpxPR_1,CIN85 and CD2AP SH3 domain binding motif ,LIG,"The non-canonical SH3-binding motif is recognized primarily by adaptor proteins CIN85 and CD2AP, which are involved in RTK regulation, endocytosis, lysosomal degradation, actin cytoskeleton dynamics regulation, and signal transduction",PF14604,SH3_9,Variant SH3 domain,P.[AP].PR,PHPAPR,462,467,CD2_MOUSE,Mus musculus,9741631,true positive,60,4,disordered
ELME000501,LIG_SH3_CIN85_PxpxPR_1,CIN85 and CD2AP SH3 domain binding motif ,LIG,"The non-canonical SH3-binding motif is recognized primarily by adaptor proteins CIN85 and CD2AP, which are involved in RTK regulation, endocytosis, lysosomal degradation, actin cytoskeleton dynamics regulation, and signal transduction",PF14604,SH3_9,Variant SH3 domain,P.[AP].PR,PHPAPR,462,467,DAB1_HUMAN,Homo sapiens,14596919,true positive,60,4,disordered
ELME000501,LIG_SH3_CIN85_PxpxPR_1,CIN85 and CD2AP SH3 domain binding motif ,LIG,"The non-canonical SH3-binding motif is recognized primarily by adaptor proteins CIN85 and CD2AP, which are involved in RTK regulation, endocytosis, lysosomal degradation, actin cytoskeleton dynamics regulation, and signal transduction",PF14604,SH3_9,Variant SH3 domain,P.[AP].PR,PHPAPR,462,467,DAB1_MOUSE,Mus musculus,18076569,true positive,60,4,disordered
ELME000501,LIG_SH3_CIN85_PxpxPR_1,CIN85 and CD2AP SH3 domain binding motif ,LIG,"The non-canonical SH3-binding motif is recognized primarily by adaptor proteins CIN85 and CD2AP, which are involved in RTK regulation, endocytosis, lysosomal degradation, actin cytoskeleton dynamics regulation, and signal transduction",PF14604,SH3_9,Variant SH3 domain,P.[AP].PR,PHPAPR,462,467,DAB2_HUMAN,Homo sapiens,14596919,true positive,60,4,disordered
ELME000501,LIG_SH3_CIN85_PxpxPR_1,CIN85 and CD2AP SH3 domain binding motif ,LIG,"The non-canonical SH3-binding motif is recognized primarily by adaptor proteins CIN85 and CD2AP, which are involved in RTK regulation, endocytosis, lysosomal degradation, actin cytoskeleton dynamics regulation, and signal transduction",PF14604,SH3_9,Variant SH3 domain,P.[AP].PR,PHPAPR,462,467,DEND_HUMAN,Homo sapiens,16751601,true positive,60,4,disordered
ELME000501,LIG_SH3_CIN85_PxpxPR_1,CIN85 and CD2AP SH3 domain binding motif ,LIG,"The non-canonical SH3-binding motif is recognized primarily by adaptor proteins CIN85 and CD2AP, which are involved in RTK regulation, endocytosis, lysosomal degradation, actin cytoskeleton dynamics regulation, and signal transduction",PF14604,SH3_9,Variant SH3 domain,P.[AP].PR,PHPAPR,462,467,HIP1R_MOUSE,Mus musculus,15090612,true positive,60,4,disordered
ELME000501,LIG_SH3_CIN85_PxpxPR_1,CIN85 and CD2AP SH3 domain binding motif ,LIG,"The non-canonical SH3-binding motif is recognized primarily by adaptor proteins CIN85 and CD2AP, which are involved in RTK regulation, endocytosis, lysosomal degradation, actin cytoskeleton dynamics regulation, and signal transduction",PF14604,SH3_9,Variant SH3 domain,P.[AP].PR,PHPAPR,462,467,ICP0_HHV11,Herpes simplex virus (type 1 / strain 17),15824310,true positive,60,4,disordered
ELME000501,LIG_SH3_CIN85_PxpxPR_1,CIN85 and CD2AP SH3 domain binding motif ,LIG,"The non-canonical SH3-binding motif is recognized primarily by adaptor proteins CIN85 and CD2AP, which are involved in RTK regulation, endocytosis, lysosomal degradation, actin cytoskeleton dynamics regulation, and signal transduction",PF14604,SH3_9,Variant SH3 domain,P.[AP].PR,PHPAPR,462,467,ITCH_HUMAN,Homo sapiens,17652093,true positive,60,4,disordered
ELME000501,LIG_SH3_CIN85_PxpxPR_1,CIN85 and CD2AP SH3 domain binding motif ,LIG,"The non-canonical SH3-binding motif is recognized primarily by adaptor proteins CIN85 and CD2AP, which are involved in RTK regulation, endocytosis, lysosomal degradation, actin cytoskeleton dynamics regulation, and signal transduction",PF14604,SH3_9,Variant SH3 domain,P.[AP].PR,PHPAPR,462,467,MB12A_HUMAN,Homo sapiens,16895919,true positive,60,4,disordered
ELME000501,LIG_SH3_CIN85_PxpxPR_1,CIN85 and CD2AP SH3 domain binding motif ,LIG,"The non-canonical SH3-binding motif is recognized primarily by adaptor proteins CIN85 and CD2AP, which are involved in RTK regulation, endocytosis, lysosomal degradation, actin cytoskeleton dynamics regulation, and signal transduction",PF14604,SH3_9,Variant SH3 domain,P.[AP].PR,PHPAPR,462,467,P85A_HUMAN,Homo sapiens,31723006,true positive,60,4,disordered
ELME000501,LIG_SH3_CIN85_PxpxPR_1,CIN85 and CD2AP SH3 domain binding motif ,LIG,"The non-canonical SH3-binding motif is recognized primarily by adaptor proteins CIN85 and CD2AP, which are involved in RTK regulation, endocytosis, lysosomal degradation, actin cytoskeleton dynamics regulation, and signal transduction",PF14604,SH3_9,Variant SH3 domain,P.[AP].PR,PHPAPR,462,467,PDC6I_HUMAN,Homo sapiens,26296892,true positive,60,4,disordered
ELME000501,LIG_SH3_CIN85_PxpxPR_1,CIN85 and CD2AP SH3 domain binding motif ,LIG,"The non-canonical SH3-binding motif is recognized primarily by adaptor proteins CIN85 and CD2AP, which are involved in RTK regulation, endocytosis, lysosomal degradation, actin cytoskeleton dynamics regulation, and signal transduction",PF14604,SH3_9,Variant SH3 domain,P.[AP].PR,PHPAPR,462,467,PDC6I_RAT,Rattus norvegicus,10858458 11152963,true positive,60,4,disordered
ELME000501,LIG_SH3_CIN85_PxpxPR_1,CIN85 and CD2AP SH3 domain binding motif ,LIG,"The non-canonical SH3-binding motif is recognized primarily by adaptor proteins CIN85 and CD2AP, which are involved in RTK regulation, endocytosis, lysosomal degradation, actin cytoskeleton dynamics regulation, and signal transduction",PF14604,SH3_9,Variant SH3 domain,P.[AP].PR,PHPAPR,462,467,POLG_HCVJF,Hepatitis C virus JFH-1,25872741,true positive,60,4,disordered
ELME000501,LIG_SH3_CIN85_PxpxPR_1,CIN85 and CD2AP SH3 domain binding motif ,LIG,"The non-canonical SH3-binding motif is recognized primarily by adaptor proteins CIN85 and CD2AP, which are involved in RTK regulation, endocytosis, lysosomal degradation, actin cytoskeleton dynamics regulation, and signal transduction",PF14604,SH3_9,Variant SH3 domain,P.[AP].PR,PHPAPR,462,467,POLN_BFV,Barmah Forest virus,29702546,true positive,60,4,disordered
ELME000501,LIG_SH3_CIN85_PxpxPR_1,CIN85 and CD2AP SH3 domain binding motif ,LIG,"The non-canonical SH3-binding motif is recognized primarily by adaptor proteins CIN85 and CD2AP, which are involved in RTK regulation, endocytosis, lysosomal degradation, actin cytoskeleton dynamics regulation, and signal transduction",PF14604,SH3_9,Variant SH3 domain,P.[AP].PR,PHPAPR,462,467,POLN_CHIKS,Chikungunya virus strain S27-African prototype,31493651,true positive,60,4,disordered
ELME000501,LIG_SH3_CIN85_PxpxPR_1,CIN85 and CD2AP SH3 domain binding motif ,LIG,"The non-canonical SH3-binding motif is recognized primarily by adaptor proteins CIN85 and CD2AP, which are involved in RTK regulation, endocytosis, lysosomal degradation, actin cytoskeleton dynamics regulation, and signal transduction",PF14604,SH3_9,Variant SH3 domain,P.[AP].PR,PHPAPR,462,467,POLN_EEVVT,Venezuelan equine encephalitis virus (strain Trinidad donkey),31694937,true positive,60,4,disordered
ELME000501,LIG_SH3_CIN85_PxpxPR_1,CIN85 and CD2AP SH3 domain binding motif ,LIG,"The non-canonical SH3-binding motif is recognized primarily by adaptor proteins CIN85 and CD2AP, which are involved in RTK regulation, endocytosis, lysosomal degradation, actin cytoskeleton dynamics regulation, and signal transduction",PF14604,SH3_9,Variant SH3 domain,P.[AP].PR,PHPAPR,462,467,POLN_SFV,Semliki forest virus,29702546,true positive,60,4,disordered
ELME000501,LIG_SH3_CIN85_PxpxPR_1,CIN85 and CD2AP SH3 domain binding motif ,LIG,"The non-canonical SH3-binding motif is recognized primarily by adaptor proteins CIN85 and CD2AP, which are involved in RTK regulation, endocytosis, lysosomal degradation, actin cytoskeleton dynamics regulation, and signal transduction",PF14604,SH3_9,Variant SH3 domain,P.[AP].PR,PHPAPR,462,467,PTCRA_HUMAN,Homo sapiens,17823309,true positive,60,4,disordered
ELME000501,LIG_SH3_CIN85_PxpxPR_1,CIN85 and CD2AP SH3 domain binding motif ,LIG,"The non-canonical SH3-binding motif is recognized primarily by adaptor proteins CIN85 and CD2AP, which are involved in RTK regulation, endocytosis, lysosomal degradation, actin cytoskeleton dynamics regulation, and signal transduction",PF14604,SH3_9,Variant SH3 domain,P.[AP].PR,PHPAPR,462,467,Q4UGW0_THEAN,Theileria annulata,29520916,unknown,60,4,disordered
ELME000501,LIG_SH3_CIN85_PxpxPR_1,CIN85 and CD2AP SH3 domain binding motif ,LIG,"The non-canonical SH3-binding motif is recognized primarily by adaptor proteins CIN85 and CD2AP, which are involved in RTK regulation, endocytosis, lysosomal degradation, actin cytoskeleton dynamics regulation, and signal transduction",PF14604,SH3_9,Variant SH3 domain,P.[AP].PR,PHPAPR,462,467,Q64ET4_HCMV,Human herpesvirus 5,30089695,unknown,60,4,disordered
ELME000501,LIG_SH3_CIN85_PxpxPR_1,CIN85 and CD2AP SH3 domain binding motif ,LIG,"The non-canonical SH3-binding motif is recognized primarily by adaptor proteins CIN85 and CD2AP, which are involved in RTK regulation, endocytosis, lysosomal degradation, actin cytoskeleton dynamics regulation, and signal transduction",PF14604,SH3_9,Variant SH3 domain,P.[AP].PR,PHPAPR,462,467,RHG27_RAT,Rattus norvegicus,15147912,true positive,60,4,disordered
ELME000501,LIG_SH3_CIN85_PxpxPR_1,CIN85 and CD2AP SH3 domain binding motif ,LIG,"The non-canonical SH3-binding motif is recognized primarily by adaptor proteins CIN85 and CD2AP, which are involved in RTK regulation, endocytosis, lysosomal degradation, actin cytoskeleton dynamics regulation, and signal transduction",PF14604,SH3_9,Variant SH3 domain,P.[AP].PR,PHPAPR,462,467,RIN3_HUMAN,Homo sapiens,26296892,true positive,60,4,disordered
ELME000501,LIG_SH3_CIN85_PxpxPR_1,CIN85 and CD2AP SH3 domain binding motif ,LIG,"The non-canonical SH3-binding motif is recognized primarily by adaptor proteins CIN85 and CD2AP, which are involved in RTK regulation, endocytosis, lysosomal degradation, actin cytoskeleton dynamics regulation, and signal transduction",PF14604,SH3_9,Variant SH3 domain,P.[AP].PR,PHPAPR,462,467,RON2_TOXGM,Toxoplasma gondii ME49,28848228,true positive,60,4,disordered
ELME000501,LIG_SH3_CIN85_PxpxPR_1,CIN85 and CD2AP SH3 domain binding motif ,LIG,"The non-canonical SH3-binding motif is recognized primarily by adaptor proteins CIN85 and CD2AP, which are involved in RTK regulation, endocytosis, lysosomal degradation, actin cytoskeleton dynamics regulation, and signal transduction",PF14604,SH3_9,Variant SH3 domain,P.[AP].PR,PHPAPR,462,467,RON4_TOXGO,Toxoplasma gondii,28848228,true positive,60,4,disordered
ELME000501,LIG_SH3_CIN85_PxpxPR_1,CIN85 and CD2AP SH3 domain binding motif ,LIG,"The non-canonical SH3-binding motif is recognized primarily by adaptor proteins CIN85 and CD2AP, which are involved in RTK regulation, endocytosis, lysosomal degradation, actin cytoskeleton dynamics regulation, and signal transduction",PF14604,SH3_9,Variant SH3 domain,P.[AP].PR,PHPAPR,462,467,S8ERS3_TOXGM,Toxoplasma gondii ME49,28848228,true positive,60,4,disordered
ELME000501,LIG_SH3_CIN85_PxpxPR_1,CIN85 and CD2AP SH3 domain binding motif ,LIG,"The non-canonical SH3-binding motif is recognized primarily by adaptor proteins CIN85 and CD2AP, which are involved in RTK regulation, endocytosis, lysosomal degradation, actin cytoskeleton dynamics regulation, and signal transduction",PF14604,SH3_9,Variant SH3 domain,P.[AP].PR,PHPAPR,462,467,SEPT9_HUMAN,Homo sapiens,25472714,true positive,60,4,disordered
ELME000501,LIG_SH3_CIN85_PxpxPR_1,CIN85 and CD2AP SH3 domain binding motif ,LIG,"The non-canonical SH3-binding motif is recognized primarily by adaptor proteins CIN85 and CD2AP, which are involved in RTK regulation, endocytosis, lysosomal degradation, actin cytoskeleton dynamics regulation, and signal transduction",PF14604,SH3_9,Variant SH3 domain,P.[AP].PR,PHPAPR,462,467,SHIP1_HUMAN,Homo sapiens,15090612,true positive,60,4,disordered
ELME000501,LIG_SH3_CIN85_PxpxPR_1,CIN85 and CD2AP SH3 domain binding motif ,LIG,"The non-canonical SH3-binding motif is recognized primarily by adaptor proteins CIN85 and CD2AP, which are involved in RTK regulation, endocytosis, lysosomal degradation, actin cytoskeleton dynamics regulation, and signal transduction",PF14604,SH3_9,Variant SH3 domain,P.[AP].PR,PHPAPR,462,467,SHKB1_MOUSE,Mus musculus,21830225,true positive,60,4,disordered
ELME000501,LIG_SH3_CIN85_PxpxPR_1,CIN85 and CD2AP SH3 domain binding motif ,LIG,"The non-canonical SH3-binding motif is recognized primarily by adaptor proteins CIN85 and CD2AP, which are involved in RTK regulation, endocytosis, lysosomal degradation, actin cytoskeleton dynamics regulation, and signal transduction",PF14604,SH3_9,Variant SH3 domain,P.[AP].PR,PHPAPR,462,467,SHKB1_RAT,Rattus norvegicus,11152963,true positive,60,4,disordered
ELME000501,LIG_SH3_CIN85_PxpxPR_1,CIN85 and CD2AP SH3 domain binding motif ,LIG,"The non-canonical SH3-binding motif is recognized primarily by adaptor proteins CIN85 and CD2AP, which are involved in RTK regulation, endocytosis, lysosomal degradation, actin cytoskeleton dynamics regulation, and signal transduction",PF14604,SH3_9,Variant SH3 domain,P.[AP].PR,PHPAPR,462,467,STAP1_MOUSE,Mus musculus,15090612,true positive,60,4,disordered
ELME000501,LIG_SH3_CIN85_PxpxPR_1,CIN85 and CD2AP SH3 domain binding motif ,LIG,"The non-canonical SH3-binding motif is recognized primarily by adaptor proteins CIN85 and CD2AP, which are involved in RTK regulation, endocytosis, lysosomal degradation, actin cytoskeleton dynamics regulation, and signal transduction",PF14604,SH3_9,Variant SH3 domain,P.[AP].PR,PHPAPR,462,467,SYNJ1_MOUSE,Mus musculus,12829691,true positive,60,4,disordered
ELME000501,LIG_SH3_CIN85_PxpxPR_1,CIN85 and CD2AP SH3 domain binding motif ,LIG,"The non-canonical SH3-binding motif is recognized primarily by adaptor proteins CIN85 and CD2AP, which are involved in RTK regulation, endocytosis, lysosomal degradation, actin cytoskeleton dynamics regulation, and signal transduction",PF14604,SH3_9,Variant SH3 domain,P.[AP].PR,PHPAPR,462,467,SYNJ2_RAT,Rattus norvegicus,15090612,true positive,60,4,disordered
ELME000501,LIG_SH3_CIN85_PxpxPR_1,CIN85 and CD2AP SH3 domain binding motif ,LIG,"The non-canonical SH3-binding motif is recognized primarily by adaptor proteins CIN85 and CD2AP, which are involved in RTK regulation, endocytosis, lysosomal degradation, actin cytoskeleton dynamics regulation, and signal transduction",PF14604,SH3_9,Variant SH3 domain,P.[AP].PR,PHPAPR,462,467,TTP_HUMAN,Homo sapiens,20221403,true positive,60,4,disordered
ELME000335,LIG_SUMO_SIM_anti_2,SUMO interaction site,LIG,Motif for the antiparallel beta augmentation mode of non-covalent binding to SUMO protein.,PF11976,Rad60-SLD,Ubiquitin-2 like Rad60 SUMO-like,"[DEST]{1,10}.{0,1}[VIL][DESTVILMA][VIL][VILM].[DEST]{0,5}",EEEEEDSISLLSD,367,379,CBX4_HUMAN,Homo sapiens,20176810,true positive,17,2,disordered
ELME000335,LIG_SUMO_SIM_anti_2,SUMO interaction site,LIG,Motif for the antiparallel beta augmentation mode of non-covalent binding to SUMO protein.,PF11976,Rad60-SLD,Ubiquitin-2 like Rad60 SUMO-like,"[DEST]{1,10}.{0,1}[VIL][DESTVILMA][VIL][VILM].[DEST]{0,5}",EEEEEDSISLLSD,367,379,CR025_HUMAN,Homo sapiens,16524884,true positive,17,2,disordered
ELME000335,LIG_SUMO_SIM_anti_2,SUMO interaction site,LIG,Motif for the antiparallel beta augmentation mode of non-covalent binding to SUMO protein.,PF11976,Rad60-SLD,Ubiquitin-2 like Rad60 SUMO-like,"[DEST]{1,10}.{0,1}[VIL][DESTVILMA][VIL][VILM].[DEST]{0,5}",EEEEEDSISLLSD,367,379,DAXX_HUMAN,Homo sapiens,17081986 21474068,true positive,17,2,disordered
ELME000335,LIG_SUMO_SIM_anti_2,SUMO interaction site,LIG,Motif for the antiparallel beta augmentation mode of non-covalent binding to SUMO protein.,PF11976,Rad60-SLD,Ubiquitin-2 like Rad60 SUMO-like,"[DEST]{1,10}.{0,1}[VIL][DESTVILMA][VIL][VILM].[DEST]{0,5}",EEEEEDSISLLSD,367,379,FIR1_YEAST,Saccharomyces cerevisiae S288c,15590687,true positive,17,2,disordered
ELME000335,LIG_SUMO_SIM_anti_2,SUMO interaction site,LIG,Motif for the antiparallel beta augmentation mode of non-covalent binding to SUMO protein.,PF11976,Rad60-SLD,Ubiquitin-2 like Rad60 SUMO-like,"[DEST]{1,10}.{0,1}[VIL][DESTVILMA][VIL][VILM].[DEST]{0,5}",EEEEEDSISLLSD,367,379,HIPK2_HUMAN,Homo sapiens,12565818 21192925,true positive,17,2,disordered
ELME000335,LIG_SUMO_SIM_anti_2,SUMO interaction site,LIG,Motif for the antiparallel beta augmentation mode of non-covalent binding to SUMO protein.,PF11976,Rad60-SLD,Ubiquitin-2 like Rad60 SUMO-like,"[DEST]{1,10}.{0,1}[VIL][DESTVILMA][VIL][VILM].[DEST]{0,5}",EEEEEDSISLLSD,367,379,PML_HUMAN,Homo sapiens,17081985,true positive,17,2,disordered
ELME000335,LIG_SUMO_SIM_anti_2,SUMO interaction site,LIG,Motif for the antiparallel beta augmentation mode of non-covalent binding to SUMO protein.,PF11976,Rad60-SLD,Ubiquitin-2 like Rad60 SUMO-like,"[DEST]{1,10}.{0,1}[VIL][DESTVILMA][VIL][VILM].[DEST]{0,5}",EEEEEDSISLLSD,367,379,RBP2_HUMAN,Homo sapiens,15388847 15931224 16524884,true positive,17,2,disordered
ELME000335,LIG_SUMO_SIM_anti_2,SUMO interaction site,LIG,Motif for the antiparallel beta augmentation mode of non-covalent binding to SUMO protein.,PF11976,Rad60-SLD,Ubiquitin-2 like Rad60 SUMO-like,"[DEST]{1,10}.{0,1}[VIL][DESTVILMA][VIL][VILM].[DEST]{0,5}",EEEEEDSISLLSD,367,379,RNF4_HUMAN,Homo sapiens,18408734,true positive,17,2,disordered
ELME000335,LIG_SUMO_SIM_anti_2,SUMO interaction site,LIG,Motif for the antiparallel beta augmentation mode of non-covalent binding to SUMO protein.,PF11976,Rad60-SLD,Ubiquitin-2 like Rad60 SUMO-like,"[DEST]{1,10}.{0,1}[VIL][DESTVILMA][VIL][VILM].[DEST]{0,5}",EEEEEDSISLLSD,367,379,SAE2_HUMAN,Homo sapiens,15388847 10961991,true positive,17,2,disordered
ELME000335,LIG_SUMO_SIM_anti_2,SUMO interaction site,LIG,Motif for the antiparallel beta augmentation mode of non-covalent binding to SUMO protein.,PF11976,Rad60-SLD,Ubiquitin-2 like Rad60 SUMO-like,"[DEST]{1,10}.{0,1}[VIL][DESTVILMA][VIL][VILM].[DEST]{0,5}",EEEEEDSISLLSD,367,379,SP100_HUMAN,Homo sapiens,16524884 18691969,true positive,17,2,disordered
ELME000335,LIG_SUMO_SIM_anti_2,SUMO interaction site,LIG,Motif for the antiparallel beta augmentation mode of non-covalent binding to SUMO protein.,PF11976,Rad60-SLD,Ubiquitin-2 like Rad60 SUMO-like,"[DEST]{1,10}.{0,1}[VIL][DESTVILMA][VIL][VILM].[DEST]{0,5}",EEEEEDSISLLSD,367,379,ULS1_YEAST,Saccharomyces cerevisiae S288c,15590687,true positive,17,2,disordered
ELME000335,LIG_SUMO_SIM_anti_2,SUMO interaction site,LIG,Motif for the antiparallel beta augmentation mode of non-covalent binding to SUMO protein.,PF11976,Rad60-SLD,Ubiquitin-2 like Rad60 SUMO-like,"[DEST]{1,10}.{0,1}[VIL][DESTVILMA][VIL][VILM].[DEST]{0,5}",EEEEEDSISLLSD,367,379,ZCH12_HUMAN,Homo sapiens,19416967,true positive,17,2,disordered
ELME000335,LIG_SUMO_SIM_anti_2,SUMO interaction site,LIG,Motif for the antiparallel beta augmentation mode of non-covalent binding to SUMO protein.,PF11976,Rad60-SLD,Ubiquitin-2 like Rad60 SUMO-like,"[DEST]{1,10}.{0,1}[VIL][DESTVILMA][VIL][VILM].[DEST]{0,5}",EEEEEDSISLLSD,367,379,ZCHC7_HUMAN,Homo sapiens,16524884,true positive,17,2,disordered
ELME000335,LIG_SUMO_SIM_anti_2,SUMO interaction site,LIG,Motif for the antiparallel beta augmentation mode of non-covalent binding to SUMO protein.,PF11976,Rad60-SLD,Ubiquitin-2 like Rad60 SUMO-like,"[DEST]{1,10}.{0,1}[VIL][DESTVILMA][VIL][VILM].[DEST]{0,5}",EEEEEDSISLLSD,367,379,ZN451_HUMAN,Homo sapiens,18656483,true positive,17,2,disordered
ELME000335,LIG_SUMO_SIM_anti_2,SUMO interaction site,LIG,Motif for the antiparallel beta augmentation mode of non-covalent binding to SUMO protein.,PF11976,Rad60-SLD,Ubiquitin-2 like Rad60 SUMO-like,"[DEST]{1,10}.{0,1}[VIL][DESTVILMA][VIL][VILM].[DEST]{0,5}",EEEEDSISLLSD,368,379,CBX4_HUMAN,Homo sapiens,20176810,true positive,17,2,disordered
ELME000335,LIG_SUMO_SIM_anti_2,SUMO interaction site,LIG,Motif for the antiparallel beta augmentation mode of non-covalent binding to SUMO protein.,PF11976,Rad60-SLD,Ubiquitin-2 like Rad60 SUMO-like,"[DEST]{1,10}.{0,1}[VIL][DESTVILMA][VIL][VILM].[DEST]{0,5}",EEEEDSISLLSD,368,379,CR025_HUMAN,Homo sapiens,16524884,true positive,17,2,disordered
ELME000335,LIG_SUMO_SIM_anti_2,SUMO interaction site,LIG,Motif for the antiparallel beta augmentation mode of non-covalent binding to SUMO protein.,PF11976,Rad60-SLD,Ubiquitin-2 like Rad60 SUMO-like,"[DEST]{1,10}.{0,1}[VIL][DESTVILMA][VIL][VILM].[DEST]{0,5}",EEEEDSISLLSD,368,379,DAXX_HUMAN,Homo sapiens,17081986 21474068,true positive,17,2,disordered
ELME000335,LIG_SUMO_SIM_anti_2,SUMO interaction site,LIG,Motif for the antiparallel beta augmentation mode of non-covalent binding to SUMO protein.,PF11976,Rad60-SLD,Ubiquitin-2 like Rad60 SUMO-like,"[DEST]{1,10}.{0,1}[VIL][DESTVILMA][VIL][VILM].[DEST]{0,5}",EEEEDSISLLSD,368,379,FIR1_YEAST,Saccharomyces cerevisiae S288c,15590687,true positive,17,2,disordered
ELME000335,LIG_SUMO_SIM_anti_2,SUMO interaction site,LIG,Motif for the antiparallel beta augmentation mode of non-covalent binding to SUMO protein.,PF11976,Rad60-SLD,Ubiquitin-2 like Rad60 SUMO-like,"[DEST]{1,10}.{0,1}[VIL][DESTVILMA][VIL][VILM].[DEST]{0,5}",EEEEDSISLLSD,368,379,HIPK2_HUMAN,Homo sapiens,12565818 21192925,true positive,17,2,disordered
ELME000335,LIG_SUMO_SIM_anti_2,SUMO interaction site,LIG,Motif for the antiparallel beta augmentation mode of non-covalent binding to SUMO protein.,PF11976,Rad60-SLD,Ubiquitin-2 like Rad60 SUMO-like,"[DEST]{1,10}.{0,1}[VIL][DESTVILMA][VIL][VILM].[DEST]{0,5}",EEEEDSISLLSD,368,379,PML_HUMAN,Homo sapiens,17081985,true positive,17,2,disordered
ELME000335,LIG_SUMO_SIM_anti_2,SUMO interaction site,LIG,Motif for the antiparallel beta augmentation mode of non-covalent binding to SUMO protein.,PF11976,Rad60-SLD,Ubiquitin-2 like Rad60 SUMO-like,"[DEST]{1,10}.{0,1}[VIL][DESTVILMA][VIL][VILM].[DEST]{0,5}",EEEEDSISLLSD,368,379,RBP2_HUMAN,Homo sapiens,15388847 15931224 16524884,true positive,17,2,disordered
ELME000335,LIG_SUMO_SIM_anti_2,SUMO interaction site,LIG,Motif for the antiparallel beta augmentation mode of non-covalent binding to SUMO protein.,PF11976,Rad60-SLD,Ubiquitin-2 like Rad60 SUMO-like,"[DEST]{1,10}.{0,1}[VIL][DESTVILMA][VIL][VILM].[DEST]{0,5}",EEEEDSISLLSD,368,379,RNF4_HUMAN,Homo sapiens,18408734,true positive,17,2,disordered
ELME000335,LIG_SUMO_SIM_anti_2,SUMO interaction site,LIG,Motif for the antiparallel beta augmentation mode of non-covalent binding to SUMO protein.,PF11976,Rad60-SLD,Ubiquitin-2 like Rad60 SUMO-like,"[DEST]{1,10}.{0,1}[VIL][DESTVILMA][VIL][VILM].[DEST]{0,5}",EEEEDSISLLSD,368,379,SAE2_HUMAN,Homo sapiens,15388847 10961991,true positive,17,2,disordered
ELME000335,LIG_SUMO_SIM_anti_2,SUMO interaction site,LIG,Motif for the antiparallel beta augmentation mode of non-covalent binding to SUMO protein.,PF11976,Rad60-SLD,Ubiquitin-2 like Rad60 SUMO-like,"[DEST]{1,10}.{0,1}[VIL][DESTVILMA][VIL][VILM].[DEST]{0,5}",EEEEDSISLLSD,368,379,SP100_HUMAN,Homo sapiens,16524884 18691969,true positive,17,2,disordered
ELME000335,LIG_SUMO_SIM_anti_2,SUMO interaction site,LIG,Motif for the antiparallel beta augmentation mode of non-covalent binding to SUMO protein.,PF11976,Rad60-SLD,Ubiquitin-2 like Rad60 SUMO-like,"[DEST]{1,10}.{0,1}[VIL][DESTVILMA][VIL][VILM].[DEST]{0,5}",EEEEDSISLLSD,368,379,ULS1_YEAST,Saccharomyces cerevisiae S288c,15590687,true positive,17,2,disordered
ELME000335,LIG_SUMO_SIM_anti_2,SUMO interaction site,LIG,Motif for the antiparallel beta augmentation mode of non-covalent binding to SUMO protein.,PF11976,Rad60-SLD,Ubiquitin-2 like Rad60 SUMO-like,"[DEST]{1,10}.{0,1}[VIL][DESTVILMA][VIL][VILM].[DEST]{0,5}",EEEEDSISLLSD,368,379,ZCH12_HUMAN,Homo sapiens,19416967,true positive,17,2,disordered
ELME000335,LIG_SUMO_SIM_anti_2,SUMO interaction site,LIG,Motif for the antiparallel beta augmentation mode of non-covalent binding to SUMO protein.,PF11976,Rad60-SLD,Ubiquitin-2 like Rad60 SUMO-like,"[DEST]{1,10}.{0,1}[VIL][DESTVILMA][VIL][VILM].[DEST]{0,5}",EEEEDSISLLSD,368,379,ZCHC7_HUMAN,Homo sapiens,16524884,true positive,17,2,disordered
ELME000335,LIG_SUMO_SIM_anti_2,SUMO interaction site,LIG,Motif for the antiparallel beta augmentation mode of non-covalent binding to SUMO protein.,PF11976,Rad60-SLD,Ubiquitin-2 like Rad60 SUMO-like,"[DEST]{1,10}.{0,1}[VIL][DESTVILMA][VIL][VILM].[DEST]{0,5}",EEEEDSISLLSD,368,379,ZN451_HUMAN,Homo sapiens,18656483,true positive,17,2,disordered
ELME000335,LIG_SUMO_SIM_anti_2,SUMO interaction site,LIG,Motif for the antiparallel beta augmentation mode of non-covalent binding to SUMO protein.,PF11976,Rad60-SLD,Ubiquitin-2 like Rad60 SUMO-like,"[DEST]{1,10}.{0,1}[VIL][DESTVILMA][VIL][VILM].[DEST]{0,5}",EEEDSISLLSD,369,379,CBX4_HUMAN,Homo sapiens,20176810,true positive,17,2,disordered
ELME000335,LIG_SUMO_SIM_anti_2,SUMO interaction site,LIG,Motif for the antiparallel beta augmentation mode of non-covalent binding to SUMO protein.,PF11976,Rad60-SLD,Ubiquitin-2 like Rad60 SUMO-like,"[DEST]{1,10}.{0,1}[VIL][DESTVILMA][VIL][VILM].[DEST]{0,5}",EEEDSISLLSD,369,379,CR025_HUMAN,Homo sapiens,16524884,true positive,17,2,disordered
ELME000335,LIG_SUMO_SIM_anti_2,SUMO interaction site,LIG,Motif for the antiparallel beta augmentation mode of non-covalent binding to SUMO protein.,PF11976,Rad60-SLD,Ubiquitin-2 like Rad60 SUMO-like,"[DEST]{1,10}.{0,1}[VIL][DESTVILMA][VIL][VILM].[DEST]{0,5}",EEEDSISLLSD,369,379,DAXX_HUMAN,Homo sapiens,17081986 21474068,true positive,17,2,disordered
ELME000335,LIG_SUMO_SIM_anti_2,SUMO interaction site,LIG,Motif for the antiparallel beta augmentation mode of non-covalent binding to SUMO protein.,PF11976,Rad60-SLD,Ubiquitin-2 like Rad60 SUMO-like,"[DEST]{1,10}.{0,1}[VIL][DESTVILMA][VIL][VILM].[DEST]{0,5}",EEEDSISLLSD,369,379,FIR1_YEAST,Saccharomyces cerevisiae S288c,15590687,true positive,17,2,disordered
ELME000335,LIG_SUMO_SIM_anti_2,SUMO interaction site,LIG,Motif for the antiparallel beta augmentation mode of non-covalent binding to SUMO protein.,PF11976,Rad60-SLD,Ubiquitin-2 like Rad60 SUMO-like,"[DEST]{1,10}.{0,1}[VIL][DESTVILMA][VIL][VILM].[DEST]{0,5}",EEEDSISLLSD,369,379,HIPK2_HUMAN,Homo sapiens,12565818 21192925,true positive,17,2,disordered
ELME000335,LIG_SUMO_SIM_anti_2,SUMO interaction site,LIG,Motif for the antiparallel beta augmentation mode of non-covalent binding to SUMO protein.,PF11976,Rad60-SLD,Ubiquitin-2 like Rad60 SUMO-like,"[DEST]{1,10}.{0,1}[VIL][DESTVILMA][VIL][VILM].[DEST]{0,5}",EEEDSISLLSD,369,379,PML_HUMAN,Homo sapiens,17081985,true positive,17,2,disordered
ELME000335,LIG_SUMO_SIM_anti_2,SUMO interaction site,LIG,Motif for the antiparallel beta augmentation mode of non-covalent binding to SUMO protein.,PF11976,Rad60-SLD,Ubiquitin-2 like Rad60 SUMO-like,"[DEST]{1,10}.{0,1}[VIL][DESTVILMA][VIL][VILM].[DEST]{0,5}",EEEDSISLLSD,369,379,RBP2_HUMAN,Homo sapiens,15388847 15931224 16524884,true positive,17,2,disordered
ELME000335,LIG_SUMO_SIM_anti_2,SUMO interaction site,LIG,Motif for the antiparallel beta augmentation mode of non-covalent binding to SUMO protein.,PF11976,Rad60-SLD,Ubiquitin-2 like Rad60 SUMO-like,"[DEST]{1,10}.{0,1}[VIL][DESTVILMA][VIL][VILM].[DEST]{0,5}",EEEDSISLLSD,369,379,RNF4_HUMAN,Homo sapiens,18408734,true positive,17,2,disordered
ELME000335,LIG_SUMO_SIM_anti_2,SUMO interaction site,LIG,Motif for the antiparallel beta augmentation mode of non-covalent binding to SUMO protein.,PF11976,Rad60-SLD,Ubiquitin-2 like Rad60 SUMO-like,"[DEST]{1,10}.{0,1}[VIL][DESTVILMA][VIL][VILM].[DEST]{0,5}",EEEDSISLLSD,369,379,SAE2_HUMAN,Homo sapiens,15388847 10961991,true positive,17,2,disordered
ELME000335,LIG_SUMO_SIM_anti_2,SUMO interaction site,LIG,Motif for the antiparallel beta augmentation mode of non-covalent binding to SUMO protein.,PF11976,Rad60-SLD,Ubiquitin-2 like Rad60 SUMO-like,"[DEST]{1,10}.{0,1}[VIL][DESTVILMA][VIL][VILM].[DEST]{0,5}",EEEDSISLLSD,369,379,SP100_HUMAN,Homo sapiens,16524884 18691969,true positive,17,2,disordered
ELME000335,LIG_SUMO_SIM_anti_2,SUMO interaction site,LIG,Motif for the antiparallel beta augmentation mode of non-covalent binding to SUMO protein.,PF11976,Rad60-SLD,Ubiquitin-2 like Rad60 SUMO-like,"[DEST]{1,10}.{0,1}[VIL][DESTVILMA][VIL][VILM].[DEST]{0,5}",EEEDSISLLSD,369,379,ULS1_YEAST,Saccharomyces cerevisiae S288c,15590687,true positive,17,2,disordered
ELME000335,LIG_SUMO_SIM_anti_2,SUMO interaction site,LIG,Motif for the antiparallel beta augmentation mode of non-covalent binding to SUMO protein.,PF11976,Rad60-SLD,Ubiquitin-2 like Rad60 SUMO-like,"[DEST]{1,10}.{0,1}[VIL][DESTVILMA][VIL][VILM].[DEST]{0,5}",EEEDSISLLSD,369,379,ZCH12_HUMAN,Homo sapiens,19416967,true positive,17,2,disordered
ELME000335,LIG_SUMO_SIM_anti_2,SUMO interaction site,LIG,Motif for the antiparallel beta augmentation mode of non-covalent binding to SUMO protein.,PF11976,Rad60-SLD,Ubiquitin-2 like Rad60 SUMO-like,"[DEST]{1,10}.{0,1}[VIL][DESTVILMA][VIL][VILM].[DEST]{0,5}",EEEDSISLLSD,369,379,ZCHC7_HUMAN,Homo sapiens,16524884,true positive,17,2,disordered
ELME000335,LIG_SUMO_SIM_anti_2,SUMO interaction site,LIG,Motif for the antiparallel beta augmentation mode of non-covalent binding to SUMO protein.,PF11976,Rad60-SLD,Ubiquitin-2 like Rad60 SUMO-like,"[DEST]{1,10}.{0,1}[VIL][DESTVILMA][VIL][VILM].[DEST]{0,5}",EEEDSISLLSD,369,379,ZN451_HUMAN,Homo sapiens,18656483,true positive,17,2,disordered
ELME000335,LIG_SUMO_SIM_anti_2,SUMO interaction site,LIG,Motif for the antiparallel beta augmentation mode of non-covalent binding to SUMO protein.,PF11976,Rad60-SLD,Ubiquitin-2 like Rad60 SUMO-like,"[DEST]{1,10}.{0,1}[VIL][DESTVILMA][VIL][VILM].[DEST]{0,5}",EEDSISLLSD,370,379,CBX4_HUMAN,Homo sapiens,20176810,true positive,17,2,disordered
ELME000335,LIG_SUMO_SIM_anti_2,SUMO interaction site,LIG,Motif for the antiparallel beta augmentation mode of non-covalent binding to SUMO protein.,PF11976,Rad60-SLD,Ubiquitin-2 like Rad60 SUMO-like,"[DEST]{1,10}.{0,1}[VIL][DESTVILMA][VIL][VILM].[DEST]{0,5}",EEDSISLLSD,370,379,CR025_HUMAN,Homo sapiens,16524884,true positive,17,2,disordered
ELME000335,LIG_SUMO_SIM_anti_2,SUMO interaction site,LIG,Motif for the antiparallel beta augmentation mode of non-covalent binding to SUMO protein.,PF11976,Rad60-SLD,Ubiquitin-2 like Rad60 SUMO-like,"[DEST]{1,10}.{0,1}[VIL][DESTVILMA][VIL][VILM].[DEST]{0,5}",EEDSISLLSD,370,379,DAXX_HUMAN,Homo sapiens,17081986 21474068,true positive,17,2,disordered
ELME000335,LIG_SUMO_SIM_anti_2,SUMO interaction site,LIG,Motif for the antiparallel beta augmentation mode of non-covalent binding to SUMO protein.,PF11976,Rad60-SLD,Ubiquitin-2 like Rad60 SUMO-like,"[DEST]{1,10}.{0,1}[VIL][DESTVILMA][VIL][VILM].[DEST]{0,5}",EEDSISLLSD,370,379,FIR1_YEAST,Saccharomyces cerevisiae S288c,15590687,true positive,17,2,disordered
ELME000335,LIG_SUMO_SIM_anti_2,SUMO interaction site,LIG,Motif for the antiparallel beta augmentation mode of non-covalent binding to SUMO protein.,PF11976,Rad60-SLD,Ubiquitin-2 like Rad60 SUMO-like,"[DEST]{1,10}.{0,1}[VIL][DESTVILMA][VIL][VILM].[DEST]{0,5}",EEDSISLLSD,370,379,HIPK2_HUMAN,Homo sapiens,12565818 21192925,true positive,17,2,disordered
ELME000335,LIG_SUMO_SIM_anti_2,SUMO interaction site,LIG,Motif for the antiparallel beta augmentation mode of non-covalent binding to SUMO protein.,PF11976,Rad60-SLD,Ubiquitin-2 like Rad60 SUMO-like,"[DEST]{1,10}.{0,1}[VIL][DESTVILMA][VIL][VILM].[DEST]{0,5}",EEDSISLLSD,370,379,PML_HUMAN,Homo sapiens,17081985,true positive,17,2,disordered
ELME000335,LIG_SUMO_SIM_anti_2,SUMO interaction site,LIG,Motif for the antiparallel beta augmentation mode of non-covalent binding to SUMO protein.,PF11976,Rad60-SLD,Ubiquitin-2 like Rad60 SUMO-like,"[DEST]{1,10}.{0,1}[VIL][DESTVILMA][VIL][VILM].[DEST]{0,5}",EEDSISLLSD,370,379,RBP2_HUMAN,Homo sapiens,15388847 15931224 16524884,true positive,17,2,disordered
ELME000335,LIG_SUMO_SIM_anti_2,SUMO interaction site,LIG,Motif for the antiparallel beta augmentation mode of non-covalent binding to SUMO protein.,PF11976,Rad60-SLD,Ubiquitin-2 like Rad60 SUMO-like,"[DEST]{1,10}.{0,1}[VIL][DESTVILMA][VIL][VILM].[DEST]{0,5}",EEDSISLLSD,370,379,RNF4_HUMAN,Homo sapiens,18408734,true positive,17,2,disordered
ELME000335,LIG_SUMO_SIM_anti_2,SUMO interaction site,LIG,Motif for the antiparallel beta augmentation mode of non-covalent binding to SUMO protein.,PF11976,Rad60-SLD,Ubiquitin-2 like Rad60 SUMO-like,"[DEST]{1,10}.{0,1}[VIL][DESTVILMA][VIL][VILM].[DEST]{0,5}",EEDSISLLSD,370,379,SAE2_HUMAN,Homo sapiens,15388847 10961991,true positive,17,2,disordered
ELME000335,LIG_SUMO_SIM_anti_2,SUMO interaction site,LIG,Motif for the antiparallel beta augmentation mode of non-covalent binding to SUMO protein.,PF11976,Rad60-SLD,Ubiquitin-2 like Rad60 SUMO-like,"[DEST]{1,10}.{0,1}[VIL][DESTVILMA][VIL][VILM].[DEST]{0,5}",EEDSISLLSD,370,379,SP100_HUMAN,Homo sapiens,16524884 18691969,true positive,17,2,disordered
ELME000335,LIG_SUMO_SIM_anti_2,SUMO interaction site,LIG,Motif for the antiparallel beta augmentation mode of non-covalent binding to SUMO protein.,PF11976,Rad60-SLD,Ubiquitin-2 like Rad60 SUMO-like,"[DEST]{1,10}.{0,1}[VIL][DESTVILMA][VIL][VILM].[DEST]{0,5}",EEDSISLLSD,370,379,ULS1_YEAST,Saccharomyces cerevisiae S288c,15590687,true positive,17,2,disordered
ELME000335,LIG_SUMO_SIM_anti_2,SUMO interaction site,LIG,Motif for the antiparallel beta augmentation mode of non-covalent binding to SUMO protein.,PF11976,Rad60-SLD,Ubiquitin-2 like Rad60 SUMO-like,"[DEST]{1,10}.{0,1}[VIL][DESTVILMA][VIL][VILM].[DEST]{0,5}",EEDSISLLSD,370,379,ZCH12_HUMAN,Homo sapiens,19416967,true positive,17,2,disordered
ELME000335,LIG_SUMO_SIM_anti_2,SUMO interaction site,LIG,Motif for the antiparallel beta augmentation mode of non-covalent binding to SUMO protein.,PF11976,Rad60-SLD,Ubiquitin-2 like Rad60 SUMO-like,"[DEST]{1,10}.{0,1}[VIL][DESTVILMA][VIL][VILM].[DEST]{0,5}",EEDSISLLSD,370,379,ZCHC7_HUMAN,Homo sapiens,16524884,true positive,17,2,disordered
ELME000335,LIG_SUMO_SIM_anti_2,SUMO interaction site,LIG,Motif for the antiparallel beta augmentation mode of non-covalent binding to SUMO protein.,PF11976,Rad60-SLD,Ubiquitin-2 like Rad60 SUMO-like,"[DEST]{1,10}.{0,1}[VIL][DESTVILMA][VIL][VILM].[DEST]{0,5}",EEDSISLLSD,370,379,ZN451_HUMAN,Homo sapiens,18656483,true positive,17,2,disordered
ELME000335,LIG_SUMO_SIM_anti_2,SUMO interaction site,LIG,Motif for the antiparallel beta augmentation mode of non-covalent binding to SUMO protein.,PF11976,Rad60-SLD,Ubiquitin-2 like Rad60 SUMO-like,"[DEST]{1,10}.{0,1}[VIL][DESTVILMA][VIL][VILM].[DEST]{0,5}",EDSISLLSD,371,379,CBX4_HUMAN,Homo sapiens,20176810,true positive,17,2,disordered
ELME000335,LIG_SUMO_SIM_anti_2,SUMO interaction site,LIG,Motif for the antiparallel beta augmentation mode of non-covalent binding to SUMO protein.,PF11976,Rad60-SLD,Ubiquitin-2 like Rad60 SUMO-like,"[DEST]{1,10}.{0,1}[VIL][DESTVILMA][VIL][VILM].[DEST]{0,5}",EDSISLLSD,371,379,CR025_HUMAN,Homo sapiens,16524884,true positive,17,2,disordered
ELME000335,LIG_SUMO_SIM_anti_2,SUMO interaction site,LIG,Motif for the antiparallel beta augmentation mode of non-covalent binding to SUMO protein.,PF11976,Rad60-SLD,Ubiquitin-2 like Rad60 SUMO-like,"[DEST]{1,10}.{0,1}[VIL][DESTVILMA][VIL][VILM].[DEST]{0,5}",EDSISLLSD,371,379,DAXX_HUMAN,Homo sapiens,17081986 21474068,true positive,17,2,disordered
ELME000335,LIG_SUMO_SIM_anti_2,SUMO interaction site,LIG,Motif for the antiparallel beta augmentation mode of non-covalent binding to SUMO protein.,PF11976,Rad60-SLD,Ubiquitin-2 like Rad60 SUMO-like,"[DEST]{1,10}.{0,1}[VIL][DESTVILMA][VIL][VILM].[DEST]{0,5}",EDSISLLSD,371,379,FIR1_YEAST,Saccharomyces cerevisiae S288c,15590687,true positive,17,2,disordered
ELME000335,LIG_SUMO_SIM_anti_2,SUMO interaction site,LIG,Motif for the antiparallel beta augmentation mode of non-covalent binding to SUMO protein.,PF11976,Rad60-SLD,Ubiquitin-2 like Rad60 SUMO-like,"[DEST]{1,10}.{0,1}[VIL][DESTVILMA][VIL][VILM].[DEST]{0,5}",EDSISLLSD,371,379,HIPK2_HUMAN,Homo sapiens,12565818 21192925,true positive,17,2,disordered
ELME000335,LIG_SUMO_SIM_anti_2,SUMO interaction site,LIG,Motif for the antiparallel beta augmentation mode of non-covalent binding to SUMO protein.,PF11976,Rad60-SLD,Ubiquitin-2 like Rad60 SUMO-like,"[DEST]{1,10}.{0,1}[VIL][DESTVILMA][VIL][VILM].[DEST]{0,5}",EDSISLLSD,371,379,PML_HUMAN,Homo sapiens,17081985,true positive,17,2,disordered
ELME000335,LIG_SUMO_SIM_anti_2,SUMO interaction site,LIG,Motif for the antiparallel beta augmentation mode of non-covalent binding to SUMO protein.,PF11976,Rad60-SLD,Ubiquitin-2 like Rad60 SUMO-like,"[DEST]{1,10}.{0,1}[VIL][DESTVILMA][VIL][VILM].[DEST]{0,5}",EDSISLLSD,371,379,RBP2_HUMAN,Homo sapiens,15388847 15931224 16524884,true positive,17,2,disordered
ELME000335,LIG_SUMO_SIM_anti_2,SUMO interaction site,LIG,Motif for the antiparallel beta augmentation mode of non-covalent binding to SUMO protein.,PF11976,Rad60-SLD,Ubiquitin-2 like Rad60 SUMO-like,"[DEST]{1,10}.{0,1}[VIL][DESTVILMA][VIL][VILM].[DEST]{0,5}",EDSISLLSD,371,379,RNF4_HUMAN,Homo sapiens,18408734,true positive,17,2,disordered
ELME000335,LIG_SUMO_SIM_anti_2,SUMO interaction site,LIG,Motif for the antiparallel beta augmentation mode of non-covalent binding to SUMO protein.,PF11976,Rad60-SLD,Ubiquitin-2 like Rad60 SUMO-like,"[DEST]{1,10}.{0,1}[VIL][DESTVILMA][VIL][VILM].[DEST]{0,5}",EDSISLLSD,371,379,SAE2_HUMAN,Homo sapiens,15388847 10961991,true positive,17,2,disordered
ELME000335,LIG_SUMO_SIM_anti_2,SUMO interaction site,LIG,Motif for the antiparallel beta augmentation mode of non-covalent binding to SUMO protein.,PF11976,Rad60-SLD,Ubiquitin-2 like Rad60 SUMO-like,"[DEST]{1,10}.{0,1}[VIL][DESTVILMA][VIL][VILM].[DEST]{0,5}",EDSISLLSD,371,379,SP100_HUMAN,Homo sapiens,16524884 18691969,true positive,17,2,disordered
ELME000335,LIG_SUMO_SIM_anti_2,SUMO interaction site,LIG,Motif for the antiparallel beta augmentation mode of non-covalent binding to SUMO protein.,PF11976,Rad60-SLD,Ubiquitin-2 like Rad60 SUMO-like,"[DEST]{1,10}.{0,1}[VIL][DESTVILMA][VIL][VILM].[DEST]{0,5}",EDSISLLSD,371,379,ULS1_YEAST,Saccharomyces cerevisiae S288c,15590687,true positive,17,2,disordered
ELME000335,LIG_SUMO_SIM_anti_2,SUMO interaction site,LIG,Motif for the antiparallel beta augmentation mode of non-covalent binding to SUMO protein.,PF11976,Rad60-SLD,Ubiquitin-2 like Rad60 SUMO-like,"[DEST]{1,10}.{0,1}[VIL][DESTVILMA][VIL][VILM].[DEST]{0,5}",EDSISLLSD,371,379,ZCH12_HUMAN,Homo sapiens,19416967,true positive,17,2,disordered
ELME000335,LIG_SUMO_SIM_anti_2,SUMO interaction site,LIG,Motif for the antiparallel beta augmentation mode of non-covalent binding to SUMO protein.,PF11976,Rad60-SLD,Ubiquitin-2 like Rad60 SUMO-like,"[DEST]{1,10}.{0,1}[VIL][DESTVILMA][VIL][VILM].[DEST]{0,5}",EDSISLLSD,371,379,ZCHC7_HUMAN,Homo sapiens,16524884,true positive,17,2,disordered
ELME000335,LIG_SUMO_SIM_anti_2,SUMO interaction site,LIG,Motif for the antiparallel beta augmentation mode of non-covalent binding to SUMO protein.,PF11976,Rad60-SLD,Ubiquitin-2 like Rad60 SUMO-like,"[DEST]{1,10}.{0,1}[VIL][DESTVILMA][VIL][VILM].[DEST]{0,5}",EDSISLLSD,371,379,ZN451_HUMAN,Homo sapiens,18656483,true positive,17,2,disordered
ELME000335,LIG_SUMO_SIM_anti_2,SUMO interaction site,LIG,Motif for the antiparallel beta augmentation mode of non-covalent binding to SUMO protein.,PF11976,Rad60-SLD,Ubiquitin-2 like Rad60 SUMO-like,"[DEST]{1,10}.{0,1}[VIL][DESTVILMA][VIL][VILM].[DEST]{0,5}",DSISLLSD,372,379,CBX4_HUMAN,Homo sapiens,20176810,true positive,17,2,disordered
ELME000335,LIG_SUMO_SIM_anti_2,SUMO interaction site,LIG,Motif for the antiparallel beta augmentation mode of non-covalent binding to SUMO protein.,PF11976,Rad60-SLD,Ubiquitin-2 like Rad60 SUMO-like,"[DEST]{1,10}.{0,1}[VIL][DESTVILMA][VIL][VILM].[DEST]{0,5}",DSISLLSD,372,379,CR025_HUMAN,Homo sapiens,16524884,true positive,17,2,disordered
ELME000335,LIG_SUMO_SIM_anti_2,SUMO interaction site,LIG,Motif for the antiparallel beta augmentation mode of non-covalent binding to SUMO protein.,PF11976,Rad60-SLD,Ubiquitin-2 like Rad60 SUMO-like,"[DEST]{1,10}.{0,1}[VIL][DESTVILMA][VIL][VILM].[DEST]{0,5}",DSISLLSD,372,379,DAXX_HUMAN,Homo sapiens,17081986 21474068,true positive,17,2,disordered
ELME000335,LIG_SUMO_SIM_anti_2,SUMO interaction site,LIG,Motif for the antiparallel beta augmentation mode of non-covalent binding to SUMO protein.,PF11976,Rad60-SLD,Ubiquitin-2 like Rad60 SUMO-like,"[DEST]{1,10}.{0,1}[VIL][DESTVILMA][VIL][VILM].[DEST]{0,5}",DSISLLSD,372,379,FIR1_YEAST,Saccharomyces cerevisiae S288c,15590687,true positive,17,2,disordered
ELME000335,LIG_SUMO_SIM_anti_2,SUMO interaction site,LIG,Motif for the antiparallel beta augmentation mode of non-covalent binding to SUMO protein.,PF11976,Rad60-SLD,Ubiquitin-2 like Rad60 SUMO-like,"[DEST]{1,10}.{0,1}[VIL][DESTVILMA][VIL][VILM].[DEST]{0,5}",DSISLLSD,372,379,HIPK2_HUMAN,Homo sapiens,12565818 21192925,true positive,17,2,disordered
ELME000335,LIG_SUMO_SIM_anti_2,SUMO interaction site,LIG,Motif for the antiparallel beta augmentation mode of non-covalent binding to SUMO protein.,PF11976,Rad60-SLD,Ubiquitin-2 like Rad60 SUMO-like,"[DEST]{1,10}.{0,1}[VIL][DESTVILMA][VIL][VILM].[DEST]{0,5}",DSISLLSD,372,379,PML_HUMAN,Homo sapiens,17081985,true positive,17,2,disordered
ELME000335,LIG_SUMO_SIM_anti_2,SUMO interaction site,LIG,Motif for the antiparallel beta augmentation mode of non-covalent binding to SUMO protein.,PF11976,Rad60-SLD,Ubiquitin-2 like Rad60 SUMO-like,"[DEST]{1,10}.{0,1}[VIL][DESTVILMA][VIL][VILM].[DEST]{0,5}",DSISLLSD,372,379,RBP2_HUMAN,Homo sapiens,15388847 15931224 16524884,true positive,17,2,disordered
ELME000335,LIG_SUMO_SIM_anti_2,SUMO interaction site,LIG,Motif for the antiparallel beta augmentation mode of non-covalent binding to SUMO protein.,PF11976,Rad60-SLD,Ubiquitin-2 like Rad60 SUMO-like,"[DEST]{1,10}.{0,1}[VIL][DESTVILMA][VIL][VILM].[DEST]{0,5}",DSISLLSD,372,379,RNF4_HUMAN,Homo sapiens,18408734,true positive,17,2,disordered
ELME000335,LIG_SUMO_SIM_anti_2,SUMO interaction site,LIG,Motif for the antiparallel beta augmentation mode of non-covalent binding to SUMO protein.,PF11976,Rad60-SLD,Ubiquitin-2 like Rad60 SUMO-like,"[DEST]{1,10}.{0,1}[VIL][DESTVILMA][VIL][VILM].[DEST]{0,5}",DSISLLSD,372,379,SAE2_HUMAN,Homo sapiens,15388847 10961991,true positive,17,2,disordered
ELME000335,LIG_SUMO_SIM_anti_2,SUMO interaction site,LIG,Motif for the antiparallel beta augmentation mode of non-covalent binding to SUMO protein.,PF11976,Rad60-SLD,Ubiquitin-2 like Rad60 SUMO-like,"[DEST]{1,10}.{0,1}[VIL][DESTVILMA][VIL][VILM].[DEST]{0,5}",DSISLLSD,372,379,SP100_HUMAN,Homo sapiens,16524884 18691969,true positive,17,2,disordered
ELME000335,LIG_SUMO_SIM_anti_2,SUMO interaction site,LIG,Motif for the antiparallel beta augmentation mode of non-covalent binding to SUMO protein.,PF11976,Rad60-SLD,Ubiquitin-2 like Rad60 SUMO-like,"[DEST]{1,10}.{0,1}[VIL][DESTVILMA][VIL][VILM].[DEST]{0,5}",DSISLLSD,372,379,ULS1_YEAST,Saccharomyces cerevisiae S288c,15590687,true positive,17,2,disordered
ELME000335,LIG_SUMO_SIM_anti_2,SUMO interaction site,LIG,Motif for the antiparallel beta augmentation mode of non-covalent binding to SUMO protein.,PF11976,Rad60-SLD,Ubiquitin-2 like Rad60 SUMO-like,"[DEST]{1,10}.{0,1}[VIL][DESTVILMA][VIL][VILM].[DEST]{0,5}",DSISLLSD,372,379,ZCH12_HUMAN,Homo sapiens,19416967,true positive,17,2,disordered
ELME000335,LIG_SUMO_SIM_anti_2,SUMO interaction site,LIG,Motif for the antiparallel beta augmentation mode of non-covalent binding to SUMO protein.,PF11976,Rad60-SLD,Ubiquitin-2 like Rad60 SUMO-like,"[DEST]{1,10}.{0,1}[VIL][DESTVILMA][VIL][VILM].[DEST]{0,5}",DSISLLSD,372,379,ZCHC7_HUMAN,Homo sapiens,16524884,true positive,17,2,disordered
ELME000335,LIG_SUMO_SIM_anti_2,SUMO interaction site,LIG,Motif for the antiparallel beta augmentation mode of non-covalent binding to SUMO protein.,PF11976,Rad60-SLD,Ubiquitin-2 like Rad60 SUMO-like,"[DEST]{1,10}.{0,1}[VIL][DESTVILMA][VIL][VILM].[DEST]{0,5}",DSISLLSD,372,379,ZN451_HUMAN,Homo sapiens,18656483,true positive,17,2,disordered
ELME000335,LIG_SUMO_SIM_anti_2,SUMO interaction site,LIG,Motif for the antiparallel beta augmentation mode of non-covalent binding to SUMO protein.,PF11976,Rad60-SLD,Ubiquitin-2 like Rad60 SUMO-like,"[DEST]{1,10}.{0,1}[VIL][DESTVILMA][VIL][VILM].[DEST]{0,5}",SISLLSD,373,379,CBX4_HUMAN,Homo sapiens,20176810,true positive,17,2,disordered
ELME000335,LIG_SUMO_SIM_anti_2,SUMO interaction site,LIG,Motif for the antiparallel beta augmentation mode of non-covalent binding to SUMO protein.,PF11976,Rad60-SLD,Ubiquitin-2 like Rad60 SUMO-like,"[DEST]{1,10}.{0,1}[VIL][DESTVILMA][VIL][VILM].[DEST]{0,5}",SISLLSD,373,379,CR025_HUMAN,Homo sapiens,16524884,true positive,17,2,disordered
ELME000335,LIG_SUMO_SIM_anti_2,SUMO interaction site,LIG,Motif for the antiparallel beta augmentation mode of non-covalent binding to SUMO protein.,PF11976,Rad60-SLD,Ubiquitin-2 like Rad60 SUMO-like,"[DEST]{1,10}.{0,1}[VIL][DESTVILMA][VIL][VILM].[DEST]{0,5}",SISLLSD,373,379,DAXX_HUMAN,Homo sapiens,17081986 21474068,true positive,17,2,disordered
ELME000335,LIG_SUMO_SIM_anti_2,SUMO interaction site,LIG,Motif for the antiparallel beta augmentation mode of non-covalent binding to SUMO protein.,PF11976,Rad60-SLD,Ubiquitin-2 like Rad60 SUMO-like,"[DEST]{1,10}.{0,1}[VIL][DESTVILMA][VIL][VILM].[DEST]{0,5}",SISLLSD,373,379,FIR1_YEAST,Saccharomyces cerevisiae S288c,15590687,true positive,17,2,disordered
ELME000335,LIG_SUMO_SIM_anti_2,SUMO interaction site,LIG,Motif for the antiparallel beta augmentation mode of non-covalent binding to SUMO protein.,PF11976,Rad60-SLD,Ubiquitin-2 like Rad60 SUMO-like,"[DEST]{1,10}.{0,1}[VIL][DESTVILMA][VIL][VILM].[DEST]{0,5}",SISLLSD,373,379,HIPK2_HUMAN,Homo sapiens,12565818 21192925,true positive,17,2,disordered
ELME000335,LIG_SUMO_SIM_anti_2,SUMO interaction site,LIG,Motif for the antiparallel beta augmentation mode of non-covalent binding to SUMO protein.,PF11976,Rad60-SLD,Ubiquitin-2 like Rad60 SUMO-like,"[DEST]{1,10}.{0,1}[VIL][DESTVILMA][VIL][VILM].[DEST]{0,5}",SISLLSD,373,379,PML_HUMAN,Homo sapiens,17081985,true positive,17,2,disordered
ELME000335,LIG_SUMO_SIM_anti_2,SUMO interaction site,LIG,Motif for the antiparallel beta augmentation mode of non-covalent binding to SUMO protein.,PF11976,Rad60-SLD,Ubiquitin-2 like Rad60 SUMO-like,"[DEST]{1,10}.{0,1}[VIL][DESTVILMA][VIL][VILM].[DEST]{0,5}",SISLLSD,373,379,RBP2_HUMAN,Homo sapiens,15388847 15931224 16524884,true positive,17,2,disordered
ELME000335,LIG_SUMO_SIM_anti_2,SUMO interaction site,LIG,Motif for the antiparallel beta augmentation mode of non-covalent binding to SUMO protein.,PF11976,Rad60-SLD,Ubiquitin-2 like Rad60 SUMO-like,"[DEST]{1,10}.{0,1}[VIL][DESTVILMA][VIL][VILM].[DEST]{0,5}",SISLLSD,373,379,RNF4_HUMAN,Homo sapiens,18408734,true positive,17,2,disordered
ELME000335,LIG_SUMO_SIM_anti_2,SUMO interaction site,LIG,Motif for the antiparallel beta augmentation mode of non-covalent binding to SUMO protein.,PF11976,Rad60-SLD,Ubiquitin-2 like Rad60 SUMO-like,"[DEST]{1,10}.{0,1}[VIL][DESTVILMA][VIL][VILM].[DEST]{0,5}",SISLLSD,373,379,SAE2_HUMAN,Homo sapiens,15388847 10961991,true positive,17,2,disordered
ELME000335,LIG_SUMO_SIM_anti_2,SUMO interaction site,LIG,Motif for the antiparallel beta augmentation mode of non-covalent binding to SUMO protein.,PF11976,Rad60-SLD,Ubiquitin-2 like Rad60 SUMO-like,"[DEST]{1,10}.{0,1}[VIL][DESTVILMA][VIL][VILM].[DEST]{0,5}",SISLLSD,373,379,SP100_HUMAN,Homo sapiens,16524884 18691969,true positive,17,2,disordered
ELME000335,LIG_SUMO_SIM_anti_2,SUMO interaction site,LIG,Motif for the antiparallel beta augmentation mode of non-covalent binding to SUMO protein.,PF11976,Rad60-SLD,Ubiquitin-2 like Rad60 SUMO-like,"[DEST]{1,10}.{0,1}[VIL][DESTVILMA][VIL][VILM].[DEST]{0,5}",SISLLSD,373,379,ULS1_YEAST,Saccharomyces cerevisiae S288c,15590687,true positive,17,2,disordered
ELME000335,LIG_SUMO_SIM_anti_2,SUMO interaction site,LIG,Motif for the antiparallel beta augmentation mode of non-covalent binding to SUMO protein.,PF11976,Rad60-SLD,Ubiquitin-2 like Rad60 SUMO-like,"[DEST]{1,10}.{0,1}[VIL][DESTVILMA][VIL][VILM].[DEST]{0,5}",SISLLSD,373,379,ZCH12_HUMAN,Homo sapiens,19416967,true positive,17,2,disordered
ELME000335,LIG_SUMO_SIM_anti_2,SUMO interaction site,LIG,Motif for the antiparallel beta augmentation mode of non-covalent binding to SUMO protein.,PF11976,Rad60-SLD,Ubiquitin-2 like Rad60 SUMO-like,"[DEST]{1,10}.{0,1}[VIL][DESTVILMA][VIL][VILM].[DEST]{0,5}",SISLLSD,373,379,ZCHC7_HUMAN,Homo sapiens,16524884,true positive,17,2,disordered
ELME000335,LIG_SUMO_SIM_anti_2,SUMO interaction site,LIG,Motif for the antiparallel beta augmentation mode of non-covalent binding to SUMO protein.,PF11976,Rad60-SLD,Ubiquitin-2 like Rad60 SUMO-like,"[DEST]{1,10}.{0,1}[VIL][DESTVILMA][VIL][VILM].[DEST]{0,5}",SISLLSD,373,379,ZN451_HUMAN,Homo sapiens,18656483,true positive,17,2,disordered
ELME000333,LIG_SUMO_SIM_par_1,SUMO interaction site,LIG,Motif for the parallel beta augmentation mode of non-covalent binding to SUMO protein.,PF11976,Rad60-SLD,Ubiquitin-2 like Rad60 SUMO-like,"[DEST]{0,5}.[VILPTM][VIL][DESTVILMA][VIL].{0,1}[DEST]{1,10}",EPIIIEEEEEDS,362,373,CBX4_HUMAN,Homo sapiens,20176810,true positive,33,4,disordered
ELME000333,LIG_SUMO_SIM_par_1,SUMO interaction site,LIG,Motif for the parallel beta augmentation mode of non-covalent binding to SUMO protein.,PF11976,Rad60-SLD,Ubiquitin-2 like Rad60 SUMO-like,"[DEST]{0,5}.[VILPTM][VIL][DESTVILMA][VIL].{0,1}[DEST]{1,10}",EPIIIEEEEEDS,362,373,DAXX_HUMAN,Homo sapiens,17081986 21474068,true positive,33,4,disordered
ELME000333,LIG_SUMO_SIM_par_1,SUMO interaction site,LIG,Motif for the parallel beta augmentation mode of non-covalent binding to SUMO protein.,PF11976,Rad60-SLD,Ubiquitin-2 like Rad60 SUMO-like,"[DEST]{0,5}.[VILPTM][VIL][DESTVILMA][VIL].{0,1}[DEST]{1,10}",EPIIIEEEEEDS,362,373,EXOS9_HUMAN,Homo sapiens,10961991,true positive,33,4,disordered
ELME000333,LIG_SUMO_SIM_par_1,SUMO interaction site,LIG,Motif for the parallel beta augmentation mode of non-covalent binding to SUMO protein.,PF11976,Rad60-SLD,Ubiquitin-2 like Rad60 SUMO-like,"[DEST]{0,5}.[VILPTM][VIL][DESTVILMA][VIL].{0,1}[DEST]{1,10}",EPIIIEEEEEDS,362,373,FIR1_YEAST,Saccharomyces cerevisiae S288c,15590687,true positive,33,4,disordered
ELME000333,LIG_SUMO_SIM_par_1,SUMO interaction site,LIG,Motif for the parallel beta augmentation mode of non-covalent binding to SUMO protein.,PF11976,Rad60-SLD,Ubiquitin-2 like Rad60 SUMO-like,"[DEST]{0,5}.[VILPTM][VIL][DESTVILMA][VIL].{0,1}[DEST]{1,10}",EPIIIEEEEEDS,362,373,KLF4_MOUSE,Mus musculus,20584900,true positive,33,4,disordered
ELME000333,LIG_SUMO_SIM_par_1,SUMO interaction site,LIG,Motif for the parallel beta augmentation mode of non-covalent binding to SUMO protein.,PF11976,Rad60-SLD,Ubiquitin-2 like Rad60 SUMO-like,"[DEST]{0,5}.[VILPTM][VIL][DESTVILMA][VIL].{0,1}[DEST]{1,10}",EPIIIEEEEEDS,362,373,MCAF1_HUMAN,Homo sapiens,16524884 18842587,true positive,33,4,disordered
ELME000333,LIG_SUMO_SIM_par_1,SUMO interaction site,LIG,Motif for the parallel beta augmentation mode of non-covalent binding to SUMO protein.,PF11976,Rad60-SLD,Ubiquitin-2 like Rad60 SUMO-like,"[DEST]{0,5}.[VILPTM][VIL][DESTVILMA][VIL].{0,1}[DEST]{1,10}",EPIIIEEEEEDS,362,373,MTA1_HUMAN,Homo sapiens,21965678,true positive,33,4,disordered
ELME000333,LIG_SUMO_SIM_par_1,SUMO interaction site,LIG,Motif for the parallel beta augmentation mode of non-covalent binding to SUMO protein.,PF11976,Rad60-SLD,Ubiquitin-2 like Rad60 SUMO-like,"[DEST]{0,5}.[VILPTM][VIL][DESTVILMA][VIL].{0,1}[DEST]{1,10}",EPIIIEEEEEDS,362,373,PIAS1_HUMAN,Homo sapiens,16524884,true positive,33,4,disordered
ELME000333,LIG_SUMO_SIM_par_1,SUMO interaction site,LIG,Motif for the parallel beta augmentation mode of non-covalent binding to SUMO protein.,PF11976,Rad60-SLD,Ubiquitin-2 like Rad60 SUMO-like,"[DEST]{0,5}.[VILPTM][VIL][DESTVILMA][VIL].{0,1}[DEST]{1,10}",EPIIIEEEEEDS,362,373,PIAS2_HUMAN,Homo sapiens,15388847 16524884 16204249,true positive,33,4,disordered
ELME000333,LIG_SUMO_SIM_par_1,SUMO interaction site,LIG,Motif for the parallel beta augmentation mode of non-covalent binding to SUMO protein.,PF11976,Rad60-SLD,Ubiquitin-2 like Rad60 SUMO-like,"[DEST]{0,5}.[VILPTM][VIL][DESTVILMA][VIL].{0,1}[DEST]{1,10}",EPIIIEEEEEDS,362,373,PIAS3_HUMAN,Homo sapiens,16524884,true positive,33,4,disordered
ELME000333,LIG_SUMO_SIM_par_1,SUMO interaction site,LIG,Motif for the parallel beta augmentation mode of non-covalent binding to SUMO protein.,PF11976,Rad60-SLD,Ubiquitin-2 like Rad60 SUMO-like,"[DEST]{0,5}.[VILPTM][VIL][DESTVILMA][VIL].{0,1}[DEST]{1,10}",EPIIIEEEEEDS,362,373,PIAS4_HUMAN,Homo sapiens,21199872 16524884,true positive,33,4,disordered
ELME000333,LIG_SUMO_SIM_par_1,SUMO interaction site,LIG,Motif for the parallel beta augmentation mode of non-covalent binding to SUMO protein.,PF11976,Rad60-SLD,Ubiquitin-2 like Rad60 SUMO-like,"[DEST]{0,5}.[VILPTM][VIL][DESTVILMA][VIL].{0,1}[DEST]{1,10}",EPIIIEEEEEDS,362,373,PML_HUMAN,Homo sapiens,25497731 17081985,true positive,33,4,disordered
ELME000333,LIG_SUMO_SIM_par_1,SUMO interaction site,LIG,Motif for the parallel beta augmentation mode of non-covalent binding to SUMO protein.,PF11976,Rad60-SLD,Ubiquitin-2 like Rad60 SUMO-like,"[DEST]{0,5}.[VILPTM][VIL][DESTVILMA][VIL].{0,1}[DEST]{1,10}",EPIIIEEEEEDS,362,373,RBP2_HUMAN,Homo sapiens,15388847 15931224 16524884,true positive,33,4,disordered
ELME000333,LIG_SUMO_SIM_par_1,SUMO interaction site,LIG,Motif for the parallel beta augmentation mode of non-covalent binding to SUMO protein.,PF11976,Rad60-SLD,Ubiquitin-2 like Rad60 SUMO-like,"[DEST]{0,5}.[VILPTM][VIL][DESTVILMA][VIL].{0,1}[DEST]{1,10}",EPIIIEEEEEDS,362,373,RFP1_SCHPO,Schizosaccharomyces pombe 972h-,17762865 17762864,true positive,33,4,disordered
ELME000333,LIG_SUMO_SIM_par_1,SUMO interaction site,LIG,Motif for the parallel beta augmentation mode of non-covalent binding to SUMO protein.,PF11976,Rad60-SLD,Ubiquitin-2 like Rad60 SUMO-like,"[DEST]{0,5}.[VILPTM][VIL][DESTVILMA][VIL].{0,1}[DEST]{1,10}",EPIIIEEEEEDS,362,373,RFP2_SCHPO,Schizosaccharomyces pombe 972h-,17762865 17762864,true positive,33,4,disordered
ELME000333,LIG_SUMO_SIM_par_1,SUMO interaction site,LIG,Motif for the parallel beta augmentation mode of non-covalent binding to SUMO protein.,PF11976,Rad60-SLD,Ubiquitin-2 like Rad60 SUMO-like,"[DEST]{0,5}.[VILPTM][VIL][DESTVILMA][VIL].{0,1}[DEST]{1,10}",EPIIIEEEEEDS,362,373,RNF4_HUMAN,Homo sapiens,18408734,true positive,33,4,disordered
ELME000333,LIG_SUMO_SIM_par_1,SUMO interaction site,LIG,Motif for the parallel beta augmentation mode of non-covalent binding to SUMO protein.,PF11976,Rad60-SLD,Ubiquitin-2 like Rad60 SUMO-like,"[DEST]{0,5}.[VILPTM][VIL][DESTVILMA][VIL].{0,1}[DEST]{1,10}",EPIIIEEEEEDS,362,373,SAE2_HUMAN,Homo sapiens,15388847 10961991,true positive,33,4,disordered
ELME000333,LIG_SUMO_SIM_par_1,SUMO interaction site,LIG,Motif for the parallel beta augmentation mode of non-covalent binding to SUMO protein.,PF11976,Rad60-SLD,Ubiquitin-2 like Rad60 SUMO-like,"[DEST]{0,5}.[VILPTM][VIL][DESTVILMA][VIL].{0,1}[DEST]{1,10}",EPIIIEEEEEDS,362,373,SAP1_YEAST,Saccharomyces cerevisiae S288c,15590687,true positive,33,4,disordered
ELME000333,LIG_SUMO_SIM_par_1,SUMO interaction site,LIG,Motif for the parallel beta augmentation mode of non-covalent binding to SUMO protein.,PF11976,Rad60-SLD,Ubiquitin-2 like Rad60 SUMO-like,"[DEST]{0,5}.[VILPTM][VIL][DESTVILMA][VIL].{0,1}[DEST]{1,10}",EPIIIEEEEEDS,362,373,SETX_HUMAN,Homo sapiens,16524884,true positive,33,4,disordered
ELME000333,LIG_SUMO_SIM_par_1,SUMO interaction site,LIG,Motif for the parallel beta augmentation mode of non-covalent binding to SUMO protein.,PF11976,Rad60-SLD,Ubiquitin-2 like Rad60 SUMO-like,"[DEST]{0,5}.[VILPTM][VIL][DESTVILMA][VIL].{0,1}[DEST]{1,10}",EPIIIEEEEEDS,362,373,SP100_HUMAN,Homo sapiens,16524884 18691969,true positive,33,4,disordered
ELME000333,LIG_SUMO_SIM_par_1,SUMO interaction site,LIG,Motif for the parallel beta augmentation mode of non-covalent binding to SUMO protein.,PF11976,Rad60-SLD,Ubiquitin-2 like Rad60 SUMO-like,"[DEST]{0,5}.[VILPTM][VIL][DESTVILMA][VIL].{0,1}[DEST]{1,10}",EPIIIEEEEEDS,362,373,UBP25_HUMAN,Homo sapiens,18538659,true positive,33,4,disordered
ELME000333,LIG_SUMO_SIM_par_1,SUMO interaction site,LIG,Motif for the parallel beta augmentation mode of non-covalent binding to SUMO protein.,PF11976,Rad60-SLD,Ubiquitin-2 like Rad60 SUMO-like,"[DEST]{0,5}.[VILPTM][VIL][DESTVILMA][VIL].{0,1}[DEST]{1,10}",EPIIIEEEEEDS,362,373,ULS1_YEAST,Saccharomyces cerevisiae S288c,15590687,true positive,33,4,disordered
ELME000333,LIG_SUMO_SIM_par_1,SUMO interaction site,LIG,Motif for the parallel beta augmentation mode of non-covalent binding to SUMO protein.,PF11976,Rad60-SLD,Ubiquitin-2 like Rad60 SUMO-like,"[DEST]{0,5}.[VILPTM][VIL][DESTVILMA][VIL].{0,1}[DEST]{1,10}",EPIIIEEEEEDS,362,373,ZCH12_HUMAN,Homo sapiens,19416967,true positive,33,4,disordered
ELME000333,LIG_SUMO_SIM_par_1,SUMO interaction site,LIG,Motif for the parallel beta augmentation mode of non-covalent binding to SUMO protein.,PF11976,Rad60-SLD,Ubiquitin-2 like Rad60 SUMO-like,"[DEST]{0,5}.[VILPTM][VIL][DESTVILMA][VIL].{0,1}[DEST]{1,10}",EPIIIEEEEEDS,362,373,ZCHC7_HUMAN,Homo sapiens,16524884,true positive,33,4,disordered
ELME000333,LIG_SUMO_SIM_par_1,SUMO interaction site,LIG,Motif for the parallel beta augmentation mode of non-covalent binding to SUMO protein.,PF11976,Rad60-SLD,Ubiquitin-2 like Rad60 SUMO-like,"[DEST]{0,5}.[VILPTM][VIL][DESTVILMA][VIL].{0,1}[DEST]{1,10}",EPIIIEEEEEDS,362,373,ZHX1_HUMAN,Homo sapiens,16524884,true positive,33,4,disordered
ELME000333,LIG_SUMO_SIM_par_1,SUMO interaction site,LIG,Motif for the parallel beta augmentation mode of non-covalent binding to SUMO protein.,PF11976,Rad60-SLD,Ubiquitin-2 like Rad60 SUMO-like,"[DEST]{0,5}.[VILPTM][VIL][DESTVILMA][VIL].{0,1}[DEST]{1,10}",EPIIIEEEEEDS,362,373,ZMYM5_HUMAN,Homo sapiens,16524884,true positive,33,4,disordered
ELME000365,LIG_WD40_WDR5_VDV_2,"WDR5 WD40 repeat (blade 5,6)-binding ligand",LIG,"Fungi-specific variant of the WDR5-binding motif that binds to a cleft between blades 5 and 6 of the WD40 repeat domain of WDR5, opposite of the Win motif-binding site, to mediate assembly of histone modification complexes.",IPR017986,IPR017986,WD40-repeat-containing domain,"[EDSTY].{0,4}[VIPLA][TSDEKR][ILVA]",ELVRV,179,183,SWD1_SCHPO,Schizosaccharomyces pombe 972h-,20716525,true positive,2,0,disordered
ELME000365,LIG_WD40_WDR5_VDV_2,"WDR5 WD40 repeat (blade 5,6)-binding ligand",LIG,"Fungi-specific variant of the WDR5-binding motif that binds to a cleft between blades 5 and 6 of the WD40 repeat domain of WDR5, opposite of the Win motif-binding site, to mediate assembly of histone modification complexes.",IPR017986,IPR017986,WD40-repeat-containing domain,"[EDSTY].{0,4}[VIPLA][TSDEKR][ILVA]",ELVRV,179,183,SWD1_YEAST,Saccharomyces cerevisiae S288c,20716525,true positive,2,0,disordered
ELME000365,LIG_WD40_WDR5_VDV_2,"WDR5 WD40 repeat (blade 5,6)-binding ligand",LIG,"Fungi-specific variant of the WDR5-binding motif that binds to a cleft between blades 5 and 6 of the WD40 repeat domain of WDR5, opposite of the Win motif-binding site, to mediate assembly of histone modification complexes.",IPR017986,IPR017986,WD40-repeat-containing domain,"[EDSTY].{0,4}[VIPLA][TSDEKR][ILVA]",EEEDSISL,369,376,SWD1_SCHPO,Schizosaccharomyces pombe 972h-,20716525,true positive,2,0,disordered
ELME000365,LIG_WD40_WDR5_VDV_2,"WDR5 WD40 repeat (blade 5,6)-binding ligand",LIG,"Fungi-specific variant of the WDR5-binding motif that binds to a cleft between blades 5 and 6 of the WD40 repeat domain of WDR5, opposite of the Win motif-binding site, to mediate assembly of histone modification complexes.",IPR017986,IPR017986,WD40-repeat-containing domain,"[EDSTY].{0,4}[VIPLA][TSDEKR][ILVA]",EEEDSISL,369,376,SWD1_YEAST,Saccharomyces cerevisiae S288c,20716525,true positive,2,0,disordered
ELME000365,LIG_WD40_WDR5_VDV_2,"WDR5 WD40 repeat (blade 5,6)-binding ligand",LIG,"Fungi-specific variant of the WDR5-binding motif that binds to a cleft between blades 5 and 6 of the WD40 repeat domain of WDR5, opposite of the Win motif-binding site, to mediate assembly of histone modification complexes.",IPR017986,IPR017986,WD40-repeat-containing domain,"[EDSTY].{0,4}[VIPLA][TSDEKR][ILVA]",EEDSISL,370,376,SWD1_SCHPO,Schizosaccharomyces pombe 972h-,20716525,true positive,2,0,disordered
ELME000365,LIG_WD40_WDR5_VDV_2,"WDR5 WD40 repeat (blade 5,6)-binding ligand",LIG,"Fungi-specific variant of the WDR5-binding motif that binds to a cleft between blades 5 and 6 of the WD40 repeat domain of WDR5, opposite of the Win motif-binding site, to mediate assembly of histone modification complexes.",IPR017986,IPR017986,WD40-repeat-containing domain,"[EDSTY].{0,4}[VIPLA][TSDEKR][ILVA]",EEDSISL,370,376,SWD1_YEAST,Saccharomyces cerevisiae S288c,20716525,true positive,2,0,disordered
ELME000365,LIG_WD40_WDR5_VDV_2,"WDR5 WD40 repeat (blade 5,6)-binding ligand",LIG,"Fungi-specific variant of the WDR5-binding motif that binds to a cleft between blades 5 and 6 of the WD40 repeat domain of WDR5, opposite of the Win motif-binding site, to mediate assembly of histone modification complexes.",IPR017986,IPR017986,WD40-repeat-containing domain,"[EDSTY].{0,4}[VIPLA][TSDEKR][ILVA]",EDSISL,371,376,SWD1_SCHPO,Schizosaccharomyces pombe 972h-,20716525,true positive,2,0,disordered
ELME000365,LIG_WD40_WDR5_VDV_2,"WDR5 WD40 repeat (blade 5,6)-binding ligand",LIG,"Fungi-specific variant of the WDR5-binding motif that binds to a cleft between blades 5 and 6 of the WD40 repeat domain of WDR5, opposite of the Win motif-binding site, to mediate assembly of histone modification complexes.",IPR017986,IPR017986,WD40-repeat-containing domain,"[EDSTY].{0,4}[VIPLA][TSDEKR][ILVA]",EDSISL,371,376,SWD1_YEAST,Saccharomyces cerevisiae S288c,20716525,true positive,2,0,disordered
ELME000365,LIG_WD40_WDR5_VDV_2,"WDR5 WD40 repeat (blade 5,6)-binding ligand",LIG,"Fungi-specific variant of the WDR5-binding motif that binds to a cleft between blades 5 and 6 of the WD40 repeat domain of WDR5, opposite of the Win motif-binding site, to mediate assembly of histone modification complexes.",IPR017986,IPR017986,WD40-repeat-containing domain,"[EDSTY].{0,4}[VIPLA][TSDEKR][ILVA]",DSISL,372,376,SWD1_SCHPO,Schizosaccharomyces pombe 972h-,20716525,true positive,2,0,disordered
ELME000365,LIG_WD40_WDR5_VDV_2,"WDR5 WD40 repeat (blade 5,6)-binding ligand",LIG,"Fungi-specific variant of the WDR5-binding motif that binds to a cleft between blades 5 and 6 of the WD40 repeat domain of WDR5, opposite of the Win motif-binding site, to mediate assembly of histone modification complexes.",IPR017986,IPR017986,WD40-repeat-containing domain,"[EDSTY].{0,4}[VIPLA][TSDEKR][ILVA]",DSISL,372,376,SWD1_YEAST,Saccharomyces cerevisiae S288c,20716525,true positive,2,0,disordered
ELME000365,LIG_WD40_WDR5_VDV_2,"WDR5 WD40 repeat (blade 5,6)-binding ligand",LIG,"Fungi-specific variant of the WDR5-binding motif that binds to a cleft between blades 5 and 6 of the WD40 repeat domain of WDR5, opposite of the Win motif-binding site, to mediate assembly of histone modification complexes.",IPR017986,IPR017986,WD40-repeat-containing domain,"[EDSTY].{0,4}[VIPLA][TSDEKR][ILVA]",SISL,373,376,SWD1_SCHPO,Schizosaccharomyces pombe 972h-,20716525,true positive,2,0,disordered
ELME000365,LIG_WD40_WDR5_VDV_2,"WDR5 WD40 repeat (blade 5,6)-binding ligand",LIG,"Fungi-specific variant of the WDR5-binding motif that binds to a cleft between blades 5 and 6 of the WD40 repeat domain of WDR5, opposite of the Win motif-binding site, to mediate assembly of histone modification complexes.",IPR017986,IPR017986,WD40-repeat-containing domain,"[EDSTY].{0,4}[VIPLA][TSDEKR][ILVA]",SISL,373,376,SWD1_YEAST,Saccharomyces cerevisiae S288c,20716525,true positive,2,0,disordered
ELME000365,LIG_WD40_WDR5_VDV_2,"WDR5 WD40 repeat (blade 5,6)-binding ligand",LIG,"Fungi-specific variant of the WDR5-binding motif that binds to a cleft between blades 5 and 6 of the WD40 repeat domain of WDR5, opposite of the Win motif-binding site, to mediate assembly of histone modification complexes.",IPR017986,IPR017986,WD40-repeat-containing domain,"[EDSTY].{0,4}[VIPLA][TSDEKR][ILVA]",EADI,389,392,SWD1_SCHPO,Schizosaccharomyces pombe 972h-,20716525,true positive,2,0,disordered
ELME000365,LIG_WD40_WDR5_VDV_2,"WDR5 WD40 repeat (blade 5,6)-binding ligand",LIG,"Fungi-specific variant of the WDR5-binding motif that binds to a cleft between blades 5 and 6 of the WD40 repeat domain of WDR5, opposite of the Win motif-binding site, to mediate assembly of histone modification complexes.",IPR017986,IPR017986,WD40-repeat-containing domain,"[EDSTY].{0,4}[VIPLA][TSDEKR][ILVA]",EADI,389,392,SWD1_YEAST,Saccharomyces cerevisiae S288c,20716525,true positive,2,0,disordered
ELME000365,LIG_WD40_WDR5_VDV_2,"WDR5 WD40 repeat (blade 5,6)-binding ligand",LIG,"Fungi-specific variant of the WDR5-binding motif that binds to a cleft between blades 5 and 6 of the WD40 repeat domain of WDR5, opposite of the Win motif-binding site, to mediate assembly of histone modification complexes.",IPR017986,IPR017986,WD40-repeat-containing domain,"[EDSTY].{0,4}[VIPLA][TSDEKR][ILVA]",DIHGPPSV,391,398,SWD1_SCHPO,Schizosaccharomyces pombe 972h-,20716525,true positive,2,0,disordered
ELME000365,LIG_WD40_WDR5_VDV_2,"WDR5 WD40 repeat (blade 5,6)-binding ligand",LIG,"Fungi-specific variant of the WDR5-binding motif that binds to a cleft between blades 5 and 6 of the WD40 repeat domain of WDR5, opposite of the Win motif-binding site, to mediate assembly of histone modification complexes.",IPR017986,IPR017986,WD40-repeat-containing domain,"[EDSTY].{0,4}[VIPLA][TSDEKR][ILVA]",DIHGPPSV,391,398,SWD1_YEAST,Saccharomyces cerevisiae S288c,20716525,true positive,2,0,disordered
ELME000365,LIG_WD40_WDR5_VDV_2,"WDR5 WD40 repeat (blade 5,6)-binding ligand",LIG,"Fungi-specific variant of the WDR5-binding motif that binds to a cleft between blades 5 and 6 of the WD40 repeat domain of WDR5, opposite of the Win motif-binding site, to mediate assembly of histone modification complexes.",IPR017986,IPR017986,WD40-repeat-containing domain,"[EDSTY].{0,4}[VIPLA][TSDEKR][ILVA]",DTLEGASV,420,427,SWD1_SCHPO,Schizosaccharomyces pombe 972h-,20716525,true positive,2,0,disordered
ELME000365,LIG_WD40_WDR5_VDV_2,"WDR5 WD40 repeat (blade 5,6)-binding ligand",LIG,"Fungi-specific variant of the WDR5-binding motif that binds to a cleft between blades 5 and 6 of the WD40 repeat domain of WDR5, opposite of the Win motif-binding site, to mediate assembly of histone modification complexes.",IPR017986,IPR017986,WD40-repeat-containing domain,"[EDSTY].{0,4}[VIPLA][TSDEKR][ILVA]",DTLEGASV,420,427,SWD1_YEAST,Saccharomyces cerevisiae S288c,20716525,true positive,2,0,disordered
ELME000365,LIG_WD40_WDR5_VDV_2,"WDR5 WD40 repeat (blade 5,6)-binding ligand",LIG,"Fungi-specific variant of the WDR5-binding motif that binds to a cleft between blades 5 and 6 of the WD40 repeat domain of WDR5, opposite of the Win motif-binding site, to mediate assembly of histone modification complexes.",IPR017986,IPR017986,WD40-repeat-containing domain,"[EDSTY].{0,4}[VIPLA][TSDEKR][ILVA]",TLEGASV,421,427,SWD1_SCHPO,Schizosaccharomyces pombe 972h-,20716525,true positive,2,0,disordered
ELME000365,LIG_WD40_WDR5_VDV_2,"WDR5 WD40 repeat (blade 5,6)-binding ligand",LIG,"Fungi-specific variant of the WDR5-binding motif that binds to a cleft between blades 5 and 6 of the WD40 repeat domain of WDR5, opposite of the Win motif-binding site, to mediate assembly of histone modification complexes.",IPR017986,IPR017986,WD40-repeat-containing domain,"[EDSTY].{0,4}[VIPLA][TSDEKR][ILVA]",TLEGASV,421,427,SWD1_YEAST,Saccharomyces cerevisiae S288c,20716525,true positive,2,0,disordered
ELME000365,LIG_WD40_WDR5_VDV_2,"WDR5 WD40 repeat (blade 5,6)-binding ligand",LIG,"Fungi-specific variant of the WDR5-binding motif that binds to a cleft between blades 5 and 6 of the WD40 repeat domain of WDR5, opposite of the Win motif-binding site, to mediate assembly of histone modification complexes.",IPR017986,IPR017986,WD40-repeat-containing domain,"[EDSTY].{0,4}[VIPLA][TSDEKR][ILVA]",EGASV,423,427,SWD1_SCHPO,Schizosaccharomyces pombe 972h-,20716525,true positive,2,0,disordered
ELME000365,LIG_WD40_WDR5_VDV_2,"WDR5 WD40 repeat (blade 5,6)-binding ligand",LIG,"Fungi-specific variant of the WDR5-binding motif that binds to a cleft between blades 5 and 6 of the WD40 repeat domain of WDR5, opposite of the Win motif-binding site, to mediate assembly of histone modification complexes.",IPR017986,IPR017986,WD40-repeat-containing domain,"[EDSTY].{0,4}[VIPLA][TSDEKR][ILVA]",EGASV,423,427,SWD1_YEAST,Saccharomyces cerevisiae S288c,20716525,true positive,2,0,disordered
ELME000365,LIG_WD40_WDR5_VDV_2,"WDR5 WD40 repeat (blade 5,6)-binding ligand",LIG,"Fungi-specific variant of the WDR5-binding motif that binds to a cleft between blades 5 and 6 of the WD40 repeat domain of WDR5, opposite of the Win motif-binding site, to mediate assembly of histone modification complexes.",IPR017986,IPR017986,WD40-repeat-containing domain,"[EDSTY].{0,4}[VIPLA][TSDEKR][ILVA]",TSEAASA,428,434,SWD1_SCHPO,Schizosaccharomyces pombe 972h-,20716525,true positive,2,0,disordered
ELME000365,LIG_WD40_WDR5_VDV_2,"WDR5 WD40 repeat (blade 5,6)-binding ligand",LIG,"Fungi-specific variant of the WDR5-binding motif that binds to a cleft between blades 5 and 6 of the WD40 repeat domain of WDR5, opposite of the Win motif-binding site, to mediate assembly of histone modification complexes.",IPR017986,IPR017986,WD40-repeat-containing domain,"[EDSTY].{0,4}[VIPLA][TSDEKR][ILVA]",TSEAASA,428,434,SWD1_YEAST,Saccharomyces cerevisiae S288c,20716525,true positive,2,0,disordered
ELME000365,LIG_WD40_WDR5_VDV_2,"WDR5 WD40 repeat (blade 5,6)-binding ligand",LIG,"Fungi-specific variant of the WDR5-binding motif that binds to a cleft between blades 5 and 6 of the WD40 repeat domain of WDR5, opposite of the Win motif-binding site, to mediate assembly of histone modification complexes.",IPR017986,IPR017986,WD40-repeat-containing domain,"[EDSTY].{0,4}[VIPLA][TSDEKR][ILVA]",SEAASA,429,434,SWD1_SCHPO,Schizosaccharomyces pombe 972h-,20716525,true positive,2,0,disordered
ELME000365,LIG_WD40_WDR5_VDV_2,"WDR5 WD40 repeat (blade 5,6)-binding ligand",LIG,"Fungi-specific variant of the WDR5-binding motif that binds to a cleft between blades 5 and 6 of the WD40 repeat domain of WDR5, opposite of the Win motif-binding site, to mediate assembly of histone modification complexes.",IPR017986,IPR017986,WD40-repeat-containing domain,"[EDSTY].{0,4}[VIPLA][TSDEKR][ILVA]",SEAASA,429,434,SWD1_YEAST,Saccharomyces cerevisiae S288c,20716525,true positive,2,0,disordered
ELME000365,LIG_WD40_WDR5_VDV_2,"WDR5 WD40 repeat (blade 5,6)-binding ligand",LIG,"Fungi-specific variant of the WDR5-binding motif that binds to a cleft between blades 5 and 6 of the WD40 repeat domain of WDR5, opposite of the Win motif-binding site, to mediate assembly of histone modification complexes.",IPR017986,IPR017986,WD40-repeat-containing domain,"[EDSTY].{0,4}[VIPLA][TSDEKR][ILVA]",EAASA,430,434,SWD1_SCHPO,Schizosaccharomyces pombe 972h-,20716525,true positive,2,0,disordered
ELME000365,LIG_WD40_WDR5_VDV_2,"WDR5 WD40 repeat (blade 5,6)-binding ligand",LIG,"Fungi-specific variant of the WDR5-binding motif that binds to a cleft between blades 5 and 6 of the WD40 repeat domain of WDR5, opposite of the Win motif-binding site, to mediate assembly of histone modification complexes.",IPR017986,IPR017986,WD40-repeat-containing domain,"[EDSTY].{0,4}[VIPLA][TSDEKR][ILVA]",EAASA,430,434,SWD1_YEAST,Saccharomyces cerevisiae S288c,20716525,true positive,2,0,disordered
ELME000365,LIG_WD40_WDR5_VDV_2,"WDR5 WD40 repeat (blade 5,6)-binding ligand",LIG,"Fungi-specific variant of the WDR5-binding motif that binds to a cleft between blades 5 and 6 of the WD40 repeat domain of WDR5, opposite of the Win motif-binding site, to mediate assembly of histone modification complexes.",IPR017986,IPR017986,WD40-repeat-containing domain,"[EDSTY].{0,4}[VIPLA][TSDEKR][ILVA]",TRTPSL,468,473,SWD1_SCHPO,Schizosaccharomyces pombe 972h-,20716525,true positive,2,0,disordered
ELME000365,LIG_WD40_WDR5_VDV_2,"WDR5 WD40 repeat (blade 5,6)-binding ligand",LIG,"Fungi-specific variant of the WDR5-binding motif that binds to a cleft between blades 5 and 6 of the WD40 repeat domain of WDR5, opposite of the Win motif-binding site, to mediate assembly of histone modification complexes.",IPR017986,IPR017986,WD40-repeat-containing domain,"[EDSTY].{0,4}[VIPLA][TSDEKR][ILVA]",TRTPSL,468,473,SWD1_YEAST,Saccharomyces cerevisiae S288c,20716525,true positive,2,0,disordered
ELME000365,LIG_WD40_WDR5_VDV_2,"WDR5 WD40 repeat (blade 5,6)-binding ligand",LIG,"Fungi-specific variant of the WDR5-binding motif that binds to a cleft between blades 5 and 6 of the WD40 repeat domain of WDR5, opposite of the Win motif-binding site, to mediate assembly of histone modification complexes.",IPR017986,IPR017986,WD40-repeat-containing domain,"[EDSTY].{0,4}[VIPLA][TSDEKR][ILVA]",TPSL,470,473,SWD1_SCHPO,Schizosaccharomyces pombe 972h-,20716525,true positive,2,0,disordered
ELME000365,LIG_WD40_WDR5_VDV_2,"WDR5 WD40 repeat (blade 5,6)-binding ligand",LIG,"Fungi-specific variant of the WDR5-binding motif that binds to a cleft between blades 5 and 6 of the WD40 repeat domain of WDR5, opposite of the Win motif-binding site, to mediate assembly of histone modification complexes.",IPR017986,IPR017986,WD40-repeat-containing domain,"[EDSTY].{0,4}[VIPLA][TSDEKR][ILVA]",TPSL,470,473,SWD1_YEAST,Saccharomyces cerevisiae S288c,20716525,true positive,2,0,disordered
ELME000365,LIG_WD40_WDR5_VDV_2,"WDR5 WD40 repeat (blade 5,6)-binding ligand",LIG,"Fungi-specific variant of the WDR5-binding motif that binds to a cleft between blades 5 and 6 of the WD40 repeat domain of WDR5, opposite of the Win motif-binding site, to mediate assembly of histone modification complexes.",IPR017986,IPR017986,WD40-repeat-containing domain,"[EDSTY].{0,4}[VIPLA][TSDEKR][ILVA]",STPPSA,486,491,SWD1_SCHPO,Schizosaccharomyces pombe 972h-,20716525,true positive,2,0,disordered
ELME000365,LIG_WD40_WDR5_VDV_2,"WDR5 WD40 repeat (blade 5,6)-binding ligand",LIG,"Fungi-specific variant of the WDR5-binding motif that binds to a cleft between blades 5 and 6 of the WD40 repeat domain of WDR5, opposite of the Win motif-binding site, to mediate assembly of histone modification complexes.",IPR017986,IPR017986,WD40-repeat-containing domain,"[EDSTY].{0,4}[VIPLA][TSDEKR][ILVA]",STPPSA,486,491,SWD1_YEAST,Saccharomyces cerevisiae S288c,20716525,true positive,2,0,disordered
ELME000365,LIG_WD40_WDR5_VDV_2,"WDR5 WD40 repeat (blade 5,6)-binding ligand",LIG,"Fungi-specific variant of the WDR5-binding motif that binds to a cleft between blades 5 and 6 of the WD40 repeat domain of WDR5, opposite of the Win motif-binding site, to mediate assembly of histone modification complexes.",IPR017986,IPR017986,WD40-repeat-containing domain,"[EDSTY].{0,4}[VIPLA][TSDEKR][ILVA]",TPPSA,487,491,SWD1_SCHPO,Schizosaccharomyces pombe 972h-,20716525,true positive,2,0,disordered
ELME000365,LIG_WD40_WDR5_VDV_2,"WDR5 WD40 repeat (blade 5,6)-binding ligand",LIG,"Fungi-specific variant of the WDR5-binding motif that binds to a cleft between blades 5 and 6 of the WD40 repeat domain of WDR5, opposite of the Win motif-binding site, to mediate assembly of histone modification complexes.",IPR017986,IPR017986,WD40-repeat-containing domain,"[EDSTY].{0,4}[VIPLA][TSDEKR][ILVA]",TPPSA,487,491,SWD1_YEAST,Saccharomyces cerevisiae S288c,20716525,true positive,2,0,disordered
ELME000365,LIG_WD40_WDR5_VDV_2,"WDR5 WD40 repeat (blade 5,6)-binding ligand",LIG,"Fungi-specific variant of the WDR5-binding motif that binds to a cleft between blades 5 and 6 of the WD40 repeat domain of WDR5, opposite of the Win motif-binding site, to mediate assembly of histone modification complexes.",IPR017986,IPR017986,WD40-repeat-containing domain,"[EDSTY].{0,4}[VIPLA][TSDEKR][ILVA]",TREELEA,496,502,SWD1_SCHPO,Schizosaccharomyces pombe 972h-,20716525,true positive,2,0,disordered
ELME000365,LIG_WD40_WDR5_VDV_2,"WDR5 WD40 repeat (blade 5,6)-binding ligand",LIG,"Fungi-specific variant of the WDR5-binding motif that binds to a cleft between blades 5 and 6 of the WD40 repeat domain of WDR5, opposite of the Win motif-binding site, to mediate assembly of histone modification complexes.",IPR017986,IPR017986,WD40-repeat-containing domain,"[EDSTY].{0,4}[VIPLA][TSDEKR][ILVA]",TREELEA,496,502,SWD1_YEAST,Saccharomyces cerevisiae S288c,20716525,true positive,2,0,disordered
ELME000365,LIG_WD40_WDR5_VDV_2,"WDR5 WD40 repeat (blade 5,6)-binding ligand",LIG,"Fungi-specific variant of the WDR5-binding motif that binds to a cleft between blades 5 and 6 of the WD40 repeat domain of WDR5, opposite of the Win motif-binding site, to mediate assembly of histone modification complexes.",IPR017986,IPR017986,WD40-repeat-containing domain,"[EDSTY].{0,4}[VIPLA][TSDEKR][ILVA]",EELEA,498,502,SWD1_SCHPO,Schizosaccharomyces pombe 972h-,20716525,true positive,2,0,disordered
ELME000365,LIG_WD40_WDR5_VDV_2,"WDR5 WD40 repeat (blade 5,6)-binding ligand",LIG,"Fungi-specific variant of the WDR5-binding motif that binds to a cleft between blades 5 and 6 of the WD40 repeat domain of WDR5, opposite of the Win motif-binding site, to mediate assembly of histone modification complexes.",IPR017986,IPR017986,WD40-repeat-containing domain,"[EDSTY].{0,4}[VIPLA][TSDEKR][ILVA]",EELEA,498,502,SWD1_YEAST,Saccharomyces cerevisiae S288c,20716525,true positive,2,0,disordered
ELME000365,LIG_WD40_WDR5_VDV_2,"WDR5 WD40 repeat (blade 5,6)-binding ligand",LIG,"Fungi-specific variant of the WDR5-binding motif that binds to a cleft between blades 5 and 6 of the WD40 repeat domain of WDR5, opposite of the Win motif-binding site, to mediate assembly of histone modification complexes.",IPR017986,IPR017986,WD40-repeat-containing domain,"[EDSTY].{0,4}[VIPLA][TSDEKR][ILVA]",ELEA,499,502,SWD1_SCHPO,Schizosaccharomyces pombe 972h-,20716525,true positive,2,0,disordered
ELME000365,LIG_WD40_WDR5_VDV_2,"WDR5 WD40 repeat (blade 5,6)-binding ligand",LIG,"Fungi-specific variant of the WDR5-binding motif that binds to a cleft between blades 5 and 6 of the WD40 repeat domain of WDR5, opposite of the Win motif-binding site, to mediate assembly of histone modification complexes.",IPR017986,IPR017986,WD40-repeat-containing domain,"[EDSTY].{0,4}[VIPLA][TSDEKR][ILVA]",ELEA,499,502,SWD1_YEAST,Saccharomyces cerevisiae S288c,20716525,true positive,2,0,disordered
ELME000153,MOD_CDK_SPxK_1,CDK Phosphorylation Site,MOD,Canonical version of the CDK phosphorylation site which shows specificity towards a lysine/arginine residue at the [ST]+3 position.,PF00069,Pkinase,Protein kinase domain,...([ST])P.[KR],EALTPSR,501,507,APC_HUMAN,Homo sapiens,19703905,true positive,26,1,disordered
ELME000153,MOD_CDK_SPxK_1,CDK Phosphorylation Site,MOD,Canonical version of the CDK phosphorylation site which shows specificity towards a lysine/arginine residue at the [ST]+3 position.,PF00069,Pkinase,Protein kinase domain,...([ST])P.[KR],EALTPSR,501,507,BEM1_YEAST,Saccharomyces cerevisiae,16230527,true positive,26,1,disordered
ELME000153,MOD_CDK_SPxK_1,CDK Phosphorylation Site,MOD,Canonical version of the CDK phosphorylation site which shows specificity towards a lysine/arginine residue at the [ST]+3 position.,PF00069,Pkinase,Protein kinase domain,...([ST])P.[KR],EALTPSR,501,507,BORA_HUMAN,Homo sapiens,25742493,true positive,26,1,disordered
ELME000153,MOD_CDK_SPxK_1,CDK Phosphorylation Site,MOD,Canonical version of the CDK phosphorylation site which shows specificity towards a lysine/arginine residue at the [ST]+3 position.,PF00069,Pkinase,Protein kinase domain,...([ST])P.[KR],EALTPSR,501,507,CDC6_HUMAN,Homo sapiens,16707497,true positive,26,1,disordered
ELME000153,MOD_CDK_SPxK_1,CDK Phosphorylation Site,MOD,Canonical version of the CDK phosphorylation site which shows specificity towards a lysine/arginine residue at the [ST]+3 position.,PF00069,Pkinase,Protein kinase domain,...([ST])P.[KR],EALTPSR,501,507,CDC6_YEAST,Saccharomyces cerevisiae,11532947,true positive,26,1,disordered
ELME000153,MOD_CDK_SPxK_1,CDK Phosphorylation Site,MOD,Canonical version of the CDK phosphorylation site which shows specificity towards a lysine/arginine residue at the [ST]+3 position.,PF00069,Pkinase,Protein kinase domain,...([ST])P.[KR],EALTPSR,501,507,CDN1B_HUMAN,Homo sapiens,16209941,true positive,26,1,disordered
ELME000153,MOD_CDK_SPxK_1,CDK Phosphorylation Site,MOD,Canonical version of the CDK phosphorylation site which shows specificity towards a lysine/arginine residue at the [ST]+3 position.,PF00069,Pkinase,Protein kinase domain,...([ST])P.[KR],EALTPSR,501,507,CDN1C_HUMAN,Homo sapiens,12925736,true positive,26,1,disordered
ELME000153,MOD_CDK_SPxK_1,CDK Phosphorylation Site,MOD,Canonical version of the CDK phosphorylation site which shows specificity towards a lysine/arginine residue at the [ST]+3 position.,PF00069,Pkinase,Protein kinase domain,...([ST])P.[KR],EALTPSR,501,507,CDN1C_MOUSE,Mus musculus,12925736,true positive,26,1,disordered
ELME000153,MOD_CDK_SPxK_1,CDK Phosphorylation Site,MOD,Canonical version of the CDK phosphorylation site which shows specificity towards a lysine/arginine residue at the [ST]+3 position.,PF00069,Pkinase,Protein kinase domain,...([ST])P.[KR],EALTPSR,501,507,DLG1_HUMAN,Homo sapiens,19066288,true positive,26,1,disordered
ELME000153,MOD_CDK_SPxK_1,CDK Phosphorylation Site,MOD,Canonical version of the CDK phosphorylation site which shows specificity towards a lysine/arginine residue at the [ST]+3 position.,PF00069,Pkinase,Protein kinase domain,...([ST])P.[KR],EALTPSR,501,507,DPOLM_HUMAN,Homo sapiens,23933132,true positive,26,1,disordered
ELME000153,MOD_CDK_SPxK_1,CDK Phosphorylation Site,MOD,Canonical version of the CDK phosphorylation site which shows specificity towards a lysine/arginine residue at the [ST]+3 position.,PF00069,Pkinase,Protein kinase domain,...([ST])P.[KR],EALTPSR,501,507,HIF1A_HUMAN,Homo sapiens,24189531,true positive,26,1,disordered
ELME000153,MOD_CDK_SPxK_1,CDK Phosphorylation Site,MOD,Canonical version of the CDK phosphorylation site which shows specificity towards a lysine/arginine residue at the [ST]+3 position.,PF00069,Pkinase,Protein kinase domain,...([ST])P.[KR],EALTPSR,501,507,MCL1_HUMAN,Homo sapiens,20526282,true positive,26,1,disordered
ELME000153,MOD_CDK_SPxK_1,CDK Phosphorylation Site,MOD,Canonical version of the CDK phosphorylation site which shows specificity towards a lysine/arginine residue at the [ST]+3 position.,PF00069,Pkinase,Protein kinase domain,...([ST])P.[KR],EALTPSR,501,507,MEF2A_HUMAN,Homo sapiens,12691662,true positive,26,1,disordered
ELME000153,MOD_CDK_SPxK_1,CDK Phosphorylation Site,MOD,Canonical version of the CDK phosphorylation site which shows specificity towards a lysine/arginine residue at the [ST]+3 position.,PF00069,Pkinase,Protein kinase domain,...([ST])P.[KR],EALTPSR,501,507,MEF2D_HUMAN,Homo sapiens,12691662,true positive,26,1,disordered
ELME000153,MOD_CDK_SPxK_1,CDK Phosphorylation Site,MOD,Canonical version of the CDK phosphorylation site which shows specificity towards a lysine/arginine residue at the [ST]+3 position.,PF00069,Pkinase,Protein kinase domain,...([ST])P.[KR],EALTPSR,501,507,ODFP2_HUMAN,Homo sapiens,19386263,true positive,26,1,disordered
ELME000153,MOD_CDK_SPxK_1,CDK Phosphorylation Site,MOD,Canonical version of the CDK phosphorylation site which shows specificity towards a lysine/arginine residue at the [ST]+3 position.,PF00069,Pkinase,Protein kinase domain,...([ST])P.[KR],EALTPSR,501,507,ORC2_HUMAN,Homo sapiens,22334659,true positive,26,1,disordered
ELME000153,MOD_CDK_SPxK_1,CDK Phosphorylation Site,MOD,Canonical version of the CDK phosphorylation site which shows specificity towards a lysine/arginine residue at the [ST]+3 position.,PF00069,Pkinase,Protein kinase domain,...([ST])P.[KR],EALTPSR,501,507,RB_HUMAN,Homo sapiens,1756735,true positive,26,1,disordered
ELME000153,MOD_CDK_SPxK_1,CDK Phosphorylation Site,MOD,Canonical version of the CDK phosphorylation site which shows specificity towards a lysine/arginine residue at the [ST]+3 position.,PF00069,Pkinase,Protein kinase domain,...([ST])P.[KR],EALTPSR,501,507,RUNX2_HUMAN,Homo sapiens,16407259,true positive,26,1,disordered
ELME000153,MOD_CDK_SPxK_1,CDK Phosphorylation Site,MOD,Canonical version of the CDK phosphorylation site which shows specificity towards a lysine/arginine residue at the [ST]+3 position.,PF00069,Pkinase,Protein kinase domain,...([ST])P.[KR],EALTPSR,501,507,SRC_HUMAN,Homo sapiens,10544291,true positive,26,1,disordered
ELME000153,MOD_CDK_SPxK_1,CDK Phosphorylation Site,MOD,Canonical version of the CDK phosphorylation site which shows specificity towards a lysine/arginine residue at the [ST]+3 position.,PF00069,Pkinase,Protein kinase domain,...([ST])P.[KR],EALTPSR,501,507,WEE1_HUMAN,Homo sapiens,15070733 23051732,true positive,26,1,disordered
ELME000153,MOD_CDK_SPxK_1,CDK Phosphorylation Site,MOD,Canonical version of the CDK phosphorylation site which shows specificity towards a lysine/arginine residue at the [ST]+3 position.,PF00069,Pkinase,Protein kinase domain,...([ST])P.[KR],EALTPSR,501,507,WEE1_HUMAN,Homo sapiens,23051732,true positive,26,1,disordered
ELME000063,MOD_CK1_1,Casein kinase 1 (CK1) Phosphorylation site,MOD,CK1 phosphorylation site,PF00069,Pkinase,Protein kinase domain,S..([ST])...,SLLSDGP,375,381,APC_HUMAN,Homo sapiens,17910481,true positive,27,0,disordered
ELME000063,MOD_CK1_1,Casein kinase 1 (CK1) Phosphorylation site,MOD,CK1 phosphorylation site,PF00069,Pkinase,Protein kinase domain,S..([ST])...,SLLSDGP,375,381,ATOH1_HUMAN,Homo sapiens,27542412,true positive,27,0,disordered
ELME000063,MOD_CK1_1,Casein kinase 1 (CK1) Phosphorylation site,MOD,CK1 phosphorylation site,PF00069,Pkinase,Protein kinase domain,S..([ST])...,SLLSDGP,375,381,BECN1_HUMAN,Homo sapiens,26008601,true positive,27,0,disordered
ELME000063,MOD_CK1_1,Casein kinase 1 (CK1) Phosphorylation site,MOD,CK1 phosphorylation site,PF00069,Pkinase,Protein kinase domain,S..([ST])...,SLLSDGP,375,381,BID_MOUSE,Mus musculus,11583622,true positive,27,0,disordered
ELME000063,MOD_CK1_1,Casein kinase 1 (CK1) Phosphorylation site,MOD,CK1 phosphorylation site,PF00069,Pkinase,Protein kinase domain,S..([ST])...,SLLSDGP,375,381,CADH1_MOUSE,Mus musculus,17353278,true positive,27,0,disordered
ELME000063,MOD_CK1_1,Casein kinase 1 (CK1) Phosphorylation site,MOD,CK1 phosphorylation site,PF00069,Pkinase,Protein kinase domain,S..([ST])...,SLLSDGP,375,381,CRY2_ARATH,Arabidopsis thaliana,23897926,true positive,27,0,disordered
ELME000063,MOD_CK1_1,Casein kinase 1 (CK1) Phosphorylation site,MOD,CK1 phosphorylation site,PF00069,Pkinase,Protein kinase domain,S..([ST])...,SLLSDGP,375,381,DNMT1_MOUSE,Mus musculus,20192920,true positive,27,0,disordered
ELME000063,MOD_CK1_1,Casein kinase 1 (CK1) Phosphorylation site,MOD,CK1 phosphorylation site,PF00069,Pkinase,Protein kinase domain,S..([ST])...,SLLSDGP,375,381,DVL1_MOUSE,Mus musculus,16965538,true positive,27,0,disordered
ELME000063,MOD_CK1_1,Casein kinase 1 (CK1) Phosphorylation site,MOD,CK1 phosphorylation site,PF00069,Pkinase,Protein kinase domain,S..([ST])...,SLLSDGP,375,381,EPAS1_HUMAN,Homo sapiens,27686097,true positive,27,0,disordered
ELME000063,MOD_CK1_1,Casein kinase 1 (CK1) Phosphorylation site,MOD,CK1 phosphorylation site,PF00069,Pkinase,Protein kinase domain,S..([ST])...,SLLSDGP,375,381,FADD_HUMAN,Homo sapiens,16061179,true positive,27,0,disordered
ELME000063,MOD_CK1_1,Casein kinase 1 (CK1) Phosphorylation site,MOD,CK1 phosphorylation site,PF00069,Pkinase,Protein kinase domain,S..([ST])...,SLLSDGP,375,381,FOXO1_HUMAN,Homo sapiens,14710188 11980723,true positive,27,0,disordered
ELME000063,MOD_CK1_1,Casein kinase 1 (CK1) Phosphorylation site,MOD,CK1 phosphorylation site,PF00069,Pkinase,Protein kinase domain,S..([ST])...,SLLSDGP,375,381,HIF1A_HUMAN,Homo sapiens,20699359,true positive,27,0,disordered
ELME000063,MOD_CK1_1,Casein kinase 1 (CK1) Phosphorylation site,MOD,CK1 phosphorylation site,PF00069,Pkinase,Protein kinase domain,S..([ST])...,SLLSDGP,375,381,JADE1_HUMAN,Homo sapiens,25100726,true positive,27,0,disordered
ELME000063,MOD_CK1_1,Casein kinase 1 (CK1) Phosphorylation site,MOD,CK1 phosphorylation site,PF00069,Pkinase,Protein kinase domain,S..([ST])...,SLLSDGP,375,381,KPCD2_HUMAN,Homo sapiens,17962809,true positive,27,0,disordered
ELME000063,MOD_CK1_1,Casein kinase 1 (CK1) Phosphorylation site,MOD,CK1 phosphorylation site,PF00069,Pkinase,Protein kinase domain,S..([ST])...,SLLSDGP,375,381,LRRK2_MOUSE,Mus musculus,25500533,true positive,27,0,disordered
ELME000063,MOD_CK1_1,Casein kinase 1 (CK1) Phosphorylation site,MOD,CK1 phosphorylation site,PF00069,Pkinase,Protein kinase domain,S..([ST])...,SLLSDGP,375,381,MDM2_HUMAN,Homo sapiens,20708156,true positive,27,0,disordered
ELME000063,MOD_CK1_1,Casein kinase 1 (CK1) Phosphorylation site,MOD,CK1 phosphorylation site,PF00069,Pkinase,Protein kinase domain,S..([ST])...,SLLSDGP,375,381,MDM4_HUMAN,Homo sapiens,16024788,true positive,27,0,disordered
ELME000063,MOD_CK1_1,Casein kinase 1 (CK1) Phosphorylation site,MOD,CK1 phosphorylation site,PF00069,Pkinase,Protein kinase domain,S..([ST])...,SLLSDGP,375,381,MPIP1_HUMAN,Homo sapiens,20348946,true positive,27,0,disordered
ELME000063,MOD_CK1_1,Casein kinase 1 (CK1) Phosphorylation site,MOD,CK1 phosphorylation site,PF00069,Pkinase,Protein kinase domain,S..([ST])...,SLLSDGP,375,381,MTSS1_HUMAN,Homo sapiens,24318128,true positive,27,0,disordered
ELME000063,MOD_CK1_1,Casein kinase 1 (CK1) Phosphorylation site,MOD,CK1 phosphorylation site,PF00069,Pkinase,Protein kinase domain,S..([ST])...,SLLSDGP,375,381,NCOA3_HUMAN,Homo sapiens,19339517,true positive,27,0,disordered
ELME000063,MOD_CK1_1,Casein kinase 1 (CK1) Phosphorylation site,MOD,CK1 phosphorylation site,PF00069,Pkinase,Protein kinase domain,S..([ST])...,SLLSDGP,375,381,NFAT5_HUMAN,Homo sapiens,18411282,true positive,27,0,disordered
ELME000063,MOD_CK1_1,Casein kinase 1 (CK1) Phosphorylation site,MOD,CK1 phosphorylation site,PF00069,Pkinase,Protein kinase domain,S..([ST])...,SLLSDGP,375,381,P53_HUMAN,Homo sapiens,10734067 10606744,true positive,27,0,disordered
ELME000063,MOD_CK1_1,Casein kinase 1 (CK1) Phosphorylation site,MOD,CK1 phosphorylation site,PF00069,Pkinase,Protein kinase domain,S..([ST])...,SLLSDGP,375,381,PER2_HUMAN,Homo sapiens,21324900,true positive,27,0,disordered
ELME000063,MOD_CK1_1,Casein kinase 1 (CK1) Phosphorylation site,MOD,CK1 phosphorylation site,PF00069,Pkinase,Protein kinase domain,S..([ST])...,SLLSDGP,375,381,PYRG2_HUMAN,Homo sapiens,20739275,true positive,27,0,disordered
ELME000063,MOD_CK1_1,Casein kinase 1 (CK1) Phosphorylation site,MOD,CK1 phosphorylation site,PF00069,Pkinase,Protein kinase domain,S..([ST])...,SLLSDGP,375,381,TRAF3_HUMAN,Homo sapiens,26928339,true positive,27,0,disordered
ELME000063,MOD_CK1_1,Casein kinase 1 (CK1) Phosphorylation site,MOD,CK1 phosphorylation site,PF00069,Pkinase,Protein kinase domain,S..([ST])...,SLLSDGP,375,381,TRPM4_HUMAN,Homo sapiens,25231975,true positive,27,0,disordered
ELME000063,MOD_CK1_1,Casein kinase 1 (CK1) Phosphorylation site,MOD,CK1 phosphorylation site,PF00069,Pkinase,Protein kinase domain,S..([ST])...,SLLSDGP,375,381,YAP1_HUMAN,Homo sapiens,20048001,true positive,27,0,disordered
ELME000063,MOD_CK1_1,Casein kinase 1 (CK1) Phosphorylation site,MOD,CK1 phosphorylation site,PF00069,Pkinase,Protein kinase domain,S..([ST])...,SVSSSSW,397,403,APC_HUMAN,Homo sapiens,17910481,true positive,27,0,disordered
ELME000063,MOD_CK1_1,Casein kinase 1 (CK1) Phosphorylation site,MOD,CK1 phosphorylation site,PF00069,Pkinase,Protein kinase domain,S..([ST])...,SVSSSSW,397,403,ATOH1_HUMAN,Homo sapiens,27542412,true positive,27,0,disordered
ELME000063,MOD_CK1_1,Casein kinase 1 (CK1) Phosphorylation site,MOD,CK1 phosphorylation site,PF00069,Pkinase,Protein kinase domain,S..([ST])...,SVSSSSW,397,403,BECN1_HUMAN,Homo sapiens,26008601,true positive,27,0,disordered
ELME000063,MOD_CK1_1,Casein kinase 1 (CK1) Phosphorylation site,MOD,CK1 phosphorylation site,PF00069,Pkinase,Protein kinase domain,S..([ST])...,SVSSSSW,397,403,BID_MOUSE,Mus musculus,11583622,true positive,27,0,disordered
ELME000063,MOD_CK1_1,Casein kinase 1 (CK1) Phosphorylation site,MOD,CK1 phosphorylation site,PF00069,Pkinase,Protein kinase domain,S..([ST])...,SVSSSSW,397,403,CADH1_MOUSE,Mus musculus,17353278,true positive,27,0,disordered
ELME000063,MOD_CK1_1,Casein kinase 1 (CK1) Phosphorylation site,MOD,CK1 phosphorylation site,PF00069,Pkinase,Protein kinase domain,S..([ST])...,SVSSSSW,397,403,CRY2_ARATH,Arabidopsis thaliana,23897926,true positive,27,0,disordered
ELME000063,MOD_CK1_1,Casein kinase 1 (CK1) Phosphorylation site,MOD,CK1 phosphorylation site,PF00069,Pkinase,Protein kinase domain,S..([ST])...,SVSSSSW,397,403,DNMT1_MOUSE,Mus musculus,20192920,true positive,27,0,disordered
ELME000063,MOD_CK1_1,Casein kinase 1 (CK1) Phosphorylation site,MOD,CK1 phosphorylation site,PF00069,Pkinase,Protein kinase domain,S..([ST])...,SVSSSSW,397,403,DVL1_MOUSE,Mus musculus,16965538,true positive,27,0,disordered
ELME000063,MOD_CK1_1,Casein kinase 1 (CK1) Phosphorylation site,MOD,CK1 phosphorylation site,PF00069,Pkinase,Protein kinase domain,S..([ST])...,SVSSSSW,397,403,EPAS1_HUMAN,Homo sapiens,27686097,true positive,27,0,disordered
ELME000063,MOD_CK1_1,Casein kinase 1 (CK1) Phosphorylation site,MOD,CK1 phosphorylation site,PF00069,Pkinase,Protein kinase domain,S..([ST])...,SVSSSSW,397,403,FADD_HUMAN,Homo sapiens,16061179,true positive,27,0,disordered
ELME000063,MOD_CK1_1,Casein kinase 1 (CK1) Phosphorylation site,MOD,CK1 phosphorylation site,PF00069,Pkinase,Protein kinase domain,S..([ST])...,SVSSSSW,397,403,FOXO1_HUMAN,Homo sapiens,14710188 11980723,true positive,27,0,disordered
ELME000063,MOD_CK1_1,Casein kinase 1 (CK1) Phosphorylation site,MOD,CK1 phosphorylation site,PF00069,Pkinase,Protein kinase domain,S..([ST])...,SVSSSSW,397,403,HIF1A_HUMAN,Homo sapiens,20699359,true positive,27,0,disordered
ELME000063,MOD_CK1_1,Casein kinase 1 (CK1) Phosphorylation site,MOD,CK1 phosphorylation site,PF00069,Pkinase,Protein kinase domain,S..([ST])...,SVSSSSW,397,403,JADE1_HUMAN,Homo sapiens,25100726,true positive,27,0,disordered
ELME000063,MOD_CK1_1,Casein kinase 1 (CK1) Phosphorylation site,MOD,CK1 phosphorylation site,PF00069,Pkinase,Protein kinase domain,S..([ST])...,SVSSSSW,397,403,KPCD2_HUMAN,Homo sapiens,17962809,true positive,27,0,disordered
ELME000063,MOD_CK1_1,Casein kinase 1 (CK1) Phosphorylation site,MOD,CK1 phosphorylation site,PF00069,Pkinase,Protein kinase domain,S..([ST])...,SVSSSSW,397,403,LRRK2_MOUSE,Mus musculus,25500533,true positive,27,0,disordered
ELME000063,MOD_CK1_1,Casein kinase 1 (CK1) Phosphorylation site,MOD,CK1 phosphorylation site,PF00069,Pkinase,Protein kinase domain,S..([ST])...,SVSSSSW,397,403,MDM2_HUMAN,Homo sapiens,20708156,true positive,27,0,disordered
ELME000063,MOD_CK1_1,Casein kinase 1 (CK1) Phosphorylation site,MOD,CK1 phosphorylation site,PF00069,Pkinase,Protein kinase domain,S..([ST])...,SVSSSSW,397,403,MDM4_HUMAN,Homo sapiens,16024788,true positive,27,0,disordered
ELME000063,MOD_CK1_1,Casein kinase 1 (CK1) Phosphorylation site,MOD,CK1 phosphorylation site,PF00069,Pkinase,Protein kinase domain,S..([ST])...,SVSSSSW,397,403,MPIP1_HUMAN,Homo sapiens,20348946,true positive,27,0,disordered
ELME000063,MOD_CK1_1,Casein kinase 1 (CK1) Phosphorylation site,MOD,CK1 phosphorylation site,PF00069,Pkinase,Protein kinase domain,S..([ST])...,SVSSSSW,397,403,MTSS1_HUMAN,Homo sapiens,24318128,true positive,27,0,disordered
ELME000063,MOD_CK1_1,Casein kinase 1 (CK1) Phosphorylation site,MOD,CK1 phosphorylation site,PF00069,Pkinase,Protein kinase domain,S..([ST])...,SVSSSSW,397,403,NCOA3_HUMAN,Homo sapiens,19339517,true positive,27,0,disordered
ELME000063,MOD_CK1_1,Casein kinase 1 (CK1) Phosphorylation site,MOD,CK1 phosphorylation site,PF00069,Pkinase,Protein kinase domain,S..([ST])...,SVSSSSW,397,403,NFAT5_HUMAN,Homo sapiens,18411282,true positive,27,0,disordered
ELME000063,MOD_CK1_1,Casein kinase 1 (CK1) Phosphorylation site,MOD,CK1 phosphorylation site,PF00069,Pkinase,Protein kinase domain,S..([ST])...,SVSSSSW,397,403,P53_HUMAN,Homo sapiens,10734067 10606744,true positive,27,0,disordered
ELME000063,MOD_CK1_1,Casein kinase 1 (CK1) Phosphorylation site,MOD,CK1 phosphorylation site,PF00069,Pkinase,Protein kinase domain,S..([ST])...,SVSSSSW,397,403,PER2_HUMAN,Homo sapiens,21324900,true positive,27,0,disordered
ELME000063,MOD_CK1_1,Casein kinase 1 (CK1) Phosphorylation site,MOD,CK1 phosphorylation site,PF00069,Pkinase,Protein kinase domain,S..([ST])...,SVSSSSW,397,403,PYRG2_HUMAN,Homo sapiens,20739275,true positive,27,0,disordered
ELME000063,MOD_CK1_1,Casein kinase 1 (CK1) Phosphorylation site,MOD,CK1 phosphorylation site,PF00069,Pkinase,Protein kinase domain,S..([ST])...,SVSSSSW,397,403,TRAF3_HUMAN,Homo sapiens,26928339,true positive,27,0,disordered
ELME000063,MOD_CK1_1,Casein kinase 1 (CK1) Phosphorylation site,MOD,CK1 phosphorylation site,PF00069,Pkinase,Protein kinase domain,S..([ST])...,SVSSSSW,397,403,TRPM4_HUMAN,Homo sapiens,25231975,true positive,27,0,disordered
ELME000063,MOD_CK1_1,Casein kinase 1 (CK1) Phosphorylation site,MOD,CK1 phosphorylation site,PF00069,Pkinase,Protein kinase domain,S..([ST])...,SVSSSSW,397,403,YAP1_HUMAN,Homo sapiens,20048001,true positive,27,0,disordered
ELME000063,MOD_CK1_1,Casein kinase 1 (CK1) Phosphorylation site,MOD,CK1 phosphorylation site,PF00069,Pkinase,Protein kinase domain,S..([ST])...,SSSSWSI,399,405,APC_HUMAN,Homo sapiens,17910481,true positive,27,0,disordered
ELME000063,MOD_CK1_1,Casein kinase 1 (CK1) Phosphorylation site,MOD,CK1 phosphorylation site,PF00069,Pkinase,Protein kinase domain,S..([ST])...,SSSSWSI,399,405,ATOH1_HUMAN,Homo sapiens,27542412,true positive,27,0,disordered
ELME000063,MOD_CK1_1,Casein kinase 1 (CK1) Phosphorylation site,MOD,CK1 phosphorylation site,PF00069,Pkinase,Protein kinase domain,S..([ST])...,SSSSWSI,399,405,BECN1_HUMAN,Homo sapiens,26008601,true positive,27,0,disordered
ELME000063,MOD_CK1_1,Casein kinase 1 (CK1) Phosphorylation site,MOD,CK1 phosphorylation site,PF00069,Pkinase,Protein kinase domain,S..([ST])...,SSSSWSI,399,405,BID_MOUSE,Mus musculus,11583622,true positive,27,0,disordered
ELME000063,MOD_CK1_1,Casein kinase 1 (CK1) Phosphorylation site,MOD,CK1 phosphorylation site,PF00069,Pkinase,Protein kinase domain,S..([ST])...,SSSSWSI,399,405,CADH1_MOUSE,Mus musculus,17353278,true positive,27,0,disordered
ELME000063,MOD_CK1_1,Casein kinase 1 (CK1) Phosphorylation site,MOD,CK1 phosphorylation site,PF00069,Pkinase,Protein kinase domain,S..([ST])...,SSSSWSI,399,405,CRY2_ARATH,Arabidopsis thaliana,23897926,true positive,27,0,disordered
ELME000063,MOD_CK1_1,Casein kinase 1 (CK1) Phosphorylation site,MOD,CK1 phosphorylation site,PF00069,Pkinase,Protein kinase domain,S..([ST])...,SSSSWSI,399,405,DNMT1_MOUSE,Mus musculus,20192920,true positive,27,0,disordered
ELME000063,MOD_CK1_1,Casein kinase 1 (CK1) Phosphorylation site,MOD,CK1 phosphorylation site,PF00069,Pkinase,Protein kinase domain,S..([ST])...,SSSSWSI,399,405,DVL1_MOUSE,Mus musculus,16965538,true positive,27,0,disordered
ELME000063,MOD_CK1_1,Casein kinase 1 (CK1) Phosphorylation site,MOD,CK1 phosphorylation site,PF00069,Pkinase,Protein kinase domain,S..([ST])...,SSSSWSI,399,405,EPAS1_HUMAN,Homo sapiens,27686097,true positive,27,0,disordered
ELME000063,MOD_CK1_1,Casein kinase 1 (CK1) Phosphorylation site,MOD,CK1 phosphorylation site,PF00069,Pkinase,Protein kinase domain,S..([ST])...,SSSSWSI,399,405,FADD_HUMAN,Homo sapiens,16061179,true positive,27,0,disordered
ELME000063,MOD_CK1_1,Casein kinase 1 (CK1) Phosphorylation site,MOD,CK1 phosphorylation site,PF00069,Pkinase,Protein kinase domain,S..([ST])...,SSSSWSI,399,405,FOXO1_HUMAN,Homo sapiens,14710188 11980723,true positive,27,0,disordered
ELME000063,MOD_CK1_1,Casein kinase 1 (CK1) Phosphorylation site,MOD,CK1 phosphorylation site,PF00069,Pkinase,Protein kinase domain,S..([ST])...,SSSSWSI,399,405,HIF1A_HUMAN,Homo sapiens,20699359,true positive,27,0,disordered
ELME000063,MOD_CK1_1,Casein kinase 1 (CK1) Phosphorylation site,MOD,CK1 phosphorylation site,PF00069,Pkinase,Protein kinase domain,S..([ST])...,SSSSWSI,399,405,JADE1_HUMAN,Homo sapiens,25100726,true positive,27,0,disordered
ELME000063,MOD_CK1_1,Casein kinase 1 (CK1) Phosphorylation site,MOD,CK1 phosphorylation site,PF00069,Pkinase,Protein kinase domain,S..([ST])...,SSSSWSI,399,405,KPCD2_HUMAN,Homo sapiens,17962809,true positive,27,0,disordered
ELME000063,MOD_CK1_1,Casein kinase 1 (CK1) Phosphorylation site,MOD,CK1 phosphorylation site,PF00069,Pkinase,Protein kinase domain,S..([ST])...,SSSSWSI,399,405,LRRK2_MOUSE,Mus musculus,25500533,true positive,27,0,disordered
ELME000063,MOD_CK1_1,Casein kinase 1 (CK1) Phosphorylation site,MOD,CK1 phosphorylation site,PF00069,Pkinase,Protein kinase domain,S..([ST])...,SSSSWSI,399,405,MDM2_HUMAN,Homo sapiens,20708156,true positive,27,0,disordered
ELME000063,MOD_CK1_1,Casein kinase 1 (CK1) Phosphorylation site,MOD,CK1 phosphorylation site,PF00069,Pkinase,Protein kinase domain,S..([ST])...,SSSSWSI,399,405,MDM4_HUMAN,Homo sapiens,16024788,true positive,27,0,disordered
ELME000063,MOD_CK1_1,Casein kinase 1 (CK1) Phosphorylation site,MOD,CK1 phosphorylation site,PF00069,Pkinase,Protein kinase domain,S..([ST])...,SSSSWSI,399,405,MPIP1_HUMAN,Homo sapiens,20348946,true positive,27,0,disordered
ELME000063,MOD_CK1_1,Casein kinase 1 (CK1) Phosphorylation site,MOD,CK1 phosphorylation site,PF00069,Pkinase,Protein kinase domain,S..([ST])...,SSSSWSI,399,405,MTSS1_HUMAN,Homo sapiens,24318128,true positive,27,0,disordered
ELME000063,MOD_CK1_1,Casein kinase 1 (CK1) Phosphorylation site,MOD,CK1 phosphorylation site,PF00069,Pkinase,Protein kinase domain,S..([ST])...,SSSSWSI,399,405,NCOA3_HUMAN,Homo sapiens,19339517,true positive,27,0,disordered
ELME000063,MOD_CK1_1,Casein kinase 1 (CK1) Phosphorylation site,MOD,CK1 phosphorylation site,PF00069,Pkinase,Protein kinase domain,S..([ST])...,SSSSWSI,399,405,NFAT5_HUMAN,Homo sapiens,18411282,true positive,27,0,disordered
ELME000063,MOD_CK1_1,Casein kinase 1 (CK1) Phosphorylation site,MOD,CK1 phosphorylation site,PF00069,Pkinase,Protein kinase domain,S..([ST])...,SSSSWSI,399,405,P53_HUMAN,Homo sapiens,10734067 10606744,true positive,27,0,disordered
ELME000063,MOD_CK1_1,Casein kinase 1 (CK1) Phosphorylation site,MOD,CK1 phosphorylation site,PF00069,Pkinase,Protein kinase domain,S..([ST])...,SSSSWSI,399,405,PER2_HUMAN,Homo sapiens,21324900,true positive,27,0,disordered
ELME000063,MOD_CK1_1,Casein kinase 1 (CK1) Phosphorylation site,MOD,CK1 phosphorylation site,PF00069,Pkinase,Protein kinase domain,S..([ST])...,SSSSWSI,399,405,PYRG2_HUMAN,Homo sapiens,20739275,true positive,27,0,disordered
ELME000063,MOD_CK1_1,Casein kinase 1 (CK1) Phosphorylation site,MOD,CK1 phosphorylation site,PF00069,Pkinase,Protein kinase domain,S..([ST])...,SSSSWSI,399,405,TRAF3_HUMAN,Homo sapiens,26928339,true positive,27,0,disordered
ELME000063,MOD_CK1_1,Casein kinase 1 (CK1) Phosphorylation site,MOD,CK1 phosphorylation site,PF00069,Pkinase,Protein kinase domain,S..([ST])...,SSSSWSI,399,405,TRPM4_HUMAN,Homo sapiens,25231975,true positive,27,0,disordered
ELME000063,MOD_CK1_1,Casein kinase 1 (CK1) Phosphorylation site,MOD,CK1 phosphorylation site,PF00069,Pkinase,Protein kinase domain,S..([ST])...,SSSSWSI,399,405,YAP1_HUMAN,Homo sapiens,20048001,true positive,27,0,disordered
ELME000063,MOD_CK1_1,Casein kinase 1 (CK1) Phosphorylation site,MOD,CK1 phosphorylation site,PF00069,Pkinase,Protein kinase domain,S..([ST])...,SVTSEAA,426,432,APC_HUMAN,Homo sapiens,17910481,true positive,27,0,disordered
ELME000063,MOD_CK1_1,Casein kinase 1 (CK1) Phosphorylation site,MOD,CK1 phosphorylation site,PF00069,Pkinase,Protein kinase domain,S..([ST])...,SVTSEAA,426,432,ATOH1_HUMAN,Homo sapiens,27542412,true positive,27,0,disordered
ELME000063,MOD_CK1_1,Casein kinase 1 (CK1) Phosphorylation site,MOD,CK1 phosphorylation site,PF00069,Pkinase,Protein kinase domain,S..([ST])...,SVTSEAA,426,432,BECN1_HUMAN,Homo sapiens,26008601,true positive,27,0,disordered
ELME000063,MOD_CK1_1,Casein kinase 1 (CK1) Phosphorylation site,MOD,CK1 phosphorylation site,PF00069,Pkinase,Protein kinase domain,S..([ST])...,SVTSEAA,426,432,BID_MOUSE,Mus musculus,11583622,true positive,27,0,disordered
ELME000063,MOD_CK1_1,Casein kinase 1 (CK1) Phosphorylation site,MOD,CK1 phosphorylation site,PF00069,Pkinase,Protein kinase domain,S..([ST])...,SVTSEAA,426,432,CADH1_MOUSE,Mus musculus,17353278,true positive,27,0,disordered
ELME000063,MOD_CK1_1,Casein kinase 1 (CK1) Phosphorylation site,MOD,CK1 phosphorylation site,PF00069,Pkinase,Protein kinase domain,S..([ST])...,SVTSEAA,426,432,CRY2_ARATH,Arabidopsis thaliana,23897926,true positive,27,0,disordered
ELME000063,MOD_CK1_1,Casein kinase 1 (CK1) Phosphorylation site,MOD,CK1 phosphorylation site,PF00069,Pkinase,Protein kinase domain,S..([ST])...,SVTSEAA,426,432,DNMT1_MOUSE,Mus musculus,20192920,true positive,27,0,disordered
ELME000063,MOD_CK1_1,Casein kinase 1 (CK1) Phosphorylation site,MOD,CK1 phosphorylation site,PF00069,Pkinase,Protein kinase domain,S..([ST])...,SVTSEAA,426,432,DVL1_MOUSE,Mus musculus,16965538,true positive,27,0,disordered
ELME000063,MOD_CK1_1,Casein kinase 1 (CK1) Phosphorylation site,MOD,CK1 phosphorylation site,PF00069,Pkinase,Protein kinase domain,S..([ST])...,SVTSEAA,426,432,EPAS1_HUMAN,Homo sapiens,27686097,true positive,27,0,disordered
ELME000063,MOD_CK1_1,Casein kinase 1 (CK1) Phosphorylation site,MOD,CK1 phosphorylation site,PF00069,Pkinase,Protein kinase domain,S..([ST])...,SVTSEAA,426,432,FADD_HUMAN,Homo sapiens,16061179,true positive,27,0,disordered
ELME000063,MOD_CK1_1,Casein kinase 1 (CK1) Phosphorylation site,MOD,CK1 phosphorylation site,PF00069,Pkinase,Protein kinase domain,S..([ST])...,SVTSEAA,426,432,FOXO1_HUMAN,Homo sapiens,14710188 11980723,true positive,27,0,disordered
ELME000063,MOD_CK1_1,Casein kinase 1 (CK1) Phosphorylation site,MOD,CK1 phosphorylation site,PF00069,Pkinase,Protein kinase domain,S..([ST])...,SVTSEAA,426,432,HIF1A_HUMAN,Homo sapiens,20699359,true positive,27,0,disordered
ELME000063,MOD_CK1_1,Casein kinase 1 (CK1) Phosphorylation site,MOD,CK1 phosphorylation site,PF00069,Pkinase,Protein kinase domain,S..([ST])...,SVTSEAA,426,432,JADE1_HUMAN,Homo sapiens,25100726,true positive,27,0,disordered
ELME000063,MOD_CK1_1,Casein kinase 1 (CK1) Phosphorylation site,MOD,CK1 phosphorylation site,PF00069,Pkinase,Protein kinase domain,S..([ST])...,SVTSEAA,426,432,KPCD2_HUMAN,Homo sapiens,17962809,true positive,27,0,disordered
ELME000063,MOD_CK1_1,Casein kinase 1 (CK1) Phosphorylation site,MOD,CK1 phosphorylation site,PF00069,Pkinase,Protein kinase domain,S..([ST])...,SVTSEAA,426,432,LRRK2_MOUSE,Mus musculus,25500533,true positive,27,0,disordered
ELME000063,MOD_CK1_1,Casein kinase 1 (CK1) Phosphorylation site,MOD,CK1 phosphorylation site,PF00069,Pkinase,Protein kinase domain,S..([ST])...,SVTSEAA,426,432,MDM2_HUMAN,Homo sapiens,20708156,true positive,27,0,disordered
ELME000063,MOD_CK1_1,Casein kinase 1 (CK1) Phosphorylation site,MOD,CK1 phosphorylation site,PF00069,Pkinase,Protein kinase domain,S..([ST])...,SVTSEAA,426,432,MDM4_HUMAN,Homo sapiens,16024788,true positive,27,0,disordered
ELME000063,MOD_CK1_1,Casein kinase 1 (CK1) Phosphorylation site,MOD,CK1 phosphorylation site,PF00069,Pkinase,Protein kinase domain,S..([ST])...,SVTSEAA,426,432,MPIP1_HUMAN,Homo sapiens,20348946,true positive,27,0,disordered
ELME000063,MOD_CK1_1,Casein kinase 1 (CK1) Phosphorylation site,MOD,CK1 phosphorylation site,PF00069,Pkinase,Protein kinase domain,S..([ST])...,SVTSEAA,426,432,MTSS1_HUMAN,Homo sapiens,24318128,true positive,27,0,disordered
ELME000063,MOD_CK1_1,Casein kinase 1 (CK1) Phosphorylation site,MOD,CK1 phosphorylation site,PF00069,Pkinase,Protein kinase domain,S..([ST])...,SVTSEAA,426,432,NCOA3_HUMAN,Homo sapiens,19339517,true positive,27,0,disordered
ELME000063,MOD_CK1_1,Casein kinase 1 (CK1) Phosphorylation site,MOD,CK1 phosphorylation site,PF00069,Pkinase,Protein kinase domain,S..([ST])...,SVTSEAA,426,432,NFAT5_HUMAN,Homo sapiens,18411282,true positive,27,0,disordered
ELME000063,MOD_CK1_1,Casein kinase 1 (CK1) Phosphorylation site,MOD,CK1 phosphorylation site,PF00069,Pkinase,Protein kinase domain,S..([ST])...,SVTSEAA,426,432,P53_HUMAN,Homo sapiens,10734067 10606744,true positive,27,0,disordered
ELME000063,MOD_CK1_1,Casein kinase 1 (CK1) Phosphorylation site,MOD,CK1 phosphorylation site,PF00069,Pkinase,Protein kinase domain,S..([ST])...,SVTSEAA,426,432,PER2_HUMAN,Homo sapiens,21324900,true positive,27,0,disordered
ELME000063,MOD_CK1_1,Casein kinase 1 (CK1) Phosphorylation site,MOD,CK1 phosphorylation site,PF00069,Pkinase,Protein kinase domain,S..([ST])...,SVTSEAA,426,432,PYRG2_HUMAN,Homo sapiens,20739275,true positive,27,0,disordered
ELME000063,MOD_CK1_1,Casein kinase 1 (CK1) Phosphorylation site,MOD,CK1 phosphorylation site,PF00069,Pkinase,Protein kinase domain,S..([ST])...,SVTSEAA,426,432,TRAF3_HUMAN,Homo sapiens,26928339,true positive,27,0,disordered
ELME000063,MOD_CK1_1,Casein kinase 1 (CK1) Phosphorylation site,MOD,CK1 phosphorylation site,PF00069,Pkinase,Protein kinase domain,S..([ST])...,SVTSEAA,426,432,TRPM4_HUMAN,Homo sapiens,25231975,true positive,27,0,disordered
ELME000063,MOD_CK1_1,Casein kinase 1 (CK1) Phosphorylation site,MOD,CK1 phosphorylation site,PF00069,Pkinase,Protein kinase domain,S..([ST])...,SVTSEAA,426,432,YAP1_HUMAN,Homo sapiens,20048001,true positive,27,0,disordered
ELME000063,MOD_CK1_1,Casein kinase 1 (CK1) Phosphorylation site,MOD,CK1 phosphorylation site,PF00069,Pkinase,Protein kinase domain,S..([ST])...,SRASSRT,476,482,APC_HUMAN,Homo sapiens,17910481,true positive,27,0,disordered
ELME000063,MOD_CK1_1,Casein kinase 1 (CK1) Phosphorylation site,MOD,CK1 phosphorylation site,PF00069,Pkinase,Protein kinase domain,S..([ST])...,SRASSRT,476,482,ATOH1_HUMAN,Homo sapiens,27542412,true positive,27,0,disordered
ELME000063,MOD_CK1_1,Casein kinase 1 (CK1) Phosphorylation site,MOD,CK1 phosphorylation site,PF00069,Pkinase,Protein kinase domain,S..([ST])...,SRASSRT,476,482,BECN1_HUMAN,Homo sapiens,26008601,true positive,27,0,disordered
ELME000063,MOD_CK1_1,Casein kinase 1 (CK1) Phosphorylation site,MOD,CK1 phosphorylation site,PF00069,Pkinase,Protein kinase domain,S..([ST])...,SRASSRT,476,482,BID_MOUSE,Mus musculus,11583622,true positive,27,0,disordered
ELME000063,MOD_CK1_1,Casein kinase 1 (CK1) Phosphorylation site,MOD,CK1 phosphorylation site,PF00069,Pkinase,Protein kinase domain,S..([ST])...,SRASSRT,476,482,CADH1_MOUSE,Mus musculus,17353278,true positive,27,0,disordered
ELME000063,MOD_CK1_1,Casein kinase 1 (CK1) Phosphorylation site,MOD,CK1 phosphorylation site,PF00069,Pkinase,Protein kinase domain,S..([ST])...,SRASSRT,476,482,CRY2_ARATH,Arabidopsis thaliana,23897926,true positive,27,0,disordered
ELME000063,MOD_CK1_1,Casein kinase 1 (CK1) Phosphorylation site,MOD,CK1 phosphorylation site,PF00069,Pkinase,Protein kinase domain,S..([ST])...,SRASSRT,476,482,DNMT1_MOUSE,Mus musculus,20192920,true positive,27,0,disordered
ELME000063,MOD_CK1_1,Casein kinase 1 (CK1) Phosphorylation site,MOD,CK1 phosphorylation site,PF00069,Pkinase,Protein kinase domain,S..([ST])...,SRASSRT,476,482,DVL1_MOUSE,Mus musculus,16965538,true positive,27,0,disordered
ELME000063,MOD_CK1_1,Casein kinase 1 (CK1) Phosphorylation site,MOD,CK1 phosphorylation site,PF00069,Pkinase,Protein kinase domain,S..([ST])...,SRASSRT,476,482,EPAS1_HUMAN,Homo sapiens,27686097,true positive,27,0,disordered
ELME000063,MOD_CK1_1,Casein kinase 1 (CK1) Phosphorylation site,MOD,CK1 phosphorylation site,PF00069,Pkinase,Protein kinase domain,S..([ST])...,SRASSRT,476,482,FADD_HUMAN,Homo sapiens,16061179,true positive,27,0,disordered
ELME000063,MOD_CK1_1,Casein kinase 1 (CK1) Phosphorylation site,MOD,CK1 phosphorylation site,PF00069,Pkinase,Protein kinase domain,S..([ST])...,SRASSRT,476,482,FOXO1_HUMAN,Homo sapiens,14710188 11980723,true positive,27,0,disordered
ELME000063,MOD_CK1_1,Casein kinase 1 (CK1) Phosphorylation site,MOD,CK1 phosphorylation site,PF00069,Pkinase,Protein kinase domain,S..([ST])...,SRASSRT,476,482,HIF1A_HUMAN,Homo sapiens,20699359,true positive,27,0,disordered
ELME000063,MOD_CK1_1,Casein kinase 1 (CK1) Phosphorylation site,MOD,CK1 phosphorylation site,PF00069,Pkinase,Protein kinase domain,S..([ST])...,SRASSRT,476,482,JADE1_HUMAN,Homo sapiens,25100726,true positive,27,0,disordered
ELME000063,MOD_CK1_1,Casein kinase 1 (CK1) Phosphorylation site,MOD,CK1 phosphorylation site,PF00069,Pkinase,Protein kinase domain,S..([ST])...,SRASSRT,476,482,KPCD2_HUMAN,Homo sapiens,17962809,true positive,27,0,disordered
ELME000063,MOD_CK1_1,Casein kinase 1 (CK1) Phosphorylation site,MOD,CK1 phosphorylation site,PF00069,Pkinase,Protein kinase domain,S..([ST])...,SRASSRT,476,482,LRRK2_MOUSE,Mus musculus,25500533,true positive,27,0,disordered
ELME000063,MOD_CK1_1,Casein kinase 1 (CK1) Phosphorylation site,MOD,CK1 phosphorylation site,PF00069,Pkinase,Protein kinase domain,S..([ST])...,SRASSRT,476,482,MDM2_HUMAN,Homo sapiens,20708156,true positive,27,0,disordered
ELME000063,MOD_CK1_1,Casein kinase 1 (CK1) Phosphorylation site,MOD,CK1 phosphorylation site,PF00069,Pkinase,Protein kinase domain,S..([ST])...,SRASSRT,476,482,MDM4_HUMAN,Homo sapiens,16024788,true positive,27,0,disordered
ELME000063,MOD_CK1_1,Casein kinase 1 (CK1) Phosphorylation site,MOD,CK1 phosphorylation site,PF00069,Pkinase,Protein kinase domain,S..([ST])...,SRASSRT,476,482,MPIP1_HUMAN,Homo sapiens,20348946,true positive,27,0,disordered
ELME000063,MOD_CK1_1,Casein kinase 1 (CK1) Phosphorylation site,MOD,CK1 phosphorylation site,PF00069,Pkinase,Protein kinase domain,S..([ST])...,SRASSRT,476,482,MTSS1_HUMAN,Homo sapiens,24318128,true positive,27,0,disordered
ELME000063,MOD_CK1_1,Casein kinase 1 (CK1) Phosphorylation site,MOD,CK1 phosphorylation site,PF00069,Pkinase,Protein kinase domain,S..([ST])...,SRASSRT,476,482,NCOA3_HUMAN,Homo sapiens,19339517,true positive,27,0,disordered
ELME000063,MOD_CK1_1,Casein kinase 1 (CK1) Phosphorylation site,MOD,CK1 phosphorylation site,PF00069,Pkinase,Protein kinase domain,S..([ST])...,SRASSRT,476,482,NFAT5_HUMAN,Homo sapiens,18411282,true positive,27,0,disordered
ELME000063,MOD_CK1_1,Casein kinase 1 (CK1) Phosphorylation site,MOD,CK1 phosphorylation site,PF00069,Pkinase,Protein kinase domain,S..([ST])...,SRASSRT,476,482,P53_HUMAN,Homo sapiens,10734067 10606744,true positive,27,0,disordered
ELME000063,MOD_CK1_1,Casein kinase 1 (CK1) Phosphorylation site,MOD,CK1 phosphorylation site,PF00069,Pkinase,Protein kinase domain,S..([ST])...,SRASSRT,476,482,PER2_HUMAN,Homo sapiens,21324900,true positive,27,0,disordered
ELME000063,MOD_CK1_1,Casein kinase 1 (CK1) Phosphorylation site,MOD,CK1 phosphorylation site,PF00069,Pkinase,Protein kinase domain,S..([ST])...,SRASSRT,476,482,PYRG2_HUMAN,Homo sapiens,20739275,true positive,27,0,disordered
ELME000063,MOD_CK1_1,Casein kinase 1 (CK1) Phosphorylation site,MOD,CK1 phosphorylation site,PF00069,Pkinase,Protein kinase domain,S..([ST])...,SRASSRT,476,482,TRAF3_HUMAN,Homo sapiens,26928339,true positive,27,0,disordered
ELME000063,MOD_CK1_1,Casein kinase 1 (CK1) Phosphorylation site,MOD,CK1 phosphorylation site,PF00069,Pkinase,Protein kinase domain,S..([ST])...,SRASSRT,476,482,TRPM4_HUMAN,Homo sapiens,25231975,true positive,27,0,disordered
ELME000063,MOD_CK1_1,Casein kinase 1 (CK1) Phosphorylation site,MOD,CK1 phosphorylation site,PF00069,Pkinase,Protein kinase domain,S..([ST])...,SRASSRT,476,482,YAP1_HUMAN,Homo sapiens,20048001,true positive,27,0,disordered
ELME000063,MOD_CK1_1,Casein kinase 1 (CK1) Phosphorylation site,MOD,CK1 phosphorylation site,PF00069,Pkinase,Protein kinase domain,S..([ST])...,SSRTSLV,479,485,APC_HUMAN,Homo sapiens,17910481,true positive,27,0,disordered
ELME000063,MOD_CK1_1,Casein kinase 1 (CK1) Phosphorylation site,MOD,CK1 phosphorylation site,PF00069,Pkinase,Protein kinase domain,S..([ST])...,SSRTSLV,479,485,ATOH1_HUMAN,Homo sapiens,27542412,true positive,27,0,disordered
ELME000063,MOD_CK1_1,Casein kinase 1 (CK1) Phosphorylation site,MOD,CK1 phosphorylation site,PF00069,Pkinase,Protein kinase domain,S..([ST])...,SSRTSLV,479,485,BECN1_HUMAN,Homo sapiens,26008601,true positive,27,0,disordered
ELME000063,MOD_CK1_1,Casein kinase 1 (CK1) Phosphorylation site,MOD,CK1 phosphorylation site,PF00069,Pkinase,Protein kinase domain,S..([ST])...,SSRTSLV,479,485,BID_MOUSE,Mus musculus,11583622,true positive,27,0,disordered
ELME000063,MOD_CK1_1,Casein kinase 1 (CK1) Phosphorylation site,MOD,CK1 phosphorylation site,PF00069,Pkinase,Protein kinase domain,S..([ST])...,SSRTSLV,479,485,CADH1_MOUSE,Mus musculus,17353278,true positive,27,0,disordered
ELME000063,MOD_CK1_1,Casein kinase 1 (CK1) Phosphorylation site,MOD,CK1 phosphorylation site,PF00069,Pkinase,Protein kinase domain,S..([ST])...,SSRTSLV,479,485,CRY2_ARATH,Arabidopsis thaliana,23897926,true positive,27,0,disordered
ELME000063,MOD_CK1_1,Casein kinase 1 (CK1) Phosphorylation site,MOD,CK1 phosphorylation site,PF00069,Pkinase,Protein kinase domain,S..([ST])...,SSRTSLV,479,485,DNMT1_MOUSE,Mus musculus,20192920,true positive,27,0,disordered
ELME000063,MOD_CK1_1,Casein kinase 1 (CK1) Phosphorylation site,MOD,CK1 phosphorylation site,PF00069,Pkinase,Protein kinase domain,S..([ST])...,SSRTSLV,479,485,DVL1_MOUSE,Mus musculus,16965538,true positive,27,0,disordered
ELME000063,MOD_CK1_1,Casein kinase 1 (CK1) Phosphorylation site,MOD,CK1 phosphorylation site,PF00069,Pkinase,Protein kinase domain,S..([ST])...,SSRTSLV,479,485,EPAS1_HUMAN,Homo sapiens,27686097,true positive,27,0,disordered
ELME000063,MOD_CK1_1,Casein kinase 1 (CK1) Phosphorylation site,MOD,CK1 phosphorylation site,PF00069,Pkinase,Protein kinase domain,S..([ST])...,SSRTSLV,479,485,FADD_HUMAN,Homo sapiens,16061179,true positive,27,0,disordered
ELME000063,MOD_CK1_1,Casein kinase 1 (CK1) Phosphorylation site,MOD,CK1 phosphorylation site,PF00069,Pkinase,Protein kinase domain,S..([ST])...,SSRTSLV,479,485,FOXO1_HUMAN,Homo sapiens,14710188 11980723,true positive,27,0,disordered
ELME000063,MOD_CK1_1,Casein kinase 1 (CK1) Phosphorylation site,MOD,CK1 phosphorylation site,PF00069,Pkinase,Protein kinase domain,S..([ST])...,SSRTSLV,479,485,HIF1A_HUMAN,Homo sapiens,20699359,true positive,27,0,disordered
ELME000063,MOD_CK1_1,Casein kinase 1 (CK1) Phosphorylation site,MOD,CK1 phosphorylation site,PF00069,Pkinase,Protein kinase domain,S..([ST])...,SSRTSLV,479,485,JADE1_HUMAN,Homo sapiens,25100726,true positive,27,0,disordered
ELME000063,MOD_CK1_1,Casein kinase 1 (CK1) Phosphorylation site,MOD,CK1 phosphorylation site,PF00069,Pkinase,Protein kinase domain,S..([ST])...,SSRTSLV,479,485,KPCD2_HUMAN,Homo sapiens,17962809,true positive,27,0,disordered
ELME000063,MOD_CK1_1,Casein kinase 1 (CK1) Phosphorylation site,MOD,CK1 phosphorylation site,PF00069,Pkinase,Protein kinase domain,S..([ST])...,SSRTSLV,479,485,LRRK2_MOUSE,Mus musculus,25500533,true positive,27,0,disordered
ELME000063,MOD_CK1_1,Casein kinase 1 (CK1) Phosphorylation site,MOD,CK1 phosphorylation site,PF00069,Pkinase,Protein kinase domain,S..([ST])...,SSRTSLV,479,485,MDM2_HUMAN,Homo sapiens,20708156,true positive,27,0,disordered
ELME000063,MOD_CK1_1,Casein kinase 1 (CK1) Phosphorylation site,MOD,CK1 phosphorylation site,PF00069,Pkinase,Protein kinase domain,S..([ST])...,SSRTSLV,479,485,MDM4_HUMAN,Homo sapiens,16024788,true positive,27,0,disordered
ELME000063,MOD_CK1_1,Casein kinase 1 (CK1) Phosphorylation site,MOD,CK1 phosphorylation site,PF00069,Pkinase,Protein kinase domain,S..([ST])...,SSRTSLV,479,485,MPIP1_HUMAN,Homo sapiens,20348946,true positive,27,0,disordered
ELME000063,MOD_CK1_1,Casein kinase 1 (CK1) Phosphorylation site,MOD,CK1 phosphorylation site,PF00069,Pkinase,Protein kinase domain,S..([ST])...,SSRTSLV,479,485,MTSS1_HUMAN,Homo sapiens,24318128,true positive,27,0,disordered
ELME000063,MOD_CK1_1,Casein kinase 1 (CK1) Phosphorylation site,MOD,CK1 phosphorylation site,PF00069,Pkinase,Protein kinase domain,S..([ST])...,SSRTSLV,479,485,NCOA3_HUMAN,Homo sapiens,19339517,true positive,27,0,disordered
ELME000063,MOD_CK1_1,Casein kinase 1 (CK1) Phosphorylation site,MOD,CK1 phosphorylation site,PF00069,Pkinase,Protein kinase domain,S..([ST])...,SSRTSLV,479,485,NFAT5_HUMAN,Homo sapiens,18411282,true positive,27,0,disordered
ELME000063,MOD_CK1_1,Casein kinase 1 (CK1) Phosphorylation site,MOD,CK1 phosphorylation site,PF00069,Pkinase,Protein kinase domain,S..([ST])...,SSRTSLV,479,485,P53_HUMAN,Homo sapiens,10734067 10606744,true positive,27,0,disordered
ELME000063,MOD_CK1_1,Casein kinase 1 (CK1) Phosphorylation site,MOD,CK1 phosphorylation site,PF00069,Pkinase,Protein kinase domain,S..([ST])...,SSRTSLV,479,485,PER2_HUMAN,Homo sapiens,21324900,true positive,27,0,disordered
ELME000063,MOD_CK1_1,Casein kinase 1 (CK1) Phosphorylation site,MOD,CK1 phosphorylation site,PF00069,Pkinase,Protein kinase domain,S..([ST])...,SSRTSLV,479,485,PYRG2_HUMAN,Homo sapiens,20739275,true positive,27,0,disordered
ELME000063,MOD_CK1_1,Casein kinase 1 (CK1) Phosphorylation site,MOD,CK1 phosphorylation site,PF00069,Pkinase,Protein kinase domain,S..([ST])...,SSRTSLV,479,485,TRAF3_HUMAN,Homo sapiens,26928339,true positive,27,0,disordered
ELME000063,MOD_CK1_1,Casein kinase 1 (CK1) Phosphorylation site,MOD,CK1 phosphorylation site,PF00069,Pkinase,Protein kinase domain,S..([ST])...,SSRTSLV,479,485,TRPM4_HUMAN,Homo sapiens,25231975,true positive,27,0,disordered
ELME000063,MOD_CK1_1,Casein kinase 1 (CK1) Phosphorylation site,MOD,CK1 phosphorylation site,PF00069,Pkinase,Protein kinase domain,S..([ST])...,SSRTSLV,479,485,YAP1_HUMAN,Homo sapiens,20048001,true positive,27,0,disordered
ELME000063,MOD_CK1_1,Casein kinase 1 (CK1) Phosphorylation site,MOD,CK1 phosphorylation site,PF00069,Pkinase,Protein kinase domain,S..([ST])...,SRTSLVS,480,486,APC_HUMAN,Homo sapiens,17910481,true positive,27,0,disordered
ELME000063,MOD_CK1_1,Casein kinase 1 (CK1) Phosphorylation site,MOD,CK1 phosphorylation site,PF00069,Pkinase,Protein kinase domain,S..([ST])...,SRTSLVS,480,486,ATOH1_HUMAN,Homo sapiens,27542412,true positive,27,0,disordered
ELME000063,MOD_CK1_1,Casein kinase 1 (CK1) Phosphorylation site,MOD,CK1 phosphorylation site,PF00069,Pkinase,Protein kinase domain,S..([ST])...,SRTSLVS,480,486,BECN1_HUMAN,Homo sapiens,26008601,true positive,27,0,disordered
ELME000063,MOD_CK1_1,Casein kinase 1 (CK1) Phosphorylation site,MOD,CK1 phosphorylation site,PF00069,Pkinase,Protein kinase domain,S..([ST])...,SRTSLVS,480,486,BID_MOUSE,Mus musculus,11583622,true positive,27,0,disordered
ELME000063,MOD_CK1_1,Casein kinase 1 (CK1) Phosphorylation site,MOD,CK1 phosphorylation site,PF00069,Pkinase,Protein kinase domain,S..([ST])...,SRTSLVS,480,486,CADH1_MOUSE,Mus musculus,17353278,true positive,27,0,disordered
ELME000063,MOD_CK1_1,Casein kinase 1 (CK1) Phosphorylation site,MOD,CK1 phosphorylation site,PF00069,Pkinase,Protein kinase domain,S..([ST])...,SRTSLVS,480,486,CRY2_ARATH,Arabidopsis thaliana,23897926,true positive,27,0,disordered
ELME000063,MOD_CK1_1,Casein kinase 1 (CK1) Phosphorylation site,MOD,CK1 phosphorylation site,PF00069,Pkinase,Protein kinase domain,S..([ST])...,SRTSLVS,480,486,DNMT1_MOUSE,Mus musculus,20192920,true positive,27,0,disordered
ELME000063,MOD_CK1_1,Casein kinase 1 (CK1) Phosphorylation site,MOD,CK1 phosphorylation site,PF00069,Pkinase,Protein kinase domain,S..([ST])...,SRTSLVS,480,486,DVL1_MOUSE,Mus musculus,16965538,true positive,27,0,disordered
ELME000063,MOD_CK1_1,Casein kinase 1 (CK1) Phosphorylation site,MOD,CK1 phosphorylation site,PF00069,Pkinase,Protein kinase domain,S..([ST])...,SRTSLVS,480,486,EPAS1_HUMAN,Homo sapiens,27686097,true positive,27,0,disordered
ELME000063,MOD_CK1_1,Casein kinase 1 (CK1) Phosphorylation site,MOD,CK1 phosphorylation site,PF00069,Pkinase,Protein kinase domain,S..([ST])...,SRTSLVS,480,486,FADD_HUMAN,Homo sapiens,16061179,true positive,27,0,disordered
ELME000063,MOD_CK1_1,Casein kinase 1 (CK1) Phosphorylation site,MOD,CK1 phosphorylation site,PF00069,Pkinase,Protein kinase domain,S..([ST])...,SRTSLVS,480,486,FOXO1_HUMAN,Homo sapiens,14710188 11980723,true positive,27,0,disordered
ELME000063,MOD_CK1_1,Casein kinase 1 (CK1) Phosphorylation site,MOD,CK1 phosphorylation site,PF00069,Pkinase,Protein kinase domain,S..([ST])...,SRTSLVS,480,486,HIF1A_HUMAN,Homo sapiens,20699359,true positive,27,0,disordered
ELME000063,MOD_CK1_1,Casein kinase 1 (CK1) Phosphorylation site,MOD,CK1 phosphorylation site,PF00069,Pkinase,Protein kinase domain,S..([ST])...,SRTSLVS,480,486,JADE1_HUMAN,Homo sapiens,25100726,true positive,27,0,disordered
ELME000063,MOD_CK1_1,Casein kinase 1 (CK1) Phosphorylation site,MOD,CK1 phosphorylation site,PF00069,Pkinase,Protein kinase domain,S..([ST])...,SRTSLVS,480,486,KPCD2_HUMAN,Homo sapiens,17962809,true positive,27,0,disordered
ELME000063,MOD_CK1_1,Casein kinase 1 (CK1) Phosphorylation site,MOD,CK1 phosphorylation site,PF00069,Pkinase,Protein kinase domain,S..([ST])...,SRTSLVS,480,486,LRRK2_MOUSE,Mus musculus,25500533,true positive,27,0,disordered
ELME000063,MOD_CK1_1,Casein kinase 1 (CK1) Phosphorylation site,MOD,CK1 phosphorylation site,PF00069,Pkinase,Protein kinase domain,S..([ST])...,SRTSLVS,480,486,MDM2_HUMAN,Homo sapiens,20708156,true positive,27,0,disordered
ELME000063,MOD_CK1_1,Casein kinase 1 (CK1) Phosphorylation site,MOD,CK1 phosphorylation site,PF00069,Pkinase,Protein kinase domain,S..([ST])...,SRTSLVS,480,486,MDM4_HUMAN,Homo sapiens,16024788,true positive,27,0,disordered
ELME000063,MOD_CK1_1,Casein kinase 1 (CK1) Phosphorylation site,MOD,CK1 phosphorylation site,PF00069,Pkinase,Protein kinase domain,S..([ST])...,SRTSLVS,480,486,MPIP1_HUMAN,Homo sapiens,20348946,true positive,27,0,disordered
ELME000063,MOD_CK1_1,Casein kinase 1 (CK1) Phosphorylation site,MOD,CK1 phosphorylation site,PF00069,Pkinase,Protein kinase domain,S..([ST])...,SRTSLVS,480,486,MTSS1_HUMAN,Homo sapiens,24318128,true positive,27,0,disordered
ELME000063,MOD_CK1_1,Casein kinase 1 (CK1) Phosphorylation site,MOD,CK1 phosphorylation site,PF00069,Pkinase,Protein kinase domain,S..([ST])...,SRTSLVS,480,486,NCOA3_HUMAN,Homo sapiens,19339517,true positive,27,0,disordered
ELME000063,MOD_CK1_1,Casein kinase 1 (CK1) Phosphorylation site,MOD,CK1 phosphorylation site,PF00069,Pkinase,Protein kinase domain,S..([ST])...,SRTSLVS,480,486,NFAT5_HUMAN,Homo sapiens,18411282,true positive,27,0,disordered
ELME000063,MOD_CK1_1,Casein kinase 1 (CK1) Phosphorylation site,MOD,CK1 phosphorylation site,PF00069,Pkinase,Protein kinase domain,S..([ST])...,SRTSLVS,480,486,P53_HUMAN,Homo sapiens,10734067 10606744,true positive,27,0,disordered
ELME000063,MOD_CK1_1,Casein kinase 1 (CK1) Phosphorylation site,MOD,CK1 phosphorylation site,PF00069,Pkinase,Protein kinase domain,S..([ST])...,SRTSLVS,480,486,PER2_HUMAN,Homo sapiens,21324900,true positive,27,0,disordered
ELME000063,MOD_CK1_1,Casein kinase 1 (CK1) Phosphorylation site,MOD,CK1 phosphorylation site,PF00069,Pkinase,Protein kinase domain,S..([ST])...,SRTSLVS,480,486,PYRG2_HUMAN,Homo sapiens,20739275,true positive,27,0,disordered
ELME000063,MOD_CK1_1,Casein kinase 1 (CK1) Phosphorylation site,MOD,CK1 phosphorylation site,PF00069,Pkinase,Protein kinase domain,S..([ST])...,SRTSLVS,480,486,TRAF3_HUMAN,Homo sapiens,26928339,true positive,27,0,disordered
ELME000063,MOD_CK1_1,Casein kinase 1 (CK1) Phosphorylation site,MOD,CK1 phosphorylation site,PF00069,Pkinase,Protein kinase domain,S..([ST])...,SRTSLVS,480,486,TRPM4_HUMAN,Homo sapiens,25231975,true positive,27,0,disordered
ELME000063,MOD_CK1_1,Casein kinase 1 (CK1) Phosphorylation site,MOD,CK1 phosphorylation site,PF00069,Pkinase,Protein kinase domain,S..([ST])...,SRTSLVS,480,486,YAP1_HUMAN,Homo sapiens,20048001,true positive,27,0,disordered
ELME000063,MOD_CK1_1,Casein kinase 1 (CK1) Phosphorylation site,MOD,CK1 phosphorylation site,PF00069,Pkinase,Protein kinase domain,S..([ST])...,SLVSTPP,483,489,APC_HUMAN,Homo sapiens,17910481,true positive,27,0,disordered
ELME000063,MOD_CK1_1,Casein kinase 1 (CK1) Phosphorylation site,MOD,CK1 phosphorylation site,PF00069,Pkinase,Protein kinase domain,S..([ST])...,SLVSTPP,483,489,ATOH1_HUMAN,Homo sapiens,27542412,true positive,27,0,disordered
ELME000063,MOD_CK1_1,Casein kinase 1 (CK1) Phosphorylation site,MOD,CK1 phosphorylation site,PF00069,Pkinase,Protein kinase domain,S..([ST])...,SLVSTPP,483,489,BECN1_HUMAN,Homo sapiens,26008601,true positive,27,0,disordered
ELME000063,MOD_CK1_1,Casein kinase 1 (CK1) Phosphorylation site,MOD,CK1 phosphorylation site,PF00069,Pkinase,Protein kinase domain,S..([ST])...,SLVSTPP,483,489,BID_MOUSE,Mus musculus,11583622,true positive,27,0,disordered
ELME000063,MOD_CK1_1,Casein kinase 1 (CK1) Phosphorylation site,MOD,CK1 phosphorylation site,PF00069,Pkinase,Protein kinase domain,S..([ST])...,SLVSTPP,483,489,CADH1_MOUSE,Mus musculus,17353278,true positive,27,0,disordered
ELME000063,MOD_CK1_1,Casein kinase 1 (CK1) Phosphorylation site,MOD,CK1 phosphorylation site,PF00069,Pkinase,Protein kinase domain,S..([ST])...,SLVSTPP,483,489,CRY2_ARATH,Arabidopsis thaliana,23897926,true positive,27,0,disordered
ELME000063,MOD_CK1_1,Casein kinase 1 (CK1) Phosphorylation site,MOD,CK1 phosphorylation site,PF00069,Pkinase,Protein kinase domain,S..([ST])...,SLVSTPP,483,489,DNMT1_MOUSE,Mus musculus,20192920,true positive,27,0,disordered
ELME000063,MOD_CK1_1,Casein kinase 1 (CK1) Phosphorylation site,MOD,CK1 phosphorylation site,PF00069,Pkinase,Protein kinase domain,S..([ST])...,SLVSTPP,483,489,DVL1_MOUSE,Mus musculus,16965538,true positive,27,0,disordered
ELME000063,MOD_CK1_1,Casein kinase 1 (CK1) Phosphorylation site,MOD,CK1 phosphorylation site,PF00069,Pkinase,Protein kinase domain,S..([ST])...,SLVSTPP,483,489,EPAS1_HUMAN,Homo sapiens,27686097,true positive,27,0,disordered
ELME000063,MOD_CK1_1,Casein kinase 1 (CK1) Phosphorylation site,MOD,CK1 phosphorylation site,PF00069,Pkinase,Protein kinase domain,S..([ST])...,SLVSTPP,483,489,FADD_HUMAN,Homo sapiens,16061179,true positive,27,0,disordered
ELME000063,MOD_CK1_1,Casein kinase 1 (CK1) Phosphorylation site,MOD,CK1 phosphorylation site,PF00069,Pkinase,Protein kinase domain,S..([ST])...,SLVSTPP,483,489,FOXO1_HUMAN,Homo sapiens,14710188 11980723,true positive,27,0,disordered
ELME000063,MOD_CK1_1,Casein kinase 1 (CK1) Phosphorylation site,MOD,CK1 phosphorylation site,PF00069,Pkinase,Protein kinase domain,S..([ST])...,SLVSTPP,483,489,HIF1A_HUMAN,Homo sapiens,20699359,true positive,27,0,disordered
ELME000063,MOD_CK1_1,Casein kinase 1 (CK1) Phosphorylation site,MOD,CK1 phosphorylation site,PF00069,Pkinase,Protein kinase domain,S..([ST])...,SLVSTPP,483,489,JADE1_HUMAN,Homo sapiens,25100726,true positive,27,0,disordered
ELME000063,MOD_CK1_1,Casein kinase 1 (CK1) Phosphorylation site,MOD,CK1 phosphorylation site,PF00069,Pkinase,Protein kinase domain,S..([ST])...,SLVSTPP,483,489,KPCD2_HUMAN,Homo sapiens,17962809,true positive,27,0,disordered
ELME000063,MOD_CK1_1,Casein kinase 1 (CK1) Phosphorylation site,MOD,CK1 phosphorylation site,PF00069,Pkinase,Protein kinase domain,S..([ST])...,SLVSTPP,483,489,LRRK2_MOUSE,Mus musculus,25500533,true positive,27,0,disordered
ELME000063,MOD_CK1_1,Casein kinase 1 (CK1) Phosphorylation site,MOD,CK1 phosphorylation site,PF00069,Pkinase,Protein kinase domain,S..([ST])...,SLVSTPP,483,489,MDM2_HUMAN,Homo sapiens,20708156,true positive,27,0,disordered
ELME000063,MOD_CK1_1,Casein kinase 1 (CK1) Phosphorylation site,MOD,CK1 phosphorylation site,PF00069,Pkinase,Protein kinase domain,S..([ST])...,SLVSTPP,483,489,MDM4_HUMAN,Homo sapiens,16024788,true positive,27,0,disordered
ELME000063,MOD_CK1_1,Casein kinase 1 (CK1) Phosphorylation site,MOD,CK1 phosphorylation site,PF00069,Pkinase,Protein kinase domain,S..([ST])...,SLVSTPP,483,489,MPIP1_HUMAN,Homo sapiens,20348946,true positive,27,0,disordered
ELME000063,MOD_CK1_1,Casein kinase 1 (CK1) Phosphorylation site,MOD,CK1 phosphorylation site,PF00069,Pkinase,Protein kinase domain,S..([ST])...,SLVSTPP,483,489,MTSS1_HUMAN,Homo sapiens,24318128,true positive,27,0,disordered
ELME000063,MOD_CK1_1,Casein kinase 1 (CK1) Phosphorylation site,MOD,CK1 phosphorylation site,PF00069,Pkinase,Protein kinase domain,S..([ST])...,SLVSTPP,483,489,NCOA3_HUMAN,Homo sapiens,19339517,true positive,27,0,disordered
ELME000063,MOD_CK1_1,Casein kinase 1 (CK1) Phosphorylation site,MOD,CK1 phosphorylation site,PF00069,Pkinase,Protein kinase domain,S..([ST])...,SLVSTPP,483,489,NFAT5_HUMAN,Homo sapiens,18411282,true positive,27,0,disordered
ELME000063,MOD_CK1_1,Casein kinase 1 (CK1) Phosphorylation site,MOD,CK1 phosphorylation site,PF00069,Pkinase,Protein kinase domain,S..([ST])...,SLVSTPP,483,489,P53_HUMAN,Homo sapiens,10734067 10606744,true positive,27,0,disordered
ELME000063,MOD_CK1_1,Casein kinase 1 (CK1) Phosphorylation site,MOD,CK1 phosphorylation site,PF00069,Pkinase,Protein kinase domain,S..([ST])...,SLVSTPP,483,489,PER2_HUMAN,Homo sapiens,21324900,true positive,27,0,disordered
ELME000063,MOD_CK1_1,Casein kinase 1 (CK1) Phosphorylation site,MOD,CK1 phosphorylation site,PF00069,Pkinase,Protein kinase domain,S..([ST])...,SLVSTPP,483,489,PYRG2_HUMAN,Homo sapiens,20739275,true positive,27,0,disordered
ELME000063,MOD_CK1_1,Casein kinase 1 (CK1) Phosphorylation site,MOD,CK1 phosphorylation site,PF00069,Pkinase,Protein kinase domain,S..([ST])...,SLVSTPP,483,489,TRAF3_HUMAN,Homo sapiens,26928339,true positive,27,0,disordered
ELME000063,MOD_CK1_1,Casein kinase 1 (CK1) Phosphorylation site,MOD,CK1 phosphorylation site,PF00069,Pkinase,Protein kinase domain,S..([ST])...,SLVSTPP,483,489,TRPM4_HUMAN,Homo sapiens,25231975,true positive,27,0,disordered
ELME000063,MOD_CK1_1,Casein kinase 1 (CK1) Phosphorylation site,MOD,CK1 phosphorylation site,PF00069,Pkinase,Protein kinase domain,S..([ST])...,SLVSTPP,483,489,YAP1_HUMAN,Homo sapiens,20048001,true positive,27,0,disordered
ELME000063,MOD_CK1_1,Casein kinase 1 (CK1) Phosphorylation site,MOD,CK1 phosphorylation site,PF00069,Pkinase,Protein kinase domain,S..([ST])...,SRTSLVS,514,520,APC_HUMAN,Homo sapiens,17910481,true positive,27,0,disordered
ELME000063,MOD_CK1_1,Casein kinase 1 (CK1) Phosphorylation site,MOD,CK1 phosphorylation site,PF00069,Pkinase,Protein kinase domain,S..([ST])...,SRTSLVS,514,520,ATOH1_HUMAN,Homo sapiens,27542412,true positive,27,0,disordered
ELME000063,MOD_CK1_1,Casein kinase 1 (CK1) Phosphorylation site,MOD,CK1 phosphorylation site,PF00069,Pkinase,Protein kinase domain,S..([ST])...,SRTSLVS,514,520,BECN1_HUMAN,Homo sapiens,26008601,true positive,27,0,disordered
ELME000063,MOD_CK1_1,Casein kinase 1 (CK1) Phosphorylation site,MOD,CK1 phosphorylation site,PF00069,Pkinase,Protein kinase domain,S..([ST])...,SRTSLVS,514,520,BID_MOUSE,Mus musculus,11583622,true positive,27,0,disordered
ELME000063,MOD_CK1_1,Casein kinase 1 (CK1) Phosphorylation site,MOD,CK1 phosphorylation site,PF00069,Pkinase,Protein kinase domain,S..([ST])...,SRTSLVS,514,520,CADH1_MOUSE,Mus musculus,17353278,true positive,27,0,disordered
ELME000063,MOD_CK1_1,Casein kinase 1 (CK1) Phosphorylation site,MOD,CK1 phosphorylation site,PF00069,Pkinase,Protein kinase domain,S..([ST])...,SRTSLVS,514,520,CRY2_ARATH,Arabidopsis thaliana,23897926,true positive,27,0,disordered
ELME000063,MOD_CK1_1,Casein kinase 1 (CK1) Phosphorylation site,MOD,CK1 phosphorylation site,PF00069,Pkinase,Protein kinase domain,S..([ST])...,SRTSLVS,514,520,DNMT1_MOUSE,Mus musculus,20192920,true positive,27,0,disordered
ELME000063,MOD_CK1_1,Casein kinase 1 (CK1) Phosphorylation site,MOD,CK1 phosphorylation site,PF00069,Pkinase,Protein kinase domain,S..([ST])...,SRTSLVS,514,520,DVL1_MOUSE,Mus musculus,16965538,true positive,27,0,disordered
ELME000063,MOD_CK1_1,Casein kinase 1 (CK1) Phosphorylation site,MOD,CK1 phosphorylation site,PF00069,Pkinase,Protein kinase domain,S..([ST])...,SRTSLVS,514,520,EPAS1_HUMAN,Homo sapiens,27686097,true positive,27,0,disordered
ELME000063,MOD_CK1_1,Casein kinase 1 (CK1) Phosphorylation site,MOD,CK1 phosphorylation site,PF00069,Pkinase,Protein kinase domain,S..([ST])...,SRTSLVS,514,520,FADD_HUMAN,Homo sapiens,16061179,true positive,27,0,disordered
ELME000063,MOD_CK1_1,Casein kinase 1 (CK1) Phosphorylation site,MOD,CK1 phosphorylation site,PF00069,Pkinase,Protein kinase domain,S..([ST])...,SRTSLVS,514,520,FOXO1_HUMAN,Homo sapiens,14710188 11980723,true positive,27,0,disordered
ELME000063,MOD_CK1_1,Casein kinase 1 (CK1) Phosphorylation site,MOD,CK1 phosphorylation site,PF00069,Pkinase,Protein kinase domain,S..([ST])...,SRTSLVS,514,520,HIF1A_HUMAN,Homo sapiens,20699359,true positive,27,0,disordered
ELME000063,MOD_CK1_1,Casein kinase 1 (CK1) Phosphorylation site,MOD,CK1 phosphorylation site,PF00069,Pkinase,Protein kinase domain,S..([ST])...,SRTSLVS,514,520,JADE1_HUMAN,Homo sapiens,25100726,true positive,27,0,disordered
ELME000063,MOD_CK1_1,Casein kinase 1 (CK1) Phosphorylation site,MOD,CK1 phosphorylation site,PF00069,Pkinase,Protein kinase domain,S..([ST])...,SRTSLVS,514,520,KPCD2_HUMAN,Homo sapiens,17962809,true positive,27,0,disordered
ELME000063,MOD_CK1_1,Casein kinase 1 (CK1) Phosphorylation site,MOD,CK1 phosphorylation site,PF00069,Pkinase,Protein kinase domain,S..([ST])...,SRTSLVS,514,520,LRRK2_MOUSE,Mus musculus,25500533,true positive,27,0,disordered
ELME000063,MOD_CK1_1,Casein kinase 1 (CK1) Phosphorylation site,MOD,CK1 phosphorylation site,PF00069,Pkinase,Protein kinase domain,S..([ST])...,SRTSLVS,514,520,MDM2_HUMAN,Homo sapiens,20708156,true positive,27,0,disordered
ELME000063,MOD_CK1_1,Casein kinase 1 (CK1) Phosphorylation site,MOD,CK1 phosphorylation site,PF00069,Pkinase,Protein kinase domain,S..([ST])...,SRTSLVS,514,520,MDM4_HUMAN,Homo sapiens,16024788,true positive,27,0,disordered
ELME000063,MOD_CK1_1,Casein kinase 1 (CK1) Phosphorylation site,MOD,CK1 phosphorylation site,PF00069,Pkinase,Protein kinase domain,S..([ST])...,SRTSLVS,514,520,MPIP1_HUMAN,Homo sapiens,20348946,true positive,27,0,disordered
ELME000063,MOD_CK1_1,Casein kinase 1 (CK1) Phosphorylation site,MOD,CK1 phosphorylation site,PF00069,Pkinase,Protein kinase domain,S..([ST])...,SRTSLVS,514,520,MTSS1_HUMAN,Homo sapiens,24318128,true positive,27,0,disordered
ELME000063,MOD_CK1_1,Casein kinase 1 (CK1) Phosphorylation site,MOD,CK1 phosphorylation site,PF00069,Pkinase,Protein kinase domain,S..([ST])...,SRTSLVS,514,520,NCOA3_HUMAN,Homo sapiens,19339517,true positive,27,0,disordered
ELME000063,MOD_CK1_1,Casein kinase 1 (CK1) Phosphorylation site,MOD,CK1 phosphorylation site,PF00069,Pkinase,Protein kinase domain,S..([ST])...,SRTSLVS,514,520,NFAT5_HUMAN,Homo sapiens,18411282,true positive,27,0,disordered
ELME000063,MOD_CK1_1,Casein kinase 1 (CK1) Phosphorylation site,MOD,CK1 phosphorylation site,PF00069,Pkinase,Protein kinase domain,S..([ST])...,SRTSLVS,514,520,P53_HUMAN,Homo sapiens,10734067 10606744,true positive,27,0,disordered
ELME000063,MOD_CK1_1,Casein kinase 1 (CK1) Phosphorylation site,MOD,CK1 phosphorylation site,PF00069,Pkinase,Protein kinase domain,S..([ST])...,SRTSLVS,514,520,PER2_HUMAN,Homo sapiens,21324900,true positive,27,0,disordered
ELME000063,MOD_CK1_1,Casein kinase 1 (CK1) Phosphorylation site,MOD,CK1 phosphorylation site,PF00069,Pkinase,Protein kinase domain,S..([ST])...,SRTSLVS,514,520,PYRG2_HUMAN,Homo sapiens,20739275,true positive,27,0,disordered
ELME000063,MOD_CK1_1,Casein kinase 1 (CK1) Phosphorylation site,MOD,CK1 phosphorylation site,PF00069,Pkinase,Protein kinase domain,S..([ST])...,SRTSLVS,514,520,TRAF3_HUMAN,Homo sapiens,26928339,true positive,27,0,disordered
ELME000063,MOD_CK1_1,Casein kinase 1 (CK1) Phosphorylation site,MOD,CK1 phosphorylation site,PF00069,Pkinase,Protein kinase domain,S..([ST])...,SRTSLVS,514,520,TRPM4_HUMAN,Homo sapiens,25231975,true positive,27,0,disordered
ELME000063,MOD_CK1_1,Casein kinase 1 (CK1) Phosphorylation site,MOD,CK1 phosphorylation site,PF00069,Pkinase,Protein kinase domain,S..([ST])...,SRTSLVS,514,520,YAP1_HUMAN,Homo sapiens,20048001,true positive,27,0,disordered
ELME000063,MOD_CK1_1,Casein kinase 1 (CK1) Phosphorylation site,MOD,CK1 phosphorylation site,PF00069,Pkinase,Protein kinase domain,S..([ST])...,SLVSNPP,517,523,APC_HUMAN,Homo sapiens,17910481,true positive,27,0,disordered
ELME000063,MOD_CK1_1,Casein kinase 1 (CK1) Phosphorylation site,MOD,CK1 phosphorylation site,PF00069,Pkinase,Protein kinase domain,S..([ST])...,SLVSNPP,517,523,ATOH1_HUMAN,Homo sapiens,27542412,true positive,27,0,disordered
ELME000063,MOD_CK1_1,Casein kinase 1 (CK1) Phosphorylation site,MOD,CK1 phosphorylation site,PF00069,Pkinase,Protein kinase domain,S..([ST])...,SLVSNPP,517,523,BECN1_HUMAN,Homo sapiens,26008601,true positive,27,0,disordered
ELME000063,MOD_CK1_1,Casein kinase 1 (CK1) Phosphorylation site,MOD,CK1 phosphorylation site,PF00069,Pkinase,Protein kinase domain,S..([ST])...,SLVSNPP,517,523,BID_MOUSE,Mus musculus,11583622,true positive,27,0,disordered
ELME000063,MOD_CK1_1,Casein kinase 1 (CK1) Phosphorylation site,MOD,CK1 phosphorylation site,PF00069,Pkinase,Protein kinase domain,S..([ST])...,SLVSNPP,517,523,CADH1_MOUSE,Mus musculus,17353278,true positive,27,0,disordered
ELME000063,MOD_CK1_1,Casein kinase 1 (CK1) Phosphorylation site,MOD,CK1 phosphorylation site,PF00069,Pkinase,Protein kinase domain,S..([ST])...,SLVSNPP,517,523,CRY2_ARATH,Arabidopsis thaliana,23897926,true positive,27,0,disordered
ELME000063,MOD_CK1_1,Casein kinase 1 (CK1) Phosphorylation site,MOD,CK1 phosphorylation site,PF00069,Pkinase,Protein kinase domain,S..([ST])...,SLVSNPP,517,523,DNMT1_MOUSE,Mus musculus,20192920,true positive,27,0,disordered
ELME000063,MOD_CK1_1,Casein kinase 1 (CK1) Phosphorylation site,MOD,CK1 phosphorylation site,PF00069,Pkinase,Protein kinase domain,S..([ST])...,SLVSNPP,517,523,DVL1_MOUSE,Mus musculus,16965538,true positive,27,0,disordered
ELME000063,MOD_CK1_1,Casein kinase 1 (CK1) Phosphorylation site,MOD,CK1 phosphorylation site,PF00069,Pkinase,Protein kinase domain,S..([ST])...,SLVSNPP,517,523,EPAS1_HUMAN,Homo sapiens,27686097,true positive,27,0,disordered
ELME000063,MOD_CK1_1,Casein kinase 1 (CK1) Phosphorylation site,MOD,CK1 phosphorylation site,PF00069,Pkinase,Protein kinase domain,S..([ST])...,SLVSNPP,517,523,FADD_HUMAN,Homo sapiens,16061179,true positive,27,0,disordered
ELME000063,MOD_CK1_1,Casein kinase 1 (CK1) Phosphorylation site,MOD,CK1 phosphorylation site,PF00069,Pkinase,Protein kinase domain,S..([ST])...,SLVSNPP,517,523,FOXO1_HUMAN,Homo sapiens,14710188 11980723,true positive,27,0,disordered
ELME000063,MOD_CK1_1,Casein kinase 1 (CK1) Phosphorylation site,MOD,CK1 phosphorylation site,PF00069,Pkinase,Protein kinase domain,S..([ST])...,SLVSNPP,517,523,HIF1A_HUMAN,Homo sapiens,20699359,true positive,27,0,disordered
ELME000063,MOD_CK1_1,Casein kinase 1 (CK1) Phosphorylation site,MOD,CK1 phosphorylation site,PF00069,Pkinase,Protein kinase domain,S..([ST])...,SLVSNPP,517,523,JADE1_HUMAN,Homo sapiens,25100726,true positive,27,0,disordered
ELME000063,MOD_CK1_1,Casein kinase 1 (CK1) Phosphorylation site,MOD,CK1 phosphorylation site,PF00069,Pkinase,Protein kinase domain,S..([ST])...,SLVSNPP,517,523,KPCD2_HUMAN,Homo sapiens,17962809,true positive,27,0,disordered
ELME000063,MOD_CK1_1,Casein kinase 1 (CK1) Phosphorylation site,MOD,CK1 phosphorylation site,PF00069,Pkinase,Protein kinase domain,S..([ST])...,SLVSNPP,517,523,LRRK2_MOUSE,Mus musculus,25500533,true positive,27,0,disordered
ELME000063,MOD_CK1_1,Casein kinase 1 (CK1) Phosphorylation site,MOD,CK1 phosphorylation site,PF00069,Pkinase,Protein kinase domain,S..([ST])...,SLVSNPP,517,523,MDM2_HUMAN,Homo sapiens,20708156,true positive,27,0,disordered
ELME000063,MOD_CK1_1,Casein kinase 1 (CK1) Phosphorylation site,MOD,CK1 phosphorylation site,PF00069,Pkinase,Protein kinase domain,S..([ST])...,SLVSNPP,517,523,MDM4_HUMAN,Homo sapiens,16024788,true positive,27,0,disordered
ELME000063,MOD_CK1_1,Casein kinase 1 (CK1) Phosphorylation site,MOD,CK1 phosphorylation site,PF00069,Pkinase,Protein kinase domain,S..([ST])...,SLVSNPP,517,523,MPIP1_HUMAN,Homo sapiens,20348946,true positive,27,0,disordered
ELME000063,MOD_CK1_1,Casein kinase 1 (CK1) Phosphorylation site,MOD,CK1 phosphorylation site,PF00069,Pkinase,Protein kinase domain,S..([ST])...,SLVSNPP,517,523,MTSS1_HUMAN,Homo sapiens,24318128,true positive,27,0,disordered
ELME000063,MOD_CK1_1,Casein kinase 1 (CK1) Phosphorylation site,MOD,CK1 phosphorylation site,PF00069,Pkinase,Protein kinase domain,S..([ST])...,SLVSNPP,517,523,NCOA3_HUMAN,Homo sapiens,19339517,true positive,27,0,disordered
ELME000063,MOD_CK1_1,Casein kinase 1 (CK1) Phosphorylation site,MOD,CK1 phosphorylation site,PF00069,Pkinase,Protein kinase domain,S..([ST])...,SLVSNPP,517,523,NFAT5_HUMAN,Homo sapiens,18411282,true positive,27,0,disordered
ELME000063,MOD_CK1_1,Casein kinase 1 (CK1) Phosphorylation site,MOD,CK1 phosphorylation site,PF00069,Pkinase,Protein kinase domain,S..([ST])...,SLVSNPP,517,523,P53_HUMAN,Homo sapiens,10734067 10606744,true positive,27,0,disordered
ELME000063,MOD_CK1_1,Casein kinase 1 (CK1) Phosphorylation site,MOD,CK1 phosphorylation site,PF00069,Pkinase,Protein kinase domain,S..([ST])...,SLVSNPP,517,523,PER2_HUMAN,Homo sapiens,21324900,true positive,27,0,disordered
ELME000063,MOD_CK1_1,Casein kinase 1 (CK1) Phosphorylation site,MOD,CK1 phosphorylation site,PF00069,Pkinase,Protein kinase domain,S..([ST])...,SLVSNPP,517,523,PYRG2_HUMAN,Homo sapiens,20739275,true positive,27,0,disordered
ELME000063,MOD_CK1_1,Casein kinase 1 (CK1) Phosphorylation site,MOD,CK1 phosphorylation site,PF00069,Pkinase,Protein kinase domain,S..([ST])...,SLVSNPP,517,523,TRAF3_HUMAN,Homo sapiens,26928339,true positive,27,0,disordered
ELME000063,MOD_CK1_1,Casein kinase 1 (CK1) Phosphorylation site,MOD,CK1 phosphorylation site,PF00069,Pkinase,Protein kinase domain,S..([ST])...,SLVSNPP,517,523,TRPM4_HUMAN,Homo sapiens,25231975,true positive,27,0,disordered
ELME000063,MOD_CK1_1,Casein kinase 1 (CK1) Phosphorylation site,MOD,CK1 phosphorylation site,PF00069,Pkinase,Protein kinase domain,S..([ST])...,SLVSNPP,517,523,YAP1_HUMAN,Homo sapiens,20048001,true positive,27,0,disordered
ELME000064,MOD_CK2_1,Casein kinase 2 (CK2) Phosphorylation site,MOD,Casein kinase 2 (CK2) phosphorylation site,PF00069,Pkinase,Protein kinase domain,...([ST])..E,RVITREE,493,499,AKT1_HUMAN,Homo sapiens,15818404,true positive,34,0,disordered
ELME000064,MOD_CK2_1,Casein kinase 2 (CK2) Phosphorylation site,MOD,Casein kinase 2 (CK2) phosphorylation site,PF00069,Pkinase,Protein kinase domain,...([ST])..E,RVITREE,493,499,AP2A_HUMAN,Homo sapiens,21777522,true positive,34,0,disordered
ELME000064,MOD_CK2_1,Casein kinase 2 (CK2) Phosphorylation site,MOD,Casein kinase 2 (CK2) phosphorylation site,PF00069,Pkinase,Protein kinase domain,...([ST])..E,RVITREE,493,499,BRMS1_HUMAN,Homo sapiens,26980766,true positive,34,0,disordered
ELME000064,MOD_CK2_1,Casein kinase 2 (CK2) Phosphorylation site,MOD,Casein kinase 2 (CK2) phosphorylation site,PF00069,Pkinase,Protein kinase domain,...([ST])..E,RVITREE,493,499,CASP9_MOUSE,Mus musculus,18467326,true positive,34,0,disordered
ELME000064,MOD_CK2_1,Casein kinase 2 (CK2) Phosphorylation site,MOD,Casein kinase 2 (CK2) phosphorylation site,PF00069,Pkinase,Protein kinase domain,...([ST])..E,RVITREE,493,499,COR1C_HUMAN,Homo sapiens,22355754,true positive,34,0,disordered
ELME000064,MOD_CK2_1,Casein kinase 2 (CK2) Phosphorylation site,MOD,Casein kinase 2 (CK2) phosphorylation site,PF00069,Pkinase,Protein kinase domain,...([ST])..E,RVITREE,493,499,DNJB2_HUMAN,Homo sapiens,28031292,true positive,34,0,disordered
ELME000064,MOD_CK2_1,Casein kinase 2 (CK2) Phosphorylation site,MOD,Casein kinase 2 (CK2) phosphorylation site,PF00069,Pkinase,Protein kinase domain,...([ST])..E,RVITREE,493,499,DOK7_MOUSE,Mus musculus,26198629,true positive,34,0,disordered
ELME000064,MOD_CK2_1,Casein kinase 2 (CK2) Phosphorylation site,MOD,Casein kinase 2 (CK2) phosphorylation site,PF00069,Pkinase,Protein kinase domain,...([ST])..E,RVITREE,493,499,EIF3J_HUMAN,Homo sapiens,25887626,true positive,34,0,disordered
ELME000064,MOD_CK2_1,Casein kinase 2 (CK2) Phosphorylation site,MOD,Casein kinase 2 (CK2) phosphorylation site,PF00069,Pkinase,Protein kinase domain,...([ST])..E,RVITREE,493,499,FADD_HUMAN,Homo sapiens,26253696,unknown,34,0,disordered
ELME000064,MOD_CK2_1,Casein kinase 2 (CK2) Phosphorylation site,MOD,Casein kinase 2 (CK2) phosphorylation site,PF00069,Pkinase,Protein kinase domain,...([ST])..E,RVITREE,493,499,FMR1_MOUSE,Mus musculus,27957526,true positive,34,0,disordered
ELME000064,MOD_CK2_1,Casein kinase 2 (CK2) Phosphorylation site,MOD,Casein kinase 2 (CK2) phosphorylation site,PF00069,Pkinase,Protein kinase domain,...([ST])..E,RVITREE,493,499,HS90B_HUMAN,Homo sapiens,25995454,true positive,34,0,disordered
ELME000064,MOD_CK2_1,Casein kinase 2 (CK2) Phosphorylation site,MOD,Casein kinase 2 (CK2) phosphorylation site,PF00069,Pkinase,Protein kinase domain,...([ST])..E,RVITREE,493,499,IRS1_HUMAN,Homo sapiens,,unknown,34,0,disordered
ELME000064,MOD_CK2_1,Casein kinase 2 (CK2) Phosphorylation site,MOD,Casein kinase 2 (CK2) phosphorylation site,PF00069,Pkinase,Protein kinase domain,...([ST])..E,RVITREE,493,499,IRS1_RAT,Rattus norvegicus,8349691,true positive,34,0,disordered
ELME000064,MOD_CK2_1,Casein kinase 2 (CK2) Phosphorylation site,MOD,Casein kinase 2 (CK2) phosphorylation site,PF00069,Pkinase,Protein kinase domain,...([ST])..E,RVITREE,493,499,KDM1A_HUMAN,Homo sapiens,25999347,true positive,34,0,disordered
ELME000064,MOD_CK2_1,Casein kinase 2 (CK2) Phosphorylation site,MOD,Casein kinase 2 (CK2) phosphorylation site,PF00069,Pkinase,Protein kinase domain,...([ST])..E,RVITREE,493,499,KS6B1_RAT,Rattus norvegicus,16895915,true positive,34,0,disordered
ELME000064,MOD_CK2_1,Casein kinase 2 (CK2) Phosphorylation site,MOD,Casein kinase 2 (CK2) phosphorylation site,PF00069,Pkinase,Protein kinase domain,...([ST])..E,RVITREE,493,499,MUSK_RAT,Rattus norvegicus,16818610,true positive,34,0,disordered
ELME000064,MOD_CK2_1,Casein kinase 2 (CK2) Phosphorylation site,MOD,Casein kinase 2 (CK2) phosphorylation site,PF00069,Pkinase,Protein kinase domain,...([ST])..E,RVITREE,493,499,NKX31_HUMAN,Homo sapiens,16581776,true positive,34,0,disordered
ELME000064,MOD_CK2_1,Casein kinase 2 (CK2) Phosphorylation site,MOD,Casein kinase 2 (CK2) phosphorylation site,PF00069,Pkinase,Protein kinase domain,...([ST])..E,RVITREE,493,499,NOL3_RAT,Rattus norvegicus,12191471,true positive,34,0,disordered
ELME000064,MOD_CK2_1,Casein kinase 2 (CK2) Phosphorylation site,MOD,Casein kinase 2 (CK2) phosphorylation site,PF00069,Pkinase,Protein kinase domain,...([ST])..E,RVITREE,493,499,OLIG2_HUMAN,Homo sapiens,28355568,true positive,34,0,disordered
ELME000064,MOD_CK2_1,Casein kinase 2 (CK2) Phosphorylation site,MOD,Casein kinase 2 (CK2) phosphorylation site,PF00069,Pkinase,Protein kinase domain,...([ST])..E,RVITREE,493,499,OTUB1_HUMAN,Homo sapiens,25872870,true positive,34,0,disordered
ELME000064,MOD_CK2_1,Casein kinase 2 (CK2) Phosphorylation site,MOD,Casein kinase 2 (CK2) phosphorylation site,PF00069,Pkinase,Protein kinase domain,...([ST])..E,RVITREE,493,499,PAWR_HUMAN,Homo sapiens,24457960,true positive,34,0,disordered
ELME000064,MOD_CK2_1,Casein kinase 2 (CK2) Phosphorylation site,MOD,Casein kinase 2 (CK2) phosphorylation site,PF00069,Pkinase,Protein kinase domain,...([ST])..E,RVITREE,493,499,PAWR_RAT,Rattus norvegicus,24457960,true positive,34,0,disordered
ELME000064,MOD_CK2_1,Casein kinase 2 (CK2) Phosphorylation site,MOD,Casein kinase 2 (CK2) phosphorylation site,PF00069,Pkinase,Protein kinase domain,...([ST])..E,RVITREE,493,499,PDX1_MOUSE,Mus musculus,28036027,true positive,34,0,disordered
ELME000064,MOD_CK2_1,Casein kinase 2 (CK2) Phosphorylation site,MOD,Casein kinase 2 (CK2) phosphorylation site,PF00069,Pkinase,Protein kinase domain,...([ST])..E,RVITREE,493,499,PTEN_HUMAN,Homo sapiens,12788938,true positive,34,0,disordered
ELME000064,MOD_CK2_1,Casein kinase 2 (CK2) Phosphorylation site,MOD,Casein kinase 2 (CK2) phosphorylation site,PF00069,Pkinase,Protein kinase domain,...([ST])..E,RVITREE,493,499,VPU_HV1BR,Human immunodeficiency virus type 1 (BRU ISOLATE),8139011,true positive,34,0,disordered
ELME000064,MOD_CK2_1,Casein kinase 2 (CK2) Phosphorylation site,MOD,Casein kinase 2 (CK2) phosphorylation site,PF00069,Pkinase,Protein kinase domain,...([ST])..E,RVITREE,493,499,XRCC1_HUMAN,Homo sapiens,19155274,true positive,34,0,disordered
ELME000064,MOD_CK2_1,Casein kinase 2 (CK2) Phosphorylation site,MOD,Casein kinase 2 (CK2) phosphorylation site,PF00069,Pkinase,Protein kinase domain,...([ST])..E,RVITREE,493,499,XRCC1_HUMAN,Homo sapiens,19155274 15066279,true positive,34,0,disordered
ELME000064,MOD_CK2_1,Casein kinase 2 (CK2) Phosphorylation site,MOD,Casein kinase 2 (CK2) phosphorylation site,PF00069,Pkinase,Protein kinase domain,...([ST])..E,RVITREE,527,533,AKT1_HUMAN,Homo sapiens,15818404,true positive,34,0,disordered
ELME000064,MOD_CK2_1,Casein kinase 2 (CK2) Phosphorylation site,MOD,Casein kinase 2 (CK2) phosphorylation site,PF00069,Pkinase,Protein kinase domain,...([ST])..E,RVITREE,527,533,AP2A_HUMAN,Homo sapiens,21777522,true positive,34,0,disordered
ELME000064,MOD_CK2_1,Casein kinase 2 (CK2) Phosphorylation site,MOD,Casein kinase 2 (CK2) phosphorylation site,PF00069,Pkinase,Protein kinase domain,...([ST])..E,RVITREE,527,533,BRMS1_HUMAN,Homo sapiens,26980766,true positive,34,0,disordered
ELME000064,MOD_CK2_1,Casein kinase 2 (CK2) Phosphorylation site,MOD,Casein kinase 2 (CK2) phosphorylation site,PF00069,Pkinase,Protein kinase domain,...([ST])..E,RVITREE,527,533,CASP9_MOUSE,Mus musculus,18467326,true positive,34,0,disordered
ELME000064,MOD_CK2_1,Casein kinase 2 (CK2) Phosphorylation site,MOD,Casein kinase 2 (CK2) phosphorylation site,PF00069,Pkinase,Protein kinase domain,...([ST])..E,RVITREE,527,533,COR1C_HUMAN,Homo sapiens,22355754,true positive,34,0,disordered
ELME000064,MOD_CK2_1,Casein kinase 2 (CK2) Phosphorylation site,MOD,Casein kinase 2 (CK2) phosphorylation site,PF00069,Pkinase,Protein kinase domain,...([ST])..E,RVITREE,527,533,DNJB2_HUMAN,Homo sapiens,28031292,true positive,34,0,disordered
ELME000064,MOD_CK2_1,Casein kinase 2 (CK2) Phosphorylation site,MOD,Casein kinase 2 (CK2) phosphorylation site,PF00069,Pkinase,Protein kinase domain,...([ST])..E,RVITREE,527,533,DOK7_MOUSE,Mus musculus,26198629,true positive,34,0,disordered
ELME000064,MOD_CK2_1,Casein kinase 2 (CK2) Phosphorylation site,MOD,Casein kinase 2 (CK2) phosphorylation site,PF00069,Pkinase,Protein kinase domain,...([ST])..E,RVITREE,527,533,EIF3J_HUMAN,Homo sapiens,25887626,true positive,34,0,disordered
ELME000064,MOD_CK2_1,Casein kinase 2 (CK2) Phosphorylation site,MOD,Casein kinase 2 (CK2) phosphorylation site,PF00069,Pkinase,Protein kinase domain,...([ST])..E,RVITREE,527,533,FADD_HUMAN,Homo sapiens,26253696,unknown,34,0,disordered
ELME000064,MOD_CK2_1,Casein kinase 2 (CK2) Phosphorylation site,MOD,Casein kinase 2 (CK2) phosphorylation site,PF00069,Pkinase,Protein kinase domain,...([ST])..E,RVITREE,527,533,FMR1_MOUSE,Mus musculus,27957526,true positive,34,0,disordered
ELME000064,MOD_CK2_1,Casein kinase 2 (CK2) Phosphorylation site,MOD,Casein kinase 2 (CK2) phosphorylation site,PF00069,Pkinase,Protein kinase domain,...([ST])..E,RVITREE,527,533,HS90B_HUMAN,Homo sapiens,25995454,true positive,34,0,disordered
ELME000064,MOD_CK2_1,Casein kinase 2 (CK2) Phosphorylation site,MOD,Casein kinase 2 (CK2) phosphorylation site,PF00069,Pkinase,Protein kinase domain,...([ST])..E,RVITREE,527,533,IRS1_HUMAN,Homo sapiens,,unknown,34,0,disordered
ELME000064,MOD_CK2_1,Casein kinase 2 (CK2) Phosphorylation site,MOD,Casein kinase 2 (CK2) phosphorylation site,PF00069,Pkinase,Protein kinase domain,...([ST])..E,RVITREE,527,533,IRS1_RAT,Rattus norvegicus,8349691,true positive,34,0,disordered
ELME000064,MOD_CK2_1,Casein kinase 2 (CK2) Phosphorylation site,MOD,Casein kinase 2 (CK2) phosphorylation site,PF00069,Pkinase,Protein kinase domain,...([ST])..E,RVITREE,527,533,KDM1A_HUMAN,Homo sapiens,25999347,true positive,34,0,disordered
ELME000064,MOD_CK2_1,Casein kinase 2 (CK2) Phosphorylation site,MOD,Casein kinase 2 (CK2) phosphorylation site,PF00069,Pkinase,Protein kinase domain,...([ST])..E,RVITREE,527,533,KS6B1_RAT,Rattus norvegicus,16895915,true positive,34,0,disordered
ELME000064,MOD_CK2_1,Casein kinase 2 (CK2) Phosphorylation site,MOD,Casein kinase 2 (CK2) phosphorylation site,PF00069,Pkinase,Protein kinase domain,...([ST])..E,RVITREE,527,533,MUSK_RAT,Rattus norvegicus,16818610,true positive,34,0,disordered
ELME000064,MOD_CK2_1,Casein kinase 2 (CK2) Phosphorylation site,MOD,Casein kinase 2 (CK2) phosphorylation site,PF00069,Pkinase,Protein kinase domain,...([ST])..E,RVITREE,527,533,NKX31_HUMAN,Homo sapiens,16581776,true positive,34,0,disordered
ELME000064,MOD_CK2_1,Casein kinase 2 (CK2) Phosphorylation site,MOD,Casein kinase 2 (CK2) phosphorylation site,PF00069,Pkinase,Protein kinase domain,...([ST])..E,RVITREE,527,533,NOL3_RAT,Rattus norvegicus,12191471,true positive,34,0,disordered
ELME000064,MOD_CK2_1,Casein kinase 2 (CK2) Phosphorylation site,MOD,Casein kinase 2 (CK2) phosphorylation site,PF00069,Pkinase,Protein kinase domain,...([ST])..E,RVITREE,527,533,OLIG2_HUMAN,Homo sapiens,28355568,true positive,34,0,disordered
ELME000064,MOD_CK2_1,Casein kinase 2 (CK2) Phosphorylation site,MOD,Casein kinase 2 (CK2) phosphorylation site,PF00069,Pkinase,Protein kinase domain,...([ST])..E,RVITREE,527,533,OTUB1_HUMAN,Homo sapiens,25872870,true positive,34,0,disordered
ELME000064,MOD_CK2_1,Casein kinase 2 (CK2) Phosphorylation site,MOD,Casein kinase 2 (CK2) phosphorylation site,PF00069,Pkinase,Protein kinase domain,...([ST])..E,RVITREE,527,533,PAWR_HUMAN,Homo sapiens,24457960,true positive,34,0,disordered
ELME000064,MOD_CK2_1,Casein kinase 2 (CK2) Phosphorylation site,MOD,Casein kinase 2 (CK2) phosphorylation site,PF00069,Pkinase,Protein kinase domain,...([ST])..E,RVITREE,527,533,PAWR_RAT,Rattus norvegicus,24457960,true positive,34,0,disordered
ELME000064,MOD_CK2_1,Casein kinase 2 (CK2) Phosphorylation site,MOD,Casein kinase 2 (CK2) phosphorylation site,PF00069,Pkinase,Protein kinase domain,...([ST])..E,RVITREE,527,533,PDX1_MOUSE,Mus musculus,28036027,true positive,34,0,disordered
ELME000064,MOD_CK2_1,Casein kinase 2 (CK2) Phosphorylation site,MOD,Casein kinase 2 (CK2) phosphorylation site,PF00069,Pkinase,Protein kinase domain,...([ST])..E,RVITREE,527,533,PTEN_HUMAN,Homo sapiens,12788938,true positive,34,0,disordered
ELME000064,MOD_CK2_1,Casein kinase 2 (CK2) Phosphorylation site,MOD,Casein kinase 2 (CK2) phosphorylation site,PF00069,Pkinase,Protein kinase domain,...([ST])..E,RVITREE,527,533,VPU_HV1BR,Human immunodeficiency virus type 1 (BRU ISOLATE),8139011,true positive,34,0,disordered
ELME000064,MOD_CK2_1,Casein kinase 2 (CK2) Phosphorylation site,MOD,Casein kinase 2 (CK2) phosphorylation site,PF00069,Pkinase,Protein kinase domain,...([ST])..E,RVITREE,527,533,XRCC1_HUMAN,Homo sapiens,19155274,true positive,34,0,disordered
ELME000064,MOD_CK2_1,Casein kinase 2 (CK2) Phosphorylation site,MOD,Casein kinase 2 (CK2) phosphorylation site,PF00069,Pkinase,Protein kinase domain,...([ST])..E,RVITREE,527,533,XRCC1_HUMAN,Homo sapiens,19155274 15066279,true positive,34,0,disordered
ELME000085,MOD_GlcNHglycan,Glycosaminoglycan attachment site,MOD,Glycosaminoglycan attachment site,PF02485,Branch,Core-2/I-Branching enzyme,"[ED]{0,3}.(S)[GA].",ASAE,432,435,SDC1_MOUSE,Mus musculus,8163535,true positive,6,0,disordered
ELME000085,MOD_GlcNHglycan,Glycosaminoglycan attachment site,MOD,Glycosaminoglycan attachment site,PF01048,PNP_UDP_1,Phosphorylase superfamily,"[ED]{0,3}.(S)[GA].",ASAE,432,435,SDC1_MOUSE,Mus musculus,8163535,true positive,6,0,disordered
ELME000085,MOD_GlcNHglycan,Glycosaminoglycan attachment site,MOD,Glycosaminoglycan attachment site,PF02485,Branch,Core-2/I-Branching enzyme,"[ED]{0,3}.(S)[GA].",ASAE,432,435,SDC_CAEEL,Caenorhabditis elegans,17369258,true positive,6,0,disordered
ELME000085,MOD_GlcNHglycan,Glycosaminoglycan attachment site,MOD,Glycosaminoglycan attachment site,PF01048,PNP_UDP_1,Phosphorylase superfamily,"[ED]{0,3}.(S)[GA].",ASAE,432,435,SDC_CAEEL,Caenorhabditis elegans,17369258,true positive,6,0,disordered
ELME000085,MOD_GlcNHglycan,Glycosaminoglycan attachment site,MOD,Glycosaminoglycan attachment site,PF02485,Branch,Core-2/I-Branching enzyme,"[ED]{0,3}.(S)[GA].",PSAN,489,492,SDC1_MOUSE,Mus musculus,8163535,true positive,6,0,disordered
ELME000085,MOD_GlcNHglycan,Glycosaminoglycan attachment site,MOD,Glycosaminoglycan attachment site,PF01048,PNP_UDP_1,Phosphorylase superfamily,"[ED]{0,3}.(S)[GA].",PSAN,489,492,SDC1_MOUSE,Mus musculus,8163535,true positive,6,0,disordered
ELME000085,MOD_GlcNHglycan,Glycosaminoglycan attachment site,MOD,Glycosaminoglycan attachment site,PF02485,Branch,Core-2/I-Branching enzyme,"[ED]{0,3}.(S)[GA].",PSAN,489,492,SDC_CAEEL,Caenorhabditis elegans,17369258,true positive,6,0,disordered
ELME000085,MOD_GlcNHglycan,Glycosaminoglycan attachment site,MOD,Glycosaminoglycan attachment site,PF01048,PNP_UDP_1,Phosphorylase superfamily,"[ED]{0,3}.(S)[GA].",PSAN,489,492,SDC_CAEEL,Caenorhabditis elegans,17369258,true positive,6,0,disordered
ELME000085,MOD_GlcNHglycan,Glycosaminoglycan attachment site,MOD,Glycosaminoglycan attachment site,PF02485,Branch,Core-2/I-Branching enzyme,"[ED]{0,3}.(S)[GA].",RSAS,511,514,SDC1_MOUSE,Mus musculus,8163535,true positive,6,0,disordered
ELME000085,MOD_GlcNHglycan,Glycosaminoglycan attachment site,MOD,Glycosaminoglycan attachment site,PF01048,PNP_UDP_1,Phosphorylase superfamily,"[ED]{0,3}.(S)[GA].",RSAS,511,514,SDC1_MOUSE,Mus musculus,8163535,true positive,6,0,disordered
ELME000085,MOD_GlcNHglycan,Glycosaminoglycan attachment site,MOD,Glycosaminoglycan attachment site,PF02485,Branch,Core-2/I-Branching enzyme,"[ED]{0,3}.(S)[GA].",RSAS,511,514,SDC_CAEEL,Caenorhabditis elegans,17369258,true positive,6,0,disordered
ELME000085,MOD_GlcNHglycan,Glycosaminoglycan attachment site,MOD,Glycosaminoglycan attachment site,PF01048,PNP_UDP_1,Phosphorylase superfamily,"[ED]{0,3}.(S)[GA].",RSAS,511,514,SDC_CAEEL,Caenorhabditis elegans,17369258,true positive,6,0,disordered
ELME000053,MOD_GSK3_1,GSK3 phosphorylation site,MOD,GSK3 phosphorylation recognition site,PF00069,Pkinase,Protein kinase domain,...([ST])...[ST],ENQSTEGT,338,345,ATX3_HUMAN,Homo sapiens,17434145,true positive,22,0,disordered
ELME000053,MOD_GSK3_1,GSK3 phosphorylation site,MOD,GSK3 phosphorylation recognition site,PF00069,Pkinase,Protein kinase domain,...([ST])...[ST],ENQSTEGT,338,345,CCNE1_HUMAN,Homo sapiens,14536078,true positive,22,0,disordered
ELME000053,MOD_GSK3_1,GSK3 phosphorylation site,MOD,GSK3 phosphorylation recognition site,PF00069,Pkinase,Protein kinase domain,...([ST])...[ST],ENQSTEGT,338,345,CTNB1_HUMAN,Homo sapiens,11955436 19061640 10074433,true positive,22,0,disordered
ELME000053,MOD_GSK3_1,GSK3 phosphorylation site,MOD,GSK3 phosphorylation recognition site,PF00069,Pkinase,Protein kinase domain,...([ST])...[ST],ENQSTEGT,338,345,CTNB1_MOUSE,Mus musculus,12417018,true positive,22,0,disordered
ELME000053,MOD_GSK3_1,GSK3 phosphorylation site,MOD,GSK3 phosphorylation recognition site,PF00069,Pkinase,Protein kinase domain,...([ST])...[ST],ENQSTEGT,338,345,ESR2_HUMAN,Homo sapiens,22586270,true positive,22,0,disordered
ELME000053,MOD_GSK3_1,GSK3 phosphorylation site,MOD,GSK3 phosphorylation recognition site,PF00069,Pkinase,Protein kinase domain,...([ST])...[ST],ENQSTEGT,338,345,FGD1_HUMAN,Homo sapiens,15743413,true positive,22,0,disordered
ELME000053,MOD_GSK3_1,GSK3 phosphorylation site,MOD,GSK3 phosphorylation recognition site,PF00069,Pkinase,Protein kinase domain,...([ST])...[ST],ENQSTEGT,338,345,FGD3_HUMAN,Homo sapiens,18363964,true positive,22,0,disordered
ELME000053,MOD_GSK3_1,GSK3 phosphorylation site,MOD,GSK3 phosphorylation recognition site,PF00069,Pkinase,Protein kinase domain,...([ST])...[ST],ENQSTEGT,338,345,HSF1_HUMAN,Homo sapiens,8940068,true positive,22,0,disordered
ELME000053,MOD_GSK3_1,GSK3 phosphorylation site,MOD,GSK3 phosphorylation recognition site,PF00069,Pkinase,Protein kinase domain,...([ST])...[ST],ENQSTEGT,338,345,JUN_HUMAN,Homo sapiens,1846781,true positive,22,0,disordered
ELME000053,MOD_GSK3_1,GSK3 phosphorylation site,MOD,GSK3 phosphorylation recognition site,PF00069,Pkinase,Protein kinase domain,...([ST])...[ST],ENQSTEGT,338,345,MK67I_HUMAN,Homo sapiens,16244663,true positive,22,0,disordered
ELME000053,MOD_GSK3_1,GSK3 phosphorylation site,MOD,GSK3 phosphorylation recognition site,PF00069,Pkinase,Protein kinase domain,...([ST])...[ST],ENQSTEGT,338,345,MYC_HUMAN,Homo sapiens,14563837,true positive,22,0,disordered
ELME000053,MOD_GSK3_1,GSK3 phosphorylation site,MOD,GSK3 phosphorylation recognition site,PF00069,Pkinase,Protein kinase domain,...([ST])...[ST],ENQSTEGT,338,345,NFAC1_HUMAN,Homo sapiens,12351631,true positive,22,0,disordered
ELME000053,MOD_GSK3_1,GSK3 phosphorylation site,MOD,GSK3 phosphorylation recognition site,PF00069,Pkinase,Protein kinase domain,...([ST])...[ST],ENQSTEGT,338,345,P53_HUMAN,Homo sapiens,11483158,true positive,22,0,disordered
ELME000053,MOD_GSK3_1,GSK3 phosphorylation site,MOD,GSK3 phosphorylation recognition site,PF00069,Pkinase,Protein kinase domain,...([ST])...[ST],ENQSTEGT,338,345,SMAD1_HUMAN,Homo sapiens,17289590,true positive,22,0,disordered
ELME000053,MOD_GSK3_1,GSK3 phosphorylation site,MOD,GSK3 phosphorylation recognition site,PF00069,Pkinase,Protein kinase domain,...([ST])...[ST],ENQSTEGT,338,345,SMAD1_HUMAN,Homo sapiens,18045539,true positive,22,0,disordered
ELME000053,MOD_GSK3_1,GSK3 phosphorylation site,MOD,GSK3 phosphorylation recognition site,PF00069,Pkinase,Protein kinase domain,...([ST])...[ST],ENQSTEGT,338,345,SMAD3_HUMAN,Homo sapiens,19218245,true positive,22,0,disordered
ELME000053,MOD_GSK3_1,GSK3 phosphorylation site,MOD,GSK3 phosphorylation recognition site,PF00069,Pkinase,Protein kinase domain,...([ST])...[ST],ENQSTEGT,338,345,SNAI1_HUMAN,Homo sapiens,15448698,true positive,22,0,disordered
ELME000053,MOD_GSK3_1,GSK3 phosphorylation site,MOD,GSK3 phosphorylation recognition site,PF00069,Pkinase,Protein kinase domain,...([ST])...[ST],VDATRTRT,353,360,ATX3_HUMAN,Homo sapiens,17434145,true positive,22,0,disordered
ELME000053,MOD_GSK3_1,GSK3 phosphorylation site,MOD,GSK3 phosphorylation recognition site,PF00069,Pkinase,Protein kinase domain,...([ST])...[ST],VDATRTRT,353,360,CCNE1_HUMAN,Homo sapiens,14536078,true positive,22,0,disordered
ELME000053,MOD_GSK3_1,GSK3 phosphorylation site,MOD,GSK3 phosphorylation recognition site,PF00069,Pkinase,Protein kinase domain,...([ST])...[ST],VDATRTRT,353,360,CTNB1_HUMAN,Homo sapiens,11955436 19061640 10074433,true positive,22,0,disordered
ELME000053,MOD_GSK3_1,GSK3 phosphorylation site,MOD,GSK3 phosphorylation recognition site,PF00069,Pkinase,Protein kinase domain,...([ST])...[ST],VDATRTRT,353,360,CTNB1_MOUSE,Mus musculus,12417018,true positive,22,0,disordered
ELME000053,MOD_GSK3_1,GSK3 phosphorylation site,MOD,GSK3 phosphorylation recognition site,PF00069,Pkinase,Protein kinase domain,...([ST])...[ST],VDATRTRT,353,360,ESR2_HUMAN,Homo sapiens,22586270,true positive,22,0,disordered
ELME000053,MOD_GSK3_1,GSK3 phosphorylation site,MOD,GSK3 phosphorylation recognition site,PF00069,Pkinase,Protein kinase domain,...([ST])...[ST],VDATRTRT,353,360,FGD1_HUMAN,Homo sapiens,15743413,true positive,22,0,disordered
ELME000053,MOD_GSK3_1,GSK3 phosphorylation site,MOD,GSK3 phosphorylation recognition site,PF00069,Pkinase,Protein kinase domain,...([ST])...[ST],VDATRTRT,353,360,FGD3_HUMAN,Homo sapiens,18363964,true positive,22,0,disordered
ELME000053,MOD_GSK3_1,GSK3 phosphorylation site,MOD,GSK3 phosphorylation recognition site,PF00069,Pkinase,Protein kinase domain,...([ST])...[ST],VDATRTRT,353,360,HSF1_HUMAN,Homo sapiens,8940068,true positive,22,0,disordered
ELME000053,MOD_GSK3_1,GSK3 phosphorylation site,MOD,GSK3 phosphorylation recognition site,PF00069,Pkinase,Protein kinase domain,...([ST])...[ST],VDATRTRT,353,360,JUN_HUMAN,Homo sapiens,1846781,true positive,22,0,disordered
ELME000053,MOD_GSK3_1,GSK3 phosphorylation site,MOD,GSK3 phosphorylation recognition site,PF00069,Pkinase,Protein kinase domain,...([ST])...[ST],VDATRTRT,353,360,MK67I_HUMAN,Homo sapiens,16244663,true positive,22,0,disordered
ELME000053,MOD_GSK3_1,GSK3 phosphorylation site,MOD,GSK3 phosphorylation recognition site,PF00069,Pkinase,Protein kinase domain,...([ST])...[ST],VDATRTRT,353,360,MYC_HUMAN,Homo sapiens,14563837,true positive,22,0,disordered
ELME000053,MOD_GSK3_1,GSK3 phosphorylation site,MOD,GSK3 phosphorylation recognition site,PF00069,Pkinase,Protein kinase domain,...([ST])...[ST],VDATRTRT,353,360,NFAC1_HUMAN,Homo sapiens,12351631,true positive,22,0,disordered
ELME000053,MOD_GSK3_1,GSK3 phosphorylation site,MOD,GSK3 phosphorylation recognition site,PF00069,Pkinase,Protein kinase domain,...([ST])...[ST],VDATRTRT,353,360,P53_HUMAN,Homo sapiens,11483158,true positive,22,0,disordered
ELME000053,MOD_GSK3_1,GSK3 phosphorylation site,MOD,GSK3 phosphorylation recognition site,PF00069,Pkinase,Protein kinase domain,...([ST])...[ST],VDATRTRT,353,360,SMAD1_HUMAN,Homo sapiens,17289590,true positive,22,0,disordered
ELME000053,MOD_GSK3_1,GSK3 phosphorylation site,MOD,GSK3 phosphorylation recognition site,PF00069,Pkinase,Protein kinase domain,...([ST])...[ST],VDATRTRT,353,360,SMAD1_HUMAN,Homo sapiens,18045539,true positive,22,0,disordered
ELME000053,MOD_GSK3_1,GSK3 phosphorylation site,MOD,GSK3 phosphorylation recognition site,PF00069,Pkinase,Protein kinase domain,...([ST])...[ST],VDATRTRT,353,360,SMAD3_HUMAN,Homo sapiens,19218245,true positive,22,0,disordered
ELME000053,MOD_GSK3_1,GSK3 phosphorylation site,MOD,GSK3 phosphorylation recognition site,PF00069,Pkinase,Protein kinase domain,...([ST])...[ST],VDATRTRT,353,360,SNAI1_HUMAN,Homo sapiens,15448698,true positive,22,0,disordered
ELME000053,MOD_GSK3_1,GSK3 phosphorylation site,MOD,GSK3 phosphorylation recognition site,PF00069,Pkinase,Protein kinase domain,...([ST])...[ST],SLLSDGPT,375,382,ATX3_HUMAN,Homo sapiens,17434145,true positive,22,0,disordered
ELME000053,MOD_GSK3_1,GSK3 phosphorylation site,MOD,GSK3 phosphorylation recognition site,PF00069,Pkinase,Protein kinase domain,...([ST])...[ST],SLLSDGPT,375,382,CCNE1_HUMAN,Homo sapiens,14536078,true positive,22,0,disordered
ELME000053,MOD_GSK3_1,GSK3 phosphorylation site,MOD,GSK3 phosphorylation recognition site,PF00069,Pkinase,Protein kinase domain,...([ST])...[ST],SLLSDGPT,375,382,CTNB1_HUMAN,Homo sapiens,11955436 19061640 10074433,true positive,22,0,disordered
ELME000053,MOD_GSK3_1,GSK3 phosphorylation site,MOD,GSK3 phosphorylation recognition site,PF00069,Pkinase,Protein kinase domain,...([ST])...[ST],SLLSDGPT,375,382,CTNB1_MOUSE,Mus musculus,12417018,true positive,22,0,disordered
ELME000053,MOD_GSK3_1,GSK3 phosphorylation site,MOD,GSK3 phosphorylation recognition site,PF00069,Pkinase,Protein kinase domain,...([ST])...[ST],SLLSDGPT,375,382,ESR2_HUMAN,Homo sapiens,22586270,true positive,22,0,disordered
ELME000053,MOD_GSK3_1,GSK3 phosphorylation site,MOD,GSK3 phosphorylation recognition site,PF00069,Pkinase,Protein kinase domain,...([ST])...[ST],SLLSDGPT,375,382,FGD1_HUMAN,Homo sapiens,15743413,true positive,22,0,disordered
ELME000053,MOD_GSK3_1,GSK3 phosphorylation site,MOD,GSK3 phosphorylation recognition site,PF00069,Pkinase,Protein kinase domain,...([ST])...[ST],SLLSDGPT,375,382,FGD3_HUMAN,Homo sapiens,18363964,true positive,22,0,disordered
ELME000053,MOD_GSK3_1,GSK3 phosphorylation site,MOD,GSK3 phosphorylation recognition site,PF00069,Pkinase,Protein kinase domain,...([ST])...[ST],SLLSDGPT,375,382,HSF1_HUMAN,Homo sapiens,8940068,true positive,22,0,disordered
ELME000053,MOD_GSK3_1,GSK3 phosphorylation site,MOD,GSK3 phosphorylation recognition site,PF00069,Pkinase,Protein kinase domain,...([ST])...[ST],SLLSDGPT,375,382,JUN_HUMAN,Homo sapiens,1846781,true positive,22,0,disordered
ELME000053,MOD_GSK3_1,GSK3 phosphorylation site,MOD,GSK3 phosphorylation recognition site,PF00069,Pkinase,Protein kinase domain,...([ST])...[ST],SLLSDGPT,375,382,MK67I_HUMAN,Homo sapiens,16244663,true positive,22,0,disordered
ELME000053,MOD_GSK3_1,GSK3 phosphorylation site,MOD,GSK3 phosphorylation recognition site,PF00069,Pkinase,Protein kinase domain,...([ST])...[ST],SLLSDGPT,375,382,MYC_HUMAN,Homo sapiens,14563837,true positive,22,0,disordered
ELME000053,MOD_GSK3_1,GSK3 phosphorylation site,MOD,GSK3 phosphorylation recognition site,PF00069,Pkinase,Protein kinase domain,...([ST])...[ST],SLLSDGPT,375,382,NFAC1_HUMAN,Homo sapiens,12351631,true positive,22,0,disordered
ELME000053,MOD_GSK3_1,GSK3 phosphorylation site,MOD,GSK3 phosphorylation recognition site,PF00069,Pkinase,Protein kinase domain,...([ST])...[ST],SLLSDGPT,375,382,P53_HUMAN,Homo sapiens,11483158,true positive,22,0,disordered
ELME000053,MOD_GSK3_1,GSK3 phosphorylation site,MOD,GSK3 phosphorylation recognition site,PF00069,Pkinase,Protein kinase domain,...([ST])...[ST],SLLSDGPT,375,382,SMAD1_HUMAN,Homo sapiens,17289590,true positive,22,0,disordered
ELME000053,MOD_GSK3_1,GSK3 phosphorylation site,MOD,GSK3 phosphorylation recognition site,PF00069,Pkinase,Protein kinase domain,...([ST])...[ST],SLLSDGPT,375,382,SMAD1_HUMAN,Homo sapiens,18045539,true positive,22,0,disordered
ELME000053,MOD_GSK3_1,GSK3 phosphorylation site,MOD,GSK3 phosphorylation recognition site,PF00069,Pkinase,Protein kinase domain,...([ST])...[ST],SLLSDGPT,375,382,SMAD3_HUMAN,Homo sapiens,19218245,true positive,22,0,disordered
ELME000053,MOD_GSK3_1,GSK3 phosphorylation site,MOD,GSK3 phosphorylation recognition site,PF00069,Pkinase,Protein kinase domain,...([ST])...[ST],SLLSDGPT,375,382,SNAI1_HUMAN,Homo sapiens,15448698,true positive,22,0,disordered
ELME000053,MOD_GSK3_1,GSK3 phosphorylation site,MOD,GSK3 phosphorylation recognition site,PF00069,Pkinase,Protein kinase domain,...([ST])...[ST],GPPSVSSS,394,401,ATX3_HUMAN,Homo sapiens,17434145,true positive,22,0,disordered
ELME000053,MOD_GSK3_1,GSK3 phosphorylation site,MOD,GSK3 phosphorylation recognition site,PF00069,Pkinase,Protein kinase domain,...([ST])...[ST],GPPSVSSS,394,401,CCNE1_HUMAN,Homo sapiens,14536078,true positive,22,0,disordered
ELME000053,MOD_GSK3_1,GSK3 phosphorylation site,MOD,GSK3 phosphorylation recognition site,PF00069,Pkinase,Protein kinase domain,...([ST])...[ST],GPPSVSSS,394,401,CTNB1_HUMAN,Homo sapiens,11955436 19061640 10074433,true positive,22,0,disordered
ELME000053,MOD_GSK3_1,GSK3 phosphorylation site,MOD,GSK3 phosphorylation recognition site,PF00069,Pkinase,Protein kinase domain,...([ST])...[ST],GPPSVSSS,394,401,CTNB1_MOUSE,Mus musculus,12417018,true positive,22,0,disordered
ELME000053,MOD_GSK3_1,GSK3 phosphorylation site,MOD,GSK3 phosphorylation recognition site,PF00069,Pkinase,Protein kinase domain,...([ST])...[ST],GPPSVSSS,394,401,ESR2_HUMAN,Homo sapiens,22586270,true positive,22,0,disordered
ELME000053,MOD_GSK3_1,GSK3 phosphorylation site,MOD,GSK3 phosphorylation recognition site,PF00069,Pkinase,Protein kinase domain,...([ST])...[ST],GPPSVSSS,394,401,FGD1_HUMAN,Homo sapiens,15743413,true positive,22,0,disordered
ELME000053,MOD_GSK3_1,GSK3 phosphorylation site,MOD,GSK3 phosphorylation recognition site,PF00069,Pkinase,Protein kinase domain,...([ST])...[ST],GPPSVSSS,394,401,FGD3_HUMAN,Homo sapiens,18363964,true positive,22,0,disordered
ELME000053,MOD_GSK3_1,GSK3 phosphorylation site,MOD,GSK3 phosphorylation recognition site,PF00069,Pkinase,Protein kinase domain,...([ST])...[ST],GPPSVSSS,394,401,HSF1_HUMAN,Homo sapiens,8940068,true positive,22,0,disordered
ELME000053,MOD_GSK3_1,GSK3 phosphorylation site,MOD,GSK3 phosphorylation recognition site,PF00069,Pkinase,Protein kinase domain,...([ST])...[ST],GPPSVSSS,394,401,JUN_HUMAN,Homo sapiens,1846781,true positive,22,0,disordered
ELME000053,MOD_GSK3_1,GSK3 phosphorylation site,MOD,GSK3 phosphorylation recognition site,PF00069,Pkinase,Protein kinase domain,...([ST])...[ST],GPPSVSSS,394,401,MK67I_HUMAN,Homo sapiens,16244663,true positive,22,0,disordered
ELME000053,MOD_GSK3_1,GSK3 phosphorylation site,MOD,GSK3 phosphorylation recognition site,PF00069,Pkinase,Protein kinase domain,...([ST])...[ST],GPPSVSSS,394,401,MYC_HUMAN,Homo sapiens,14563837,true positive,22,0,disordered
ELME000053,MOD_GSK3_1,GSK3 phosphorylation site,MOD,GSK3 phosphorylation recognition site,PF00069,Pkinase,Protein kinase domain,...([ST])...[ST],GPPSVSSS,394,401,NFAC1_HUMAN,Homo sapiens,12351631,true positive,22,0,disordered
ELME000053,MOD_GSK3_1,GSK3 phosphorylation site,MOD,GSK3 phosphorylation recognition site,PF00069,Pkinase,Protein kinase domain,...([ST])...[ST],GPPSVSSS,394,401,P53_HUMAN,Homo sapiens,11483158,true positive,22,0,disordered
ELME000053,MOD_GSK3_1,GSK3 phosphorylation site,MOD,GSK3 phosphorylation recognition site,PF00069,Pkinase,Protein kinase domain,...([ST])...[ST],GPPSVSSS,394,401,SMAD1_HUMAN,Homo sapiens,17289590,true positive,22,0,disordered
ELME000053,MOD_GSK3_1,GSK3 phosphorylation site,MOD,GSK3 phosphorylation recognition site,PF00069,Pkinase,Protein kinase domain,...([ST])...[ST],GPPSVSSS,394,401,SMAD1_HUMAN,Homo sapiens,18045539,true positive,22,0,disordered
ELME000053,MOD_GSK3_1,GSK3 phosphorylation site,MOD,GSK3 phosphorylation recognition site,PF00069,Pkinase,Protein kinase domain,...([ST])...[ST],GPPSVSSS,394,401,SMAD3_HUMAN,Homo sapiens,19218245,true positive,22,0,disordered
ELME000053,MOD_GSK3_1,GSK3 phosphorylation site,MOD,GSK3 phosphorylation recognition site,PF00069,Pkinase,Protein kinase domain,...([ST])...[ST],GPPSVSSS,394,401,SNAI1_HUMAN,Homo sapiens,15448698,true positive,22,0,disordered
ELME000053,MOD_GSK3_1,GSK3 phosphorylation site,MOD,GSK3 phosphorylation recognition site,PF00069,Pkinase,Protein kinase domain,...([ST])...[ST],SVSSSSWS,397,404,ATX3_HUMAN,Homo sapiens,17434145,true positive,22,0,disordered
ELME000053,MOD_GSK3_1,GSK3 phosphorylation site,MOD,GSK3 phosphorylation recognition site,PF00069,Pkinase,Protein kinase domain,...([ST])...[ST],SVSSSSWS,397,404,CCNE1_HUMAN,Homo sapiens,14536078,true positive,22,0,disordered
ELME000053,MOD_GSK3_1,GSK3 phosphorylation site,MOD,GSK3 phosphorylation recognition site,PF00069,Pkinase,Protein kinase domain,...([ST])...[ST],SVSSSSWS,397,404,CTNB1_HUMAN,Homo sapiens,11955436 19061640 10074433,true positive,22,0,disordered
ELME000053,MOD_GSK3_1,GSK3 phosphorylation site,MOD,GSK3 phosphorylation recognition site,PF00069,Pkinase,Protein kinase domain,...([ST])...[ST],SVSSSSWS,397,404,CTNB1_MOUSE,Mus musculus,12417018,true positive,22,0,disordered
ELME000053,MOD_GSK3_1,GSK3 phosphorylation site,MOD,GSK3 phosphorylation recognition site,PF00069,Pkinase,Protein kinase domain,...([ST])...[ST],SVSSSSWS,397,404,ESR2_HUMAN,Homo sapiens,22586270,true positive,22,0,disordered
ELME000053,MOD_GSK3_1,GSK3 phosphorylation site,MOD,GSK3 phosphorylation recognition site,PF00069,Pkinase,Protein kinase domain,...([ST])...[ST],SVSSSSWS,397,404,FGD1_HUMAN,Homo sapiens,15743413,true positive,22,0,disordered
ELME000053,MOD_GSK3_1,GSK3 phosphorylation site,MOD,GSK3 phosphorylation recognition site,PF00069,Pkinase,Protein kinase domain,...([ST])...[ST],SVSSSSWS,397,404,FGD3_HUMAN,Homo sapiens,18363964,true positive,22,0,disordered
ELME000053,MOD_GSK3_1,GSK3 phosphorylation site,MOD,GSK3 phosphorylation recognition site,PF00069,Pkinase,Protein kinase domain,...([ST])...[ST],SVSSSSWS,397,404,HSF1_HUMAN,Homo sapiens,8940068,true positive,22,0,disordered
ELME000053,MOD_GSK3_1,GSK3 phosphorylation site,MOD,GSK3 phosphorylation recognition site,PF00069,Pkinase,Protein kinase domain,...([ST])...[ST],SVSSSSWS,397,404,JUN_HUMAN,Homo sapiens,1846781,true positive,22,0,disordered
ELME000053,MOD_GSK3_1,GSK3 phosphorylation site,MOD,GSK3 phosphorylation recognition site,PF00069,Pkinase,Protein kinase domain,...([ST])...[ST],SVSSSSWS,397,404,MK67I_HUMAN,Homo sapiens,16244663,true positive,22,0,disordered
ELME000053,MOD_GSK3_1,GSK3 phosphorylation site,MOD,GSK3 phosphorylation recognition site,PF00069,Pkinase,Protein kinase domain,...([ST])...[ST],SVSSSSWS,397,404,MYC_HUMAN,Homo sapiens,14563837,true positive,22,0,disordered
ELME000053,MOD_GSK3_1,GSK3 phosphorylation site,MOD,GSK3 phosphorylation recognition site,PF00069,Pkinase,Protein kinase domain,...([ST])...[ST],SVSSSSWS,397,404,NFAC1_HUMAN,Homo sapiens,12351631,true positive,22,0,disordered
ELME000053,MOD_GSK3_1,GSK3 phosphorylation site,MOD,GSK3 phosphorylation recognition site,PF00069,Pkinase,Protein kinase domain,...([ST])...[ST],SVSSSSWS,397,404,P53_HUMAN,Homo sapiens,11483158,true positive,22,0,disordered
ELME000053,MOD_GSK3_1,GSK3 phosphorylation site,MOD,GSK3 phosphorylation recognition site,PF00069,Pkinase,Protein kinase domain,...([ST])...[ST],SVSSSSWS,397,404,SMAD1_HUMAN,Homo sapiens,17289590,true positive,22,0,disordered
ELME000053,MOD_GSK3_1,GSK3 phosphorylation site,MOD,GSK3 phosphorylation recognition site,PF00069,Pkinase,Protein kinase domain,...([ST])...[ST],SVSSSSWS,397,404,SMAD1_HUMAN,Homo sapiens,18045539,true positive,22,0,disordered
ELME000053,MOD_GSK3_1,GSK3 phosphorylation site,MOD,GSK3 phosphorylation recognition site,PF00069,Pkinase,Protein kinase domain,...([ST])...[ST],SVSSSSWS,397,404,SMAD3_HUMAN,Homo sapiens,19218245,true positive,22,0,disordered
ELME000053,MOD_GSK3_1,GSK3 phosphorylation site,MOD,GSK3 phosphorylation recognition site,PF00069,Pkinase,Protein kinase domain,...([ST])...[ST],SVSSSSWS,397,404,SNAI1_HUMAN,Homo sapiens,15448698,true positive,22,0,disordered
ELME000053,MOD_GSK3_1,GSK3 phosphorylation site,MOD,GSK3 phosphorylation recognition site,PF00069,Pkinase,Protein kinase domain,...([ST])...[ST],SVTSEAAS,426,433,ATX3_HUMAN,Homo sapiens,17434145,true positive,22,0,disordered
ELME000053,MOD_GSK3_1,GSK3 phosphorylation site,MOD,GSK3 phosphorylation recognition site,PF00069,Pkinase,Protein kinase domain,...([ST])...[ST],SVTSEAAS,426,433,CCNE1_HUMAN,Homo sapiens,14536078,true positive,22,0,disordered
ELME000053,MOD_GSK3_1,GSK3 phosphorylation site,MOD,GSK3 phosphorylation recognition site,PF00069,Pkinase,Protein kinase domain,...([ST])...[ST],SVTSEAAS,426,433,CTNB1_HUMAN,Homo sapiens,11955436 19061640 10074433,true positive,22,0,disordered
ELME000053,MOD_GSK3_1,GSK3 phosphorylation site,MOD,GSK3 phosphorylation recognition site,PF00069,Pkinase,Protein kinase domain,...([ST])...[ST],SVTSEAAS,426,433,CTNB1_MOUSE,Mus musculus,12417018,true positive,22,0,disordered
ELME000053,MOD_GSK3_1,GSK3 phosphorylation site,MOD,GSK3 phosphorylation recognition site,PF00069,Pkinase,Protein kinase domain,...([ST])...[ST],SVTSEAAS,426,433,ESR2_HUMAN,Homo sapiens,22586270,true positive,22,0,disordered
ELME000053,MOD_GSK3_1,GSK3 phosphorylation site,MOD,GSK3 phosphorylation recognition site,PF00069,Pkinase,Protein kinase domain,...([ST])...[ST],SVTSEAAS,426,433,FGD1_HUMAN,Homo sapiens,15743413,true positive,22,0,disordered
ELME000053,MOD_GSK3_1,GSK3 phosphorylation site,MOD,GSK3 phosphorylation recognition site,PF00069,Pkinase,Protein kinase domain,...([ST])...[ST],SVTSEAAS,426,433,FGD3_HUMAN,Homo sapiens,18363964,true positive,22,0,disordered
ELME000053,MOD_GSK3_1,GSK3 phosphorylation site,MOD,GSK3 phosphorylation recognition site,PF00069,Pkinase,Protein kinase domain,...([ST])...[ST],SVTSEAAS,426,433,HSF1_HUMAN,Homo sapiens,8940068,true positive,22,0,disordered
ELME000053,MOD_GSK3_1,GSK3 phosphorylation site,MOD,GSK3 phosphorylation recognition site,PF00069,Pkinase,Protein kinase domain,...([ST])...[ST],SVTSEAAS,426,433,JUN_HUMAN,Homo sapiens,1846781,true positive,22,0,disordered
ELME000053,MOD_GSK3_1,GSK3 phosphorylation site,MOD,GSK3 phosphorylation recognition site,PF00069,Pkinase,Protein kinase domain,...([ST])...[ST],SVTSEAAS,426,433,MK67I_HUMAN,Homo sapiens,16244663,true positive,22,0,disordered
ELME000053,MOD_GSK3_1,GSK3 phosphorylation site,MOD,GSK3 phosphorylation recognition site,PF00069,Pkinase,Protein kinase domain,...([ST])...[ST],SVTSEAAS,426,433,MYC_HUMAN,Homo sapiens,14563837,true positive,22,0,disordered
ELME000053,MOD_GSK3_1,GSK3 phosphorylation site,MOD,GSK3 phosphorylation recognition site,PF00069,Pkinase,Protein kinase domain,...([ST])...[ST],SVTSEAAS,426,433,NFAC1_HUMAN,Homo sapiens,12351631,true positive,22,0,disordered
ELME000053,MOD_GSK3_1,GSK3 phosphorylation site,MOD,GSK3 phosphorylation recognition site,PF00069,Pkinase,Protein kinase domain,...([ST])...[ST],SVTSEAAS,426,433,P53_HUMAN,Homo sapiens,11483158,true positive,22,0,disordered
ELME000053,MOD_GSK3_1,GSK3 phosphorylation site,MOD,GSK3 phosphorylation recognition site,PF00069,Pkinase,Protein kinase domain,...([ST])...[ST],SVTSEAAS,426,433,SMAD1_HUMAN,Homo sapiens,17289590,true positive,22,0,disordered
ELME000053,MOD_GSK3_1,GSK3 phosphorylation site,MOD,GSK3 phosphorylation recognition site,PF00069,Pkinase,Protein kinase domain,...([ST])...[ST],SVTSEAAS,426,433,SMAD1_HUMAN,Homo sapiens,18045539,true positive,22,0,disordered
ELME000053,MOD_GSK3_1,GSK3 phosphorylation site,MOD,GSK3 phosphorylation recognition site,PF00069,Pkinase,Protein kinase domain,...([ST])...[ST],SVTSEAAS,426,433,SMAD3_HUMAN,Homo sapiens,19218245,true positive,22,0,disordered
ELME000053,MOD_GSK3_1,GSK3 phosphorylation site,MOD,GSK3 phosphorylation recognition site,PF00069,Pkinase,Protein kinase domain,...([ST])...[ST],SVTSEAAS,426,433,SNAI1_HUMAN,Homo sapiens,15448698,true positive,22,0,disordered
ELME000053,MOD_GSK3_1,GSK3 phosphorylation site,MOD,GSK3 phosphorylation recognition site,PF00069,Pkinase,Protein kinase domain,...([ST])...[ST],APRTRTPS,465,472,ATX3_HUMAN,Homo sapiens,17434145,true positive,22,0,disordered
ELME000053,MOD_GSK3_1,GSK3 phosphorylation site,MOD,GSK3 phosphorylation recognition site,PF00069,Pkinase,Protein kinase domain,...([ST])...[ST],APRTRTPS,465,472,CCNE1_HUMAN,Homo sapiens,14536078,true positive,22,0,disordered
ELME000053,MOD_GSK3_1,GSK3 phosphorylation site,MOD,GSK3 phosphorylation recognition site,PF00069,Pkinase,Protein kinase domain,...([ST])...[ST],APRTRTPS,465,472,CTNB1_HUMAN,Homo sapiens,11955436 19061640 10074433,true positive,22,0,disordered
ELME000053,MOD_GSK3_1,GSK3 phosphorylation site,MOD,GSK3 phosphorylation recognition site,PF00069,Pkinase,Protein kinase domain,...([ST])...[ST],APRTRTPS,465,472,CTNB1_MOUSE,Mus musculus,12417018,true positive,22,0,disordered
ELME000053,MOD_GSK3_1,GSK3 phosphorylation site,MOD,GSK3 phosphorylation recognition site,PF00069,Pkinase,Protein kinase domain,...([ST])...[ST],APRTRTPS,465,472,ESR2_HUMAN,Homo sapiens,22586270,true positive,22,0,disordered
ELME000053,MOD_GSK3_1,GSK3 phosphorylation site,MOD,GSK3 phosphorylation recognition site,PF00069,Pkinase,Protein kinase domain,...([ST])...[ST],APRTRTPS,465,472,FGD1_HUMAN,Homo sapiens,15743413,true positive,22,0,disordered
ELME000053,MOD_GSK3_1,GSK3 phosphorylation site,MOD,GSK3 phosphorylation recognition site,PF00069,Pkinase,Protein kinase domain,...([ST])...[ST],APRTRTPS,465,472,FGD3_HUMAN,Homo sapiens,18363964,true positive,22,0,disordered
ELME000053,MOD_GSK3_1,GSK3 phosphorylation site,MOD,GSK3 phosphorylation recognition site,PF00069,Pkinase,Protein kinase domain,...([ST])...[ST],APRTRTPS,465,472,HSF1_HUMAN,Homo sapiens,8940068,true positive,22,0,disordered
ELME000053,MOD_GSK3_1,GSK3 phosphorylation site,MOD,GSK3 phosphorylation recognition site,PF00069,Pkinase,Protein kinase domain,...([ST])...[ST],APRTRTPS,465,472,JUN_HUMAN,Homo sapiens,1846781,true positive,22,0,disordered
ELME000053,MOD_GSK3_1,GSK3 phosphorylation site,MOD,GSK3 phosphorylation recognition site,PF00069,Pkinase,Protein kinase domain,...([ST])...[ST],APRTRTPS,465,472,MK67I_HUMAN,Homo sapiens,16244663,true positive,22,0,disordered
ELME000053,MOD_GSK3_1,GSK3 phosphorylation site,MOD,GSK3 phosphorylation recognition site,PF00069,Pkinase,Protein kinase domain,...([ST])...[ST],APRTRTPS,465,472,MYC_HUMAN,Homo sapiens,14563837,true positive,22,0,disordered
ELME000053,MOD_GSK3_1,GSK3 phosphorylation site,MOD,GSK3 phosphorylation recognition site,PF00069,Pkinase,Protein kinase domain,...([ST])...[ST],APRTRTPS,465,472,NFAC1_HUMAN,Homo sapiens,12351631,true positive,22,0,disordered
ELME000053,MOD_GSK3_1,GSK3 phosphorylation site,MOD,GSK3 phosphorylation recognition site,PF00069,Pkinase,Protein kinase domain,...([ST])...[ST],APRTRTPS,465,472,P53_HUMAN,Homo sapiens,11483158,true positive,22,0,disordered
ELME000053,MOD_GSK3_1,GSK3 phosphorylation site,MOD,GSK3 phosphorylation recognition site,PF00069,Pkinase,Protein kinase domain,...([ST])...[ST],APRTRTPS,465,472,SMAD1_HUMAN,Homo sapiens,17289590,true positive,22,0,disordered
ELME000053,MOD_GSK3_1,GSK3 phosphorylation site,MOD,GSK3 phosphorylation recognition site,PF00069,Pkinase,Protein kinase domain,...([ST])...[ST],APRTRTPS,465,472,SMAD1_HUMAN,Homo sapiens,18045539,true positive,22,0,disordered
ELME000053,MOD_GSK3_1,GSK3 phosphorylation site,MOD,GSK3 phosphorylation recognition site,PF00069,Pkinase,Protein kinase domain,...([ST])...[ST],APRTRTPS,465,472,SMAD3_HUMAN,Homo sapiens,19218245,true positive,22,0,disordered
ELME000053,MOD_GSK3_1,GSK3 phosphorylation site,MOD,GSK3 phosphorylation recognition site,PF00069,Pkinase,Protein kinase domain,...([ST])...[ST],APRTRTPS,465,472,SNAI1_HUMAN,Homo sapiens,15448698,true positive,22,0,disordered
ELME000053,MOD_GSK3_1,GSK3 phosphorylation site,MOD,GSK3 phosphorylation recognition site,PF00069,Pkinase,Protein kinase domain,...([ST])...[ST],RTPSLAPS,469,476,ATX3_HUMAN,Homo sapiens,17434145,true positive,22,0,disordered
ELME000053,MOD_GSK3_1,GSK3 phosphorylation site,MOD,GSK3 phosphorylation recognition site,PF00069,Pkinase,Protein kinase domain,...([ST])...[ST],RTPSLAPS,469,476,CCNE1_HUMAN,Homo sapiens,14536078,true positive,22,0,disordered
ELME000053,MOD_GSK3_1,GSK3 phosphorylation site,MOD,GSK3 phosphorylation recognition site,PF00069,Pkinase,Protein kinase domain,...([ST])...[ST],RTPSLAPS,469,476,CTNB1_HUMAN,Homo sapiens,11955436 19061640 10074433,true positive,22,0,disordered
ELME000053,MOD_GSK3_1,GSK3 phosphorylation site,MOD,GSK3 phosphorylation recognition site,PF00069,Pkinase,Protein kinase domain,...([ST])...[ST],RTPSLAPS,469,476,CTNB1_MOUSE,Mus musculus,12417018,true positive,22,0,disordered
ELME000053,MOD_GSK3_1,GSK3 phosphorylation site,MOD,GSK3 phosphorylation recognition site,PF00069,Pkinase,Protein kinase domain,...([ST])...[ST],RTPSLAPS,469,476,ESR2_HUMAN,Homo sapiens,22586270,true positive,22,0,disordered
ELME000053,MOD_GSK3_1,GSK3 phosphorylation site,MOD,GSK3 phosphorylation recognition site,PF00069,Pkinase,Protein kinase domain,...([ST])...[ST],RTPSLAPS,469,476,FGD1_HUMAN,Homo sapiens,15743413,true positive,22,0,disordered
ELME000053,MOD_GSK3_1,GSK3 phosphorylation site,MOD,GSK3 phosphorylation recognition site,PF00069,Pkinase,Protein kinase domain,...([ST])...[ST],RTPSLAPS,469,476,FGD3_HUMAN,Homo sapiens,18363964,true positive,22,0,disordered
ELME000053,MOD_GSK3_1,GSK3 phosphorylation site,MOD,GSK3 phosphorylation recognition site,PF00069,Pkinase,Protein kinase domain,...([ST])...[ST],RTPSLAPS,469,476,HSF1_HUMAN,Homo sapiens,8940068,true positive,22,0,disordered
ELME000053,MOD_GSK3_1,GSK3 phosphorylation site,MOD,GSK3 phosphorylation recognition site,PF00069,Pkinase,Protein kinase domain,...([ST])...[ST],RTPSLAPS,469,476,JUN_HUMAN,Homo sapiens,1846781,true positive,22,0,disordered
ELME000053,MOD_GSK3_1,GSK3 phosphorylation site,MOD,GSK3 phosphorylation recognition site,PF00069,Pkinase,Protein kinase domain,...([ST])...[ST],RTPSLAPS,469,476,MK67I_HUMAN,Homo sapiens,16244663,true positive,22,0,disordered
ELME000053,MOD_GSK3_1,GSK3 phosphorylation site,MOD,GSK3 phosphorylation recognition site,PF00069,Pkinase,Protein kinase domain,...([ST])...[ST],RTPSLAPS,469,476,MYC_HUMAN,Homo sapiens,14563837,true positive,22,0,disordered
ELME000053,MOD_GSK3_1,GSK3 phosphorylation site,MOD,GSK3 phosphorylation recognition site,PF00069,Pkinase,Protein kinase domain,...([ST])...[ST],RTPSLAPS,469,476,NFAC1_HUMAN,Homo sapiens,12351631,true positive,22,0,disordered
ELME000053,MOD_GSK3_1,GSK3 phosphorylation site,MOD,GSK3 phosphorylation recognition site,PF00069,Pkinase,Protein kinase domain,...([ST])...[ST],RTPSLAPS,469,476,P53_HUMAN,Homo sapiens,11483158,true positive,22,0,disordered
ELME000053,MOD_GSK3_1,GSK3 phosphorylation site,MOD,GSK3 phosphorylation recognition site,PF00069,Pkinase,Protein kinase domain,...([ST])...[ST],RTPSLAPS,469,476,SMAD1_HUMAN,Homo sapiens,17289590,true positive,22,0,disordered
ELME000053,MOD_GSK3_1,GSK3 phosphorylation site,MOD,GSK3 phosphorylation recognition site,PF00069,Pkinase,Protein kinase domain,...([ST])...[ST],RTPSLAPS,469,476,SMAD1_HUMAN,Homo sapiens,18045539,true positive,22,0,disordered
ELME000053,MOD_GSK3_1,GSK3 phosphorylation site,MOD,GSK3 phosphorylation recognition site,PF00069,Pkinase,Protein kinase domain,...([ST])...[ST],RTPSLAPS,469,476,SMAD3_HUMAN,Homo sapiens,19218245,true positive,22,0,disordered
ELME000053,MOD_GSK3_1,GSK3 phosphorylation site,MOD,GSK3 phosphorylation recognition site,PF00069,Pkinase,Protein kinase domain,...([ST])...[ST],RTPSLAPS,469,476,SNAI1_HUMAN,Homo sapiens,15448698,true positive,22,0,disordered
ELME000053,MOD_GSK3_1,GSK3 phosphorylation site,MOD,GSK3 phosphorylation recognition site,PF00069,Pkinase,Protein kinase domain,...([ST])...[ST],LAPSRASS,473,480,ATX3_HUMAN,Homo sapiens,17434145,true positive,22,0,disordered
ELME000053,MOD_GSK3_1,GSK3 phosphorylation site,MOD,GSK3 phosphorylation recognition site,PF00069,Pkinase,Protein kinase domain,...([ST])...[ST],LAPSRASS,473,480,CCNE1_HUMAN,Homo sapiens,14536078,true positive,22,0,disordered
ELME000053,MOD_GSK3_1,GSK3 phosphorylation site,MOD,GSK3 phosphorylation recognition site,PF00069,Pkinase,Protein kinase domain,...([ST])...[ST],LAPSRASS,473,480,CTNB1_HUMAN,Homo sapiens,11955436 19061640 10074433,true positive,22,0,disordered
ELME000053,MOD_GSK3_1,GSK3 phosphorylation site,MOD,GSK3 phosphorylation recognition site,PF00069,Pkinase,Protein kinase domain,...([ST])...[ST],LAPSRASS,473,480,CTNB1_MOUSE,Mus musculus,12417018,true positive,22,0,disordered
ELME000053,MOD_GSK3_1,GSK3 phosphorylation site,MOD,GSK3 phosphorylation recognition site,PF00069,Pkinase,Protein kinase domain,...([ST])...[ST],LAPSRASS,473,480,ESR2_HUMAN,Homo sapiens,22586270,true positive,22,0,disordered
ELME000053,MOD_GSK3_1,GSK3 phosphorylation site,MOD,GSK3 phosphorylation recognition site,PF00069,Pkinase,Protein kinase domain,...([ST])...[ST],LAPSRASS,473,480,FGD1_HUMAN,Homo sapiens,15743413,true positive,22,0,disordered
ELME000053,MOD_GSK3_1,GSK3 phosphorylation site,MOD,GSK3 phosphorylation recognition site,PF00069,Pkinase,Protein kinase domain,...([ST])...[ST],LAPSRASS,473,480,FGD3_HUMAN,Homo sapiens,18363964,true positive,22,0,disordered
ELME000053,MOD_GSK3_1,GSK3 phosphorylation site,MOD,GSK3 phosphorylation recognition site,PF00069,Pkinase,Protein kinase domain,...([ST])...[ST],LAPSRASS,473,480,HSF1_HUMAN,Homo sapiens,8940068,true positive,22,0,disordered
ELME000053,MOD_GSK3_1,GSK3 phosphorylation site,MOD,GSK3 phosphorylation recognition site,PF00069,Pkinase,Protein kinase domain,...([ST])...[ST],LAPSRASS,473,480,JUN_HUMAN,Homo sapiens,1846781,true positive,22,0,disordered
ELME000053,MOD_GSK3_1,GSK3 phosphorylation site,MOD,GSK3 phosphorylation recognition site,PF00069,Pkinase,Protein kinase domain,...([ST])...[ST],LAPSRASS,473,480,MK67I_HUMAN,Homo sapiens,16244663,true positive,22,0,disordered
ELME000053,MOD_GSK3_1,GSK3 phosphorylation site,MOD,GSK3 phosphorylation recognition site,PF00069,Pkinase,Protein kinase domain,...([ST])...[ST],LAPSRASS,473,480,MYC_HUMAN,Homo sapiens,14563837,true positive,22,0,disordered
ELME000053,MOD_GSK3_1,GSK3 phosphorylation site,MOD,GSK3 phosphorylation recognition site,PF00069,Pkinase,Protein kinase domain,...([ST])...[ST],LAPSRASS,473,480,NFAC1_HUMAN,Homo sapiens,12351631,true positive,22,0,disordered
ELME000053,MOD_GSK3_1,GSK3 phosphorylation site,MOD,GSK3 phosphorylation recognition site,PF00069,Pkinase,Protein kinase domain,...([ST])...[ST],LAPSRASS,473,480,P53_HUMAN,Homo sapiens,11483158,true positive,22,0,disordered
ELME000053,MOD_GSK3_1,GSK3 phosphorylation site,MOD,GSK3 phosphorylation recognition site,PF00069,Pkinase,Protein kinase domain,...([ST])...[ST],LAPSRASS,473,480,SMAD1_HUMAN,Homo sapiens,17289590,true positive,22,0,disordered
ELME000053,MOD_GSK3_1,GSK3 phosphorylation site,MOD,GSK3 phosphorylation recognition site,PF00069,Pkinase,Protein kinase domain,...([ST])...[ST],LAPSRASS,473,480,SMAD1_HUMAN,Homo sapiens,18045539,true positive,22,0,disordered
ELME000053,MOD_GSK3_1,GSK3 phosphorylation site,MOD,GSK3 phosphorylation recognition site,PF00069,Pkinase,Protein kinase domain,...([ST])...[ST],LAPSRASS,473,480,SMAD3_HUMAN,Homo sapiens,19218245,true positive,22,0,disordered
ELME000053,MOD_GSK3_1,GSK3 phosphorylation site,MOD,GSK3 phosphorylation recognition site,PF00069,Pkinase,Protein kinase domain,...([ST])...[ST],LAPSRASS,473,480,SNAI1_HUMAN,Homo sapiens,15448698,true positive,22,0,disordered
ELME000053,MOD_GSK3_1,GSK3 phosphorylation site,MOD,GSK3 phosphorylation recognition site,PF00069,Pkinase,Protein kinase domain,...([ST])...[ST],SRASSRTS,476,483,ATX3_HUMAN,Homo sapiens,17434145,true positive,22,0,disordered
ELME000053,MOD_GSK3_1,GSK3 phosphorylation site,MOD,GSK3 phosphorylation recognition site,PF00069,Pkinase,Protein kinase domain,...([ST])...[ST],SRASSRTS,476,483,CCNE1_HUMAN,Homo sapiens,14536078,true positive,22,0,disordered
ELME000053,MOD_GSK3_1,GSK3 phosphorylation site,MOD,GSK3 phosphorylation recognition site,PF00069,Pkinase,Protein kinase domain,...([ST])...[ST],SRASSRTS,476,483,CTNB1_HUMAN,Homo sapiens,11955436 19061640 10074433,true positive,22,0,disordered
ELME000053,MOD_GSK3_1,GSK3 phosphorylation site,MOD,GSK3 phosphorylation recognition site,PF00069,Pkinase,Protein kinase domain,...([ST])...[ST],SRASSRTS,476,483,CTNB1_MOUSE,Mus musculus,12417018,true positive,22,0,disordered
ELME000053,MOD_GSK3_1,GSK3 phosphorylation site,MOD,GSK3 phosphorylation recognition site,PF00069,Pkinase,Protein kinase domain,...([ST])...[ST],SRASSRTS,476,483,ESR2_HUMAN,Homo sapiens,22586270,true positive,22,0,disordered
ELME000053,MOD_GSK3_1,GSK3 phosphorylation site,MOD,GSK3 phosphorylation recognition site,PF00069,Pkinase,Protein kinase domain,...([ST])...[ST],SRASSRTS,476,483,FGD1_HUMAN,Homo sapiens,15743413,true positive,22,0,disordered
ELME000053,MOD_GSK3_1,GSK3 phosphorylation site,MOD,GSK3 phosphorylation recognition site,PF00069,Pkinase,Protein kinase domain,...([ST])...[ST],SRASSRTS,476,483,FGD3_HUMAN,Homo sapiens,18363964,true positive,22,0,disordered
ELME000053,MOD_GSK3_1,GSK3 phosphorylation site,MOD,GSK3 phosphorylation recognition site,PF00069,Pkinase,Protein kinase domain,...([ST])...[ST],SRASSRTS,476,483,HSF1_HUMAN,Homo sapiens,8940068,true positive,22,0,disordered
ELME000053,MOD_GSK3_1,GSK3 phosphorylation site,MOD,GSK3 phosphorylation recognition site,PF00069,Pkinase,Protein kinase domain,...([ST])...[ST],SRASSRTS,476,483,JUN_HUMAN,Homo sapiens,1846781,true positive,22,0,disordered
ELME000053,MOD_GSK3_1,GSK3 phosphorylation site,MOD,GSK3 phosphorylation recognition site,PF00069,Pkinase,Protein kinase domain,...([ST])...[ST],SRASSRTS,476,483,MK67I_HUMAN,Homo sapiens,16244663,true positive,22,0,disordered
ELME000053,MOD_GSK3_1,GSK3 phosphorylation site,MOD,GSK3 phosphorylation recognition site,PF00069,Pkinase,Protein kinase domain,...([ST])...[ST],SRASSRTS,476,483,MYC_HUMAN,Homo sapiens,14563837,true positive,22,0,disordered
ELME000053,MOD_GSK3_1,GSK3 phosphorylation site,MOD,GSK3 phosphorylation recognition site,PF00069,Pkinase,Protein kinase domain,...([ST])...[ST],SRASSRTS,476,483,NFAC1_HUMAN,Homo sapiens,12351631,true positive,22,0,disordered
ELME000053,MOD_GSK3_1,GSK3 phosphorylation site,MOD,GSK3 phosphorylation recognition site,PF00069,Pkinase,Protein kinase domain,...([ST])...[ST],SRASSRTS,476,483,P53_HUMAN,Homo sapiens,11483158,true positive,22,0,disordered
ELME000053,MOD_GSK3_1,GSK3 phosphorylation site,MOD,GSK3 phosphorylation recognition site,PF00069,Pkinase,Protein kinase domain,...([ST])...[ST],SRASSRTS,476,483,SMAD1_HUMAN,Homo sapiens,17289590,true positive,22,0,disordered
ELME000053,MOD_GSK3_1,GSK3 phosphorylation site,MOD,GSK3 phosphorylation recognition site,PF00069,Pkinase,Protein kinase domain,...([ST])...[ST],SRASSRTS,476,483,SMAD1_HUMAN,Homo sapiens,18045539,true positive,22,0,disordered
ELME000053,MOD_GSK3_1,GSK3 phosphorylation site,MOD,GSK3 phosphorylation recognition site,PF00069,Pkinase,Protein kinase domain,...([ST])...[ST],SRASSRTS,476,483,SMAD3_HUMAN,Homo sapiens,19218245,true positive,22,0,disordered
ELME000053,MOD_GSK3_1,GSK3 phosphorylation site,MOD,GSK3 phosphorylation recognition site,PF00069,Pkinase,Protein kinase domain,...([ST])...[ST],SRASSRTS,476,483,SNAI1_HUMAN,Homo sapiens,15448698,true positive,22,0,disordered
ELME000053,MOD_GSK3_1,GSK3 phosphorylation site,MOD,GSK3 phosphorylation recognition site,PF00069,Pkinase,Protein kinase domain,...([ST])...[ST],SSRTSLVS,479,486,ATX3_HUMAN,Homo sapiens,17434145,true positive,22,0,disordered
ELME000053,MOD_GSK3_1,GSK3 phosphorylation site,MOD,GSK3 phosphorylation recognition site,PF00069,Pkinase,Protein kinase domain,...([ST])...[ST],SSRTSLVS,479,486,CCNE1_HUMAN,Homo sapiens,14536078,true positive,22,0,disordered
ELME000053,MOD_GSK3_1,GSK3 phosphorylation site,MOD,GSK3 phosphorylation recognition site,PF00069,Pkinase,Protein kinase domain,...([ST])...[ST],SSRTSLVS,479,486,CTNB1_HUMAN,Homo sapiens,11955436 19061640 10074433,true positive,22,0,disordered
ELME000053,MOD_GSK3_1,GSK3 phosphorylation site,MOD,GSK3 phosphorylation recognition site,PF00069,Pkinase,Protein kinase domain,...([ST])...[ST],SSRTSLVS,479,486,CTNB1_MOUSE,Mus musculus,12417018,true positive,22,0,disordered
ELME000053,MOD_GSK3_1,GSK3 phosphorylation site,MOD,GSK3 phosphorylation recognition site,PF00069,Pkinase,Protein kinase domain,...([ST])...[ST],SSRTSLVS,479,486,ESR2_HUMAN,Homo sapiens,22586270,true positive,22,0,disordered
ELME000053,MOD_GSK3_1,GSK3 phosphorylation site,MOD,GSK3 phosphorylation recognition site,PF00069,Pkinase,Protein kinase domain,...([ST])...[ST],SSRTSLVS,479,486,FGD1_HUMAN,Homo sapiens,15743413,true positive,22,0,disordered
ELME000053,MOD_GSK3_1,GSK3 phosphorylation site,MOD,GSK3 phosphorylation recognition site,PF00069,Pkinase,Protein kinase domain,...([ST])...[ST],SSRTSLVS,479,486,FGD3_HUMAN,Homo sapiens,18363964,true positive,22,0,disordered
ELME000053,MOD_GSK3_1,GSK3 phosphorylation site,MOD,GSK3 phosphorylation recognition site,PF00069,Pkinase,Protein kinase domain,...([ST])...[ST],SSRTSLVS,479,486,HSF1_HUMAN,Homo sapiens,8940068,true positive,22,0,disordered
ELME000053,MOD_GSK3_1,GSK3 phosphorylation site,MOD,GSK3 phosphorylation recognition site,PF00069,Pkinase,Protein kinase domain,...([ST])...[ST],SSRTSLVS,479,486,JUN_HUMAN,Homo sapiens,1846781,true positive,22,0,disordered
ELME000053,MOD_GSK3_1,GSK3 phosphorylation site,MOD,GSK3 phosphorylation recognition site,PF00069,Pkinase,Protein kinase domain,...([ST])...[ST],SSRTSLVS,479,486,MK67I_HUMAN,Homo sapiens,16244663,true positive,22,0,disordered
ELME000053,MOD_GSK3_1,GSK3 phosphorylation site,MOD,GSK3 phosphorylation recognition site,PF00069,Pkinase,Protein kinase domain,...([ST])...[ST],SSRTSLVS,479,486,MYC_HUMAN,Homo sapiens,14563837,true positive,22,0,disordered
ELME000053,MOD_GSK3_1,GSK3 phosphorylation site,MOD,GSK3 phosphorylation recognition site,PF00069,Pkinase,Protein kinase domain,...([ST])...[ST],SSRTSLVS,479,486,NFAC1_HUMAN,Homo sapiens,12351631,true positive,22,0,disordered
ELME000053,MOD_GSK3_1,GSK3 phosphorylation site,MOD,GSK3 phosphorylation recognition site,PF00069,Pkinase,Protein kinase domain,...([ST])...[ST],SSRTSLVS,479,486,P53_HUMAN,Homo sapiens,11483158,true positive,22,0,disordered
ELME000053,MOD_GSK3_1,GSK3 phosphorylation site,MOD,GSK3 phosphorylation recognition site,PF00069,Pkinase,Protein kinase domain,...([ST])...[ST],SSRTSLVS,479,486,SMAD1_HUMAN,Homo sapiens,17289590,true positive,22,0,disordered
ELME000053,MOD_GSK3_1,GSK3 phosphorylation site,MOD,GSK3 phosphorylation recognition site,PF00069,Pkinase,Protein kinase domain,...([ST])...[ST],SSRTSLVS,479,486,SMAD1_HUMAN,Homo sapiens,18045539,true positive,22,0,disordered
ELME000053,MOD_GSK3_1,GSK3 phosphorylation site,MOD,GSK3 phosphorylation recognition site,PF00069,Pkinase,Protein kinase domain,...([ST])...[ST],SSRTSLVS,479,486,SMAD3_HUMAN,Homo sapiens,19218245,true positive,22,0,disordered
ELME000053,MOD_GSK3_1,GSK3 phosphorylation site,MOD,GSK3 phosphorylation recognition site,PF00069,Pkinase,Protein kinase domain,...([ST])...[ST],SSRTSLVS,479,486,SNAI1_HUMAN,Homo sapiens,15448698,true positive,22,0,disordered
ELME000053,MOD_GSK3_1,GSK3 phosphorylation site,MOD,GSK3 phosphorylation recognition site,PF00069,Pkinase,Protein kinase domain,...([ST])...[ST],SRTSLVST,480,487,ATX3_HUMAN,Homo sapiens,17434145,true positive,22,0,disordered
ELME000053,MOD_GSK3_1,GSK3 phosphorylation site,MOD,GSK3 phosphorylation recognition site,PF00069,Pkinase,Protein kinase domain,...([ST])...[ST],SRTSLVST,480,487,CCNE1_HUMAN,Homo sapiens,14536078,true positive,22,0,disordered
ELME000053,MOD_GSK3_1,GSK3 phosphorylation site,MOD,GSK3 phosphorylation recognition site,PF00069,Pkinase,Protein kinase domain,...([ST])...[ST],SRTSLVST,480,487,CTNB1_HUMAN,Homo sapiens,11955436 19061640 10074433,true positive,22,0,disordered
ELME000053,MOD_GSK3_1,GSK3 phosphorylation site,MOD,GSK3 phosphorylation recognition site,PF00069,Pkinase,Protein kinase domain,...([ST])...[ST],SRTSLVST,480,487,CTNB1_MOUSE,Mus musculus,12417018,true positive,22,0,disordered
ELME000053,MOD_GSK3_1,GSK3 phosphorylation site,MOD,GSK3 phosphorylation recognition site,PF00069,Pkinase,Protein kinase domain,...([ST])...[ST],SRTSLVST,480,487,ESR2_HUMAN,Homo sapiens,22586270,true positive,22,0,disordered
ELME000053,MOD_GSK3_1,GSK3 phosphorylation site,MOD,GSK3 phosphorylation recognition site,PF00069,Pkinase,Protein kinase domain,...([ST])...[ST],SRTSLVST,480,487,FGD1_HUMAN,Homo sapiens,15743413,true positive,22,0,disordered
ELME000053,MOD_GSK3_1,GSK3 phosphorylation site,MOD,GSK3 phosphorylation recognition site,PF00069,Pkinase,Protein kinase domain,...([ST])...[ST],SRTSLVST,480,487,FGD3_HUMAN,Homo sapiens,18363964,true positive,22,0,disordered
ELME000053,MOD_GSK3_1,GSK3 phosphorylation site,MOD,GSK3 phosphorylation recognition site,PF00069,Pkinase,Protein kinase domain,...([ST])...[ST],SRTSLVST,480,487,HSF1_HUMAN,Homo sapiens,8940068,true positive,22,0,disordered
ELME000053,MOD_GSK3_1,GSK3 phosphorylation site,MOD,GSK3 phosphorylation recognition site,PF00069,Pkinase,Protein kinase domain,...([ST])...[ST],SRTSLVST,480,487,JUN_HUMAN,Homo sapiens,1846781,true positive,22,0,disordered
ELME000053,MOD_GSK3_1,GSK3 phosphorylation site,MOD,GSK3 phosphorylation recognition site,PF00069,Pkinase,Protein kinase domain,...([ST])...[ST],SRTSLVST,480,487,MK67I_HUMAN,Homo sapiens,16244663,true positive,22,0,disordered
ELME000053,MOD_GSK3_1,GSK3 phosphorylation site,MOD,GSK3 phosphorylation recognition site,PF00069,Pkinase,Protein kinase domain,...([ST])...[ST],SRTSLVST,480,487,MYC_HUMAN,Homo sapiens,14563837,true positive,22,0,disordered
ELME000053,MOD_GSK3_1,GSK3 phosphorylation site,MOD,GSK3 phosphorylation recognition site,PF00069,Pkinase,Protein kinase domain,...([ST])...[ST],SRTSLVST,480,487,NFAC1_HUMAN,Homo sapiens,12351631,true positive,22,0,disordered
ELME000053,MOD_GSK3_1,GSK3 phosphorylation site,MOD,GSK3 phosphorylation recognition site,PF00069,Pkinase,Protein kinase domain,...([ST])...[ST],SRTSLVST,480,487,P53_HUMAN,Homo sapiens,11483158,true positive,22,0,disordered
ELME000053,MOD_GSK3_1,GSK3 phosphorylation site,MOD,GSK3 phosphorylation recognition site,PF00069,Pkinase,Protein kinase domain,...([ST])...[ST],SRTSLVST,480,487,SMAD1_HUMAN,Homo sapiens,17289590,true positive,22,0,disordered
ELME000053,MOD_GSK3_1,GSK3 phosphorylation site,MOD,GSK3 phosphorylation recognition site,PF00069,Pkinase,Protein kinase domain,...([ST])...[ST],SRTSLVST,480,487,SMAD1_HUMAN,Homo sapiens,18045539,true positive,22,0,disordered
ELME000053,MOD_GSK3_1,GSK3 phosphorylation site,MOD,GSK3 phosphorylation recognition site,PF00069,Pkinase,Protein kinase domain,...([ST])...[ST],SRTSLVST,480,487,SMAD3_HUMAN,Homo sapiens,19218245,true positive,22,0,disordered
ELME000053,MOD_GSK3_1,GSK3 phosphorylation site,MOD,GSK3 phosphorylation recognition site,PF00069,Pkinase,Protein kinase domain,...([ST])...[ST],SRTSLVST,480,487,SNAI1_HUMAN,Homo sapiens,15448698,true positive,22,0,disordered
ELME000053,MOD_GSK3_1,GSK3 phosphorylation site,MOD,GSK3 phosphorylation recognition site,PF00069,Pkinase,Protein kinase domain,...([ST])...[ST],SLVSTPPS,483,490,ATX3_HUMAN,Homo sapiens,17434145,true positive,22,0,disordered
ELME000053,MOD_GSK3_1,GSK3 phosphorylation site,MOD,GSK3 phosphorylation recognition site,PF00069,Pkinase,Protein kinase domain,...([ST])...[ST],SLVSTPPS,483,490,CCNE1_HUMAN,Homo sapiens,14536078,true positive,22,0,disordered
ELME000053,MOD_GSK3_1,GSK3 phosphorylation site,MOD,GSK3 phosphorylation recognition site,PF00069,Pkinase,Protein kinase domain,...([ST])...[ST],SLVSTPPS,483,490,CTNB1_HUMAN,Homo sapiens,11955436 19061640 10074433,true positive,22,0,disordered
ELME000053,MOD_GSK3_1,GSK3 phosphorylation site,MOD,GSK3 phosphorylation recognition site,PF00069,Pkinase,Protein kinase domain,...([ST])...[ST],SLVSTPPS,483,490,CTNB1_MOUSE,Mus musculus,12417018,true positive,22,0,disordered
ELME000053,MOD_GSK3_1,GSK3 phosphorylation site,MOD,GSK3 phosphorylation recognition site,PF00069,Pkinase,Protein kinase domain,...([ST])...[ST],SLVSTPPS,483,490,ESR2_HUMAN,Homo sapiens,22586270,true positive,22,0,disordered
ELME000053,MOD_GSK3_1,GSK3 phosphorylation site,MOD,GSK3 phosphorylation recognition site,PF00069,Pkinase,Protein kinase domain,...([ST])...[ST],SLVSTPPS,483,490,FGD1_HUMAN,Homo sapiens,15743413,true positive,22,0,disordered
ELME000053,MOD_GSK3_1,GSK3 phosphorylation site,MOD,GSK3 phosphorylation recognition site,PF00069,Pkinase,Protein kinase domain,...([ST])...[ST],SLVSTPPS,483,490,FGD3_HUMAN,Homo sapiens,18363964,true positive,22,0,disordered
ELME000053,MOD_GSK3_1,GSK3 phosphorylation site,MOD,GSK3 phosphorylation recognition site,PF00069,Pkinase,Protein kinase domain,...([ST])...[ST],SLVSTPPS,483,490,HSF1_HUMAN,Homo sapiens,8940068,true positive,22,0,disordered
ELME000053,MOD_GSK3_1,GSK3 phosphorylation site,MOD,GSK3 phosphorylation recognition site,PF00069,Pkinase,Protein kinase domain,...([ST])...[ST],SLVSTPPS,483,490,JUN_HUMAN,Homo sapiens,1846781,true positive,22,0,disordered
ELME000053,MOD_GSK3_1,GSK3 phosphorylation site,MOD,GSK3 phosphorylation recognition site,PF00069,Pkinase,Protein kinase domain,...([ST])...[ST],SLVSTPPS,483,490,MK67I_HUMAN,Homo sapiens,16244663,true positive,22,0,disordered
ELME000053,MOD_GSK3_1,GSK3 phosphorylation site,MOD,GSK3 phosphorylation recognition site,PF00069,Pkinase,Protein kinase domain,...([ST])...[ST],SLVSTPPS,483,490,MYC_HUMAN,Homo sapiens,14563837,true positive,22,0,disordered
ELME000053,MOD_GSK3_1,GSK3 phosphorylation site,MOD,GSK3 phosphorylation recognition site,PF00069,Pkinase,Protein kinase domain,...([ST])...[ST],SLVSTPPS,483,490,NFAC1_HUMAN,Homo sapiens,12351631,true positive,22,0,disordered
ELME000053,MOD_GSK3_1,GSK3 phosphorylation site,MOD,GSK3 phosphorylation recognition site,PF00069,Pkinase,Protein kinase domain,...([ST])...[ST],SLVSTPPS,483,490,P53_HUMAN,Homo sapiens,11483158,true positive,22,0,disordered
ELME000053,MOD_GSK3_1,GSK3 phosphorylation site,MOD,GSK3 phosphorylation recognition site,PF00069,Pkinase,Protein kinase domain,...([ST])...[ST],SLVSTPPS,483,490,SMAD1_HUMAN,Homo sapiens,17289590,true positive,22,0,disordered
ELME000053,MOD_GSK3_1,GSK3 phosphorylation site,MOD,GSK3 phosphorylation recognition site,PF00069,Pkinase,Protein kinase domain,...([ST])...[ST],SLVSTPPS,483,490,SMAD1_HUMAN,Homo sapiens,18045539,true positive,22,0,disordered
ELME000053,MOD_GSK3_1,GSK3 phosphorylation site,MOD,GSK3 phosphorylation recognition site,PF00069,Pkinase,Protein kinase domain,...([ST])...[ST],SLVSTPPS,483,490,SMAD3_HUMAN,Homo sapiens,19218245,true positive,22,0,disordered
ELME000053,MOD_GSK3_1,GSK3 phosphorylation site,MOD,GSK3 phosphorylation recognition site,PF00069,Pkinase,Protein kinase domain,...([ST])...[ST],SLVSTPPS,483,490,SNAI1_HUMAN,Homo sapiens,15448698,true positive,22,0,disordered
ELME000053,MOD_GSK3_1,GSK3 phosphorylation site,MOD,GSK3 phosphorylation recognition site,PF00069,Pkinase,Protein kinase domain,...([ST])...[ST],LTPSRAPS,503,510,ATX3_HUMAN,Homo sapiens,17434145,true positive,22,0,disordered
ELME000053,MOD_GSK3_1,GSK3 phosphorylation site,MOD,GSK3 phosphorylation recognition site,PF00069,Pkinase,Protein kinase domain,...([ST])...[ST],LTPSRAPS,503,510,CCNE1_HUMAN,Homo sapiens,14536078,true positive,22,0,disordered
ELME000053,MOD_GSK3_1,GSK3 phosphorylation site,MOD,GSK3 phosphorylation recognition site,PF00069,Pkinase,Protein kinase domain,...([ST])...[ST],LTPSRAPS,503,510,CTNB1_HUMAN,Homo sapiens,11955436 19061640 10074433,true positive,22,0,disordered
ELME000053,MOD_GSK3_1,GSK3 phosphorylation site,MOD,GSK3 phosphorylation recognition site,PF00069,Pkinase,Protein kinase domain,...([ST])...[ST],LTPSRAPS,503,510,CTNB1_MOUSE,Mus musculus,12417018,true positive,22,0,disordered
ELME000053,MOD_GSK3_1,GSK3 phosphorylation site,MOD,GSK3 phosphorylation recognition site,PF00069,Pkinase,Protein kinase domain,...([ST])...[ST],LTPSRAPS,503,510,ESR2_HUMAN,Homo sapiens,22586270,true positive,22,0,disordered
ELME000053,MOD_GSK3_1,GSK3 phosphorylation site,MOD,GSK3 phosphorylation recognition site,PF00069,Pkinase,Protein kinase domain,...([ST])...[ST],LTPSRAPS,503,510,FGD1_HUMAN,Homo sapiens,15743413,true positive,22,0,disordered
ELME000053,MOD_GSK3_1,GSK3 phosphorylation site,MOD,GSK3 phosphorylation recognition site,PF00069,Pkinase,Protein kinase domain,...([ST])...[ST],LTPSRAPS,503,510,FGD3_HUMAN,Homo sapiens,18363964,true positive,22,0,disordered
ELME000053,MOD_GSK3_1,GSK3 phosphorylation site,MOD,GSK3 phosphorylation recognition site,PF00069,Pkinase,Protein kinase domain,...([ST])...[ST],LTPSRAPS,503,510,HSF1_HUMAN,Homo sapiens,8940068,true positive,22,0,disordered
ELME000053,MOD_GSK3_1,GSK3 phosphorylation site,MOD,GSK3 phosphorylation recognition site,PF00069,Pkinase,Protein kinase domain,...([ST])...[ST],LTPSRAPS,503,510,JUN_HUMAN,Homo sapiens,1846781,true positive,22,0,disordered
ELME000053,MOD_GSK3_1,GSK3 phosphorylation site,MOD,GSK3 phosphorylation recognition site,PF00069,Pkinase,Protein kinase domain,...([ST])...[ST],LTPSRAPS,503,510,MK67I_HUMAN,Homo sapiens,16244663,true positive,22,0,disordered
ELME000053,MOD_GSK3_1,GSK3 phosphorylation site,MOD,GSK3 phosphorylation recognition site,PF00069,Pkinase,Protein kinase domain,...([ST])...[ST],LTPSRAPS,503,510,MYC_HUMAN,Homo sapiens,14563837,true positive,22,0,disordered
ELME000053,MOD_GSK3_1,GSK3 phosphorylation site,MOD,GSK3 phosphorylation recognition site,PF00069,Pkinase,Protein kinase domain,...([ST])...[ST],LTPSRAPS,503,510,NFAC1_HUMAN,Homo sapiens,12351631,true positive,22,0,disordered
ELME000053,MOD_GSK3_1,GSK3 phosphorylation site,MOD,GSK3 phosphorylation recognition site,PF00069,Pkinase,Protein kinase domain,...([ST])...[ST],LTPSRAPS,503,510,P53_HUMAN,Homo sapiens,11483158,true positive,22,0,disordered
ELME000053,MOD_GSK3_1,GSK3 phosphorylation site,MOD,GSK3 phosphorylation recognition site,PF00069,Pkinase,Protein kinase domain,...([ST])...[ST],LTPSRAPS,503,510,SMAD1_HUMAN,Homo sapiens,17289590,true positive,22,0,disordered
ELME000053,MOD_GSK3_1,GSK3 phosphorylation site,MOD,GSK3 phosphorylation recognition site,PF00069,Pkinase,Protein kinase domain,...([ST])...[ST],LTPSRAPS,503,510,SMAD1_HUMAN,Homo sapiens,18045539,true positive,22,0,disordered
ELME000053,MOD_GSK3_1,GSK3 phosphorylation site,MOD,GSK3 phosphorylation recognition site,PF00069,Pkinase,Protein kinase domain,...([ST])...[ST],LTPSRAPS,503,510,SMAD3_HUMAN,Homo sapiens,19218245,true positive,22,0,disordered
ELME000053,MOD_GSK3_1,GSK3 phosphorylation site,MOD,GSK3 phosphorylation recognition site,PF00069,Pkinase,Protein kinase domain,...([ST])...[ST],LTPSRAPS,503,510,SNAI1_HUMAN,Homo sapiens,15448698,true positive,22,0,disordered
ELME000053,MOD_GSK3_1,GSK3 phosphorylation site,MOD,GSK3 phosphorylation recognition site,PF00069,Pkinase,Protein kinase domain,...([ST])...[ST],RAPSRSAS,507,514,ATX3_HUMAN,Homo sapiens,17434145,true positive,22,0,disordered
ELME000053,MOD_GSK3_1,GSK3 phosphorylation site,MOD,GSK3 phosphorylation recognition site,PF00069,Pkinase,Protein kinase domain,...([ST])...[ST],RAPSRSAS,507,514,CCNE1_HUMAN,Homo sapiens,14536078,true positive,22,0,disordered
ELME000053,MOD_GSK3_1,GSK3 phosphorylation site,MOD,GSK3 phosphorylation recognition site,PF00069,Pkinase,Protein kinase domain,...([ST])...[ST],RAPSRSAS,507,514,CTNB1_HUMAN,Homo sapiens,11955436 19061640 10074433,true positive,22,0,disordered
ELME000053,MOD_GSK3_1,GSK3 phosphorylation site,MOD,GSK3 phosphorylation recognition site,PF00069,Pkinase,Protein kinase domain,...([ST])...[ST],RAPSRSAS,507,514,CTNB1_MOUSE,Mus musculus,12417018,true positive,22,0,disordered
ELME000053,MOD_GSK3_1,GSK3 phosphorylation site,MOD,GSK3 phosphorylation recognition site,PF00069,Pkinase,Protein kinase domain,...([ST])...[ST],RAPSRSAS,507,514,ESR2_HUMAN,Homo sapiens,22586270,true positive,22,0,disordered
ELME000053,MOD_GSK3_1,GSK3 phosphorylation site,MOD,GSK3 phosphorylation recognition site,PF00069,Pkinase,Protein kinase domain,...([ST])...[ST],RAPSRSAS,507,514,FGD1_HUMAN,Homo sapiens,15743413,true positive,22,0,disordered
ELME000053,MOD_GSK3_1,GSK3 phosphorylation site,MOD,GSK3 phosphorylation recognition site,PF00069,Pkinase,Protein kinase domain,...([ST])...[ST],RAPSRSAS,507,514,FGD3_HUMAN,Homo sapiens,18363964,true positive,22,0,disordered
ELME000053,MOD_GSK3_1,GSK3 phosphorylation site,MOD,GSK3 phosphorylation recognition site,PF00069,Pkinase,Protein kinase domain,...([ST])...[ST],RAPSRSAS,507,514,HSF1_HUMAN,Homo sapiens,8940068,true positive,22,0,disordered
ELME000053,MOD_GSK3_1,GSK3 phosphorylation site,MOD,GSK3 phosphorylation recognition site,PF00069,Pkinase,Protein kinase domain,...([ST])...[ST],RAPSRSAS,507,514,JUN_HUMAN,Homo sapiens,1846781,true positive,22,0,disordered
ELME000053,MOD_GSK3_1,GSK3 phosphorylation site,MOD,GSK3 phosphorylation recognition site,PF00069,Pkinase,Protein kinase domain,...([ST])...[ST],RAPSRSAS,507,514,MK67I_HUMAN,Homo sapiens,16244663,true positive,22,0,disordered
ELME000053,MOD_GSK3_1,GSK3 phosphorylation site,MOD,GSK3 phosphorylation recognition site,PF00069,Pkinase,Protein kinase domain,...([ST])...[ST],RAPSRSAS,507,514,MYC_HUMAN,Homo sapiens,14563837,true positive,22,0,disordered
ELME000053,MOD_GSK3_1,GSK3 phosphorylation site,MOD,GSK3 phosphorylation recognition site,PF00069,Pkinase,Protein kinase domain,...([ST])...[ST],RAPSRSAS,507,514,NFAC1_HUMAN,Homo sapiens,12351631,true positive,22,0,disordered
ELME000053,MOD_GSK3_1,GSK3 phosphorylation site,MOD,GSK3 phosphorylation recognition site,PF00069,Pkinase,Protein kinase domain,...([ST])...[ST],RAPSRSAS,507,514,P53_HUMAN,Homo sapiens,11483158,true positive,22,0,disordered
ELME000053,MOD_GSK3_1,GSK3 phosphorylation site,MOD,GSK3 phosphorylation recognition site,PF00069,Pkinase,Protein kinase domain,...([ST])...[ST],RAPSRSAS,507,514,SMAD1_HUMAN,Homo sapiens,17289590,true positive,22,0,disordered
ELME000053,MOD_GSK3_1,GSK3 phosphorylation site,MOD,GSK3 phosphorylation recognition site,PF00069,Pkinase,Protein kinase domain,...([ST])...[ST],RAPSRSAS,507,514,SMAD1_HUMAN,Homo sapiens,18045539,true positive,22,0,disordered
ELME000053,MOD_GSK3_1,GSK3 phosphorylation site,MOD,GSK3 phosphorylation recognition site,PF00069,Pkinase,Protein kinase domain,...([ST])...[ST],RAPSRSAS,507,514,SMAD3_HUMAN,Homo sapiens,19218245,true positive,22,0,disordered
ELME000053,MOD_GSK3_1,GSK3 phosphorylation site,MOD,GSK3 phosphorylation recognition site,PF00069,Pkinase,Protein kinase domain,...([ST])...[ST],RAPSRSAS,507,514,SNAI1_HUMAN,Homo sapiens,15448698,true positive,22,0,disordered
ELME000053,MOD_GSK3_1,GSK3 phosphorylation site,MOD,GSK3 phosphorylation recognition site,PF00069,Pkinase,Protein kinase domain,...([ST])...[ST],PSRSASRT,509,516,ATX3_HUMAN,Homo sapiens,17434145,true positive,22,0,disordered
ELME000053,MOD_GSK3_1,GSK3 phosphorylation site,MOD,GSK3 phosphorylation recognition site,PF00069,Pkinase,Protein kinase domain,...([ST])...[ST],PSRSASRT,509,516,CCNE1_HUMAN,Homo sapiens,14536078,true positive,22,0,disordered
ELME000053,MOD_GSK3_1,GSK3 phosphorylation site,MOD,GSK3 phosphorylation recognition site,PF00069,Pkinase,Protein kinase domain,...([ST])...[ST],PSRSASRT,509,516,CTNB1_HUMAN,Homo sapiens,11955436 19061640 10074433,true positive,22,0,disordered
ELME000053,MOD_GSK3_1,GSK3 phosphorylation site,MOD,GSK3 phosphorylation recognition site,PF00069,Pkinase,Protein kinase domain,...([ST])...[ST],PSRSASRT,509,516,CTNB1_MOUSE,Mus musculus,12417018,true positive,22,0,disordered
ELME000053,MOD_GSK3_1,GSK3 phosphorylation site,MOD,GSK3 phosphorylation recognition site,PF00069,Pkinase,Protein kinase domain,...([ST])...[ST],PSRSASRT,509,516,ESR2_HUMAN,Homo sapiens,22586270,true positive,22,0,disordered
ELME000053,MOD_GSK3_1,GSK3 phosphorylation site,MOD,GSK3 phosphorylation recognition site,PF00069,Pkinase,Protein kinase domain,...([ST])...[ST],PSRSASRT,509,516,FGD1_HUMAN,Homo sapiens,15743413,true positive,22,0,disordered
ELME000053,MOD_GSK3_1,GSK3 phosphorylation site,MOD,GSK3 phosphorylation recognition site,PF00069,Pkinase,Protein kinase domain,...([ST])...[ST],PSRSASRT,509,516,FGD3_HUMAN,Homo sapiens,18363964,true positive,22,0,disordered
ELME000053,MOD_GSK3_1,GSK3 phosphorylation site,MOD,GSK3 phosphorylation recognition site,PF00069,Pkinase,Protein kinase domain,...([ST])...[ST],PSRSASRT,509,516,HSF1_HUMAN,Homo sapiens,8940068,true positive,22,0,disordered
ELME000053,MOD_GSK3_1,GSK3 phosphorylation site,MOD,GSK3 phosphorylation recognition site,PF00069,Pkinase,Protein kinase domain,...([ST])...[ST],PSRSASRT,509,516,JUN_HUMAN,Homo sapiens,1846781,true positive,22,0,disordered
ELME000053,MOD_GSK3_1,GSK3 phosphorylation site,MOD,GSK3 phosphorylation recognition site,PF00069,Pkinase,Protein kinase domain,...([ST])...[ST],PSRSASRT,509,516,MK67I_HUMAN,Homo sapiens,16244663,true positive,22,0,disordered
ELME000053,MOD_GSK3_1,GSK3 phosphorylation site,MOD,GSK3 phosphorylation recognition site,PF00069,Pkinase,Protein kinase domain,...([ST])...[ST],PSRSASRT,509,516,MYC_HUMAN,Homo sapiens,14563837,true positive,22,0,disordered
ELME000053,MOD_GSK3_1,GSK3 phosphorylation site,MOD,GSK3 phosphorylation recognition site,PF00069,Pkinase,Protein kinase domain,...([ST])...[ST],PSRSASRT,509,516,NFAC1_HUMAN,Homo sapiens,12351631,true positive,22,0,disordered
ELME000053,MOD_GSK3_1,GSK3 phosphorylation site,MOD,GSK3 phosphorylation recognition site,PF00069,Pkinase,Protein kinase domain,...([ST])...[ST],PSRSASRT,509,516,P53_HUMAN,Homo sapiens,11483158,true positive,22,0,disordered
ELME000053,MOD_GSK3_1,GSK3 phosphorylation site,MOD,GSK3 phosphorylation recognition site,PF00069,Pkinase,Protein kinase domain,...([ST])...[ST],PSRSASRT,509,516,SMAD1_HUMAN,Homo sapiens,17289590,true positive,22,0,disordered
ELME000053,MOD_GSK3_1,GSK3 phosphorylation site,MOD,GSK3 phosphorylation recognition site,PF00069,Pkinase,Protein kinase domain,...([ST])...[ST],PSRSASRT,509,516,SMAD1_HUMAN,Homo sapiens,18045539,true positive,22,0,disordered
ELME000053,MOD_GSK3_1,GSK3 phosphorylation site,MOD,GSK3 phosphorylation recognition site,PF00069,Pkinase,Protein kinase domain,...([ST])...[ST],PSRSASRT,509,516,SMAD3_HUMAN,Homo sapiens,19218245,true positive,22,0,disordered
ELME000053,MOD_GSK3_1,GSK3 phosphorylation site,MOD,GSK3 phosphorylation recognition site,PF00069,Pkinase,Protein kinase domain,...([ST])...[ST],PSRSASRT,509,516,SNAI1_HUMAN,Homo sapiens,15448698,true positive,22,0,disordered
ELME000053,MOD_GSK3_1,GSK3 phosphorylation site,MOD,GSK3 phosphorylation recognition site,PF00069,Pkinase,Protein kinase domain,...([ST])...[ST],ASRTSLVS,513,520,ATX3_HUMAN,Homo sapiens,17434145,true positive,22,0,disordered
ELME000053,MOD_GSK3_1,GSK3 phosphorylation site,MOD,GSK3 phosphorylation recognition site,PF00069,Pkinase,Protein kinase domain,...([ST])...[ST],ASRTSLVS,513,520,CCNE1_HUMAN,Homo sapiens,14536078,true positive,22,0,disordered
ELME000053,MOD_GSK3_1,GSK3 phosphorylation site,MOD,GSK3 phosphorylation recognition site,PF00069,Pkinase,Protein kinase domain,...([ST])...[ST],ASRTSLVS,513,520,CTNB1_HUMAN,Homo sapiens,11955436 19061640 10074433,true positive,22,0,disordered
ELME000053,MOD_GSK3_1,GSK3 phosphorylation site,MOD,GSK3 phosphorylation recognition site,PF00069,Pkinase,Protein kinase domain,...([ST])...[ST],ASRTSLVS,513,520,CTNB1_MOUSE,Mus musculus,12417018,true positive,22,0,disordered
ELME000053,MOD_GSK3_1,GSK3 phosphorylation site,MOD,GSK3 phosphorylation recognition site,PF00069,Pkinase,Protein kinase domain,...([ST])...[ST],ASRTSLVS,513,520,ESR2_HUMAN,Homo sapiens,22586270,true positive,22,0,disordered
ELME000053,MOD_GSK3_1,GSK3 phosphorylation site,MOD,GSK3 phosphorylation recognition site,PF00069,Pkinase,Protein kinase domain,...([ST])...[ST],ASRTSLVS,513,520,FGD1_HUMAN,Homo sapiens,15743413,true positive,22,0,disordered
ELME000053,MOD_GSK3_1,GSK3 phosphorylation site,MOD,GSK3 phosphorylation recognition site,PF00069,Pkinase,Protein kinase domain,...([ST])...[ST],ASRTSLVS,513,520,FGD3_HUMAN,Homo sapiens,18363964,true positive,22,0,disordered
ELME000053,MOD_GSK3_1,GSK3 phosphorylation site,MOD,GSK3 phosphorylation recognition site,PF00069,Pkinase,Protein kinase domain,...([ST])...[ST],ASRTSLVS,513,520,HSF1_HUMAN,Homo sapiens,8940068,true positive,22,0,disordered
ELME000053,MOD_GSK3_1,GSK3 phosphorylation site,MOD,GSK3 phosphorylation recognition site,PF00069,Pkinase,Protein kinase domain,...([ST])...[ST],ASRTSLVS,513,520,JUN_HUMAN,Homo sapiens,1846781,true positive,22,0,disordered
ELME000053,MOD_GSK3_1,GSK3 phosphorylation site,MOD,GSK3 phosphorylation recognition site,PF00069,Pkinase,Protein kinase domain,...([ST])...[ST],ASRTSLVS,513,520,MK67I_HUMAN,Homo sapiens,16244663,true positive,22,0,disordered
ELME000053,MOD_GSK3_1,GSK3 phosphorylation site,MOD,GSK3 phosphorylation recognition site,PF00069,Pkinase,Protein kinase domain,...([ST])...[ST],ASRTSLVS,513,520,MYC_HUMAN,Homo sapiens,14563837,true positive,22,0,disordered
ELME000053,MOD_GSK3_1,GSK3 phosphorylation site,MOD,GSK3 phosphorylation recognition site,PF00069,Pkinase,Protein kinase domain,...([ST])...[ST],ASRTSLVS,513,520,NFAC1_HUMAN,Homo sapiens,12351631,true positive,22,0,disordered
ELME000053,MOD_GSK3_1,GSK3 phosphorylation site,MOD,GSK3 phosphorylation recognition site,PF00069,Pkinase,Protein kinase domain,...([ST])...[ST],ASRTSLVS,513,520,P53_HUMAN,Homo sapiens,11483158,true positive,22,0,disordered
ELME000053,MOD_GSK3_1,GSK3 phosphorylation site,MOD,GSK3 phosphorylation recognition site,PF00069,Pkinase,Protein kinase domain,...([ST])...[ST],ASRTSLVS,513,520,SMAD1_HUMAN,Homo sapiens,17289590,true positive,22,0,disordered
ELME000053,MOD_GSK3_1,GSK3 phosphorylation site,MOD,GSK3 phosphorylation recognition site,PF00069,Pkinase,Protein kinase domain,...([ST])...[ST],ASRTSLVS,513,520,SMAD1_HUMAN,Homo sapiens,18045539,true positive,22,0,disordered
ELME000053,MOD_GSK3_1,GSK3 phosphorylation site,MOD,GSK3 phosphorylation recognition site,PF00069,Pkinase,Protein kinase domain,...([ST])...[ST],ASRTSLVS,513,520,SMAD3_HUMAN,Homo sapiens,19218245,true positive,22,0,disordered
ELME000053,MOD_GSK3_1,GSK3 phosphorylation site,MOD,GSK3 phosphorylation recognition site,PF00069,Pkinase,Protein kinase domain,...([ST])...[ST],ASRTSLVS,513,520,SNAI1_HUMAN,Homo sapiens,15448698,true positive,22,0,disordered
ELME000070,MOD_N-GLC_1,N-glycosylation site,MOD,"Generic motif for N-glycosylation. It was shown that Trp, Asp, and Glu are uncommon before the Ser/Thr position. Efficient glycosylation usually occurs when ~60 residues or more separate the glycosylation acceptor site from the C-terminus.",PF02516,STT3,Oligosaccharyl transferase STT3 subunit,.(N)[^P][ST]..,ENQSTE,338,343,ABCA4_HUMAN,Homo sapiens,11320094,true positive,156,1,disordered
ELME000070,MOD_N-GLC_1,N-glycosylation site,MOD,"Generic motif for N-glycosylation. It was shown that Trp, Asp, and Glu are uncommon before the Ser/Thr position. Efficient glycosylation usually occurs when ~60 residues or more separate the glycosylation acceptor site from the C-terminus.",PF02516,STT3,Oligosaccharyl transferase STT3 subunit,.(N)[^P][ST]..,ENQSTE,338,343,ACES_HUMAN,Homo sapiens,8280063,true positive,156,1,disordered
ELME000070,MOD_N-GLC_1,N-glycosylation site,MOD,"Generic motif for N-glycosylation. It was shown that Trp, Asp, and Glu are uncommon before the Ser/Thr position. Efficient glycosylation usually occurs when ~60 residues or more separate the glycosylation acceptor site from the C-terminus.",PF02516,STT3,Oligosaccharyl transferase STT3 subunit,.(N)[^P][ST]..,ENQSTE,338,343,B3AT_HUMAN,Homo sapiens,10364201,true positive,156,1,disordered
ELME000070,MOD_N-GLC_1,N-glycosylation site,MOD,"Generic motif for N-glycosylation. It was shown that Trp, Asp, and Glu are uncommon before the Ser/Thr position. Efficient glycosylation usually occurs when ~60 residues or more separate the glycosylation acceptor site from the C-terminus.",PF02516,STT3,Oligosaccharyl transferase STT3 subunit,.(N)[^P][ST]..,ENQSTE,338,343,BMP1_HUMAN,Homo sapiens,12218058,true positive,156,1,disordered
ELME000070,MOD_N-GLC_1,N-glycosylation site,MOD,"Generic motif for N-glycosylation. It was shown that Trp, Asp, and Glu are uncommon before the Ser/Thr position. Efficient glycosylation usually occurs when ~60 residues or more separate the glycosylation acceptor site from the C-terminus.",PF02516,STT3,Oligosaccharyl transferase STT3 subunit,.(N)[^P][ST]..,ENQSTE,338,343,CASR_HUMAN,Homo sapiens,9852126,true positive,156,1,disordered
ELME000070,MOD_N-GLC_1,N-glycosylation site,MOD,"Generic motif for N-glycosylation. It was shown that Trp, Asp, and Glu are uncommon before the Ser/Thr position. Efficient glycosylation usually occurs when ~60 residues or more separate the glycosylation acceptor site from the C-terminus.",PF02516,STT3,Oligosaccharyl transferase STT3 subunit,.(N)[^P][ST]..,ENQSTE,338,343,CO6_HUMAN,Homo sapiens,2468158,true positive,156,1,disordered
ELME000070,MOD_N-GLC_1,N-glycosylation site,MOD,"Generic motif for N-glycosylation. It was shown that Trp, Asp, and Glu are uncommon before the Ser/Thr position. Efficient glycosylation usually occurs when ~60 residues or more separate the glycosylation acceptor site from the C-terminus.",PF02516,STT3,Oligosaccharyl transferase STT3 subunit,.(N)[^P][ST]..,ENQSTE,338,343,ENV_HV1B1,Human immunodeficiency virus type 1 BH10,2355006,true positive,156,1,disordered
ELME000070,MOD_N-GLC_1,N-glycosylation site,MOD,"Generic motif for N-glycosylation. It was shown that Trp, Asp, and Glu are uncommon before the Ser/Thr position. Efficient glycosylation usually occurs when ~60 residues or more separate the glycosylation acceptor site from the C-terminus.",PF02516,STT3,Oligosaccharyl transferase STT3 subunit,.(N)[^P][ST]..,ENQSTE,338,343,ENV_HV1H2,HIV-1 M:B_HXB2R,12072528,true positive,156,1,disordered
ELME000070,MOD_N-GLC_1,N-glycosylation site,MOD,"Generic motif for N-glycosylation. It was shown that Trp, Asp, and Glu are uncommon before the Ser/Thr position. Efficient glycosylation usually occurs when ~60 residues or more separate the glycosylation acceptor site from the C-terminus.",PF02516,STT3,Oligosaccharyl transferase STT3 subunit,.(N)[^P][ST]..,ENQSTE,338,343,FA9_HUMAN,Homo sapiens,11133752,true positive,156,1,disordered
ELME000070,MOD_N-GLC_1,N-glycosylation site,MOD,"Generic motif for N-glycosylation. It was shown that Trp, Asp, and Glu are uncommon before the Ser/Thr position. Efficient glycosylation usually occurs when ~60 residues or more separate the glycosylation acceptor site from the C-terminus.",PF02516,STT3,Oligosaccharyl transferase STT3 subunit,.(N)[^P][ST]..,ENQSTE,338,343,FSHB_HUMAN,Homo sapiens,11502795,true positive,156,1,disordered
ELME000070,MOD_N-GLC_1,N-glycosylation site,MOD,"Generic motif for N-glycosylation. It was shown that Trp, Asp, and Glu are uncommon before the Ser/Thr position. Efficient glycosylation usually occurs when ~60 residues or more separate the glycosylation acceptor site from the C-terminus.",PF02516,STT3,Oligosaccharyl transferase STT3 subunit,.(N)[^P][ST]..,ENQSTE,338,343,FUS_NIPAV,Nipah virus,15194804,true positive,156,1,disordered
ELME000070,MOD_N-GLC_1,N-glycosylation site,MOD,"Generic motif for N-glycosylation. It was shown that Trp, Asp, and Glu are uncommon before the Ser/Thr position. Efficient glycosylation usually occurs when ~60 residues or more separate the glycosylation acceptor site from the C-terminus.",PF02516,STT3,Oligosaccharyl transferase STT3 subunit,.(N)[^P][ST]..,ENQSTE,338,343,HEXB_HUMAN,Homo sapiens,,true positive,156,1,disordered
ELME000070,MOD_N-GLC_1,N-glycosylation site,MOD,"Generic motif for N-glycosylation. It was shown that Trp, Asp, and Glu are uncommon before the Ser/Thr position. Efficient glycosylation usually occurs when ~60 residues or more separate the glycosylation acceptor site from the C-terminus.",PF02516,STT3,Oligosaccharyl transferase STT3 subunit,.(N)[^P][ST]..,ENQSTE,338,343,IL3RB_HUMAN,Homo sapiens,10828016,true positive,156,1,disordered
ELME000070,MOD_N-GLC_1,N-glycosylation site,MOD,"Generic motif for N-glycosylation. It was shown that Trp, Asp, and Glu are uncommon before the Ser/Thr position. Efficient glycosylation usually occurs when ~60 residues or more separate the glycosylation acceptor site from the C-terminus.",PF02516,STT3,Oligosaccharyl transferase STT3 subunit,.(N)[^P][ST]..,ENQSTE,338,343,IL6RA_HUMAN,Homo sapiens,10066782,true positive,156,1,disordered
ELME000070,MOD_N-GLC_1,N-glycosylation site,MOD,"Generic motif for N-glycosylation. It was shown that Trp, Asp, and Glu are uncommon before the Ser/Thr position. Efficient glycosylation usually occurs when ~60 residues or more separate the glycosylation acceptor site from the C-terminus.",PF02516,STT3,Oligosaccharyl transferase STT3 subunit,.(N)[^P][ST]..,ENQSTE,338,343,IL6RB_HUMAN,Homo sapiens,11098061,true positive,156,1,disordered
ELME000070,MOD_N-GLC_1,N-glycosylation site,MOD,"Generic motif for N-glycosylation. It was shown that Trp, Asp, and Glu are uncommon before the Ser/Thr position. Efficient glycosylation usually occurs when ~60 residues or more separate the glycosylation acceptor site from the C-terminus.",PF02516,STT3,Oligosaccharyl transferase STT3 subunit,.(N)[^P][ST]..,ENQSTE,338,343,INHA_HUMAN,Homo sapiens,8885240,true positive,156,1,disordered
ELME000070,MOD_N-GLC_1,N-glycosylation site,MOD,"Generic motif for N-glycosylation. It was shown that Trp, Asp, and Glu are uncommon before the Ser/Thr position. Efficient glycosylation usually occurs when ~60 residues or more separate the glycosylation acceptor site from the C-terminus.",PF02516,STT3,Oligosaccharyl transferase STT3 subunit,.(N)[^P][ST]..,ENQSTE,338,343,MOGS_HUMAN,Homo sapiens,7635146,true positive,156,1,disordered
ELME000070,MOD_N-GLC_1,N-glycosylation site,MOD,"Generic motif for N-glycosylation. It was shown that Trp, Asp, and Glu are uncommon before the Ser/Thr position. Efficient glycosylation usually occurs when ~60 residues or more separate the glycosylation acceptor site from the C-terminus.",PF02516,STT3,Oligosaccharyl transferase STT3 subunit,.(N)[^P][ST]..,ENQSTE,338,343,NK2R_HUMAN,Homo sapiens,7721803,true positive,156,1,disordered
ELME000070,MOD_N-GLC_1,N-glycosylation site,MOD,"Generic motif for N-glycosylation. It was shown that Trp, Asp, and Glu are uncommon before the Ser/Thr position. Efficient glycosylation usually occurs when ~60 residues or more separate the glycosylation acceptor site from the C-terminus.",PF02516,STT3,Oligosaccharyl transferase STT3 subunit,.(N)[^P][ST]..,ENQSTE,338,343,OXYR_HUMAN,Homo sapiens,9433921,true positive,156,1,disordered
ELME000070,MOD_N-GLC_1,N-glycosylation site,MOD,"Generic motif for N-glycosylation. It was shown that Trp, Asp, and Glu are uncommon before the Ser/Thr position. Efficient glycosylation usually occurs when ~60 residues or more separate the glycosylation acceptor site from the C-terminus.",PF02516,STT3,Oligosaccharyl transferase STT3 subunit,.(N)[^P][ST]..,ENQSTE,338,343,PMP22_HUMAN,Homo sapiens,10982389,true positive,156,1,disordered
ELME000070,MOD_N-GLC_1,N-glycosylation site,MOD,"Generic motif for N-glycosylation. It was shown that Trp, Asp, and Glu are uncommon before the Ser/Thr position. Efficient glycosylation usually occurs when ~60 residues or more separate the glycosylation acceptor site from the C-terminus.",PF02516,STT3,Oligosaccharyl transferase STT3 subunit,.(N)[^P][ST]..,ENQSTE,338,343,POLG_HCVH,Hepatitis C virus (isolate H),10211957,true positive,156,1,disordered
ELME000070,MOD_N-GLC_1,N-glycosylation site,MOD,"Generic motif for N-glycosylation. It was shown that Trp, Asp, and Glu are uncommon before the Ser/Thr position. Efficient glycosylation usually occurs when ~60 residues or more separate the glycosylation acceptor site from the C-terminus.",PF02516,STT3,Oligosaccharyl transferase STT3 subunit,.(N)[^P][ST]..,ENQSTE,338,343,PRIO_HUMAN,Homo sapiens,12356908,true positive,156,1,disordered
ELME000070,MOD_N-GLC_1,N-glycosylation site,MOD,"Generic motif for N-glycosylation. It was shown that Trp, Asp, and Glu are uncommon before the Ser/Thr position. Efficient glycosylation usually occurs when ~60 residues or more separate the glycosylation acceptor site from the C-terminus.",PF02516,STT3,Oligosaccharyl transferase STT3 subunit,.(N)[^P][ST]..,ENQSTE,338,343,PRLR_HUMAN,Homo sapiens,9544990,true positive,156,1,disordered
ELME000070,MOD_N-GLC_1,N-glycosylation site,MOD,"Generic motif for N-glycosylation. It was shown that Trp, Asp, and Glu are uncommon before the Ser/Thr position. Efficient glycosylation usually occurs when ~60 residues or more separate the glycosylation acceptor site from the C-terminus.",PF02516,STT3,Oligosaccharyl transferase STT3 subunit,.(N)[^P][ST]..,ENQSTE,338,343,Q3I0Y8_WNV,West Nile virus,16987985,true positive,156,1,disordered
ELME000070,MOD_N-GLC_1,N-glycosylation site,MOD,"Generic motif for N-glycosylation. It was shown that Trp, Asp, and Glu are uncommon before the Ser/Thr position. Efficient glycosylation usually occurs when ~60 residues or more separate the glycosylation acceptor site from the C-terminus.",PF02516,STT3,Oligosaccharyl transferase STT3 subunit,.(N)[^P][ST]..,ENQSTE,338,343,SIAL_HUMAN,Homo sapiens,11459848,true positive,156,1,disordered
ELME000070,MOD_N-GLC_1,N-glycosylation site,MOD,"Generic motif for N-glycosylation. It was shown that Trp, Asp, and Glu are uncommon before the Ser/Thr position. Efficient glycosylation usually occurs when ~60 residues or more separate the glycosylation acceptor site from the C-terminus.",PF02516,STT3,Oligosaccharyl transferase STT3 subunit,.(N)[^P][ST]..,ENQSTE,338,343,SPIKE_CVHSA,SARS coronavirus,12775768,true positive,156,1,disordered
ELME000070,MOD_N-GLC_1,N-glycosylation site,MOD,"Generic motif for N-glycosylation. It was shown that Trp, Asp, and Glu are uncommon before the Ser/Thr position. Efficient glycosylation usually occurs when ~60 residues or more separate the glycosylation acceptor site from the C-terminus.",PF02516,STT3,Oligosaccharyl transferase STT3 subunit,.(N)[^P][ST]..,ENQSTE,338,343,THYG_HUMAN,Homo sapiens,,true positive,156,1,disordered
ELME000070,MOD_N-GLC_1,N-glycosylation site,MOD,"Generic motif for N-glycosylation. It was shown that Trp, Asp, and Glu are uncommon before the Ser/Thr position. Efficient glycosylation usually occurs when ~60 residues or more separate the glycosylation acceptor site from the C-terminus.",PF02516,STT3,Oligosaccharyl transferase STT3 subunit,.(N)[^P][ST]..,ENQSTE,338,343,THYG_HUMAN,Homo sapiens,8530385,true positive,156,1,disordered
ELME000070,MOD_N-GLC_1,N-glycosylation site,MOD,"Generic motif for N-glycosylation. It was shown that Trp, Asp, and Glu are uncommon before the Ser/Thr position. Efficient glycosylation usually occurs when ~60 residues or more separate the glycosylation acceptor site from the C-terminus.",PF02516,STT3,Oligosaccharyl transferase STT3 subunit,.(N)[^P][ST]..,ENQSTE,338,343,THYG_HUMAN,Homo sapiens,8615697,true positive,156,1,disordered
ELME000070,MOD_N-GLC_1,N-glycosylation site,MOD,"Generic motif for N-glycosylation. It was shown that Trp, Asp, and Glu are uncommon before the Ser/Thr position. Efficient glycosylation usually occurs when ~60 residues or more separate the glycosylation acceptor site from the C-terminus.",PF02516,STT3,Oligosaccharyl transferase STT3 subunit,.(N)[^P][ST]..,ENQSTE,338,343,TLR4_HUMAN,Homo sapiens,11706042,true positive,156,1,disordered
ELME000070,MOD_N-GLC_1,N-glycosylation site,MOD,"Generic motif for N-glycosylation. It was shown that Trp, Asp, and Glu are uncommon before the Ser/Thr position. Efficient glycosylation usually occurs when ~60 residues or more separate the glycosylation acceptor site from the C-terminus.",PF02516,STT3,Oligosaccharyl transferase STT3 subunit,.(N)[^P][ST]..,ENQSTE,338,343,TNFL6_HUMAN,Homo sapiens,9405425,true positive,156,1,disordered
ELME000070,MOD_N-GLC_1,N-glycosylation site,MOD,"Generic motif for N-glycosylation. It was shown that Trp, Asp, and Glu are uncommon before the Ser/Thr position. Efficient glycosylation usually occurs when ~60 residues or more separate the glycosylation acceptor site from the C-terminus.",PF02516,STT3,Oligosaccharyl transferase STT3 subunit,.(N)[^P][ST]..,ENQSTE,338,343,TPO_HUMAN,Homo sapiens,9766811,true positive,156,1,disordered
ELME000070,MOD_N-GLC_1,N-glycosylation site,MOD,"Generic motif for N-glycosylation. It was shown that Trp, Asp, and Glu are uncommon before the Ser/Thr position. Efficient glycosylation usually occurs when ~60 residues or more separate the glycosylation acceptor site from the C-terminus.",PF02516,STT3,Oligosaccharyl transferase STT3 subunit,.(N)[^P][ST]..,ENQSTE,338,343,VGP_EBOZM,"Ebola virus - Mayinga, Zaire, 1976",12438572,true positive,156,1,disordered
ELME000070,MOD_N-GLC_1,N-glycosylation site,MOD,"Generic motif for N-glycosylation. It was shown that Trp, Asp, and Glu are uncommon before the Ser/Thr position. Efficient glycosylation usually occurs when ~60 residues or more separate the glycosylation acceptor site from the C-terminus.",PF02516,STT3,Oligosaccharyl transferase STT3 subunit,.(N)[^P][ST]..,ENQSTE,338,343,VME1_CVHSA,SARS coronavirus,19534833,true positive,156,1,disordered
ELME000070,MOD_N-GLC_1,N-glycosylation site,MOD,"Generic motif for N-glycosylation. It was shown that Trp, Asp, and Glu are uncommon before the Ser/Thr position. Efficient glycosylation usually occurs when ~60 residues or more separate the glycosylation acceptor site from the C-terminus.",PF02516,STT3,Oligosaccharyl transferase STT3 subunit,.(N)[^P][ST]..,ENQSTE,338,343,WFS1_HUMAN,Homo sapiens,11181517,true positive,156,1,disordered
ELME000062,MOD_PKA_2,PKA Phosphorylation site,MOD,Secondary preference for PKA-type AGC kinase phosphorylation.,PF00069,Pkinase,Protein kinase domain,.R.([ST])[^P]..,SRASSRT,476,482,AKT2_ARATH,Arabidopsis thaliana,16297070,true positive,28,0,disordered
ELME000062,MOD_PKA_2,PKA Phosphorylation site,MOD,Secondary preference for PKA-type AGC kinase phosphorylation.,PF00069,Pkinase,Protein kinase domain,.R.([ST])[^P]..,SRASSRT,476,482,B9EIS4_HUMAN,Homo sapiens,15946941,true positive,28,0,disordered
ELME000062,MOD_PKA_2,PKA Phosphorylation site,MOD,Secondary preference for PKA-type AGC kinase phosphorylation.,PF00069,Pkinase,Protein kinase domain,.R.([ST])[^P]..,SRASSRT,476,482,BIRC5_HUMAN,Homo sapiens,17612487,true positive,28,0,disordered
ELME000062,MOD_PKA_2,PKA Phosphorylation site,MOD,Secondary preference for PKA-type AGC kinase phosphorylation.,PF00069,Pkinase,Protein kinase domain,.R.([ST])[^P]..,SRASSRT,476,482,C2TA_HUMAN,Homo sapiens,11416140,true positive,28,0,disordered
ELME000062,MOD_PKA_2,PKA Phosphorylation site,MOD,Secondary preference for PKA-type AGC kinase phosphorylation.,PF00069,Pkinase,Protein kinase domain,.R.([ST])[^P]..,SRASSRT,476,482,CCG2_MOUSE,Mus musculus,11805122,true positive,28,0,disordered
ELME000062,MOD_PKA_2,PKA Phosphorylation site,MOD,Secondary preference for PKA-type AGC kinase phosphorylation.,PF00069,Pkinase,Protein kinase domain,.R.([ST])[^P]..,SRASSRT,476,482,CSKP_RAT,Rattus norvegicus,20067577,true positive,28,0,disordered
ELME000062,MOD_PKA_2,PKA Phosphorylation site,MOD,Secondary preference for PKA-type AGC kinase phosphorylation.,PF00069,Pkinase,Protein kinase domain,.R.([ST])[^P]..,SRASSRT,476,482,EF2K_RAT,Rattus norvegicus,11171050,true positive,28,0,disordered
ELME000062,MOD_PKA_2,PKA Phosphorylation site,MOD,Secondary preference for PKA-type AGC kinase phosphorylation.,PF00069,Pkinase,Protein kinase domain,.R.([ST])[^P]..,SRASSRT,476,482,GDIR1_HUMAN,Homo sapiens,18768928,true positive,28,0,disordered
ELME000062,MOD_PKA_2,PKA Phosphorylation site,MOD,Secondary preference for PKA-type AGC kinase phosphorylation.,PF00069,Pkinase,Protein kinase domain,.R.([ST])[^P]..,SRASSRT,476,482,HSPB8_HUMAN,Homo sapiens,18298377,true positive,28,0,disordered
ELME000062,MOD_PKA_2,PKA Phosphorylation site,MOD,Secondary preference for PKA-type AGC kinase phosphorylation.,PF00069,Pkinase,Protein kinase domain,.R.([ST])[^P]..,SRASSRT,476,482,IRK1_HUMAN,Homo sapiens,8621594,true positive,28,0,disordered
ELME000062,MOD_PKA_2,PKA Phosphorylation site,MOD,Secondary preference for PKA-type AGC kinase phosphorylation.,PF00069,Pkinase,Protein kinase domain,.R.([ST])[^P]..,SRASSRT,476,482,MEF2D_MOUSE,Mus musculus,18299387,true positive,28,0,disordered
ELME000062,MOD_PKA_2,PKA Phosphorylation site,MOD,Secondary preference for PKA-type AGC kinase phosphorylation.,PF00069,Pkinase,Protein kinase domain,.R.([ST])[^P]..,SRASSRT,476,482,NEB2_RAT,Rattus norvegicus,12417592,true positive,28,0,disordered
ELME000062,MOD_PKA_2,PKA Phosphorylation site,MOD,Secondary preference for PKA-type AGC kinase phosphorylation.,PF00069,Pkinase,Protein kinase domain,.R.([ST])[^P]..,SRASSRT,476,482,NFAC1_HUMAN,Homo sapiens,12351631,true positive,28,0,disordered
ELME000062,MOD_PKA_2,PKA Phosphorylation site,MOD,Secondary preference for PKA-type AGC kinase phosphorylation.,PF00069,Pkinase,Protein kinase domain,.R.([ST])[^P]..,SRASSRT,476,482,NOXA1_HUMAN,Homo sapiens,17913709,true positive,28,0,disordered
ELME000062,MOD_PKA_2,PKA Phosphorylation site,MOD,Secondary preference for PKA-type AGC kinase phosphorylation.,PF00069,Pkinase,Protein kinase domain,.R.([ST])[^P]..,SRASSRT,476,482,PELP1_HUMAN,Homo sapiens,18505929,true positive,28,0,disordered
ELME000062,MOD_PKA_2,PKA Phosphorylation site,MOD,Secondary preference for PKA-type AGC kinase phosphorylation.,PF00069,Pkinase,Protein kinase domain,.R.([ST])[^P]..,SRASSRT,476,482,PKD1_MOUSE,Mus musculus,10364454,true positive,28,0,disordered
ELME000062,MOD_PKA_2,PKA Phosphorylation site,MOD,Secondary preference for PKA-type AGC kinase phosphorylation.,PF00069,Pkinase,Protein kinase domain,.R.([ST])[^P]..,SRASSRT,476,482,PLSL_HUMAN,Homo sapiens,16636079 10446213,true positive,28,0,disordered
ELME000062,MOD_PKA_2,PKA Phosphorylation site,MOD,Secondary preference for PKA-type AGC kinase phosphorylation.,PF00069,Pkinase,Protein kinase domain,.R.([ST])[^P]..,SRASSRT,476,482,Q26658_STRPU,Strongylocentrotus purpuratus,10207092,true positive,28,0,disordered
ELME000062,MOD_PKA_2,PKA Phosphorylation site,MOD,Secondary preference for PKA-type AGC kinase phosphorylation.,PF00069,Pkinase,Protein kinase domain,.R.([ST])[^P]..,SRASSRT,476,482,RXRA_HUMAN,Homo sapiens,11162439,true positive,28,0,disordered
ELME000062,MOD_PKA_2,PKA Phosphorylation site,MOD,Secondary preference for PKA-type AGC kinase phosphorylation.,PF00069,Pkinase,Protein kinase domain,.R.([ST])[^P]..,SRASSRT,476,482,SCN5A_RAT,Rattus norvegicus,8910529,true positive,28,0,disordered
ELME000062,MOD_PKA_2,PKA Phosphorylation site,MOD,Secondary preference for PKA-type AGC kinase phosphorylation.,PF00069,Pkinase,Protein kinase domain,.R.([ST])[^P]..,SRASSRT,476,482,SNAPN_RAT,Rattus norvegicus,12887314 11283605,true positive,28,0,disordered
ELME000062,MOD_PKA_2,PKA Phosphorylation site,MOD,Secondary preference for PKA-type AGC kinase phosphorylation.,PF00069,Pkinase,Protein kinase domain,.R.([ST])[^P]..,SRASSRT,476,482,THOP1_RAT,Rattus norvegicus,10969067,true positive,28,0,disordered
ELME000062,MOD_PKA_2,PKA Phosphorylation site,MOD,Secondary preference for PKA-type AGC kinase phosphorylation.,PF00069,Pkinase,Protein kinase domain,.R.([ST])[^P]..,SRTSLVS,480,486,AKT2_ARATH,Arabidopsis thaliana,16297070,true positive,28,0,disordered
ELME000062,MOD_PKA_2,PKA Phosphorylation site,MOD,Secondary preference for PKA-type AGC kinase phosphorylation.,PF00069,Pkinase,Protein kinase domain,.R.([ST])[^P]..,SRTSLVS,480,486,B9EIS4_HUMAN,Homo sapiens,15946941,true positive,28,0,disordered
ELME000062,MOD_PKA_2,PKA Phosphorylation site,MOD,Secondary preference for PKA-type AGC kinase phosphorylation.,PF00069,Pkinase,Protein kinase domain,.R.([ST])[^P]..,SRTSLVS,480,486,BIRC5_HUMAN,Homo sapiens,17612487,true positive,28,0,disordered
ELME000062,MOD_PKA_2,PKA Phosphorylation site,MOD,Secondary preference for PKA-type AGC kinase phosphorylation.,PF00069,Pkinase,Protein kinase domain,.R.([ST])[^P]..,SRTSLVS,480,486,C2TA_HUMAN,Homo sapiens,11416140,true positive,28,0,disordered
ELME000062,MOD_PKA_2,PKA Phosphorylation site,MOD,Secondary preference for PKA-type AGC kinase phosphorylation.,PF00069,Pkinase,Protein kinase domain,.R.([ST])[^P]..,SRTSLVS,480,486,CCG2_MOUSE,Mus musculus,11805122,true positive,28,0,disordered
ELME000062,MOD_PKA_2,PKA Phosphorylation site,MOD,Secondary preference for PKA-type AGC kinase phosphorylation.,PF00069,Pkinase,Protein kinase domain,.R.([ST])[^P]..,SRTSLVS,480,486,CSKP_RAT,Rattus norvegicus,20067577,true positive,28,0,disordered
ELME000062,MOD_PKA_2,PKA Phosphorylation site,MOD,Secondary preference for PKA-type AGC kinase phosphorylation.,PF00069,Pkinase,Protein kinase domain,.R.([ST])[^P]..,SRTSLVS,480,486,EF2K_RAT,Rattus norvegicus,11171050,true positive,28,0,disordered
ELME000062,MOD_PKA_2,PKA Phosphorylation site,MOD,Secondary preference for PKA-type AGC kinase phosphorylation.,PF00069,Pkinase,Protein kinase domain,.R.([ST])[^P]..,SRTSLVS,480,486,GDIR1_HUMAN,Homo sapiens,18768928,true positive,28,0,disordered
ELME000062,MOD_PKA_2,PKA Phosphorylation site,MOD,Secondary preference for PKA-type AGC kinase phosphorylation.,PF00069,Pkinase,Protein kinase domain,.R.([ST])[^P]..,SRTSLVS,480,486,HSPB8_HUMAN,Homo sapiens,18298377,true positive,28,0,disordered
ELME000062,MOD_PKA_2,PKA Phosphorylation site,MOD,Secondary preference for PKA-type AGC kinase phosphorylation.,PF00069,Pkinase,Protein kinase domain,.R.([ST])[^P]..,SRTSLVS,480,486,IRK1_HUMAN,Homo sapiens,8621594,true positive,28,0,disordered
ELME000062,MOD_PKA_2,PKA Phosphorylation site,MOD,Secondary preference for PKA-type AGC kinase phosphorylation.,PF00069,Pkinase,Protein kinase domain,.R.([ST])[^P]..,SRTSLVS,480,486,MEF2D_MOUSE,Mus musculus,18299387,true positive,28,0,disordered
ELME000062,MOD_PKA_2,PKA Phosphorylation site,MOD,Secondary preference for PKA-type AGC kinase phosphorylation.,PF00069,Pkinase,Protein kinase domain,.R.([ST])[^P]..,SRTSLVS,480,486,NEB2_RAT,Rattus norvegicus,12417592,true positive,28,0,disordered
ELME000062,MOD_PKA_2,PKA Phosphorylation site,MOD,Secondary preference for PKA-type AGC kinase phosphorylation.,PF00069,Pkinase,Protein kinase domain,.R.([ST])[^P]..,SRTSLVS,480,486,NFAC1_HUMAN,Homo sapiens,12351631,true positive,28,0,disordered
ELME000062,MOD_PKA_2,PKA Phosphorylation site,MOD,Secondary preference for PKA-type AGC kinase phosphorylation.,PF00069,Pkinase,Protein kinase domain,.R.([ST])[^P]..,SRTSLVS,480,486,NOXA1_HUMAN,Homo sapiens,17913709,true positive,28,0,disordered
ELME000062,MOD_PKA_2,PKA Phosphorylation site,MOD,Secondary preference for PKA-type AGC kinase phosphorylation.,PF00069,Pkinase,Protein kinase domain,.R.([ST])[^P]..,SRTSLVS,480,486,PELP1_HUMAN,Homo sapiens,18505929,true positive,28,0,disordered
ELME000062,MOD_PKA_2,PKA Phosphorylation site,MOD,Secondary preference for PKA-type AGC kinase phosphorylation.,PF00069,Pkinase,Protein kinase domain,.R.([ST])[^P]..,SRTSLVS,480,486,PKD1_MOUSE,Mus musculus,10364454,true positive,28,0,disordered
ELME000062,MOD_PKA_2,PKA Phosphorylation site,MOD,Secondary preference for PKA-type AGC kinase phosphorylation.,PF00069,Pkinase,Protein kinase domain,.R.([ST])[^P]..,SRTSLVS,480,486,PLSL_HUMAN,Homo sapiens,16636079 10446213,true positive,28,0,disordered
ELME000062,MOD_PKA_2,PKA Phosphorylation site,MOD,Secondary preference for PKA-type AGC kinase phosphorylation.,PF00069,Pkinase,Protein kinase domain,.R.([ST])[^P]..,SRTSLVS,480,486,Q26658_STRPU,Strongylocentrotus purpuratus,10207092,true positive,28,0,disordered
ELME000062,MOD_PKA_2,PKA Phosphorylation site,MOD,Secondary preference for PKA-type AGC kinase phosphorylation.,PF00069,Pkinase,Protein kinase domain,.R.([ST])[^P]..,SRTSLVS,480,486,RXRA_HUMAN,Homo sapiens,11162439,true positive,28,0,disordered
ELME000062,MOD_PKA_2,PKA Phosphorylation site,MOD,Secondary preference for PKA-type AGC kinase phosphorylation.,PF00069,Pkinase,Protein kinase domain,.R.([ST])[^P]..,SRTSLVS,480,486,SCN5A_RAT,Rattus norvegicus,8910529,true positive,28,0,disordered
ELME000062,MOD_PKA_2,PKA Phosphorylation site,MOD,Secondary preference for PKA-type AGC kinase phosphorylation.,PF00069,Pkinase,Protein kinase domain,.R.([ST])[^P]..,SRTSLVS,480,486,SNAPN_RAT,Rattus norvegicus,12887314 11283605,true positive,28,0,disordered
ELME000062,MOD_PKA_2,PKA Phosphorylation site,MOD,Secondary preference for PKA-type AGC kinase phosphorylation.,PF00069,Pkinase,Protein kinase domain,.R.([ST])[^P]..,SRTSLVS,480,486,THOP1_RAT,Rattus norvegicus,10969067,true positive,28,0,disordered
ELME000062,MOD_PKA_2,PKA Phosphorylation site,MOD,Secondary preference for PKA-type AGC kinase phosphorylation.,PF00069,Pkinase,Protein kinase domain,.R.([ST])[^P]..,SRTSLVS,514,520,AKT2_ARATH,Arabidopsis thaliana,16297070,true positive,28,0,disordered
ELME000062,MOD_PKA_2,PKA Phosphorylation site,MOD,Secondary preference for PKA-type AGC kinase phosphorylation.,PF00069,Pkinase,Protein kinase domain,.R.([ST])[^P]..,SRTSLVS,514,520,B9EIS4_HUMAN,Homo sapiens,15946941,true positive,28,0,disordered
ELME000062,MOD_PKA_2,PKA Phosphorylation site,MOD,Secondary preference for PKA-type AGC kinase phosphorylation.,PF00069,Pkinase,Protein kinase domain,.R.([ST])[^P]..,SRTSLVS,514,520,BIRC5_HUMAN,Homo sapiens,17612487,true positive,28,0,disordered
ELME000062,MOD_PKA_2,PKA Phosphorylation site,MOD,Secondary preference for PKA-type AGC kinase phosphorylation.,PF00069,Pkinase,Protein kinase domain,.R.([ST])[^P]..,SRTSLVS,514,520,C2TA_HUMAN,Homo sapiens,11416140,true positive,28,0,disordered
ELME000062,MOD_PKA_2,PKA Phosphorylation site,MOD,Secondary preference for PKA-type AGC kinase phosphorylation.,PF00069,Pkinase,Protein kinase domain,.R.([ST])[^P]..,SRTSLVS,514,520,CCG2_MOUSE,Mus musculus,11805122,true positive,28,0,disordered
ELME000062,MOD_PKA_2,PKA Phosphorylation site,MOD,Secondary preference for PKA-type AGC kinase phosphorylation.,PF00069,Pkinase,Protein kinase domain,.R.([ST])[^P]..,SRTSLVS,514,520,CSKP_RAT,Rattus norvegicus,20067577,true positive,28,0,disordered
ELME000062,MOD_PKA_2,PKA Phosphorylation site,MOD,Secondary preference for PKA-type AGC kinase phosphorylation.,PF00069,Pkinase,Protein kinase domain,.R.([ST])[^P]..,SRTSLVS,514,520,EF2K_RAT,Rattus norvegicus,11171050,true positive,28,0,disordered
ELME000062,MOD_PKA_2,PKA Phosphorylation site,MOD,Secondary preference for PKA-type AGC kinase phosphorylation.,PF00069,Pkinase,Protein kinase domain,.R.([ST])[^P]..,SRTSLVS,514,520,GDIR1_HUMAN,Homo sapiens,18768928,true positive,28,0,disordered
ELME000062,MOD_PKA_2,PKA Phosphorylation site,MOD,Secondary preference for PKA-type AGC kinase phosphorylation.,PF00069,Pkinase,Protein kinase domain,.R.([ST])[^P]..,SRTSLVS,514,520,HSPB8_HUMAN,Homo sapiens,18298377,true positive,28,0,disordered
ELME000062,MOD_PKA_2,PKA Phosphorylation site,MOD,Secondary preference for PKA-type AGC kinase phosphorylation.,PF00069,Pkinase,Protein kinase domain,.R.([ST])[^P]..,SRTSLVS,514,520,IRK1_HUMAN,Homo sapiens,8621594,true positive,28,0,disordered
ELME000062,MOD_PKA_2,PKA Phosphorylation site,MOD,Secondary preference for PKA-type AGC kinase phosphorylation.,PF00069,Pkinase,Protein kinase domain,.R.([ST])[^P]..,SRTSLVS,514,520,MEF2D_MOUSE,Mus musculus,18299387,true positive,28,0,disordered
ELME000062,MOD_PKA_2,PKA Phosphorylation site,MOD,Secondary preference for PKA-type AGC kinase phosphorylation.,PF00069,Pkinase,Protein kinase domain,.R.([ST])[^P]..,SRTSLVS,514,520,NEB2_RAT,Rattus norvegicus,12417592,true positive,28,0,disordered
ELME000062,MOD_PKA_2,PKA Phosphorylation site,MOD,Secondary preference for PKA-type AGC kinase phosphorylation.,PF00069,Pkinase,Protein kinase domain,.R.([ST])[^P]..,SRTSLVS,514,520,NFAC1_HUMAN,Homo sapiens,12351631,true positive,28,0,disordered
ELME000062,MOD_PKA_2,PKA Phosphorylation site,MOD,Secondary preference for PKA-type AGC kinase phosphorylation.,PF00069,Pkinase,Protein kinase domain,.R.([ST])[^P]..,SRTSLVS,514,520,NOXA1_HUMAN,Homo sapiens,17913709,true positive,28,0,disordered
ELME000062,MOD_PKA_2,PKA Phosphorylation site,MOD,Secondary preference for PKA-type AGC kinase phosphorylation.,PF00069,Pkinase,Protein kinase domain,.R.([ST])[^P]..,SRTSLVS,514,520,PELP1_HUMAN,Homo sapiens,18505929,true positive,28,0,disordered
ELME000062,MOD_PKA_2,PKA Phosphorylation site,MOD,Secondary preference for PKA-type AGC kinase phosphorylation.,PF00069,Pkinase,Protein kinase domain,.R.([ST])[^P]..,SRTSLVS,514,520,PKD1_MOUSE,Mus musculus,10364454,true positive,28,0,disordered
ELME000062,MOD_PKA_2,PKA Phosphorylation site,MOD,Secondary preference for PKA-type AGC kinase phosphorylation.,PF00069,Pkinase,Protein kinase domain,.R.([ST])[^P]..,SRTSLVS,514,520,PLSL_HUMAN,Homo sapiens,16636079 10446213,true positive,28,0,disordered
ELME000062,MOD_PKA_2,PKA Phosphorylation site,MOD,Secondary preference for PKA-type AGC kinase phosphorylation.,PF00069,Pkinase,Protein kinase domain,.R.([ST])[^P]..,SRTSLVS,514,520,Q26658_STRPU,Strongylocentrotus purpuratus,10207092,true positive,28,0,disordered
ELME000062,MOD_PKA_2,PKA Phosphorylation site,MOD,Secondary preference for PKA-type AGC kinase phosphorylation.,PF00069,Pkinase,Protein kinase domain,.R.([ST])[^P]..,SRTSLVS,514,520,RXRA_HUMAN,Homo sapiens,11162439,true positive,28,0,disordered
ELME000062,MOD_PKA_2,PKA Phosphorylation site,MOD,Secondary preference for PKA-type AGC kinase phosphorylation.,PF00069,Pkinase,Protein kinase domain,.R.([ST])[^P]..,SRTSLVS,514,520,SCN5A_RAT,Rattus norvegicus,8910529,true positive,28,0,disordered
ELME000062,MOD_PKA_2,PKA Phosphorylation site,MOD,Secondary preference for PKA-type AGC kinase phosphorylation.,PF00069,Pkinase,Protein kinase domain,.R.([ST])[^P]..,SRTSLVS,514,520,SNAPN_RAT,Rattus norvegicus,12887314 11283605,true positive,28,0,disordered
ELME000062,MOD_PKA_2,PKA Phosphorylation site,MOD,Secondary preference for PKA-type AGC kinase phosphorylation.,PF00069,Pkinase,Protein kinase domain,.R.([ST])[^P]..,SRTSLVS,514,520,THOP1_RAT,Rattus norvegicus,10969067,true positive,28,0,disordered
ELME000061,MOD_PKB_1,PKB Phosphorylation site,MOD,PKB Phosphorylation site,PF00069,Pkinase,Protein kinase domain,R.R..([ST])[^P]..,RTRTPSLAP,467,475,BAD_MOUSE,Mus musculus,9346240,true positive,20,1,disordered
ELME000061,MOD_PKB_1,PKB Phosphorylation site,MOD,PKB Phosphorylation site,PF00069,Pkinase,Protein kinase domain,R.R..([ST])[^P]..,RTRTPSLAP,467,475,BRCA1_HUMAN,Homo sapiens,17428466,true positive,20,1,disordered
ELME000061,MOD_PKB_1,PKB Phosphorylation site,MOD,PKB Phosphorylation site,PF00069,Pkinase,Protein kinase domain,R.R..([ST])[^P]..,RTRTPSLAP,467,475,CASP9_HUMAN,Homo sapiens,9812896,true positive,20,1,disordered
ELME000061,MOD_PKB_1,PKB Phosphorylation site,MOD,PKB Phosphorylation site,PF00069,Pkinase,Protein kinase domain,R.R..([ST])[^P]..,RTRTPSLAP,467,475,CDN1A_HUMAN,Homo sapiens,11463845,true positive,20,1,disordered
ELME000061,MOD_PKB_1,PKB Phosphorylation site,MOD,PKB Phosphorylation site,PF00069,Pkinase,Protein kinase domain,R.R..([ST])[^P]..,RTRTPSLAP,467,475,CDN1B_HUMAN,Homo sapiens,12244301,true positive,20,1,disordered
ELME000061,MOD_PKB_1,PKB Phosphorylation site,MOD,PKB Phosphorylation site,PF00069,Pkinase,Protein kinase domain,R.R..([ST])[^P]..,RTRTPSLAP,467,475,F262_BOVIN,Bos taurus,,true positive,20,1,disordered
ELME000061,MOD_PKB_1,PKB Phosphorylation site,MOD,PKB Phosphorylation site,PF00069,Pkinase,Protein kinase domain,R.R..([ST])[^P]..,RTRTPSLAP,467,475,FOXO4_HUMAN,Homo sapiens,14690436,true positive,20,1,disordered
ELME000061,MOD_PKB_1,PKB Phosphorylation site,MOD,PKB Phosphorylation site,PF00069,Pkinase,Protein kinase domain,R.R..([ST])[^P]..,RTRTPSLAP,467,475,GSK3B_MOUSE,Mus musculus,12434148,true positive,20,1,disordered
ELME000061,MOD_PKB_1,PKB Phosphorylation site,MOD,PKB Phosphorylation site,PF00069,Pkinase,Protein kinase domain,R.R..([ST])[^P]..,RTRTPSLAP,467,475,IKKA_HUMAN,Homo sapiens,10485710,true positive,20,1,disordered
ELME000061,MOD_PKB_1,PKB Phosphorylation site,MOD,PKB Phosphorylation site,PF00069,Pkinase,Protein kinase domain,R.R..([ST])[^P]..,RTRTPSLAP,467,475,MDM2_HUMAN,Homo sapiens,11715018,true positive,20,1,disordered
ELME000061,MOD_PKB_1,PKB Phosphorylation site,MOD,PKB Phosphorylation site,PF00069,Pkinase,Protein kinase domain,R.R..([ST])[^P]..,RTRTPSLAP,467,475,NR4A1_HUMAN,Homo sapiens,11274386,true positive,20,1,disordered
ELME000061,MOD_PKB_1,PKB Phosphorylation site,MOD,PKB Phosphorylation site,PF00069,Pkinase,Protein kinase domain,R.R..([ST])[^P]..,RTRTPSLAP,467,475,NR4A1_MOUSE,Mus musculus,,true positive,20,1,disordered
ELME000061,MOD_PKB_1,PKB Phosphorylation site,MOD,PKB Phosphorylation site,PF00069,Pkinase,Protein kinase domain,R.R..([ST])[^P]..,RTRTPSLAP,467,475,RAF1_HUMAN,Homo sapiens,19058874,true positive,20,1,disordered
ELME000061,MOD_PKB_1,PKB Phosphorylation site,MOD,PKB Phosphorylation site,PF00069,Pkinase,Protein kinase domain,R.R..([ST])[^P]..,RTRTPSLAP,467,475,TERT_HUMAN,Homo sapiens,,true positive,20,1,disordered
ELME000061,MOD_PKB_1,PKB Phosphorylation site,MOD,PKB Phosphorylation site,PF00069,Pkinase,Protein kinase domain,R.R..([ST])[^P]..,RTRTPSLAP,467,475,TSC2_HUMAN,Homo sapiens,18466115,true positive,20,1,disordered
ELME000442,MOD_Plk_1,Polo-like kinase phosphosites,MOD,Ser/Thr residue phosphorylated by the Plk1 kinase,PF00069,Pkinase,Protein kinase domain,.[DNE][^PG][ST](([FYILMVW]..)|([^PEDGKN][FWYLIVM]).),EEDSISL,370,376,BRCA2_HUMAN,Homo sapiens,12815053,true positive,44,0,disordered
ELME000442,MOD_Plk_1,Polo-like kinase phosphosites,MOD,Ser/Thr residue phosphorylated by the Plk1 kinase,PF00069,Pkinase,Protein kinase domain,.[DNE][^PG][ST](([FYILMVW]..)|([^PEDGKN][FWYLIVM]).),EEDSISL,370,376,CDH1_YEAST,Saccharomyces cerevisiae S288c,1850033,true positive,44,0,disordered
ELME000442,MOD_Plk_1,Polo-like kinase phosphosites,MOD,Ser/Thr residue phosphorylated by the Plk1 kinase,PF00069,Pkinase,Protein kinase domain,.[DNE][^PG][ST](([FYILMVW]..)|([^PEDGKN][FWYLIVM]).),EEDSISL,370,376,CND1_YEAST,Saccharomyces cerevisiae S288c,19481522,true positive,44,0,disordered
ELME000442,MOD_Plk_1,Polo-like kinase phosphosites,MOD,Ser/Thr residue phosphorylated by the Plk1 kinase,PF00069,Pkinase,Protein kinase domain,.[DNE][^PG][ST](([FYILMVW]..)|([^PEDGKN][FWYLIVM]).),EEDSISL,370,376,CND2_YEAST,Saccharomyces cerevisiae S288c,19481522,true positive,44,0,disordered
ELME000442,MOD_Plk_1,Polo-like kinase phosphosites,MOD,Ser/Thr residue phosphorylated by the Plk1 kinase,PF00069,Pkinase,Protein kinase domain,.[DNE][^PG][ST](([FYILMVW]..)|([^PEDGKN][FWYLIVM]).),EEDSISL,370,376,CND3_YEAST,Saccharomyces cerevisiae S288c,19481522,true positive,44,0,disordered
ELME000442,MOD_Plk_1,Polo-like kinase phosphosites,MOD,Ser/Thr residue phosphorylated by the Plk1 kinase,PF00069,Pkinase,Protein kinase domain,.[DNE][^PG][ST](([FYILMVW]..)|([^PEDGKN][FWYLIVM]).),EEDSISL,370,376,CNDD3_HUMAN,Homo sapiens,21498573,true positive,44,0,disordered
ELME000442,MOD_Plk_1,Polo-like kinase phosphosites,MOD,Ser/Thr residue phosphorylated by the Plk1 kinase,PF00069,Pkinase,Protein kinase domain,.[DNE][^PG][ST](([FYILMVW]..)|([^PEDGKN][FWYLIVM]).),EEDSISL,370,376,CYK2_YEAST,Saccharomyces cerevisiae S288c,21498574,true positive,44,0,disordered
ELME000442,MOD_Plk_1,Polo-like kinase phosphosites,MOD,Ser/Thr residue phosphorylated by the Plk1 kinase,PF00069,Pkinase,Protein kinase domain,.[DNE][^PG][ST](([FYILMVW]..)|([^PEDGKN][FWYLIVM]).),EEDSISL,370,376,DAM1_SCHPO,Schizosaccharomyces pombe 972h-,22375062,true positive,44,0,disordered
ELME000442,MOD_Plk_1,Polo-like kinase phosphosites,MOD,Ser/Thr residue phosphorylated by the Plk1 kinase,PF00069,Pkinase,Protein kinase domain,.[DNE][^PG][ST](([FYILMVW]..)|([^PEDGKN][FWYLIVM]).),EEDSISL,370,376,FOXM1_HUMAN,Homo sapiens,19160488,true positive,44,0,disordered
ELME000442,MOD_Plk_1,Polo-like kinase phosphosites,MOD,Ser/Thr residue phosphorylated by the Plk1 kinase,PF00069,Pkinase,Protein kinase domain,.[DNE][^PG][ST](([FYILMVW]..)|([^PEDGKN][FWYLIVM]).),EEDSISL,370,376,IKKB_HUMAN,Homo sapiens,18957422,true positive,44,0,disordered
ELME000442,MOD_Plk_1,Polo-like kinase phosphosites,MOD,Ser/Thr residue phosphorylated by the Plk1 kinase,PF00069,Pkinase,Protein kinase domain,.[DNE][^PG][ST](([FYILMVW]..)|([^PEDGKN][FWYLIVM]).),EEDSISL,370,376,KIZ_HUMAN,Homo sapiens,16980960,true positive,44,0,disordered
ELME000442,MOD_Plk_1,Polo-like kinase phosphosites,MOD,Ser/Thr residue phosphorylated by the Plk1 kinase,PF00069,Pkinase,Protein kinase domain,.[DNE][^PG][ST](([FYILMVW]..)|([^PEDGKN][FWYLIVM]).),EEDSISL,370,376,MAD3_YEAST,Saccharomyces cerevisiae,15970700,true positive,44,0,disordered
ELME000442,MOD_Plk_1,Polo-like kinase phosphosites,MOD,Ser/Thr residue phosphorylated by the Plk1 kinase,PF00069,Pkinase,Protein kinase domain,.[DNE][^PG][ST](([FYILMVW]..)|([^PEDGKN][FWYLIVM]).),EEDSISL,370,376,MID1_SCHPO,Schizosaccharomyces pombe 972h-,21376600,true positive,44,0,disordered
ELME000442,MOD_Plk_1,Polo-like kinase phosphosites,MOD,Ser/Thr residue phosphorylated by the Plk1 kinase,PF00069,Pkinase,Protein kinase domain,.[DNE][^PG][ST](([FYILMVW]..)|([^PEDGKN][FWYLIVM]).),EEDSISL,370,376,MPIP3_HUMAN,Homo sapiens,12738781 11897663,true positive,44,0,disordered
ELME000442,MOD_Plk_1,Polo-like kinase phosphosites,MOD,Ser/Thr residue phosphorylated by the Plk1 kinase,PF00069,Pkinase,Protein kinase domain,.[DNE][^PG][ST](([FYILMVW]..)|([^PEDGKN][FWYLIVM]).),EEDSISL,370,376,NDD1_YEAST,Saccharomyces cerevisiae S288c,17122856,true positive,44,0,disordered
ELME000442,MOD_Plk_1,Polo-like kinase phosphosites,MOD,Ser/Thr residue phosphorylated by the Plk1 kinase,PF00069,Pkinase,Protein kinase domain,.[DNE][^PG][ST](([FYILMVW]..)|([^PEDGKN][FWYLIVM]).),EEDSISL,370,376,NEDD1_HUMAN,Homo sapiens,19509060,true positive,44,0,disordered
ELME000442,MOD_Plk_1,Polo-like kinase phosphosites,MOD,Ser/Thr residue phosphorylated by the Plk1 kinase,PF00069,Pkinase,Protein kinase domain,.[DNE][^PG][ST](([FYILMVW]..)|([^PEDGKN][FWYLIVM]).),EEDSISL,370,376,O96561_DROME,Drosophila melanogaster,27238966,true positive,44,0,disordered
ELME000442,MOD_Plk_1,Polo-like kinase phosphosites,MOD,Ser/Thr residue phosphorylated by the Plk1 kinase,PF00069,Pkinase,Protein kinase domain,.[DNE][^PG][ST](([FYILMVW]..)|([^PEDGKN][FWYLIVM]).),EEDSISL,370,376,PINX1_HUMAN,Homo sapiens,20573420,true positive,44,0,disordered
ELME000442,MOD_Plk_1,Polo-like kinase phosphosites,MOD,Ser/Thr residue phosphorylated by the Plk1 kinase,PF00069,Pkinase,Protein kinase domain,.[DNE][^PG][ST](([FYILMVW]..)|([^PEDGKN][FWYLIVM]).),EEDSISL,370,376,PMYT1_HUMAN,Homo sapiens,12738781 21498573,true positive,44,0,disordered
ELME000442,MOD_Plk_1,Polo-like kinase phosphosites,MOD,Ser/Thr residue phosphorylated by the Plk1 kinase,PF00069,Pkinase,Protein kinase domain,.[DNE][^PG][ST](([FYILMVW]..)|([^PEDGKN][FWYLIVM]).),EEDSISL,370,376,PMYT1_HUMAN,Homo sapiens,21498573,true positive,44,0,disordered
ELME000442,MOD_Plk_1,Polo-like kinase phosphosites,MOD,Ser/Thr residue phosphorylated by the Plk1 kinase,PF00069,Pkinase,Protein kinase domain,.[DNE][^PG][ST](([FYILMVW]..)|([^PEDGKN][FWYLIVM]).),EEDSISL,370,376,RGAP1_HUMAN,Homo sapiens,19468300,true positive,44,0,disordered
ELME000442,MOD_Plk_1,Polo-like kinase phosphosites,MOD,Ser/Thr residue phosphorylated by the Plk1 kinase,PF00069,Pkinase,Protein kinase domain,.[DNE][^PG][ST](([FYILMVW]..)|([^PEDGKN][FWYLIVM]).),EEDSISL,370,376,RGAP1_HUMAN,Homo sapiens,19468302 19468300,true positive,44,0,disordered
ELME000442,MOD_Plk_1,Polo-like kinase phosphosites,MOD,Ser/Thr residue phosphorylated by the Plk1 kinase,PF00069,Pkinase,Protein kinase domain,.[DNE][^PG][ST](([FYILMVW]..)|([^PEDGKN][FWYLIVM]).),EEDSISL,370,376,SCC1_YEAST,Saccharomyces cerevisiae S288c,11371343,true positive,44,0,disordered
ELME000442,MOD_Plk_1,Polo-like kinase phosphosites,MOD,Ser/Thr residue phosphorylated by the Plk1 kinase,PF00069,Pkinase,Protein kinase domain,.[DNE][^PG][ST](([FYILMVW]..)|([^PEDGKN][FWYLIVM]).),EEDSISL,370,376,SFI1_YEAST,Saccharomyces cerevisiae S288c,24954044,true positive,44,0,disordered
ELME000442,MOD_Plk_1,Polo-like kinase phosphosites,MOD,Ser/Thr residue phosphorylated by the Plk1 kinase,PF00069,Pkinase,Protein kinase domain,.[DNE][^PG][ST](([FYILMVW]..)|([^PEDGKN][FWYLIVM]).),EEDSISL,370,376,SLD2_YEAST,Saccharomyces cerevisiae S288c,27705801,true positive,44,0,disordered
ELME000442,MOD_Plk_1,Polo-like kinase phosphosites,MOD,Ser/Thr residue phosphorylated by the Plk1 kinase,PF00069,Pkinase,Protein kinase domain,.[DNE][^PG][ST](([FYILMVW]..)|([^PEDGKN][FWYLIVM]).),EEDSISL,370,376,SPC7_SCHPO,Schizosaccharomyces pombe 972h-,28497540,true positive,44,0,disordered
ELME000442,MOD_Plk_1,Polo-like kinase phosphosites,MOD,Ser/Thr residue phosphorylated by the Plk1 kinase,PF00069,Pkinase,Protein kinase domain,.[DNE][^PG][ST](([FYILMVW]..)|([^PEDGKN][FWYLIVM]).),EEDSISL,370,376,SRBP1_HUMAN,Homo sapiens,27579997,true positive,44,0,disordered
ELME000442,MOD_Plk_1,Polo-like kinase phosphosites,MOD,Ser/Thr residue phosphorylated by the Plk1 kinase,PF00069,Pkinase,Protein kinase domain,.[DNE][^PG][ST](([FYILMVW]..)|([^PEDGKN][FWYLIVM]).),EEDSISL,370,376,SRBP1_HUMAN,Homo sapiens,27579998,true positive,44,0,disordered
ELME000442,MOD_Plk_1,Polo-like kinase phosphosites,MOD,Ser/Thr residue phosphorylated by the Plk1 kinase,PF00069,Pkinase,Protein kinase domain,.[DNE][^PG][ST](([FYILMVW]..)|([^PEDGKN][FWYLIVM]).),EEDSISL,370,376,TOPRS_HUMAN,Homo sapiens,19473992,true positive,44,0,disordered
ELME000442,MOD_Plk_1,Polo-like kinase phosphosites,MOD,Ser/Thr residue phosphorylated by the Plk1 kinase,PF00069,Pkinase,Protein kinase domain,.[DNE][^PG][ST](([FYILMVW]..)|([^PEDGKN][FWYLIVM]).),EEDSISL,370,376,VIME_MOUSE,Mus musculus,16260496,true positive,44,0,disordered
ELME000442,MOD_Plk_1,Polo-like kinase phosphosites,MOD,Ser/Thr residue phosphorylated by the Plk1 kinase,PF00069,Pkinase,Protein kinase domain,.[DNE][^PG][ST](([FYILMVW]..)|([^PEDGKN][FWYLIVM]).),EEDSISL,370,376,WEE1_HUMAN,Homo sapiens,15070733,true positive,44,0,disordered
ELME000444,MOD_Plk_4,Polo-like kinase phosphosites,MOD,Ser/Thr residue phosphorylated by Plk4,PF00069,Pkinase,Protein kinase domain,..[^IRFW]([ST])[ILMVFWY][ILMVFWY].,SRTSLVS,480,486,CENPJ_HUMAN,Homo sapiens,20531387,true positive,7,0,disordered
ELME000444,MOD_Plk_4,Polo-like kinase phosphosites,MOD,Ser/Thr residue phosphorylated by Plk4,PF00069,Pkinase,Protein kinase domain,..[^IRFW]([ST])[ILMVFWY][ILMVFWY].,SRTSLVS,480,486,FBXW5_HUMAN,Homo sapiens,21725316,true positive,7,0,disordered
ELME000444,MOD_Plk_4,Polo-like kinase phosphosites,MOD,Ser/Thr residue phosphorylated by Plk4,PF00069,Pkinase,Protein kinase domain,..[^IRFW]([ST])[ILMVFWY][ILMVFWY].,SRTSLVS,480,486,PLK4_HUMAN,Homo sapiens,20032307,true positive,7,0,disordered
ELME000444,MOD_Plk_4,Polo-like kinase phosphosites,MOD,Ser/Thr residue phosphorylated by Plk4,PF00069,Pkinase,Protein kinase domain,..[^IRFW]([ST])[ILMVFWY][ILMVFWY].,SRTSLVS,480,486,Q9XZ31_DROME,Drosophila melanogaster,25264260,true positive,7,0,disordered
ELME000444,MOD_Plk_4,Polo-like kinase phosphosites,MOD,Ser/Thr residue phosphorylated by Plk4,PF00069,Pkinase,Protein kinase domain,..[^IRFW]([ST])[ILMVFWY][ILMVFWY].,SRTSLVS,480,486,STIL_HUMAN,Homo sapiens,26101219,true positive,7,0,disordered
ELME000444,MOD_Plk_4,Polo-like kinase phosphosites,MOD,Ser/Thr residue phosphorylated by Plk4,PF00069,Pkinase,Protein kinase domain,..[^IRFW]([ST])[ILMVFWY][ILMVFWY].,SRTSLVS,514,520,CENPJ_HUMAN,Homo sapiens,20531387,true positive,7,0,disordered
ELME000444,MOD_Plk_4,Polo-like kinase phosphosites,MOD,Ser/Thr residue phosphorylated by Plk4,PF00069,Pkinase,Protein kinase domain,..[^IRFW]([ST])[ILMVFWY][ILMVFWY].,SRTSLVS,514,520,FBXW5_HUMAN,Homo sapiens,21725316,true positive,7,0,disordered
ELME000444,MOD_Plk_4,Polo-like kinase phosphosites,MOD,Ser/Thr residue phosphorylated by Plk4,PF00069,Pkinase,Protein kinase domain,..[^IRFW]([ST])[ILMVFWY][ILMVFWY].,SRTSLVS,514,520,PLK4_HUMAN,Homo sapiens,20032307,true positive,7,0,disordered
ELME000444,MOD_Plk_4,Polo-like kinase phosphosites,MOD,Ser/Thr residue phosphorylated by Plk4,PF00069,Pkinase,Protein kinase domain,..[^IRFW]([ST])[ILMVFWY][ILMVFWY].,SRTSLVS,514,520,Q9XZ31_DROME,Drosophila melanogaster,25264260,true positive,7,0,disordered
ELME000444,MOD_Plk_4,Polo-like kinase phosphosites,MOD,Ser/Thr residue phosphorylated by Plk4,PF00069,Pkinase,Protein kinase domain,..[^IRFW]([ST])[ILMVFWY][ILMVFWY].,SRTSLVS,514,520,STIL_HUMAN,Homo sapiens,26101219,true positive,7,0,disordered
ELME000159,MOD_ProDKin_1,MAPK Phosphorylation Site,MOD,Proline-Directed Kinase (e.g. MAPK) phosphorylation site in higher eukaryotes.,PF00069,Pkinase,Protein kinase domain,...([ST])P..,TEGTPEP,342,348,A6P3E3_MOUSE,Mus musculus,16410316,true positive,38,0,disordered
ELME000159,MOD_ProDKin_1,MAPK Phosphorylation Site,MOD,Proline-Directed Kinase (e.g. MAPK) phosphorylation site in higher eukaryotes.,PF00069,Pkinase,Protein kinase domain,...([ST])P..,TEGTPEP,342,348,BAZ1B_HUMAN,Homo sapiens,19776015,true positive,38,0,disordered
ELME000159,MOD_ProDKin_1,MAPK Phosphorylation Site,MOD,Proline-Directed Kinase (e.g. MAPK) phosphorylation site in higher eukaryotes.,PF00069,Pkinase,Protein kinase domain,...([ST])P..,TEGTPEP,342,348,ELK4_HUMAN,Homo sapiens,9130707,true positive,38,0,disordered
ELME000159,MOD_ProDKin_1,MAPK Phosphorylation Site,MOD,Proline-Directed Kinase (e.g. MAPK) phosphorylation site in higher eukaryotes.,PF00069,Pkinase,Protein kinase domain,...([ST])P..,TEGTPEP,342,348,ETV6_HUMAN,Homo sapiens,12435397,true positive,38,0,disordered
ELME000159,MOD_ProDKin_1,MAPK Phosphorylation Site,MOD,Proline-Directed Kinase (e.g. MAPK) phosphorylation site in higher eukaryotes.,PF00069,Pkinase,Protein kinase domain,...([ST])P..,TEGTPEP,342,348,FAK1_HUMAN,Homo sapiens,12692126,true positive,38,0,disordered
ELME000159,MOD_ProDKin_1,MAPK Phosphorylation Site,MOD,Proline-Directed Kinase (e.g. MAPK) phosphorylation site in higher eukaryotes.,PF00069,Pkinase,Protein kinase domain,...([ST])P..,TEGTPEP,342,348,FAK1_MOUSE,Mus musculus,19595712,true positive,38,0,disordered
ELME000159,MOD_ProDKin_1,MAPK Phosphorylation Site,MOD,Proline-Directed Kinase (e.g. MAPK) phosphorylation site in higher eukaryotes.,PF00069,Pkinase,Protein kinase domain,...([ST])P..,TEGTPEP,342,348,GRB10_HUMAN,Homo sapiens,15952796,true positive,38,0,disordered
ELME000159,MOD_ProDKin_1,MAPK Phosphorylation Site,MOD,Proline-Directed Kinase (e.g. MAPK) phosphorylation site in higher eukaryotes.,PF00069,Pkinase,Protein kinase domain,...([ST])P..,TEGTPEP,342,348,HIF1A_HUMAN,Homo sapiens,16954218,true positive,38,0,disordered
ELME000159,MOD_ProDKin_1,MAPK Phosphorylation Site,MOD,Proline-Directed Kinase (e.g. MAPK) phosphorylation site in higher eukaryotes.,PF00069,Pkinase,Protein kinase domain,...([ST])P..,TEGTPEP,342,348,HSF1_HUMAN,Homo sapiens,8940068,true positive,38,0,disordered
ELME000159,MOD_ProDKin_1,MAPK Phosphorylation Site,MOD,Proline-Directed Kinase (e.g. MAPK) phosphorylation site in higher eukaryotes.,PF00069,Pkinase,Protein kinase domain,...([ST])P..,TEGTPEP,342,348,INCA_CHLCV,Chlamydophila caviae GPIC,15230981,true positive,38,0,disordered
ELME000159,MOD_ProDKin_1,MAPK Phosphorylation Site,MOD,Proline-Directed Kinase (e.g. MAPK) phosphorylation site in higher eukaryotes.,PF00069,Pkinase,Protein kinase domain,...([ST])P..,TEGTPEP,342,348,JDP2_MOUSE,Mus musculus,11602244,true positive,38,0,disordered
ELME000159,MOD_ProDKin_1,MAPK Phosphorylation Site,MOD,Proline-Directed Kinase (e.g. MAPK) phosphorylation site in higher eukaryotes.,PF00069,Pkinase,Protein kinase domain,...([ST])P..,TEGTPEP,342,348,K2C8_HUMAN,Homo sapiens,11781324,true positive,38,0,disordered
ELME000159,MOD_ProDKin_1,MAPK Phosphorylation Site,MOD,Proline-Directed Kinase (e.g. MAPK) phosphorylation site in higher eukaryotes.,PF00069,Pkinase,Protein kinase domain,...([ST])P..,TEGTPEP,342,348,LCK_MOUSE,Mus musculus,8226850 11847223,true positive,38,0,disordered
ELME000159,MOD_ProDKin_1,MAPK Phosphorylation Site,MOD,Proline-Directed Kinase (e.g. MAPK) phosphorylation site in higher eukaryotes.,PF00069,Pkinase,Protein kinase domain,...([ST])P..,TEGTPEP,342,348,LIMA1_MOUSE,Mus musculus,17875928,true positive,38,0,disordered
ELME000159,MOD_ProDKin_1,MAPK Phosphorylation Site,MOD,Proline-Directed Kinase (e.g. MAPK) phosphorylation site in higher eukaryotes.,PF00069,Pkinase,Protein kinase domain,...([ST])P..,TEGTPEP,342,348,MED1_MOUSE,Mus musculus,12356758,true positive,38,0,disordered
ELME000159,MOD_ProDKin_1,MAPK Phosphorylation Site,MOD,Proline-Directed Kinase (e.g. MAPK) phosphorylation site in higher eukaryotes.,PF00069,Pkinase,Protein kinase domain,...([ST])P..,TEGTPEP,342,348,MYC_HUMAN,Homo sapiens,8035827 1651323,true positive,38,0,disordered
ELME000159,MOD_ProDKin_1,MAPK Phosphorylation Site,MOD,Proline-Directed Kinase (e.g. MAPK) phosphorylation site in higher eukaryotes.,PF00069,Pkinase,Protein kinase domain,...([ST])P..,TEGTPEP,342,348,MYC_HUMAN,Homo sapiens,10551811,true positive,38,0,disordered
ELME000159,MOD_ProDKin_1,MAPK Phosphorylation Site,MOD,Proline-Directed Kinase (e.g. MAPK) phosphorylation site in higher eukaryotes.,PF00069,Pkinase,Protein kinase domain,...([ST])P..,TEGTPEP,342,348,NFAC4_HUMAN,Homo sapiens,11997522,true positive,38,0,disordered
ELME000159,MOD_ProDKin_1,MAPK Phosphorylation Site,MOD,Proline-Directed Kinase (e.g. MAPK) phosphorylation site in higher eukaryotes.,PF00069,Pkinase,Protein kinase domain,...([ST])P..,TEGTPEP,342,348,PAPOA_MOUSE,Mus musculus,18084034,true positive,38,0,disordered
ELME000159,MOD_ProDKin_1,MAPK Phosphorylation Site,MOD,Proline-Directed Kinase (e.g. MAPK) phosphorylation site in higher eukaryotes.,PF00069,Pkinase,Protein kinase domain,...([ST])P..,TEGTPEP,342,348,PAX6_DANRE,Danio rerio,10329718,true positive,38,0,disordered
ELME000159,MOD_ProDKin_1,MAPK Phosphorylation Site,MOD,Proline-Directed Kinase (e.g. MAPK) phosphorylation site in higher eukaryotes.,PF00069,Pkinase,Protein kinase domain,...([ST])P..,TEGTPEP,342,348,Q8K4N4_MOUSE,Mus musculus,15963504,true positive,38,0,disordered
ELME000159,MOD_ProDKin_1,MAPK Phosphorylation Site,MOD,Proline-Directed Kinase (e.g. MAPK) phosphorylation site in higher eukaryotes.,PF00069,Pkinase,Protein kinase domain,...([ST])P..,TEGTPEP,342,348,RARA_HUMAN,Homo sapiens,15657432,true positive,38,0,disordered
ELME000159,MOD_ProDKin_1,MAPK Phosphorylation Site,MOD,Proline-Directed Kinase (e.g. MAPK) phosphorylation site in higher eukaryotes.,PF00069,Pkinase,Protein kinase domain,...([ST])P..,TEGTPEP,342,348,SOS1_HUMAN,Homo sapiens,8816480,true positive,38,0,disordered
ELME000159,MOD_ProDKin_1,MAPK Phosphorylation Site,MOD,Proline-Directed Kinase (e.g. MAPK) phosphorylation site in higher eukaryotes.,PF00069,Pkinase,Protein kinase domain,...([ST])P..,TEGTPEP,342,348,SP1_HUMAN,Homo sapiens,11904305,true positive,38,0,disordered
ELME000159,MOD_ProDKin_1,MAPK Phosphorylation Site,MOD,Proline-Directed Kinase (e.g. MAPK) phosphorylation site in higher eukaryotes.,PF00069,Pkinase,Protein kinase domain,...([ST])P..,TEGTPEP,342,348,TACY_LISMO,Listeria monocytogenes EGD-e,14638761 11062133 16441444,true positive,38,0,disordered
ELME000159,MOD_ProDKin_1,MAPK Phosphorylation Site,MOD,Proline-Directed Kinase (e.g. MAPK) phosphorylation site in higher eukaryotes.,PF00069,Pkinase,Protein kinase domain,...([ST])P..,TEGTPEP,342,348,TAL1_HUMAN,Homo sapiens,8423803,true positive,38,0,disordered
ELME000159,MOD_ProDKin_1,MAPK Phosphorylation Site,MOD,Proline-Directed Kinase (e.g. MAPK) phosphorylation site in higher eukaryotes.,PF00069,Pkinase,Protein kinase domain,...([ST])P..,TEGTPEP,342,348,TOB1_HUMAN,Homo sapiens,12151396,true positive,38,0,disordered
ELME000159,MOD_ProDKin_1,MAPK Phosphorylation Site,MOD,Proline-Directed Kinase (e.g. MAPK) phosphorylation site in higher eukaryotes.,PF00069,Pkinase,Protein kinase domain,...([ST])P..,RTRTPEP,357,363,A6P3E3_MOUSE,Mus musculus,16410316,true positive,38,0,disordered
ELME000159,MOD_ProDKin_1,MAPK Phosphorylation Site,MOD,Proline-Directed Kinase (e.g. MAPK) phosphorylation site in higher eukaryotes.,PF00069,Pkinase,Protein kinase domain,...([ST])P..,RTRTPEP,357,363,BAZ1B_HUMAN,Homo sapiens,19776015,true positive,38,0,disordered
ELME000159,MOD_ProDKin_1,MAPK Phosphorylation Site,MOD,Proline-Directed Kinase (e.g. MAPK) phosphorylation site in higher eukaryotes.,PF00069,Pkinase,Protein kinase domain,...([ST])P..,RTRTPEP,357,363,ELK4_HUMAN,Homo sapiens,9130707,true positive,38,0,disordered
ELME000159,MOD_ProDKin_1,MAPK Phosphorylation Site,MOD,Proline-Directed Kinase (e.g. MAPK) phosphorylation site in higher eukaryotes.,PF00069,Pkinase,Protein kinase domain,...([ST])P..,RTRTPEP,357,363,ETV6_HUMAN,Homo sapiens,12435397,true positive,38,0,disordered
ELME000159,MOD_ProDKin_1,MAPK Phosphorylation Site,MOD,Proline-Directed Kinase (e.g. MAPK) phosphorylation site in higher eukaryotes.,PF00069,Pkinase,Protein kinase domain,...([ST])P..,RTRTPEP,357,363,FAK1_HUMAN,Homo sapiens,12692126,true positive,38,0,disordered
ELME000159,MOD_ProDKin_1,MAPK Phosphorylation Site,MOD,Proline-Directed Kinase (e.g. MAPK) phosphorylation site in higher eukaryotes.,PF00069,Pkinase,Protein kinase domain,...([ST])P..,RTRTPEP,357,363,FAK1_MOUSE,Mus musculus,19595712,true positive,38,0,disordered
ELME000159,MOD_ProDKin_1,MAPK Phosphorylation Site,MOD,Proline-Directed Kinase (e.g. MAPK) phosphorylation site in higher eukaryotes.,PF00069,Pkinase,Protein kinase domain,...([ST])P..,RTRTPEP,357,363,GRB10_HUMAN,Homo sapiens,15952796,true positive,38,0,disordered
ELME000159,MOD_ProDKin_1,MAPK Phosphorylation Site,MOD,Proline-Directed Kinase (e.g. MAPK) phosphorylation site in higher eukaryotes.,PF00069,Pkinase,Protein kinase domain,...([ST])P..,RTRTPEP,357,363,HIF1A_HUMAN,Homo sapiens,16954218,true positive,38,0,disordered
ELME000159,MOD_ProDKin_1,MAPK Phosphorylation Site,MOD,Proline-Directed Kinase (e.g. MAPK) phosphorylation site in higher eukaryotes.,PF00069,Pkinase,Protein kinase domain,...([ST])P..,RTRTPEP,357,363,HSF1_HUMAN,Homo sapiens,8940068,true positive,38,0,disordered
ELME000159,MOD_ProDKin_1,MAPK Phosphorylation Site,MOD,Proline-Directed Kinase (e.g. MAPK) phosphorylation site in higher eukaryotes.,PF00069,Pkinase,Protein kinase domain,...([ST])P..,RTRTPEP,357,363,INCA_CHLCV,Chlamydophila caviae GPIC,15230981,true positive,38,0,disordered
ELME000159,MOD_ProDKin_1,MAPK Phosphorylation Site,MOD,Proline-Directed Kinase (e.g. MAPK) phosphorylation site in higher eukaryotes.,PF00069,Pkinase,Protein kinase domain,...([ST])P..,RTRTPEP,357,363,JDP2_MOUSE,Mus musculus,11602244,true positive,38,0,disordered
ELME000159,MOD_ProDKin_1,MAPK Phosphorylation Site,MOD,Proline-Directed Kinase (e.g. MAPK) phosphorylation site in higher eukaryotes.,PF00069,Pkinase,Protein kinase domain,...([ST])P..,RTRTPEP,357,363,K2C8_HUMAN,Homo sapiens,11781324,true positive,38,0,disordered
ELME000159,MOD_ProDKin_1,MAPK Phosphorylation Site,MOD,Proline-Directed Kinase (e.g. MAPK) phosphorylation site in higher eukaryotes.,PF00069,Pkinase,Protein kinase domain,...([ST])P..,RTRTPEP,357,363,LCK_MOUSE,Mus musculus,8226850 11847223,true positive,38,0,disordered
ELME000159,MOD_ProDKin_1,MAPK Phosphorylation Site,MOD,Proline-Directed Kinase (e.g. MAPK) phosphorylation site in higher eukaryotes.,PF00069,Pkinase,Protein kinase domain,...([ST])P..,RTRTPEP,357,363,LIMA1_MOUSE,Mus musculus,17875928,true positive,38,0,disordered
ELME000159,MOD_ProDKin_1,MAPK Phosphorylation Site,MOD,Proline-Directed Kinase (e.g. MAPK) phosphorylation site in higher eukaryotes.,PF00069,Pkinase,Protein kinase domain,...([ST])P..,RTRTPEP,357,363,MED1_MOUSE,Mus musculus,12356758,true positive,38,0,disordered
ELME000159,MOD_ProDKin_1,MAPK Phosphorylation Site,MOD,Proline-Directed Kinase (e.g. MAPK) phosphorylation site in higher eukaryotes.,PF00069,Pkinase,Protein kinase domain,...([ST])P..,RTRTPEP,357,363,MYC_HUMAN,Homo sapiens,8035827 1651323,true positive,38,0,disordered
ELME000159,MOD_ProDKin_1,MAPK Phosphorylation Site,MOD,Proline-Directed Kinase (e.g. MAPK) phosphorylation site in higher eukaryotes.,PF00069,Pkinase,Protein kinase domain,...([ST])P..,RTRTPEP,357,363,MYC_HUMAN,Homo sapiens,10551811,true positive,38,0,disordered
ELME000159,MOD_ProDKin_1,MAPK Phosphorylation Site,MOD,Proline-Directed Kinase (e.g. MAPK) phosphorylation site in higher eukaryotes.,PF00069,Pkinase,Protein kinase domain,...([ST])P..,RTRTPEP,357,363,NFAC4_HUMAN,Homo sapiens,11997522,true positive,38,0,disordered
ELME000159,MOD_ProDKin_1,MAPK Phosphorylation Site,MOD,Proline-Directed Kinase (e.g. MAPK) phosphorylation site in higher eukaryotes.,PF00069,Pkinase,Protein kinase domain,...([ST])P..,RTRTPEP,357,363,PAPOA_MOUSE,Mus musculus,18084034,true positive,38,0,disordered
ELME000159,MOD_ProDKin_1,MAPK Phosphorylation Site,MOD,Proline-Directed Kinase (e.g. MAPK) phosphorylation site in higher eukaryotes.,PF00069,Pkinase,Protein kinase domain,...([ST])P..,RTRTPEP,357,363,PAX6_DANRE,Danio rerio,10329718,true positive,38,0,disordered
ELME000159,MOD_ProDKin_1,MAPK Phosphorylation Site,MOD,Proline-Directed Kinase (e.g. MAPK) phosphorylation site in higher eukaryotes.,PF00069,Pkinase,Protein kinase domain,...([ST])P..,RTRTPEP,357,363,Q8K4N4_MOUSE,Mus musculus,15963504,true positive,38,0,disordered
ELME000159,MOD_ProDKin_1,MAPK Phosphorylation Site,MOD,Proline-Directed Kinase (e.g. MAPK) phosphorylation site in higher eukaryotes.,PF00069,Pkinase,Protein kinase domain,...([ST])P..,RTRTPEP,357,363,RARA_HUMAN,Homo sapiens,15657432,true positive,38,0,disordered
ELME000159,MOD_ProDKin_1,MAPK Phosphorylation Site,MOD,Proline-Directed Kinase (e.g. MAPK) phosphorylation site in higher eukaryotes.,PF00069,Pkinase,Protein kinase domain,...([ST])P..,RTRTPEP,357,363,SOS1_HUMAN,Homo sapiens,8816480,true positive,38,0,disordered
ELME000159,MOD_ProDKin_1,MAPK Phosphorylation Site,MOD,Proline-Directed Kinase (e.g. MAPK) phosphorylation site in higher eukaryotes.,PF00069,Pkinase,Protein kinase domain,...([ST])P..,RTRTPEP,357,363,SP1_HUMAN,Homo sapiens,11904305,true positive,38,0,disordered
ELME000159,MOD_ProDKin_1,MAPK Phosphorylation Site,MOD,Proline-Directed Kinase (e.g. MAPK) phosphorylation site in higher eukaryotes.,PF00069,Pkinase,Protein kinase domain,...([ST])P..,RTRTPEP,357,363,TACY_LISMO,Listeria monocytogenes EGD-e,14638761 11062133 16441444,true positive,38,0,disordered
ELME000159,MOD_ProDKin_1,MAPK Phosphorylation Site,MOD,Proline-Directed Kinase (e.g. MAPK) phosphorylation site in higher eukaryotes.,PF00069,Pkinase,Protein kinase domain,...([ST])P..,RTRTPEP,357,363,TAL1_HUMAN,Homo sapiens,8423803,true positive,38,0,disordered
ELME000159,MOD_ProDKin_1,MAPK Phosphorylation Site,MOD,Proline-Directed Kinase (e.g. MAPK) phosphorylation site in higher eukaryotes.,PF00069,Pkinase,Protein kinase domain,...([ST])P..,RTRTPEP,357,363,TOB1_HUMAN,Homo sapiens,12151396,true positive,38,0,disordered
ELME000159,MOD_ProDKin_1,MAPK Phosphorylation Site,MOD,Proline-Directed Kinase (e.g. MAPK) phosphorylation site in higher eukaryotes.,PF00069,Pkinase,Protein kinase domain,...([ST])P..,RTRTPSL,467,473,A6P3E3_MOUSE,Mus musculus,16410316,true positive,38,0,disordered
ELME000159,MOD_ProDKin_1,MAPK Phosphorylation Site,MOD,Proline-Directed Kinase (e.g. MAPK) phosphorylation site in higher eukaryotes.,PF00069,Pkinase,Protein kinase domain,...([ST])P..,RTRTPSL,467,473,BAZ1B_HUMAN,Homo sapiens,19776015,true positive,38,0,disordered
ELME000159,MOD_ProDKin_1,MAPK Phosphorylation Site,MOD,Proline-Directed Kinase (e.g. MAPK) phosphorylation site in higher eukaryotes.,PF00069,Pkinase,Protein kinase domain,...([ST])P..,RTRTPSL,467,473,ELK4_HUMAN,Homo sapiens,9130707,true positive,38,0,disordered
ELME000159,MOD_ProDKin_1,MAPK Phosphorylation Site,MOD,Proline-Directed Kinase (e.g. MAPK) phosphorylation site in higher eukaryotes.,PF00069,Pkinase,Protein kinase domain,...([ST])P..,RTRTPSL,467,473,ETV6_HUMAN,Homo sapiens,12435397,true positive,38,0,disordered
ELME000159,MOD_ProDKin_1,MAPK Phosphorylation Site,MOD,Proline-Directed Kinase (e.g. MAPK) phosphorylation site in higher eukaryotes.,PF00069,Pkinase,Protein kinase domain,...([ST])P..,RTRTPSL,467,473,FAK1_HUMAN,Homo sapiens,12692126,true positive,38,0,disordered
ELME000159,MOD_ProDKin_1,MAPK Phosphorylation Site,MOD,Proline-Directed Kinase (e.g. MAPK) phosphorylation site in higher eukaryotes.,PF00069,Pkinase,Protein kinase domain,...([ST])P..,RTRTPSL,467,473,FAK1_MOUSE,Mus musculus,19595712,true positive,38,0,disordered
ELME000159,MOD_ProDKin_1,MAPK Phosphorylation Site,MOD,Proline-Directed Kinase (e.g. MAPK) phosphorylation site in higher eukaryotes.,PF00069,Pkinase,Protein kinase domain,...([ST])P..,RTRTPSL,467,473,GRB10_HUMAN,Homo sapiens,15952796,true positive,38,0,disordered
ELME000159,MOD_ProDKin_1,MAPK Phosphorylation Site,MOD,Proline-Directed Kinase (e.g. MAPK) phosphorylation site in higher eukaryotes.,PF00069,Pkinase,Protein kinase domain,...([ST])P..,RTRTPSL,467,473,HIF1A_HUMAN,Homo sapiens,16954218,true positive,38,0,disordered
ELME000159,MOD_ProDKin_1,MAPK Phosphorylation Site,MOD,Proline-Directed Kinase (e.g. MAPK) phosphorylation site in higher eukaryotes.,PF00069,Pkinase,Protein kinase domain,...([ST])P..,RTRTPSL,467,473,HSF1_HUMAN,Homo sapiens,8940068,true positive,38,0,disordered
ELME000159,MOD_ProDKin_1,MAPK Phosphorylation Site,MOD,Proline-Directed Kinase (e.g. MAPK) phosphorylation site in higher eukaryotes.,PF00069,Pkinase,Protein kinase domain,...([ST])P..,RTRTPSL,467,473,INCA_CHLCV,Chlamydophila caviae GPIC,15230981,true positive,38,0,disordered
ELME000159,MOD_ProDKin_1,MAPK Phosphorylation Site,MOD,Proline-Directed Kinase (e.g. MAPK) phosphorylation site in higher eukaryotes.,PF00069,Pkinase,Protein kinase domain,...([ST])P..,RTRTPSL,467,473,JDP2_MOUSE,Mus musculus,11602244,true positive,38,0,disordered
ELME000159,MOD_ProDKin_1,MAPK Phosphorylation Site,MOD,Proline-Directed Kinase (e.g. MAPK) phosphorylation site in higher eukaryotes.,PF00069,Pkinase,Protein kinase domain,...([ST])P..,RTRTPSL,467,473,K2C8_HUMAN,Homo sapiens,11781324,true positive,38,0,disordered
ELME000159,MOD_ProDKin_1,MAPK Phosphorylation Site,MOD,Proline-Directed Kinase (e.g. MAPK) phosphorylation site in higher eukaryotes.,PF00069,Pkinase,Protein kinase domain,...([ST])P..,RTRTPSL,467,473,LCK_MOUSE,Mus musculus,8226850 11847223,true positive,38,0,disordered
ELME000159,MOD_ProDKin_1,MAPK Phosphorylation Site,MOD,Proline-Directed Kinase (e.g. MAPK) phosphorylation site in higher eukaryotes.,PF00069,Pkinase,Protein kinase domain,...([ST])P..,RTRTPSL,467,473,LIMA1_MOUSE,Mus musculus,17875928,true positive,38,0,disordered
ELME000159,MOD_ProDKin_1,MAPK Phosphorylation Site,MOD,Proline-Directed Kinase (e.g. MAPK) phosphorylation site in higher eukaryotes.,PF00069,Pkinase,Protein kinase domain,...([ST])P..,RTRTPSL,467,473,MED1_MOUSE,Mus musculus,12356758,true positive,38,0,disordered
ELME000159,MOD_ProDKin_1,MAPK Phosphorylation Site,MOD,Proline-Directed Kinase (e.g. MAPK) phosphorylation site in higher eukaryotes.,PF00069,Pkinase,Protein kinase domain,...([ST])P..,RTRTPSL,467,473,MYC_HUMAN,Homo sapiens,8035827 1651323,true positive,38,0,disordered
ELME000159,MOD_ProDKin_1,MAPK Phosphorylation Site,MOD,Proline-Directed Kinase (e.g. MAPK) phosphorylation site in higher eukaryotes.,PF00069,Pkinase,Protein kinase domain,...([ST])P..,RTRTPSL,467,473,MYC_HUMAN,Homo sapiens,10551811,true positive,38,0,disordered
ELME000159,MOD_ProDKin_1,MAPK Phosphorylation Site,MOD,Proline-Directed Kinase (e.g. MAPK) phosphorylation site in higher eukaryotes.,PF00069,Pkinase,Protein kinase domain,...([ST])P..,RTRTPSL,467,473,NFAC4_HUMAN,Homo sapiens,11997522,true positive,38,0,disordered
ELME000159,MOD_ProDKin_1,MAPK Phosphorylation Site,MOD,Proline-Directed Kinase (e.g. MAPK) phosphorylation site in higher eukaryotes.,PF00069,Pkinase,Protein kinase domain,...([ST])P..,RTRTPSL,467,473,PAPOA_MOUSE,Mus musculus,18084034,true positive,38,0,disordered
ELME000159,MOD_ProDKin_1,MAPK Phosphorylation Site,MOD,Proline-Directed Kinase (e.g. MAPK) phosphorylation site in higher eukaryotes.,PF00069,Pkinase,Protein kinase domain,...([ST])P..,RTRTPSL,467,473,PAX6_DANRE,Danio rerio,10329718,true positive,38,0,disordered
ELME000159,MOD_ProDKin_1,MAPK Phosphorylation Site,MOD,Proline-Directed Kinase (e.g. MAPK) phosphorylation site in higher eukaryotes.,PF00069,Pkinase,Protein kinase domain,...([ST])P..,RTRTPSL,467,473,Q8K4N4_MOUSE,Mus musculus,15963504,true positive,38,0,disordered
ELME000159,MOD_ProDKin_1,MAPK Phosphorylation Site,MOD,Proline-Directed Kinase (e.g. MAPK) phosphorylation site in higher eukaryotes.,PF00069,Pkinase,Protein kinase domain,...([ST])P..,RTRTPSL,467,473,RARA_HUMAN,Homo sapiens,15657432,true positive,38,0,disordered
ELME000159,MOD_ProDKin_1,MAPK Phosphorylation Site,MOD,Proline-Directed Kinase (e.g. MAPK) phosphorylation site in higher eukaryotes.,PF00069,Pkinase,Protein kinase domain,...([ST])P..,RTRTPSL,467,473,SOS1_HUMAN,Homo sapiens,8816480,true positive,38,0,disordered
ELME000159,MOD_ProDKin_1,MAPK Phosphorylation Site,MOD,Proline-Directed Kinase (e.g. MAPK) phosphorylation site in higher eukaryotes.,PF00069,Pkinase,Protein kinase domain,...([ST])P..,RTRTPSL,467,473,SP1_HUMAN,Homo sapiens,11904305,true positive,38,0,disordered
ELME000159,MOD_ProDKin_1,MAPK Phosphorylation Site,MOD,Proline-Directed Kinase (e.g. MAPK) phosphorylation site in higher eukaryotes.,PF00069,Pkinase,Protein kinase domain,...([ST])P..,RTRTPSL,467,473,TACY_LISMO,Listeria monocytogenes EGD-e,14638761 11062133 16441444,true positive,38,0,disordered
ELME000159,MOD_ProDKin_1,MAPK Phosphorylation Site,MOD,Proline-Directed Kinase (e.g. MAPK) phosphorylation site in higher eukaryotes.,PF00069,Pkinase,Protein kinase domain,...([ST])P..,RTRTPSL,467,473,TAL1_HUMAN,Homo sapiens,8423803,true positive,38,0,disordered
ELME000159,MOD_ProDKin_1,MAPK Phosphorylation Site,MOD,Proline-Directed Kinase (e.g. MAPK) phosphorylation site in higher eukaryotes.,PF00069,Pkinase,Protein kinase domain,...([ST])P..,RTRTPSL,467,473,TOB1_HUMAN,Homo sapiens,12151396,true positive,38,0,disordered
ELME000159,MOD_ProDKin_1,MAPK Phosphorylation Site,MOD,Proline-Directed Kinase (e.g. MAPK) phosphorylation site in higher eukaryotes.,PF00069,Pkinase,Protein kinase domain,...([ST])P..,LVSTPPS,484,490,A6P3E3_MOUSE,Mus musculus,16410316,true positive,38,0,disordered
ELME000159,MOD_ProDKin_1,MAPK Phosphorylation Site,MOD,Proline-Directed Kinase (e.g. MAPK) phosphorylation site in higher eukaryotes.,PF00069,Pkinase,Protein kinase domain,...([ST])P..,LVSTPPS,484,490,BAZ1B_HUMAN,Homo sapiens,19776015,true positive,38,0,disordered
ELME000159,MOD_ProDKin_1,MAPK Phosphorylation Site,MOD,Proline-Directed Kinase (e.g. MAPK) phosphorylation site in higher eukaryotes.,PF00069,Pkinase,Protein kinase domain,...([ST])P..,LVSTPPS,484,490,ELK4_HUMAN,Homo sapiens,9130707,true positive,38,0,disordered
ELME000159,MOD_ProDKin_1,MAPK Phosphorylation Site,MOD,Proline-Directed Kinase (e.g. MAPK) phosphorylation site in higher eukaryotes.,PF00069,Pkinase,Protein kinase domain,...([ST])P..,LVSTPPS,484,490,ETV6_HUMAN,Homo sapiens,12435397,true positive,38,0,disordered
ELME000159,MOD_ProDKin_1,MAPK Phosphorylation Site,MOD,Proline-Directed Kinase (e.g. MAPK) phosphorylation site in higher eukaryotes.,PF00069,Pkinase,Protein kinase domain,...([ST])P..,LVSTPPS,484,490,FAK1_HUMAN,Homo sapiens,12692126,true positive,38,0,disordered
ELME000159,MOD_ProDKin_1,MAPK Phosphorylation Site,MOD,Proline-Directed Kinase (e.g. MAPK) phosphorylation site in higher eukaryotes.,PF00069,Pkinase,Protein kinase domain,...([ST])P..,LVSTPPS,484,490,FAK1_MOUSE,Mus musculus,19595712,true positive,38,0,disordered
ELME000159,MOD_ProDKin_1,MAPK Phosphorylation Site,MOD,Proline-Directed Kinase (e.g. MAPK) phosphorylation site in higher eukaryotes.,PF00069,Pkinase,Protein kinase domain,...([ST])P..,LVSTPPS,484,490,GRB10_HUMAN,Homo sapiens,15952796,true positive,38,0,disordered
ELME000159,MOD_ProDKin_1,MAPK Phosphorylation Site,MOD,Proline-Directed Kinase (e.g. MAPK) phosphorylation site in higher eukaryotes.,PF00069,Pkinase,Protein kinase domain,...([ST])P..,LVSTPPS,484,490,HIF1A_HUMAN,Homo sapiens,16954218,true positive,38,0,disordered
ELME000159,MOD_ProDKin_1,MAPK Phosphorylation Site,MOD,Proline-Directed Kinase (e.g. MAPK) phosphorylation site in higher eukaryotes.,PF00069,Pkinase,Protein kinase domain,...([ST])P..,LVSTPPS,484,490,HSF1_HUMAN,Homo sapiens,8940068,true positive,38,0,disordered
ELME000159,MOD_ProDKin_1,MAPK Phosphorylation Site,MOD,Proline-Directed Kinase (e.g. MAPK) phosphorylation site in higher eukaryotes.,PF00069,Pkinase,Protein kinase domain,...([ST])P..,LVSTPPS,484,490,INCA_CHLCV,Chlamydophila caviae GPIC,15230981,true positive,38,0,disordered
ELME000159,MOD_ProDKin_1,MAPK Phosphorylation Site,MOD,Proline-Directed Kinase (e.g. MAPK) phosphorylation site in higher eukaryotes.,PF00069,Pkinase,Protein kinase domain,...([ST])P..,LVSTPPS,484,490,JDP2_MOUSE,Mus musculus,11602244,true positive,38,0,disordered
ELME000159,MOD_ProDKin_1,MAPK Phosphorylation Site,MOD,Proline-Directed Kinase (e.g. MAPK) phosphorylation site in higher eukaryotes.,PF00069,Pkinase,Protein kinase domain,...([ST])P..,LVSTPPS,484,490,K2C8_HUMAN,Homo sapiens,11781324,true positive,38,0,disordered
ELME000159,MOD_ProDKin_1,MAPK Phosphorylation Site,MOD,Proline-Directed Kinase (e.g. MAPK) phosphorylation site in higher eukaryotes.,PF00069,Pkinase,Protein kinase domain,...([ST])P..,LVSTPPS,484,490,LCK_MOUSE,Mus musculus,8226850 11847223,true positive,38,0,disordered
ELME000159,MOD_ProDKin_1,MAPK Phosphorylation Site,MOD,Proline-Directed Kinase (e.g. MAPK) phosphorylation site in higher eukaryotes.,PF00069,Pkinase,Protein kinase domain,...([ST])P..,LVSTPPS,484,490,LIMA1_MOUSE,Mus musculus,17875928,true positive,38,0,disordered
ELME000159,MOD_ProDKin_1,MAPK Phosphorylation Site,MOD,Proline-Directed Kinase (e.g. MAPK) phosphorylation site in higher eukaryotes.,PF00069,Pkinase,Protein kinase domain,...([ST])P..,LVSTPPS,484,490,MED1_MOUSE,Mus musculus,12356758,true positive,38,0,disordered
ELME000159,MOD_ProDKin_1,MAPK Phosphorylation Site,MOD,Proline-Directed Kinase (e.g. MAPK) phosphorylation site in higher eukaryotes.,PF00069,Pkinase,Protein kinase domain,...([ST])P..,LVSTPPS,484,490,MYC_HUMAN,Homo sapiens,8035827 1651323,true positive,38,0,disordered
ELME000159,MOD_ProDKin_1,MAPK Phosphorylation Site,MOD,Proline-Directed Kinase (e.g. MAPK) phosphorylation site in higher eukaryotes.,PF00069,Pkinase,Protein kinase domain,...([ST])P..,LVSTPPS,484,490,MYC_HUMAN,Homo sapiens,10551811,true positive,38,0,disordered
ELME000159,MOD_ProDKin_1,MAPK Phosphorylation Site,MOD,Proline-Directed Kinase (e.g. MAPK) phosphorylation site in higher eukaryotes.,PF00069,Pkinase,Protein kinase domain,...([ST])P..,LVSTPPS,484,490,NFAC4_HUMAN,Homo sapiens,11997522,true positive,38,0,disordered
ELME000159,MOD_ProDKin_1,MAPK Phosphorylation Site,MOD,Proline-Directed Kinase (e.g. MAPK) phosphorylation site in higher eukaryotes.,PF00069,Pkinase,Protein kinase domain,...([ST])P..,LVSTPPS,484,490,PAPOA_MOUSE,Mus musculus,18084034,true positive,38,0,disordered
ELME000159,MOD_ProDKin_1,MAPK Phosphorylation Site,MOD,Proline-Directed Kinase (e.g. MAPK) phosphorylation site in higher eukaryotes.,PF00069,Pkinase,Protein kinase domain,...([ST])P..,LVSTPPS,484,490,PAX6_DANRE,Danio rerio,10329718,true positive,38,0,disordered
ELME000159,MOD_ProDKin_1,MAPK Phosphorylation Site,MOD,Proline-Directed Kinase (e.g. MAPK) phosphorylation site in higher eukaryotes.,PF00069,Pkinase,Protein kinase domain,...([ST])P..,LVSTPPS,484,490,Q8K4N4_MOUSE,Mus musculus,15963504,true positive,38,0,disordered
ELME000159,MOD_ProDKin_1,MAPK Phosphorylation Site,MOD,Proline-Directed Kinase (e.g. MAPK) phosphorylation site in higher eukaryotes.,PF00069,Pkinase,Protein kinase domain,...([ST])P..,LVSTPPS,484,490,RARA_HUMAN,Homo sapiens,15657432,true positive,38,0,disordered
ELME000159,MOD_ProDKin_1,MAPK Phosphorylation Site,MOD,Proline-Directed Kinase (e.g. MAPK) phosphorylation site in higher eukaryotes.,PF00069,Pkinase,Protein kinase domain,...([ST])P..,LVSTPPS,484,490,SOS1_HUMAN,Homo sapiens,8816480,true positive,38,0,disordered
ELME000159,MOD_ProDKin_1,MAPK Phosphorylation Site,MOD,Proline-Directed Kinase (e.g. MAPK) phosphorylation site in higher eukaryotes.,PF00069,Pkinase,Protein kinase domain,...([ST])P..,LVSTPPS,484,490,SP1_HUMAN,Homo sapiens,11904305,true positive,38,0,disordered
ELME000159,MOD_ProDKin_1,MAPK Phosphorylation Site,MOD,Proline-Directed Kinase (e.g. MAPK) phosphorylation site in higher eukaryotes.,PF00069,Pkinase,Protein kinase domain,...([ST])P..,LVSTPPS,484,490,TACY_LISMO,Listeria monocytogenes EGD-e,14638761 11062133 16441444,true positive,38,0,disordered
ELME000159,MOD_ProDKin_1,MAPK Phosphorylation Site,MOD,Proline-Directed Kinase (e.g. MAPK) phosphorylation site in higher eukaryotes.,PF00069,Pkinase,Protein kinase domain,...([ST])P..,LVSTPPS,484,490,TAL1_HUMAN,Homo sapiens,8423803,true positive,38,0,disordered
ELME000159,MOD_ProDKin_1,MAPK Phosphorylation Site,MOD,Proline-Directed Kinase (e.g. MAPK) phosphorylation site in higher eukaryotes.,PF00069,Pkinase,Protein kinase domain,...([ST])P..,LVSTPPS,484,490,TOB1_HUMAN,Homo sapiens,12151396,true positive,38,0,disordered
ELME000159,MOD_ProDKin_1,MAPK Phosphorylation Site,MOD,Proline-Directed Kinase (e.g. MAPK) phosphorylation site in higher eukaryotes.,PF00069,Pkinase,Protein kinase domain,...([ST])P..,EALTPSR,501,507,A6P3E3_MOUSE,Mus musculus,16410316,true positive,38,0,disordered
ELME000159,MOD_ProDKin_1,MAPK Phosphorylation Site,MOD,Proline-Directed Kinase (e.g. MAPK) phosphorylation site in higher eukaryotes.,PF00069,Pkinase,Protein kinase domain,...([ST])P..,EALTPSR,501,507,BAZ1B_HUMAN,Homo sapiens,19776015,true positive,38,0,disordered
ELME000159,MOD_ProDKin_1,MAPK Phosphorylation Site,MOD,Proline-Directed Kinase (e.g. MAPK) phosphorylation site in higher eukaryotes.,PF00069,Pkinase,Protein kinase domain,...([ST])P..,EALTPSR,501,507,ELK4_HUMAN,Homo sapiens,9130707,true positive,38,0,disordered
ELME000159,MOD_ProDKin_1,MAPK Phosphorylation Site,MOD,Proline-Directed Kinase (e.g. MAPK) phosphorylation site in higher eukaryotes.,PF00069,Pkinase,Protein kinase domain,...([ST])P..,EALTPSR,501,507,ETV6_HUMAN,Homo sapiens,12435397,true positive,38,0,disordered
ELME000159,MOD_ProDKin_1,MAPK Phosphorylation Site,MOD,Proline-Directed Kinase (e.g. MAPK) phosphorylation site in higher eukaryotes.,PF00069,Pkinase,Protein kinase domain,...([ST])P..,EALTPSR,501,507,FAK1_HUMAN,Homo sapiens,12692126,true positive,38,0,disordered
ELME000159,MOD_ProDKin_1,MAPK Phosphorylation Site,MOD,Proline-Directed Kinase (e.g. MAPK) phosphorylation site in higher eukaryotes.,PF00069,Pkinase,Protein kinase domain,...([ST])P..,EALTPSR,501,507,FAK1_MOUSE,Mus musculus,19595712,true positive,38,0,disordered
ELME000159,MOD_ProDKin_1,MAPK Phosphorylation Site,MOD,Proline-Directed Kinase (e.g. MAPK) phosphorylation site in higher eukaryotes.,PF00069,Pkinase,Protein kinase domain,...([ST])P..,EALTPSR,501,507,GRB10_HUMAN,Homo sapiens,15952796,true positive,38,0,disordered
ELME000159,MOD_ProDKin_1,MAPK Phosphorylation Site,MOD,Proline-Directed Kinase (e.g. MAPK) phosphorylation site in higher eukaryotes.,PF00069,Pkinase,Protein kinase domain,...([ST])P..,EALTPSR,501,507,HIF1A_HUMAN,Homo sapiens,16954218,true positive,38,0,disordered
ELME000159,MOD_ProDKin_1,MAPK Phosphorylation Site,MOD,Proline-Directed Kinase (e.g. MAPK) phosphorylation site in higher eukaryotes.,PF00069,Pkinase,Protein kinase domain,...([ST])P..,EALTPSR,501,507,HSF1_HUMAN,Homo sapiens,8940068,true positive,38,0,disordered
ELME000159,MOD_ProDKin_1,MAPK Phosphorylation Site,MOD,Proline-Directed Kinase (e.g. MAPK) phosphorylation site in higher eukaryotes.,PF00069,Pkinase,Protein kinase domain,...([ST])P..,EALTPSR,501,507,INCA_CHLCV,Chlamydophila caviae GPIC,15230981,true positive,38,0,disordered
ELME000159,MOD_ProDKin_1,MAPK Phosphorylation Site,MOD,Proline-Directed Kinase (e.g. MAPK) phosphorylation site in higher eukaryotes.,PF00069,Pkinase,Protein kinase domain,...([ST])P..,EALTPSR,501,507,JDP2_MOUSE,Mus musculus,11602244,true positive,38,0,disordered
ELME000159,MOD_ProDKin_1,MAPK Phosphorylation Site,MOD,Proline-Directed Kinase (e.g. MAPK) phosphorylation site in higher eukaryotes.,PF00069,Pkinase,Protein kinase domain,...([ST])P..,EALTPSR,501,507,K2C8_HUMAN,Homo sapiens,11781324,true positive,38,0,disordered
ELME000159,MOD_ProDKin_1,MAPK Phosphorylation Site,MOD,Proline-Directed Kinase (e.g. MAPK) phosphorylation site in higher eukaryotes.,PF00069,Pkinase,Protein kinase domain,...([ST])P..,EALTPSR,501,507,LCK_MOUSE,Mus musculus,8226850 11847223,true positive,38,0,disordered
ELME000159,MOD_ProDKin_1,MAPK Phosphorylation Site,MOD,Proline-Directed Kinase (e.g. MAPK) phosphorylation site in higher eukaryotes.,PF00069,Pkinase,Protein kinase domain,...([ST])P..,EALTPSR,501,507,LIMA1_MOUSE,Mus musculus,17875928,true positive,38,0,disordered
ELME000159,MOD_ProDKin_1,MAPK Phosphorylation Site,MOD,Proline-Directed Kinase (e.g. MAPK) phosphorylation site in higher eukaryotes.,PF00069,Pkinase,Protein kinase domain,...([ST])P..,EALTPSR,501,507,MED1_MOUSE,Mus musculus,12356758,true positive,38,0,disordered
ELME000159,MOD_ProDKin_1,MAPK Phosphorylation Site,MOD,Proline-Directed Kinase (e.g. MAPK) phosphorylation site in higher eukaryotes.,PF00069,Pkinase,Protein kinase domain,...([ST])P..,EALTPSR,501,507,MYC_HUMAN,Homo sapiens,8035827 1651323,true positive,38,0,disordered
ELME000159,MOD_ProDKin_1,MAPK Phosphorylation Site,MOD,Proline-Directed Kinase (e.g. MAPK) phosphorylation site in higher eukaryotes.,PF00069,Pkinase,Protein kinase domain,...([ST])P..,EALTPSR,501,507,MYC_HUMAN,Homo sapiens,10551811,true positive,38,0,disordered
ELME000159,MOD_ProDKin_1,MAPK Phosphorylation Site,MOD,Proline-Directed Kinase (e.g. MAPK) phosphorylation site in higher eukaryotes.,PF00069,Pkinase,Protein kinase domain,...([ST])P..,EALTPSR,501,507,NFAC4_HUMAN,Homo sapiens,11997522,true positive,38,0,disordered
ELME000159,MOD_ProDKin_1,MAPK Phosphorylation Site,MOD,Proline-Directed Kinase (e.g. MAPK) phosphorylation site in higher eukaryotes.,PF00069,Pkinase,Protein kinase domain,...([ST])P..,EALTPSR,501,507,PAPOA_MOUSE,Mus musculus,18084034,true positive,38,0,disordered
ELME000159,MOD_ProDKin_1,MAPK Phosphorylation Site,MOD,Proline-Directed Kinase (e.g. MAPK) phosphorylation site in higher eukaryotes.,PF00069,Pkinase,Protein kinase domain,...([ST])P..,EALTPSR,501,507,PAX6_DANRE,Danio rerio,10329718,true positive,38,0,disordered
ELME000159,MOD_ProDKin_1,MAPK Phosphorylation Site,MOD,Proline-Directed Kinase (e.g. MAPK) phosphorylation site in higher eukaryotes.,PF00069,Pkinase,Protein kinase domain,...([ST])P..,EALTPSR,501,507,Q8K4N4_MOUSE,Mus musculus,15963504,true positive,38,0,disordered
ELME000159,MOD_ProDKin_1,MAPK Phosphorylation Site,MOD,Proline-Directed Kinase (e.g. MAPK) phosphorylation site in higher eukaryotes.,PF00069,Pkinase,Protein kinase domain,...([ST])P..,EALTPSR,501,507,RARA_HUMAN,Homo sapiens,15657432,true positive,38,0,disordered
ELME000159,MOD_ProDKin_1,MAPK Phosphorylation Site,MOD,Proline-Directed Kinase (e.g. MAPK) phosphorylation site in higher eukaryotes.,PF00069,Pkinase,Protein kinase domain,...([ST])P..,EALTPSR,501,507,SOS1_HUMAN,Homo sapiens,8816480,true positive,38,0,disordered
ELME000159,MOD_ProDKin_1,MAPK Phosphorylation Site,MOD,Proline-Directed Kinase (e.g. MAPK) phosphorylation site in higher eukaryotes.,PF00069,Pkinase,Protein kinase domain,...([ST])P..,EALTPSR,501,507,SP1_HUMAN,Homo sapiens,11904305,true positive,38,0,disordered
ELME000159,MOD_ProDKin_1,MAPK Phosphorylation Site,MOD,Proline-Directed Kinase (e.g. MAPK) phosphorylation site in higher eukaryotes.,PF00069,Pkinase,Protein kinase domain,...([ST])P..,EALTPSR,501,507,TACY_LISMO,Listeria monocytogenes EGD-e,14638761 11062133 16441444,true positive,38,0,disordered
ELME000159,MOD_ProDKin_1,MAPK Phosphorylation Site,MOD,Proline-Directed Kinase (e.g. MAPK) phosphorylation site in higher eukaryotes.,PF00069,Pkinase,Protein kinase domain,...([ST])P..,EALTPSR,501,507,TAL1_HUMAN,Homo sapiens,8423803,true positive,38,0,disordered
ELME000159,MOD_ProDKin_1,MAPK Phosphorylation Site,MOD,Proline-Directed Kinase (e.g. MAPK) phosphorylation site in higher eukaryotes.,PF00069,Pkinase,Protein kinase domain,...([ST])P..,EALTPSR,501,507,TOB1_HUMAN,Homo sapiens,12151396,true positive,38,0,disordered
ELME000526,TRG_DiLeu_BaEn_4,Adaptin binding Endosome-Lysosome-Basolateral sorting signals,TRG,Acidic dileucine motifs with a monoleucine preference and extra glutamate sorting in Endosomal-Basolateral trafficking.,PF01217,Clat_adaptor_s,Clathrin adaptor complex small chain,EE...L[^LIVMF],EELEALT,498,504,AREG_HUMAN,Homo sapiens,21917092,true positive,4,0,disordered
ELME000526,TRG_DiLeu_BaEn_4,Adaptin binding Endosome-Lysosome-Basolateral sorting signals,TRG,Acidic dileucine motifs with a monoleucine preference and extra glutamate sorting in Endosomal-Basolateral trafficking.,PF01217,Clat_adaptor_s,Clathrin adaptor complex small chain,EE...L[^LIVMF],EELEALT,498,504,BTC_HUMAN,Homo sapiens,26272915,true positive,4,0,disordered
ELME000526,TRG_DiLeu_BaEn_4,Adaptin binding Endosome-Lysosome-Basolateral sorting signals,TRG,Acidic dileucine motifs with a monoleucine preference and extra glutamate sorting in Endosomal-Basolateral trafficking.,PF01217,Clat_adaptor_s,Clathrin adaptor complex small chain,EE...L[^LIVMF],EELEALT,498,504,SC5A5_HUMAN,Homo sapiens,30496374,true positive,4,0,disordered
ELME000526,TRG_DiLeu_BaEn_4,Adaptin binding Endosome-Lysosome-Basolateral sorting signals,TRG,Acidic dileucine motifs with a monoleucine preference and extra glutamate sorting in Endosomal-Basolateral trafficking.,PF01217,Clat_adaptor_s,Clathrin adaptor complex small chain,EE...L[^LIVMF],EELEALT,498,504,TGFR1_HUMAN,Homo sapiens,28768825,true positive,4,0,disordered
ELME000012,TRG_ER_diArg_1,di Arginine retention/retrieving signal,TRG,The di-Arg ER retention motif is defined by two consecutive arginine residues (RR) or with a single residue insertion (RXR). The motif is completed by an adjacent hydrophobic/arginine residue which may be on either side of the Arg pair.,PF00400,WD40,"WD domain, G-beta repeat","([LIVMFYWPR]R[^YFWDE]{0,1}R)|(R[^YFWDE]{0,1}R[LIVMFYWPR])",PRTR,466,469,ABCC8_HUMAN,Homo sapiens,10197533,true positive,27,0,disordered
ELME000012,TRG_ER_diArg_1,di Arginine retention/retrieving signal,TRG,The di-Arg ER retention motif is defined by two consecutive arginine residues (RR) or with a single residue insertion (RXR). The motif is completed by an adjacent hydrophobic/arginine residue which may be on either side of the Arg pair.,PF00400,WD40,"WD domain, G-beta repeat","([LIVMFYWPR]R[^YFWDE]{0,1}R)|(R[^YFWDE]{0,1}R[LIVMFYWPR])",PRTR,466,469,ADA10_HUMAN,Homo sapiens,20100836,true positive,27,0,disordered
ELME000012,TRG_ER_diArg_1,di Arginine retention/retrieving signal,TRG,The di-Arg ER retention motif is defined by two consecutive arginine residues (RR) or with a single residue insertion (RXR). The motif is completed by an adjacent hydrophobic/arginine residue which may be on either side of the Arg pair.,PF00400,WD40,"WD domain, G-beta repeat","([LIVMFYWPR]R[^YFWDE]{0,1}R)|(R[^YFWDE]{0,1}R[LIVMFYWPR])",PRTR,466,469,ADA22_HUMAN,Homo sapiens,16868027,true positive,27,0,disordered
ELME000012,TRG_ER_diArg_1,di Arginine retention/retrieving signal,TRG,The di-Arg ER retention motif is defined by two consecutive arginine residues (RR) or with a single residue insertion (RXR). The motif is completed by an adjacent hydrophobic/arginine residue which may be on either side of the Arg pair.,PF00400,WD40,"WD domain, G-beta repeat","([LIVMFYWPR]R[^YFWDE]{0,1}R)|(R[^YFWDE]{0,1}R[LIVMFYWPR])",PRTR,466,469,C8ZIX9_YEAS8,Saccharomyces cerevisiae EC1118,18083825,true positive,27,0,disordered
ELME000012,TRG_ER_diArg_1,di Arginine retention/retrieving signal,TRG,The di-Arg ER retention motif is defined by two consecutive arginine residues (RR) or with a single residue insertion (RXR). The motif is completed by an adjacent hydrophobic/arginine residue which may be on either side of the Arg pair.,PF00400,WD40,"WD domain, G-beta repeat","([LIVMFYWPR]R[^YFWDE]{0,1}R)|(R[^YFWDE]{0,1}R[LIVMFYWPR])",PRTR,466,469,GABR1_HUMAN,Homo sapiens,10939334,true positive,27,0,disordered
ELME000012,TRG_ER_diArg_1,di Arginine retention/retrieving signal,TRG,The di-Arg ER retention motif is defined by two consecutive arginine residues (RR) or with a single residue insertion (RXR). The motif is completed by an adjacent hydrophobic/arginine residue which may be on either side of the Arg pair.,PF00400,WD40,"WD domain, G-beta repeat","([LIVMFYWPR]R[^YFWDE]{0,1}R)|(R[^YFWDE]{0,1}R[LIVMFYWPR])",PRTR,466,469,GPR15_HUMAN,Homo sapiens,21189250,true positive,27,0,disordered
ELME000012,TRG_ER_diArg_1,di Arginine retention/retrieving signal,TRG,The di-Arg ER retention motif is defined by two consecutive arginine residues (RR) or with a single residue insertion (RXR). The motif is completed by an adjacent hydrophobic/arginine residue which may be on either side of the Arg pair.,PF00400,WD40,"WD domain, G-beta repeat","([LIVMFYWPR]R[^YFWDE]{0,1}R)|(R[^YFWDE]{0,1}R[LIVMFYWPR])",PRTR,466,469,GRIK5_HUMAN,Homo sapiens,12878702,true positive,27,0,disordered
ELME000012,TRG_ER_diArg_1,di Arginine retention/retrieving signal,TRG,The di-Arg ER retention motif is defined by two consecutive arginine residues (RR) or with a single residue insertion (RXR). The motif is completed by an adjacent hydrophobic/arginine residue which may be on either side of the Arg pair.,PF00400,WD40,"WD domain, G-beta repeat","([LIVMFYWPR]R[^YFWDE]{0,1}R)|(R[^YFWDE]{0,1}R[LIVMFYWPR])",PRTR,466,469,HG2A_HUMAN,Homo sapiens,8157008,true positive,27,0,disordered
ELME000012,TRG_ER_diArg_1,di Arginine retention/retrieving signal,TRG,The di-Arg ER retention motif is defined by two consecutive arginine residues (RR) or with a single residue insertion (RXR). The motif is completed by an adjacent hydrophobic/arginine residue which may be on either side of the Arg pair.,PF00400,WD40,"WD domain, G-beta repeat","([LIVMFYWPR]R[^YFWDE]{0,1}R)|(R[^YFWDE]{0,1}R[LIVMFYWPR])",PRTR,466,469,HMDH_NICSY,Nicotiana sylvestris,8970721,true positive,27,0,disordered
ELME000012,TRG_ER_diArg_1,di Arginine retention/retrieving signal,TRG,The di-Arg ER retention motif is defined by two consecutive arginine residues (RR) or with a single residue insertion (RXR). The motif is completed by an adjacent hydrophobic/arginine residue which may be on either side of the Arg pair.,PF00400,WD40,"WD domain, G-beta repeat","([LIVMFYWPR]R[^YFWDE]{0,1}R)|(R[^YFWDE]{0,1}R[LIVMFYWPR])",PRTR,466,469,IRK11_HUMAN,Homo sapiens,10197533 12699619,true positive,27,0,disordered
ELME000012,TRG_ER_diArg_1,di Arginine retention/retrieving signal,TRG,The di-Arg ER retention motif is defined by two consecutive arginine residues (RR) or with a single residue insertion (RXR). The motif is completed by an adjacent hydrophobic/arginine residue which may be on either side of the Arg pair.,PF00400,WD40,"WD domain, G-beta repeat","([LIVMFYWPR]R[^YFWDE]{0,1}R)|(R[^YFWDE]{0,1}R[LIVMFYWPR])",PRTR,466,469,IRK8_HUMAN,Homo sapiens,10197533,true positive,27,0,disordered
ELME000012,TRG_ER_diArg_1,di Arginine retention/retrieving signal,TRG,The di-Arg ER retention motif is defined by two consecutive arginine residues (RR) or with a single residue insertion (RXR). The motif is completed by an adjacent hydrophobic/arginine residue which may be on either side of the Arg pair.,PF00400,WD40,"WD domain, G-beta repeat","([LIVMFYWPR]R[^YFWDE]{0,1}R)|(R[^YFWDE]{0,1}R[LIVMFYWPR])",PRTR,466,469,MSHR_HUMAN,Homo sapiens,19452503,true positive,27,0,disordered
ELME000012,TRG_ER_diArg_1,di Arginine retention/retrieving signal,TRG,The di-Arg ER retention motif is defined by two consecutive arginine residues (RR) or with a single residue insertion (RXR). The motif is completed by an adjacent hydrophobic/arginine residue which may be on either side of the Arg pair.,PF00400,WD40,"WD domain, G-beta repeat","([LIVMFYWPR]R[^YFWDE]{0,1}R)|(R[^YFWDE]{0,1}R[LIVMFYWPR])",PRTR,466,469,NMDZ1_HUMAN,Homo sapiens,11163274,true positive,27,0,disordered
ELME000012,TRG_ER_diArg_1,di Arginine retention/retrieving signal,TRG,The di-Arg ER retention motif is defined by two consecutive arginine residues (RR) or with a single residue insertion (RXR). The motif is completed by an adjacent hydrophobic/arginine residue which may be on either side of the Arg pair.,PF00400,WD40,"WD domain, G-beta repeat","([LIVMFYWPR]R[^YFWDE]{0,1}R)|(R[^YFWDE]{0,1}R[LIVMFYWPR])",PRTR,466,469,NMDZ1_HUMAN,Homo sapiens,11312291,true positive,27,0,disordered
ELME000012,TRG_ER_diArg_1,di Arginine retention/retrieving signal,TRG,The di-Arg ER retention motif is defined by two consecutive arginine residues (RR) or with a single residue insertion (RXR). The motif is completed by an adjacent hydrophobic/arginine residue which may be on either side of the Arg pair.,PF00400,WD40,"WD domain, G-beta repeat","([LIVMFYWPR]R[^YFWDE]{0,1}R)|(R[^YFWDE]{0,1}R[LIVMFYWPR])",PRTR,466,469,P2RX7_HUMAN,Homo sapiens,19263245,true positive,27,0,disordered
ELME000012,TRG_ER_diArg_1,di Arginine retention/retrieving signal,TRG,The di-Arg ER retention motif is defined by two consecutive arginine residues (RR) or with a single residue insertion (RXR). The motif is completed by an adjacent hydrophobic/arginine residue which may be on either side of the Arg pair.,PF00400,WD40,"WD domain, G-beta repeat","([LIVMFYWPR]R[^YFWDE]{0,1}R)|(R[^YFWDE]{0,1}R[LIVMFYWPR])",PRTR,466,469,PAR4_HUMAN,Homo sapiens,22411985,true positive,27,0,disordered
ELME000012,TRG_ER_diArg_1,di Arginine retention/retrieving signal,TRG,The di-Arg ER retention motif is defined by two consecutive arginine residues (RR) or with a single residue insertion (RXR). The motif is completed by an adjacent hydrophobic/arginine residue which may be on either side of the Arg pair.,PF00400,WD40,"WD domain, G-beta repeat","([LIVMFYWPR]R[^YFWDE]{0,1}R)|(R[^YFWDE]{0,1}R[LIVMFYWPR])",PRTR,466,469,PPLA_HUMAN,Homo sapiens,20634894,true positive,27,0,disordered
ELME000012,TRG_ER_diArg_1,di Arginine retention/retrieving signal,TRG,The di-Arg ER retention motif is defined by two consecutive arginine residues (RR) or with a single residue insertion (RXR). The motif is completed by an adjacent hydrophobic/arginine residue which may be on either side of the Arg pair.,PF00400,WD40,"WD domain, G-beta repeat","([LIVMFYWPR]R[^YFWDE]{0,1}R)|(R[^YFWDE]{0,1}R[LIVMFYWPR])",PRTR,466,469,Q58F09_HUMAN,Homo sapiens,12626409,true positive,27,0,disordered
ELME000012,TRG_ER_diArg_1,di Arginine retention/retrieving signal,TRG,The di-Arg ER retention motif is defined by two consecutive arginine residues (RR) or with a single residue insertion (RXR). The motif is completed by an adjacent hydrophobic/arginine residue which may be on either side of the Arg pair.,PF00400,WD40,"WD domain, G-beta repeat","([LIVMFYWPR]R[^YFWDE]{0,1}R)|(R[^YFWDE]{0,1}R[LIVMFYWPR])",PRTR,466,469,S12A5_RAT,Rattus norvegicus,19679663,true positive,27,0,disordered
ELME000012,TRG_ER_diArg_1,di Arginine retention/retrieving signal,TRG,The di-Arg ER retention motif is defined by two consecutive arginine residues (RR) or with a single residue insertion (RXR). The motif is completed by an adjacent hydrophobic/arginine residue which may be on either side of the Arg pair.,PF00400,WD40,"WD domain, G-beta repeat","([LIVMFYWPR]R[^YFWDE]{0,1}R)|(R[^YFWDE]{0,1}R[LIVMFYWPR])",PRTR,466,469,SCNAA_RAT,Rattus norvegicus,18782866,true positive,27,0,disordered
ELME000012,TRG_ER_diArg_1,di Arginine retention/retrieving signal,TRG,The di-Arg ER retention motif is defined by two consecutive arginine residues (RR) or with a single residue insertion (RXR). The motif is completed by an adjacent hydrophobic/arginine residue which may be on either side of the Arg pair.,PF00400,WD40,"WD domain, G-beta repeat","([LIVMFYWPR]R[^YFWDE]{0,1}R)|(R[^YFWDE]{0,1}R[LIVMFYWPR])",PRTR,466,469,SGMR1_HUMAN,Homo sapiens,20634894,true positive,27,0,disordered
ELME000012,TRG_ER_diArg_1,di Arginine retention/retrieving signal,TRG,The di-Arg ER retention motif is defined by two consecutive arginine residues (RR) or with a single residue insertion (RXR). The motif is completed by an adjacent hydrophobic/arginine residue which may be on either side of the Arg pair.,PF00400,WD40,"WD domain, G-beta repeat","([LIVMFYWPR]R[^YFWDE]{0,1}R)|(R[^YFWDE]{0,1}R[LIVMFYWPR])",PRTR,466,469,SIAT9_MOUSE,Mus musculus,19420140,true positive,27,0,disordered
ELME000012,TRG_ER_diArg_1,di Arginine retention/retrieving signal,TRG,The di-Arg ER retention motif is defined by two consecutive arginine residues (RR) or with a single residue insertion (RXR). The motif is completed by an adjacent hydrophobic/arginine residue which may be on either side of the Arg pair.,PF00400,WD40,"WD domain, G-beta repeat","([LIVMFYWPR]R[^YFWDE]{0,1}R)|(R[^YFWDE]{0,1}R[LIVMFYWPR])",PRTR,466,469,SOAT1_HUMAN,Homo sapiens,20634894,true positive,27,0,disordered
ELME000012,TRG_ER_diArg_1,di Arginine retention/retrieving signal,TRG,The di-Arg ER retention motif is defined by two consecutive arginine residues (RR) or with a single residue insertion (RXR). The motif is completed by an adjacent hydrophobic/arginine residue which may be on either side of the Arg pair.,PF00400,WD40,"WD domain, G-beta repeat","([LIVMFYWPR]R[^YFWDE]{0,1}R)|(R[^YFWDE]{0,1}R[LIVMFYWPR])",PRTR,466,469,SRPRB_HUMAN,Homo sapiens,20634894,true positive,27,0,disordered
ELME000012,TRG_ER_diArg_1,di Arginine retention/retrieving signal,TRG,The di-Arg ER retention motif is defined by two consecutive arginine residues (RR) or with a single residue insertion (RXR). The motif is completed by an adjacent hydrophobic/arginine residue which may be on either side of the Arg pair.,PF00400,WD40,"WD domain, G-beta repeat","([LIVMFYWPR]R[^YFWDE]{0,1}R)|(R[^YFWDE]{0,1}R[LIVMFYWPR])",PRTR,466,469,V2R_HUMAN,Homo sapiens,11641431,true positive,27,0,disordered
