Instance_accession,ELMIdentifier,FunctionalSiteName,ELMType,Description,InteractionDomainId,InteractionDomainDescription,InteractionDomainName,Regex,Instances (Matched Sequence),motif_start_in_query,motif_end_in_query,ProteinName,Organism,References,InstanceLogic,#Instances,#Instances_in_PDB,IUPred
ELME000321,CLV_C14_Caspase3-7,Caspase cleavage motif,CLV,Caspase-3 and Caspase-7 cleavage site.,PF00656,Peptidase_C14,Caspase domain,[DSTE][^P][^DEWHFYC]D[GSAN],TDVDS,456,460,A0A0H3NIK3_SALTS,Salmonella enterica subsp. enterica serovar Typhimurium str. SL1344,20947770,true positive,41,0,disordered
ELME000321,CLV_C14_Caspase3-7,Caspase cleavage motif,CLV,Caspase-3 and Caspase-7 cleavage site.,PF00656,Peptidase_C14,Caspase domain,[DSTE][^P][^DEWHFYC]D[GSAN],TDVDS,456,460,ATN1_HUMAN,Homo sapiens,10085113 9535906,true positive,41,0,disordered
ELME000321,CLV_C14_Caspase3-7,Caspase cleavage motif,CLV,Caspase-3 and Caspase-7 cleavage site.,PF00656,Peptidase_C14,Caspase domain,[DSTE][^P][^DEWHFYC]D[GSAN],TDVDS,456,460,BCAR1_RAT,Rattus norvegicus,10712510,true positive,41,0,disordered
ELME000321,CLV_C14_Caspase3-7,Caspase cleavage motif,CLV,Caspase-3 and Caspase-7 cleavage site.,PF00656,Peptidase_C14,Caspase domain,[DSTE][^P][^DEWHFYC]D[GSAN],TDVDS,456,460,CADH1_HUMAN,Homo sapiens,11076937,true positive,41,0,disordered
ELME000321,CLV_C14_Caspase3-7,Caspase cleavage motif,CLV,Caspase-3 and Caspase-7 cleavage site.,PF00656,Peptidase_C14,Caspase domain,[DSTE][^P][^DEWHFYC]D[GSAN],TDVDS,456,460,CASP6_HUMAN,Homo sapiens,8900201,true positive,41,0,disordered
ELME000321,CLV_C14_Caspase3-7,Caspase cleavage motif,CLV,Caspase-3 and Caspase-7 cleavage site.,PF00656,Peptidase_C14,Caspase domain,[DSTE][^P][^DEWHFYC]D[GSAN],TDVDS,456,460,CASP9_HUMAN,Homo sapiens,8900201,true positive,41,0,disordered
ELME000321,CLV_C14_Caspase3-7,Caspase cleavage motif,CLV,Caspase-3 and Caspase-7 cleavage site.,PF00656,Peptidase_C14,Caspase domain,[DSTE][^P][^DEWHFYC]D[GSAN],TDVDS,456,460,CDC6_HUMAN,Homo sapiens,14517333,true positive,41,0,disordered
ELME000321,CLV_C14_Caspase3-7,Caspase cleavage motif,CLV,Caspase-3 and Caspase-7 cleavage site.,PF00656,Peptidase_C14,Caspase domain,[DSTE][^P][^DEWHFYC]D[GSAN],TDVDS,456,460,CLSPN_HUMAN,Homo sapiens,17431426,true positive,41,0,disordered
ELME000321,CLV_C14_Caspase3-7,Caspase cleavage motif,CLV,Caspase-3 and Caspase-7 cleavage site.,PF00656,Peptidase_C14,Caspase domain,[DSTE][^P][^DEWHFYC]D[GSAN],TDVDS,456,460,DSG1_HUMAN,Homo sapiens,16286477,true positive,41,0,disordered
ELME000321,CLV_C14_Caspase3-7,Caspase cleavage motif,CLV,Caspase-3 and Caspase-7 cleavage site.,PF00656,Peptidase_C14,Caspase domain,[DSTE][^P][^DEWHFYC]D[GSAN],TDVDS,456,460,DSG3_HUMAN,Homo sapiens,11500511,true positive,41,0,disordered
ELME000321,CLV_C14_Caspase3-7,Caspase cleavage motif,CLV,Caspase-3 and Caspase-7 cleavage site.,PF00656,Peptidase_C14,Caspase domain,[DSTE][^P][^DEWHFYC]D[GSAN],TDVDS,456,460,GDIR2_HUMAN,Homo sapiens,8626669,true positive,41,0,disordered
ELME000321,CLV_C14_Caspase3-7,Caspase cleavage motif,CLV,Caspase-3 and Caspase-7 cleavage site.,PF00656,Peptidase_C14,Caspase domain,[DSTE][^P][^DEWHFYC]D[GSAN],TDVDS,456,460,GORS1_RAT,Rattus norvegicus,11815631,true positive,41,0,disordered
ELME000321,CLV_C14_Caspase3-7,Caspase cleavage motif,CLV,Caspase-3 and Caspase-7 cleavage site.,PF00656,Peptidase_C14,Caspase domain,[DSTE][^P][^DEWHFYC]D[GSAN],TDVDS,456,460,HD_HUMAN,Homo sapiens,16777606,true positive,41,0,disordered
ELME000321,CLV_C14_Caspase3-7,Caspase cleavage motif,CLV,Caspase-3 and Caspase-7 cleavage site.,PF00656,Peptidase_C14,Caspase domain,[DSTE][^P][^DEWHFYC]D[GSAN],TDVDS,456,460,IL16_MOUSE,Mus musculus,10479680,true positive,41,0,disordered
ELME000321,CLV_C14_Caspase3-7,Caspase cleavage motif,CLV,Caspase-3 and Caspase-7 cleavage site.,PF00656,Peptidase_C14,Caspase domain,[DSTE][^P][^DEWHFYC]D[GSAN],TDVDS,456,460,JIP1_HUMAN,Homo sapiens,21237154,true positive,41,0,disordered
ELME000321,CLV_C14_Caspase3-7,Caspase cleavage motif,CLV,Caspase-3 and Caspase-7 cleavage site.,PF00656,Peptidase_C14,Caspase domain,[DSTE][^P][^DEWHFYC]D[GSAN],TDVDS,456,460,KPCD_HUMAN,Homo sapiens,8557034,true positive,41,0,disordered
ELME000321,CLV_C14_Caspase3-7,Caspase cleavage motif,CLV,Caspase-3 and Caspase-7 cleavage site.,PF00656,Peptidase_C14,Caspase domain,[DSTE][^P][^DEWHFYC]D[GSAN],TDVDS,456,460,PAK2_HUMAN,Homo sapiens,9171063,true positive,41,0,disordered
ELME000321,CLV_C14_Caspase3-7,Caspase cleavage motif,CLV,Caspase-3 and Caspase-7 cleavage site.,PF00656,Peptidase_C14,Caspase domain,[DSTE][^P][^DEWHFYC]D[GSAN],TDVDS,456,460,PARP1_HUMAN,Homo sapiens,8090205,true positive,41,0,disordered
ELME000321,CLV_C14_Caspase3-7,Caspase cleavage motif,CLV,Caspase-3 and Caspase-7 cleavage site.,PF00656,Peptidase_C14,Caspase domain,[DSTE][^P][^DEWHFYC]D[GSAN],TDVDS,456,460,PRKDC_HUMAN,Homo sapiens,8670824,true positive,41,0,disordered
ELME000321,CLV_C14_Caspase3-7,Caspase cleavage motif,CLV,Caspase-3 and Caspase-7 cleavage site.,PF00656,Peptidase_C14,Caspase domain,[DSTE][^P][^DEWHFYC]D[GSAN],TDVDS,456,460,PTEN_HUMAN,Homo sapiens,12788938,true positive,41,0,disordered
ELME000321,CLV_C14_Caspase3-7,Caspase cleavage motif,CLV,Caspase-3 and Caspase-7 cleavage site.,PF00656,Peptidase_C14,Caspase domain,[DSTE][^P][^DEWHFYC]D[GSAN],TDVDS,456,460,RB_HUMAN,Homo sapiens,11420704,true positive,41,0,disordered
ELME000321,CLV_C14_Caspase3-7,Caspase cleavage motif,CLV,Caspase-3 and Caspase-7 cleavage site.,PF00656,Peptidase_C14,Caspase domain,[DSTE][^P][^DEWHFYC]D[GSAN],TDVDS,456,460,ROCK1_HUMAN,Homo sapiens,11283607,true positive,41,0,disordered
ELME000321,CLV_C14_Caspase3-7,Caspase cleavage motif,CLV,Caspase-3 and Caspase-7 cleavage site.,PF00656,Peptidase_C14,Caspase domain,[DSTE][^P][^DEWHFYC]D[GSAN],TDVDS,456,460,RU17_HUMAN,Homo sapiens,8642305,true positive,41,0,disordered
ELME000321,CLV_C14_Caspase3-7,Caspase cleavage motif,CLV,Caspase-3 and Caspase-7 cleavage site.,PF00656,Peptidase_C14,Caspase domain,[DSTE][^P][^DEWHFYC]D[GSAN],TDVDS,456,460,SIPA_SALTS,Salmonella enterica subsp. enterica serovar Typhimurium str. SL1344,20947770,true positive,41,0,disordered
ELME000321,CLV_C14_Caspase3-7,Caspase cleavage motif,CLV,Caspase-3 and Caspase-7 cleavage site.,PF00656,Peptidase_C14,Caspase domain,[DSTE][^P][^DEWHFYC]D[GSAN],TDVDS,456,460,SND1_HUMAN,Homo sapiens,19820703,true positive,41,0,disordered
ELME000321,CLV_C14_Caspase3-7,Caspase cleavage motif,CLV,Caspase-3 and Caspase-7 cleavage site.,PF00656,Peptidase_C14,Caspase domain,[DSTE][^P][^DEWHFYC]D[GSAN],TDVDS,456,460,SPTA2_HUMAN,Homo sapiens,9712874,true positive,41,0,disordered
ELME000321,CLV_C14_Caspase3-7,Caspase cleavage motif,CLV,Caspase-3 and Caspase-7 cleavage site.,PF00656,Peptidase_C14,Caspase domain,[DSTE][^P][^DEWHFYC]D[GSAN],TDVDS,456,460,SPTB2_HUMAN,Homo sapiens,9712874,true positive,41,0,disordered
ELME000321,CLV_C14_Caspase3-7,Caspase cleavage motif,CLV,Caspase-3 and Caspase-7 cleavage site.,PF00656,Peptidase_C14,Caspase domain,[DSTE][^P][^DEWHFYC]D[GSAN],TDVDS,456,460,SRBP1_HUMAN,Homo sapiens,7629113,true positive,41,0,disordered
ELME000321,CLV_C14_Caspase3-7,Caspase cleavage motif,CLV,Caspase-3 and Caspase-7 cleavage site.,PF00656,Peptidase_C14,Caspase domain,[DSTE][^P][^DEWHFYC]D[GSAN],TDVDS,456,460,SRBP2_HUMAN,Homo sapiens,8605870,true positive,41,0,disordered
ELME000321,CLV_C14_Caspase3-7,Caspase cleavage motif,CLV,Caspase-3 and Caspase-7 cleavage site.,PF00656,Peptidase_C14,Caspase domain,[DSTE][^P][^DEWHFYC]D[GSAN],TDVDS,456,460,STK3_HUMAN,Homo sapiens,11278283,true positive,41,0,disordered
ELME000321,CLV_C14_Caspase3-7,Caspase cleavage motif,CLV,Caspase-3 and Caspase-7 cleavage site.,PF00656,Peptidase_C14,Caspase domain,[DSTE][^P][^DEWHFYC]D[GSAN],TDVDS,456,460,STK4_HUMAN,Homo sapiens,11278283 11278782,true positive,41,0,disordered
ELME000321,CLV_C14_Caspase3-7,Caspase cleavage motif,CLV,Caspase-3 and Caspase-7 cleavage site.,PF00656,Peptidase_C14,Caspase domain,[DSTE][^P][^DEWHFYC]D[GSAN],TDVDS,456,460,VDR_HUMAN,Homo sapiens,18832097,true positive,41,0,disordered
ELME000321,CLV_C14_Caspase3-7,Caspase cleavage motif,CLV,Caspase-3 and Caspase-7 cleavage site.,PF00656,Peptidase_C14,Caspase domain,[DSTE][^P][^DEWHFYC]D[GSAN],STSDA,469,473,A0A0H3NIK3_SALTS,Salmonella enterica subsp. enterica serovar Typhimurium str. SL1344,20947770,true positive,41,0,disordered
ELME000321,CLV_C14_Caspase3-7,Caspase cleavage motif,CLV,Caspase-3 and Caspase-7 cleavage site.,PF00656,Peptidase_C14,Caspase domain,[DSTE][^P][^DEWHFYC]D[GSAN],STSDA,469,473,ATN1_HUMAN,Homo sapiens,10085113 9535906,true positive,41,0,disordered
ELME000321,CLV_C14_Caspase3-7,Caspase cleavage motif,CLV,Caspase-3 and Caspase-7 cleavage site.,PF00656,Peptidase_C14,Caspase domain,[DSTE][^P][^DEWHFYC]D[GSAN],STSDA,469,473,BCAR1_RAT,Rattus norvegicus,10712510,true positive,41,0,disordered
ELME000321,CLV_C14_Caspase3-7,Caspase cleavage motif,CLV,Caspase-3 and Caspase-7 cleavage site.,PF00656,Peptidase_C14,Caspase domain,[DSTE][^P][^DEWHFYC]D[GSAN],STSDA,469,473,CADH1_HUMAN,Homo sapiens,11076937,true positive,41,0,disordered
ELME000321,CLV_C14_Caspase3-7,Caspase cleavage motif,CLV,Caspase-3 and Caspase-7 cleavage site.,PF00656,Peptidase_C14,Caspase domain,[DSTE][^P][^DEWHFYC]D[GSAN],STSDA,469,473,CASP6_HUMAN,Homo sapiens,8900201,true positive,41,0,disordered
ELME000321,CLV_C14_Caspase3-7,Caspase cleavage motif,CLV,Caspase-3 and Caspase-7 cleavage site.,PF00656,Peptidase_C14,Caspase domain,[DSTE][^P][^DEWHFYC]D[GSAN],STSDA,469,473,CASP9_HUMAN,Homo sapiens,8900201,true positive,41,0,disordered
ELME000321,CLV_C14_Caspase3-7,Caspase cleavage motif,CLV,Caspase-3 and Caspase-7 cleavage site.,PF00656,Peptidase_C14,Caspase domain,[DSTE][^P][^DEWHFYC]D[GSAN],STSDA,469,473,CDC6_HUMAN,Homo sapiens,14517333,true positive,41,0,disordered
ELME000321,CLV_C14_Caspase3-7,Caspase cleavage motif,CLV,Caspase-3 and Caspase-7 cleavage site.,PF00656,Peptidase_C14,Caspase domain,[DSTE][^P][^DEWHFYC]D[GSAN],STSDA,469,473,CLSPN_HUMAN,Homo sapiens,17431426,true positive,41,0,disordered
ELME000321,CLV_C14_Caspase3-7,Caspase cleavage motif,CLV,Caspase-3 and Caspase-7 cleavage site.,PF00656,Peptidase_C14,Caspase domain,[DSTE][^P][^DEWHFYC]D[GSAN],STSDA,469,473,DSG1_HUMAN,Homo sapiens,16286477,true positive,41,0,disordered
ELME000321,CLV_C14_Caspase3-7,Caspase cleavage motif,CLV,Caspase-3 and Caspase-7 cleavage site.,PF00656,Peptidase_C14,Caspase domain,[DSTE][^P][^DEWHFYC]D[GSAN],STSDA,469,473,DSG3_HUMAN,Homo sapiens,11500511,true positive,41,0,disordered
ELME000321,CLV_C14_Caspase3-7,Caspase cleavage motif,CLV,Caspase-3 and Caspase-7 cleavage site.,PF00656,Peptidase_C14,Caspase domain,[DSTE][^P][^DEWHFYC]D[GSAN],STSDA,469,473,GDIR2_HUMAN,Homo sapiens,8626669,true positive,41,0,disordered
ELME000321,CLV_C14_Caspase3-7,Caspase cleavage motif,CLV,Caspase-3 and Caspase-7 cleavage site.,PF00656,Peptidase_C14,Caspase domain,[DSTE][^P][^DEWHFYC]D[GSAN],STSDA,469,473,GORS1_RAT,Rattus norvegicus,11815631,true positive,41,0,disordered
ELME000321,CLV_C14_Caspase3-7,Caspase cleavage motif,CLV,Caspase-3 and Caspase-7 cleavage site.,PF00656,Peptidase_C14,Caspase domain,[DSTE][^P][^DEWHFYC]D[GSAN],STSDA,469,473,HD_HUMAN,Homo sapiens,16777606,true positive,41,0,disordered
ELME000321,CLV_C14_Caspase3-7,Caspase cleavage motif,CLV,Caspase-3 and Caspase-7 cleavage site.,PF00656,Peptidase_C14,Caspase domain,[DSTE][^P][^DEWHFYC]D[GSAN],STSDA,469,473,IL16_MOUSE,Mus musculus,10479680,true positive,41,0,disordered
ELME000321,CLV_C14_Caspase3-7,Caspase cleavage motif,CLV,Caspase-3 and Caspase-7 cleavage site.,PF00656,Peptidase_C14,Caspase domain,[DSTE][^P][^DEWHFYC]D[GSAN],STSDA,469,473,JIP1_HUMAN,Homo sapiens,21237154,true positive,41,0,disordered
ELME000321,CLV_C14_Caspase3-7,Caspase cleavage motif,CLV,Caspase-3 and Caspase-7 cleavage site.,PF00656,Peptidase_C14,Caspase domain,[DSTE][^P][^DEWHFYC]D[GSAN],STSDA,469,473,KPCD_HUMAN,Homo sapiens,8557034,true positive,41,0,disordered
ELME000321,CLV_C14_Caspase3-7,Caspase cleavage motif,CLV,Caspase-3 and Caspase-7 cleavage site.,PF00656,Peptidase_C14,Caspase domain,[DSTE][^P][^DEWHFYC]D[GSAN],STSDA,469,473,PAK2_HUMAN,Homo sapiens,9171063,true positive,41,0,disordered
ELME000321,CLV_C14_Caspase3-7,Caspase cleavage motif,CLV,Caspase-3 and Caspase-7 cleavage site.,PF00656,Peptidase_C14,Caspase domain,[DSTE][^P][^DEWHFYC]D[GSAN],STSDA,469,473,PARP1_HUMAN,Homo sapiens,8090205,true positive,41,0,disordered
ELME000321,CLV_C14_Caspase3-7,Caspase cleavage motif,CLV,Caspase-3 and Caspase-7 cleavage site.,PF00656,Peptidase_C14,Caspase domain,[DSTE][^P][^DEWHFYC]D[GSAN],STSDA,469,473,PRKDC_HUMAN,Homo sapiens,8670824,true positive,41,0,disordered
ELME000321,CLV_C14_Caspase3-7,Caspase cleavage motif,CLV,Caspase-3 and Caspase-7 cleavage site.,PF00656,Peptidase_C14,Caspase domain,[DSTE][^P][^DEWHFYC]D[GSAN],STSDA,469,473,PTEN_HUMAN,Homo sapiens,12788938,true positive,41,0,disordered
ELME000321,CLV_C14_Caspase3-7,Caspase cleavage motif,CLV,Caspase-3 and Caspase-7 cleavage site.,PF00656,Peptidase_C14,Caspase domain,[DSTE][^P][^DEWHFYC]D[GSAN],STSDA,469,473,RB_HUMAN,Homo sapiens,11420704,true positive,41,0,disordered
ELME000321,CLV_C14_Caspase3-7,Caspase cleavage motif,CLV,Caspase-3 and Caspase-7 cleavage site.,PF00656,Peptidase_C14,Caspase domain,[DSTE][^P][^DEWHFYC]D[GSAN],STSDA,469,473,ROCK1_HUMAN,Homo sapiens,11283607,true positive,41,0,disordered
ELME000321,CLV_C14_Caspase3-7,Caspase cleavage motif,CLV,Caspase-3 and Caspase-7 cleavage site.,PF00656,Peptidase_C14,Caspase domain,[DSTE][^P][^DEWHFYC]D[GSAN],STSDA,469,473,RU17_HUMAN,Homo sapiens,8642305,true positive,41,0,disordered
ELME000321,CLV_C14_Caspase3-7,Caspase cleavage motif,CLV,Caspase-3 and Caspase-7 cleavage site.,PF00656,Peptidase_C14,Caspase domain,[DSTE][^P][^DEWHFYC]D[GSAN],STSDA,469,473,SIPA_SALTS,Salmonella enterica subsp. enterica serovar Typhimurium str. SL1344,20947770,true positive,41,0,disordered
ELME000321,CLV_C14_Caspase3-7,Caspase cleavage motif,CLV,Caspase-3 and Caspase-7 cleavage site.,PF00656,Peptidase_C14,Caspase domain,[DSTE][^P][^DEWHFYC]D[GSAN],STSDA,469,473,SND1_HUMAN,Homo sapiens,19820703,true positive,41,0,disordered
ELME000321,CLV_C14_Caspase3-7,Caspase cleavage motif,CLV,Caspase-3 and Caspase-7 cleavage site.,PF00656,Peptidase_C14,Caspase domain,[DSTE][^P][^DEWHFYC]D[GSAN],STSDA,469,473,SPTA2_HUMAN,Homo sapiens,9712874,true positive,41,0,disordered
ELME000321,CLV_C14_Caspase3-7,Caspase cleavage motif,CLV,Caspase-3 and Caspase-7 cleavage site.,PF00656,Peptidase_C14,Caspase domain,[DSTE][^P][^DEWHFYC]D[GSAN],STSDA,469,473,SPTB2_HUMAN,Homo sapiens,9712874,true positive,41,0,disordered
ELME000321,CLV_C14_Caspase3-7,Caspase cleavage motif,CLV,Caspase-3 and Caspase-7 cleavage site.,PF00656,Peptidase_C14,Caspase domain,[DSTE][^P][^DEWHFYC]D[GSAN],STSDA,469,473,SRBP1_HUMAN,Homo sapiens,7629113,true positive,41,0,disordered
ELME000321,CLV_C14_Caspase3-7,Caspase cleavage motif,CLV,Caspase-3 and Caspase-7 cleavage site.,PF00656,Peptidase_C14,Caspase domain,[DSTE][^P][^DEWHFYC]D[GSAN],STSDA,469,473,SRBP2_HUMAN,Homo sapiens,8605870,true positive,41,0,disordered
ELME000321,CLV_C14_Caspase3-7,Caspase cleavage motif,CLV,Caspase-3 and Caspase-7 cleavage site.,PF00656,Peptidase_C14,Caspase domain,[DSTE][^P][^DEWHFYC]D[GSAN],STSDA,469,473,STK3_HUMAN,Homo sapiens,11278283,true positive,41,0,disordered
ELME000321,CLV_C14_Caspase3-7,Caspase cleavage motif,CLV,Caspase-3 and Caspase-7 cleavage site.,PF00656,Peptidase_C14,Caspase domain,[DSTE][^P][^DEWHFYC]D[GSAN],STSDA,469,473,STK4_HUMAN,Homo sapiens,11278283 11278782,true positive,41,0,disordered
ELME000321,CLV_C14_Caspase3-7,Caspase cleavage motif,CLV,Caspase-3 and Caspase-7 cleavage site.,PF00656,Peptidase_C14,Caspase domain,[DSTE][^P][^DEWHFYC]D[GSAN],STSDA,469,473,VDR_HUMAN,Homo sapiens,18832097,true positive,41,0,disordered
ELME000102,CLV_NRD_NRD_1,NRD cleavage site,CLV,N-Arg dibasic convertase (NRD/Nardilysin) cleavage site (X-|-R-K or R-|-R-X).,PF00675,Peptidase_M16,Insulinase (Peptidase family M16),(.RK)|(RR[^KR]),RRP,517,519,PDYN_RAT,Rattus norvegicus,8294457,true positive,2,0,disordered
ELME000102,CLV_NRD_NRD_1,NRD cleavage site,CLV,N-Arg dibasic convertase (NRD/Nardilysin) cleavage site (X-|-R-K or R-|-R-X).,PF00675,Peptidase_M16,Insulinase (Peptidase family M16),(.RK)|(RR[^KR]),RRP,517,519,SMS_RAT,Rattus norvegicus,8294457,true positive,2,0,disordered
ELME000101,CLV_PCSK_FUR_1,PCSK cleavage site,CLV,Furin (PACE) cleavage site (R-X-[RK]-R-|-X).,PF00082,Peptidase_S8,Subtilase family,R.[RK]R.,RVRRP,515,519,BMP1_HUMAN,Homo sapiens,12637569,true positive,13,0,disordered
ELME000101,CLV_PCSK_FUR_1,PCSK cleavage site,CLV,Furin (PACE) cleavage site (R-X-[RK]-R-|-X).,PF00082,Peptidase_S8,Subtilase family,R.[RK]R.,RVRRP,515,519,ENV_FFV,Feline foamy virus,15564468,true positive,13,0,disordered
ELME000101,CLV_PCSK_FUR_1,PCSK cleavage site,CLV,Furin (PACE) cleavage site (R-X-[RK]-R-|-X).,PF00082,Peptidase_S8,Subtilase family,R.[RK]R.,RVRRP,515,519,ENV_HTLV2,Human T-lymphotropic virus 2,12487813,true positive,13,0,disordered
ELME000101,CLV_PCSK_FUR_1,PCSK cleavage site,CLV,Furin (PACE) cleavage site (R-X-[RK]-R-|-X).,PF00082,Peptidase_S8,Subtilase family,R.[RK]R.,RVRRP,515,519,ENV_HV1B1,Human immunodeficiency virus type 1 BH10,11063880,true positive,13,0,disordered
ELME000101,CLV_PCSK_FUR_1,PCSK cleavage site,CLV,Furin (PACE) cleavage site (R-X-[RK]-R-|-X).,PF00082,Peptidase_S8,Subtilase family,R.[RK]R.,RVRRP,515,519,ENV_HV1H2,HIV-1 M:B_HXB2R,8163529 7774724,true positive,13,0,disordered
ELME000101,CLV_PCSK_FUR_1,PCSK cleavage site,CLV,Furin (PACE) cleavage site (R-X-[RK]-R-|-X).,PF00082,Peptidase_S8,Subtilase family,R.[RK]R.,RVRRP,515,519,FUS_HRSVA,Human respiratory syncytial virus A2,11369882,true positive,13,0,disordered
ELME000101,CLV_PCSK_FUR_1,PCSK cleavage site,CLV,Furin (PACE) cleavage site (R-X-[RK]-R-|-X).,PF00082,Peptidase_S8,Subtilase family,R.[RK]R.,RVRRP,515,519,GB_EBVB9,Human herpesvirus 4 (strain B95-8),19218203,true positive,13,0,disordered
ELME000101,CLV_PCSK_FUR_1,PCSK cleavage site,CLV,Furin (PACE) cleavage site (R-X-[RK]-R-|-X).,PF00082,Peptidase_S8,Subtilase family,R.[RK]R.,RVRRP,515,519,POLG_DEN1B,Dengue virus 1 Brazil/97-11/1997,20062797,true positive,13,0,disordered
ELME000101,CLV_PCSK_FUR_1,PCSK cleavage site,CLV,Furin (PACE) cleavage site (R-X-[RK]-R-|-X).,PF00082,Peptidase_S8,Subtilase family,R.[RK]R.,RVRRP,515,519,SPIKE_IBVB,Avian infectious bronchitis virus (strain Beaudette),19553314,true positive,13,0,disordered
ELME000101,CLV_PCSK_FUR_1,PCSK cleavage site,CLV,Furin (PACE) cleavage site (R-X-[RK]-R-|-X).,PF00082,Peptidase_S8,Subtilase family,R.[RK]R.,RVRRP,515,519,VGP_EBOZM,"Ebola virus - Mayinga, Zaire, 1976",9576958,true positive,13,0,disordered
ELME000101,CLV_PCSK_FUR_1,PCSK cleavage site,CLV,Furin (PACE) cleavage site (R-X-[RK]-R-|-X).,PF00082,Peptidase_S8,Subtilase family,R.[RK]R.,RVRRP,515,519,VL2_HPV16,Human papillomavirus type 16,16432208,true positive,13,0,disordered
ELME000101,CLV_PCSK_FUR_1,PCSK cleavage site,CLV,Furin (PACE) cleavage site (R-X-[RK]-R-|-X).,PF00082,Peptidase_S8,Subtilase family,R.[RK]R.,RVRRP,515,519,VSGP_EBOZM,"Ebola virus - Mayinga, Zaire, 1976",10603327,true positive,13,0,disordered
ELME000108,CLV_PCSK_KEX2_1,PCSK cleavage site,CLV,Yeast kexin 2 cleavage site (K-R-|-X or R-R-|-X).,PF00082,Peptidase_S8,Subtilase family,[KR]R.,RRP,517,519,CIS3_YEAST,Saccharomyces cerevisiae S288c,10438739,true positive,1,0,disordered
ELME000146,CLV_PCSK_SKI1_1,PCSK cleavage site,CLV,Subtilisin/kexin isozyme-1 (SKI1) cleavage site ([RK]-X-[hydrophobic]-[LTKF]-|-X).,PF00082,Peptidase_S8,Subtilase family,[RK].[AILMFV][LTKF].,RTIFR,438,442,ATF6A_HUMAN,Homo sapiens,11163209,true positive,2,0,disordered
ELME000146,CLV_PCSK_SKI1_1,PCSK cleavage site,CLV,Subtilisin/kexin isozyme-1 (SKI1) cleavage site ([RK]-X-[hydrophobic]-[LTKF]-|-X).,PF00082,Peptidase_S8,Subtilase family,[RK].[AILMFV][LTKF].,RTIFR,438,442,SRBP2_HUMAN,Homo sapiens,9139737,true positive,2,0,disordered
ELME000146,CLV_PCSK_SKI1_1,PCSK cleavage site,CLV,Subtilisin/kexin isozyme-1 (SKI1) cleavage site ([RK]-X-[hydrophobic]-[LTKF]-|-X).,PF00082,Peptidase_S8,Subtilase family,[RK].[AILMFV][LTKF].,RTIFR,503,507,ATF6A_HUMAN,Homo sapiens,11163209,true positive,2,0,disordered
ELME000146,CLV_PCSK_SKI1_1,PCSK cleavage site,CLV,Subtilisin/kexin isozyme-1 (SKI1) cleavage site ([RK]-X-[hydrophobic]-[LTKF]-|-X).,PF00082,Peptidase_S8,Subtilase family,[RK].[AILMFV][LTKF].,RTIFR,503,507,SRBP2_HUMAN,Homo sapiens,9139737,true positive,2,0,disordered
ELME000146,CLV_PCSK_SKI1_1,PCSK cleavage site,CLV,Subtilisin/kexin isozyme-1 (SKI1) cleavage site ([RK]-X-[hydrophobic]-[LTKF]-|-X).,PF00082,Peptidase_S8,Subtilase family,[RK].[AILMFV][LTKF].,RVITR,542,546,ATF6A_HUMAN,Homo sapiens,11163209,true positive,2,0,disordered
ELME000146,CLV_PCSK_SKI1_1,PCSK cleavage site,CLV,Subtilisin/kexin isozyme-1 (SKI1) cleavage site ([RK]-X-[hydrophobic]-[LTKF]-|-X).,PF00082,Peptidase_S8,Subtilase family,[RK].[AILMFV][LTKF].,RVITR,542,546,SRBP2_HUMAN,Homo sapiens,9139737,true positive,2,0,disordered
ELME000231,DEG_APCC_DBOX_1,APCC-binding Destruction motifs,DEG,An RxxL-based motif that binds to the Cdh1 and Cdc20 components of APC/C thereby targeting the protein for destruction in a cell cycle dependent manner,PF00400,WD40,"WD domain, G-beta repeat",.R..L..[LIVM].,VRRPLHPLS,516,524,ACM1_YEAST,Saccharomyces cerevisiae S288c,23707760 18596038 18498748 18519589,true positive,18,3,disordered
ELME000231,DEG_APCC_DBOX_1,APCC-binding Destruction motifs,DEG,An RxxL-based motif that binds to the Cdh1 and Cdc20 components of APC/C thereby targeting the protein for destruction in a cell cycle dependent manner,IPR015943,WD40/YVTN repeat-like-containing domain superfamily, This superfamily represents a WD40/YVTN repeat-like domain,.R..L..[LIVM].,VRRPLHPLS,516,524,ACM1_YEAST,Saccharomyces cerevisiae S288c,23707760 18596038 18498748 18519589,true positive,18,3,disordered
ELME000231,DEG_APCC_DBOX_1,APCC-binding Destruction motifs,DEG,An RxxL-based motif that binds to the Cdh1 and Cdc20 components of APC/C thereby targeting the protein for destruction in a cell cycle dependent manner,PF00400,WD40,"WD domain, G-beta repeat",.R..L..[LIVM].,VRRPLHPLS,516,524,BUB1B_HUMAN,Homo sapiens,27509861,true positive,18,3,disordered
ELME000231,DEG_APCC_DBOX_1,APCC-binding Destruction motifs,DEG,An RxxL-based motif that binds to the Cdh1 and Cdc20 components of APC/C thereby targeting the protein for destruction in a cell cycle dependent manner,IPR015943,WD40/YVTN repeat-like-containing domain superfamily, This superfamily represents a WD40/YVTN repeat-like domain,.R..L..[LIVM].,VRRPLHPLS,516,524,BUB1B_HUMAN,Homo sapiens,27509861,true positive,18,3,disordered
ELME000231,DEG_APCC_DBOX_1,APCC-binding Destruction motifs,DEG,An RxxL-based motif that binds to the Cdh1 and Cdc20 components of APC/C thereby targeting the protein for destruction in a cell cycle dependent manner,PF00400,WD40,"WD domain, G-beta repeat",.R..L..[LIVM].,VRRPLHPLS,516,524,CCNA1_XENLA,Xenopus laevis,1321060 8885231 8670806,true positive,18,3,disordered
ELME000231,DEG_APCC_DBOX_1,APCC-binding Destruction motifs,DEG,An RxxL-based motif that binds to the Cdh1 and Cdc20 components of APC/C thereby targeting the protein for destruction in a cell cycle dependent manner,IPR015943,WD40/YVTN repeat-like-containing domain superfamily, This superfamily represents a WD40/YVTN repeat-like domain,.R..L..[LIVM].,VRRPLHPLS,516,524,CCNA1_XENLA,Xenopus laevis,1321060 8885231 8670806,true positive,18,3,disordered
ELME000231,DEG_APCC_DBOX_1,APCC-binding Destruction motifs,DEG,An RxxL-based motif that binds to the Cdh1 and Cdc20 components of APC/C thereby targeting the protein for destruction in a cell cycle dependent manner,PF00400,WD40,"WD domain, G-beta repeat",.R..L..[LIVM].,VRRPLHPLS,516,524,CCNB1_HUMAN,Homo sapiens,23091007,true positive,18,3,disordered
ELME000231,DEG_APCC_DBOX_1,APCC-binding Destruction motifs,DEG,An RxxL-based motif that binds to the Cdh1 and Cdc20 components of APC/C thereby targeting the protein for destruction in a cell cycle dependent manner,IPR015943,WD40/YVTN repeat-like-containing domain superfamily, This superfamily represents a WD40/YVTN repeat-like domain,.R..L..[LIVM].,VRRPLHPLS,516,524,CCNB1_HUMAN,Homo sapiens,23091007,true positive,18,3,disordered
ELME000231,DEG_APCC_DBOX_1,APCC-binding Destruction motifs,DEG,An RxxL-based motif that binds to the Cdh1 and Cdc20 components of APC/C thereby targeting the protein for destruction in a cell cycle dependent manner,PF00400,WD40,"WD domain, G-beta repeat",.R..L..[LIVM].,VRRPLHPLS,516,524,CCNB_ARBPU,Arbacia punctulata,1846030 8885231,true positive,18,3,disordered
ELME000231,DEG_APCC_DBOX_1,APCC-binding Destruction motifs,DEG,An RxxL-based motif that binds to the Cdh1 and Cdc20 components of APC/C thereby targeting the protein for destruction in a cell cycle dependent manner,IPR015943,WD40/YVTN repeat-like-containing domain superfamily, This superfamily represents a WD40/YVTN repeat-like domain,.R..L..[LIVM].,VRRPLHPLS,516,524,CCNB_ARBPU,Arbacia punctulata,1846030 8885231,true positive,18,3,disordered
ELME000231,DEG_APCC_DBOX_1,APCC-binding Destruction motifs,DEG,An RxxL-based motif that binds to the Cdh1 and Cdc20 components of APC/C thereby targeting the protein for destruction in a cell cycle dependent manner,PF00400,WD40,"WD domain, G-beta repeat",.R..L..[LIVM].,VRRPLHPLS,516,524,FBX5_HUMAN,Homo sapiens,23707760 16921029 23708605 26083744 35634770,true positive,18,3,disordered
ELME000231,DEG_APCC_DBOX_1,APCC-binding Destruction motifs,DEG,An RxxL-based motif that binds to the Cdh1 and Cdc20 components of APC/C thereby targeting the protein for destruction in a cell cycle dependent manner,IPR015943,WD40/YVTN repeat-like-containing domain superfamily, This superfamily represents a WD40/YVTN repeat-like domain,.R..L..[LIVM].,VRRPLHPLS,516,524,FBX5_HUMAN,Homo sapiens,23707760 16921029 23708605 26083744 35634770,true positive,18,3,disordered
ELME000231,DEG_APCC_DBOX_1,APCC-binding Destruction motifs,DEG,An RxxL-based motif that binds to the Cdh1 and Cdc20 components of APC/C thereby targeting the protein for destruction in a cell cycle dependent manner,PF00400,WD40,"WD domain, G-beta repeat",.R..L..[LIVM].,VRRPLHPLS,516,524,HSL1_YEAST,Saccharomyces cerevisiae,23707760 11562348 23708605 18596038 18519589,true positive,18,3,disordered
ELME000231,DEG_APCC_DBOX_1,APCC-binding Destruction motifs,DEG,An RxxL-based motif that binds to the Cdh1 and Cdc20 components of APC/C thereby targeting the protein for destruction in a cell cycle dependent manner,IPR015943,WD40/YVTN repeat-like-containing domain superfamily, This superfamily represents a WD40/YVTN repeat-like domain,.R..L..[LIVM].,VRRPLHPLS,516,524,HSL1_YEAST,Saccharomyces cerevisiae,23707760 11562348 23708605 18596038 18519589,true positive,18,3,disordered
ELME000231,DEG_APCC_DBOX_1,APCC-binding Destruction motifs,DEG,An RxxL-based motif that binds to the Cdh1 and Cdc20 components of APC/C thereby targeting the protein for destruction in a cell cycle dependent manner,PF00400,WD40,"WD domain, G-beta repeat",.R..L..[LIVM].,VRRPLHPLS,516,524,ID2_HUMAN,Homo sapiens,16810178,true positive,18,3,disordered
ELME000231,DEG_APCC_DBOX_1,APCC-binding Destruction motifs,DEG,An RxxL-based motif that binds to the Cdh1 and Cdc20 components of APC/C thereby targeting the protein for destruction in a cell cycle dependent manner,IPR015943,WD40/YVTN repeat-like-containing domain superfamily, This superfamily represents a WD40/YVTN repeat-like domain,.R..L..[LIVM].,VRRPLHPLS,516,524,ID2_HUMAN,Homo sapiens,16810178,true positive,18,3,disordered
ELME000231,DEG_APCC_DBOX_1,APCC-binding Destruction motifs,DEG,An RxxL-based motif that binds to the Cdh1 and Cdc20 components of APC/C thereby targeting the protein for destruction in a cell cycle dependent manner,PF00400,WD40,"WD domain, G-beta repeat",.R..L..[LIVM].,VRRPLHPLS,516,524,MES1_SCHPO,Schizosaccharomyces pombe 972h-,23707760 21389117 18331722,true positive,18,3,disordered
ELME000231,DEG_APCC_DBOX_1,APCC-binding Destruction motifs,DEG,An RxxL-based motif that binds to the Cdh1 and Cdc20 components of APC/C thereby targeting the protein for destruction in a cell cycle dependent manner,IPR015943,WD40/YVTN repeat-like-containing domain superfamily, This superfamily represents a WD40/YVTN repeat-like domain,.R..L..[LIVM].,VRRPLHPLS,516,524,MES1_SCHPO,Schizosaccharomyces pombe 972h-,23707760 21389117 18331722,true positive,18,3,disordered
ELME000231,DEG_APCC_DBOX_1,APCC-binding Destruction motifs,DEG,An RxxL-based motif that binds to the Cdh1 and Cdc20 components of APC/C thereby targeting the protein for destruction in a cell cycle dependent manner,PF00400,WD40,"WD domain, G-beta repeat",.R..L..[LIVM].,VRRPLHPLS,516,524,MPS1_YEAST,Saccharomyces cerevisiae S288c,20729194 18519589,true positive,18,3,disordered
ELME000231,DEG_APCC_DBOX_1,APCC-binding Destruction motifs,DEG,An RxxL-based motif that binds to the Cdh1 and Cdc20 components of APC/C thereby targeting the protein for destruction in a cell cycle dependent manner,IPR015943,WD40/YVTN repeat-like-containing domain superfamily, This superfamily represents a WD40/YVTN repeat-like domain,.R..L..[LIVM].,VRRPLHPLS,516,524,MPS1_YEAST,Saccharomyces cerevisiae S288c,20729194 18519589,true positive,18,3,disordered
ELME000231,DEG_APCC_DBOX_1,APCC-binding Destruction motifs,DEG,An RxxL-based motif that binds to the Cdh1 and Cdc20 components of APC/C thereby targeting the protein for destruction in a cell cycle dependent manner,PF00400,WD40,"WD domain, G-beta repeat",.R..L..[LIVM].,VRRPLHPLS,516,524,O93355_XENLA,Xenopus laevis,9635433,true positive,18,3,disordered
ELME000231,DEG_APCC_DBOX_1,APCC-binding Destruction motifs,DEG,An RxxL-based motif that binds to the Cdh1 and Cdc20 components of APC/C thereby targeting the protein for destruction in a cell cycle dependent manner,IPR015943,WD40/YVTN repeat-like-containing domain superfamily, This superfamily represents a WD40/YVTN repeat-like domain,.R..L..[LIVM].,VRRPLHPLS,516,524,O93355_XENLA,Xenopus laevis,9635433,true positive,18,3,disordered
ELME000231,DEG_APCC_DBOX_1,APCC-binding Destruction motifs,DEG,An RxxL-based motif that binds to the Cdh1 and Cdc20 components of APC/C thereby targeting the protein for destruction in a cell cycle dependent manner,PF00400,WD40,"WD domain, G-beta repeat",.R..L..[LIVM].,VRRPLHPLS,516,524,PLK1_HUMAN,Homo sapiens,14734534,true positive,18,3,disordered
ELME000231,DEG_APCC_DBOX_1,APCC-binding Destruction motifs,DEG,An RxxL-based motif that binds to the Cdh1 and Cdc20 components of APC/C thereby targeting the protein for destruction in a cell cycle dependent manner,IPR015943,WD40/YVTN repeat-like-containing domain superfamily, This superfamily represents a WD40/YVTN repeat-like domain,.R..L..[LIVM].,VRRPLHPLS,516,524,PLK1_HUMAN,Homo sapiens,14734534,true positive,18,3,disordered
ELME000231,DEG_APCC_DBOX_1,APCC-binding Destruction motifs,DEG,An RxxL-based motif that binds to the Cdh1 and Cdc20 components of APC/C thereby targeting the protein for destruction in a cell cycle dependent manner,PF00400,WD40,"WD domain, G-beta repeat",.R..L..[LIVM].,VRRPLHPLS,516,524,Q9IA80_XENLA,Xenopus laevis,10411507,true positive,18,3,disordered
ELME000231,DEG_APCC_DBOX_1,APCC-binding Destruction motifs,DEG,An RxxL-based motif that binds to the Cdh1 and Cdc20 components of APC/C thereby targeting the protein for destruction in a cell cycle dependent manner,IPR015943,WD40/YVTN repeat-like-containing domain superfamily, This superfamily represents a WD40/YVTN repeat-like domain,.R..L..[LIVM].,VRRPLHPLS,516,524,Q9IA80_XENLA,Xenopus laevis,10411507,true positive,18,3,disordered
ELME000231,DEG_APCC_DBOX_1,APCC-binding Destruction motifs,DEG,An RxxL-based motif that binds to the Cdh1 and Cdc20 components of APC/C thereby targeting the protein for destruction in a cell cycle dependent manner,PF00400,WD40,"WD domain, G-beta repeat",.R..L..[LIVM].,VRRPLHPLS,516,524,Q9M2R1_ARATH,Arabidopsis thaliana,23707760 22844260,true positive,18,3,disordered
ELME000231,DEG_APCC_DBOX_1,APCC-binding Destruction motifs,DEG,An RxxL-based motif that binds to the Cdh1 and Cdc20 components of APC/C thereby targeting the protein for destruction in a cell cycle dependent manner,IPR015943,WD40/YVTN repeat-like-containing domain superfamily, This superfamily represents a WD40/YVTN repeat-like domain,.R..L..[LIVM].,VRRPLHPLS,516,524,Q9M2R1_ARATH,Arabidopsis thaliana,23707760 22844260,true positive,18,3,disordered
ELME000231,DEG_APCC_DBOX_1,APCC-binding Destruction motifs,DEG,An RxxL-based motif that binds to the Cdh1 and Cdc20 components of APC/C thereby targeting the protein for destruction in a cell cycle dependent manner,PF00400,WD40,"WD domain, G-beta repeat",.R..L..[LIVM].,VRRPLHPLS,516,524,SKP2_HUMAN,Homo sapiens,15014503,true positive,18,3,disordered
ELME000231,DEG_APCC_DBOX_1,APCC-binding Destruction motifs,DEG,An RxxL-based motif that binds to the Cdh1 and Cdc20 components of APC/C thereby targeting the protein for destruction in a cell cycle dependent manner,IPR015943,WD40/YVTN repeat-like-containing domain superfamily, This superfamily represents a WD40/YVTN repeat-like domain,.R..L..[LIVM].,VRRPLHPLS,516,524,SKP2_HUMAN,Homo sapiens,15014503,true positive,18,3,disordered
ELME000388,DEG_SPOP_SBC_1,SPOP SBC docking motif,DEG,"The S/T rich motif known as the SPOP-binding consensus (SBC) of the MATH-BTB protein, SPOP, is present in substrates that undergo SPOP/Cul3-dependant ubiquitination.",PF00917,MATH,MATH domain,[AVP].[ST][ST][ST],VQSTS,451,455,CI_DROME,Drosophila melanogaster,19818708,true positive,8,6,disordered
ELME000388,DEG_SPOP_SBC_1,SPOP SBC docking motif,DEG,"The S/T rich motif known as the SPOP-binding consensus (SBC) of the MATH-BTB protein, SPOP, is present in substrates that undergo SPOP/Cul3-dependant ubiquitination.",PF00917,MATH,MATH domain,[AVP].[ST][ST][ST],VQSTS,451,455,DAXX_HUMAN,Homo sapiens,19818708,true positive,8,6,disordered
ELME000388,DEG_SPOP_SBC_1,SPOP SBC docking motif,DEG,"The S/T rich motif known as the SPOP-binding consensus (SBC) of the MATH-BTB protein, SPOP, is present in substrates that undergo SPOP/Cul3-dependant ubiquitination.",PF00917,MATH,MATH domain,[AVP].[ST][ST][ST],VQSTS,451,455,H2AY_HUMAN,Homo sapiens,19818708,true positive,8,6,disordered
ELME000388,DEG_SPOP_SBC_1,SPOP SBC docking motif,DEG,"The S/T rich motif known as the SPOP-binding consensus (SBC) of the MATH-BTB protein, SPOP, is present in substrates that undergo SPOP/Cul3-dependant ubiquitination.",PF00917,MATH,MATH domain,[AVP].[ST][ST][ST],VQSTS,451,455,Q9VHV8_DROME,Drosophila melanogaster,19818708,true positive,8,6,disordered
ELME000358,DOC_CKS1_1,Cks1 ligand,DOC,Phospho-dependent motif that mediates docking of CDK substrates and regulators to cyclin-CDK-bound Cks1.,PF01111,CKS,Cyclin-dependent kinase regulatory subunit,[MPVLIFWYQ].(T)P..,FRTPPI,441,446,CDC6_YEAST,Saccharomyces cerevisiae,24186063,true positive,8,1,disordered
ELME000358,DOC_CKS1_1,Cks1 ligand,DOC,Phospho-dependent motif that mediates docking of CDK substrates and regulators to cyclin-CDK-bound Cks1.,PF01111,CKS,Cyclin-dependent kinase regulatory subunit,[MPVLIFWYQ].(T)P..,FRTPPI,441,446,SIC1_YEAST,Saccharomyces cerevisiae S288c,24186061 24186063,true positive,8,1,disordered
ELME000358,DOC_CKS1_1,Cks1 ligand,DOC,Phospho-dependent motif that mediates docking of CDK substrates and regulators to cyclin-CDK-bound Cks1.,PF01111,CKS,Cyclin-dependent kinase regulatory subunit,[MPVLIFWYQ].(T)P..,FRTPPI,441,446,SIC1_YEAST,Saccharomyces cerevisiae S288c,24186061,true positive,8,1,disordered
ELME000358,DOC_CKS1_1,Cks1 ligand,DOC,Phospho-dependent motif that mediates docking of CDK substrates and regulators to cyclin-CDK-bound Cks1.,PF01111,CKS,Cyclin-dependent kinase regulatory subunit,[MPVLIFWYQ].(T)P..,FRTPPI,441,446,SWE1_YEAST,Saccharomyces cerevisiae S288c,24186063,true positive,8,1,disordered
ELME000358,DOC_CKS1_1,Cks1 ligand,DOC,Phospho-dependent motif that mediates docking of CDK substrates and regulators to cyclin-CDK-bound Cks1.,PF01111,CKS,Cyclin-dependent kinase regulatory subunit,[MPVLIFWYQ].(T)P..,FRTPPV,506,511,CDC6_YEAST,Saccharomyces cerevisiae,24186063,true positive,8,1,disordered
ELME000358,DOC_CKS1_1,Cks1 ligand,DOC,Phospho-dependent motif that mediates docking of CDK substrates and regulators to cyclin-CDK-bound Cks1.,PF01111,CKS,Cyclin-dependent kinase regulatory subunit,[MPVLIFWYQ].(T)P..,FRTPPV,506,511,SIC1_YEAST,Saccharomyces cerevisiae S288c,24186061 24186063,true positive,8,1,disordered
ELME000358,DOC_CKS1_1,Cks1 ligand,DOC,Phospho-dependent motif that mediates docking of CDK substrates and regulators to cyclin-CDK-bound Cks1.,PF01111,CKS,Cyclin-dependent kinase regulatory subunit,[MPVLIFWYQ].(T)P..,FRTPPV,506,511,SIC1_YEAST,Saccharomyces cerevisiae S288c,24186061,true positive,8,1,disordered
ELME000358,DOC_CKS1_1,Cks1 ligand,DOC,Phospho-dependent motif that mediates docking of CDK substrates and regulators to cyclin-CDK-bound Cks1.,PF01111,CKS,Cyclin-dependent kinase regulatory subunit,[MPVLIFWYQ].(T)P..,FRTPPV,506,511,SWE1_YEAST,Saccharomyces cerevisiae S288c,24186063,true positive,8,1,disordered
ELME000477,DOC_PP4_FxxP_1,PP4 EVH1-binding docking motifs,DOC,The FxxP-like docking motif recognized by the EVH1 domains of the PPP4R3 regulatory subunits of the PP4 holoenzyme,PF00568,WH1,WH1 domain,F..P,FRTP,441,444,CCDC6_HUMAN,Homo sapiens,31585692,true positive,15,0,disordered
ELME000477,DOC_PP4_FxxP_1,PP4 EVH1-binding docking motifs,DOC,The FxxP-like docking motif recognized by the EVH1 domains of the PPP4R3 regulatory subunits of the PP4 holoenzyme,PF00568,WH1,WH1 domain,F..P,FRTP,441,444,CND1_HUMAN,Homo sapiens,31585692,true positive,15,0,disordered
ELME000477,DOC_PP4_FxxP_1,PP4 EVH1-binding docking motifs,DOC,The FxxP-like docking motif recognized by the EVH1 domains of the PPP4R3 regulatory subunits of the PP4 holoenzyme,PF00568,WH1,WH1 domain,F..P,FRTP,441,444,CNTRB_HUMAN,Homo sapiens,31585692,true positive,15,0,disordered
ELME000477,DOC_PP4_FxxP_1,PP4 EVH1-binding docking motifs,DOC,The FxxP-like docking motif recognized by the EVH1 domains of the PPP4R3 regulatory subunits of the PP4 holoenzyme,PF00568,WH1,WH1 domain,F..P,FRTP,441,444,MELK_HUMAN,Homo sapiens,31585692,true positive,15,0,disordered
ELME000477,DOC_PP4_FxxP_1,PP4 EVH1-binding docking motifs,DOC,The FxxP-like docking motif recognized by the EVH1 domains of the PPP4R3 regulatory subunits of the PP4 holoenzyme,PF00568,WH1,WH1 domain,F..P,FRTP,441,444,MPIP1_HUMAN,Homo sapiens,31585692,true positive,15,0,disordered
ELME000477,DOC_PP4_FxxP_1,PP4 EVH1-binding docking motifs,DOC,The FxxP-like docking motif recognized by the EVH1 domains of the PPP4R3 regulatory subunits of the PP4 holoenzyme,PF00568,WH1,WH1 domain,F..P,FRTP,441,444,MPIP2_HUMAN,Homo sapiens,31585692,true positive,15,0,disordered
ELME000477,DOC_PP4_FxxP_1,PP4 EVH1-binding docking motifs,DOC,The FxxP-like docking motif recognized by the EVH1 domains of the PPP4R3 regulatory subunits of the PP4 holoenzyme,PF00568,WH1,WH1 domain,F..P,FRTP,441,444,NADAP_HUMAN,Homo sapiens,31585692,true positive,15,0,disordered
ELME000477,DOC_PP4_FxxP_1,PP4 EVH1-binding docking motifs,DOC,The FxxP-like docking motif recognized by the EVH1 domains of the PPP4R3 regulatory subunits of the PP4 holoenzyme,PF00568,WH1,WH1 domain,F..P,FRTP,441,444,PCDB8_HUMAN,Homo sapiens,31585692,true positive,15,0,disordered
ELME000477,DOC_PP4_FxxP_1,PP4 EVH1-binding docking motifs,DOC,The FxxP-like docking motif recognized by the EVH1 domains of the PPP4R3 regulatory subunits of the PP4 holoenzyme,PF00568,WH1,WH1 domain,F..P,FRTP,441,444,PCDGM_HUMAN,Homo sapiens,31585692,true positive,15,0,disordered
ELME000477,DOC_PP4_FxxP_1,PP4 EVH1-binding docking motifs,DOC,The FxxP-like docking motif recognized by the EVH1 domains of the PPP4R3 regulatory subunits of the PP4 holoenzyme,PF00568,WH1,WH1 domain,F..P,FRTP,441,444,PRP16_HUMAN,Homo sapiens,31585692,true positive,15,0,disordered
ELME000477,DOC_PP4_FxxP_1,PP4 EVH1-binding docking motifs,DOC,The FxxP-like docking motif recognized by the EVH1 domains of the PPP4R3 regulatory subunits of the PP4 holoenzyme,PF00568,WH1,WH1 domain,F..P,FRTP,441,444,Q9VHP9_DROME,Drosophila melanogaster,25562660,true positive,15,0,disordered
ELME000477,DOC_PP4_FxxP_1,PP4 EVH1-binding docking motifs,DOC,The FxxP-like docking motif recognized by the EVH1 domains of the PPP4R3 regulatory subunits of the PP4 holoenzyme,PF00568,WH1,WH1 domain,F..P,FRTP,441,444,SETX_HUMAN,Homo sapiens,31585692,true positive,15,0,disordered
ELME000477,DOC_PP4_FxxP_1,PP4 EVH1-binding docking motifs,DOC,The FxxP-like docking motif recognized by the EVH1 domains of the PPP4R3 regulatory subunits of the PP4 holoenzyme,PF00568,WH1,WH1 domain,F..P,FRTP,441,444,VAV_HUMAN,Homo sapiens,31585692,true positive,15,0,disordered
ELME000477,DOC_PP4_FxxP_1,PP4 EVH1-binding docking motifs,DOC,The FxxP-like docking motif recognized by the EVH1 domains of the PPP4R3 regulatory subunits of the PP4 holoenzyme,PF00568,WH1,WH1 domain,F..P,FRTP,441,444,WAPL_HUMAN,Homo sapiens,31585692,true positive,15,0,disordered
ELME000477,DOC_PP4_FxxP_1,PP4 EVH1-binding docking motifs,DOC,The FxxP-like docking motif recognized by the EVH1 domains of the PPP4R3 regulatory subunits of the PP4 holoenzyme,PF00568,WH1,WH1 domain,F..P,FRTP,441,444,YAP1_HUMAN,Homo sapiens,31585692,true positive,15,0,disordered
ELME000477,DOC_PP4_FxxP_1,PP4 EVH1-binding docking motifs,DOC,The FxxP-like docking motif recognized by the EVH1 domains of the PPP4R3 regulatory subunits of the PP4 holoenzyme,PF00568,WH1,WH1 domain,F..P,FRTP,506,509,CCDC6_HUMAN,Homo sapiens,31585692,true positive,15,0,disordered
ELME000477,DOC_PP4_FxxP_1,PP4 EVH1-binding docking motifs,DOC,The FxxP-like docking motif recognized by the EVH1 domains of the PPP4R3 regulatory subunits of the PP4 holoenzyme,PF00568,WH1,WH1 domain,F..P,FRTP,506,509,CND1_HUMAN,Homo sapiens,31585692,true positive,15,0,disordered
ELME000477,DOC_PP4_FxxP_1,PP4 EVH1-binding docking motifs,DOC,The FxxP-like docking motif recognized by the EVH1 domains of the PPP4R3 regulatory subunits of the PP4 holoenzyme,PF00568,WH1,WH1 domain,F..P,FRTP,506,509,CNTRB_HUMAN,Homo sapiens,31585692,true positive,15,0,disordered
ELME000477,DOC_PP4_FxxP_1,PP4 EVH1-binding docking motifs,DOC,The FxxP-like docking motif recognized by the EVH1 domains of the PPP4R3 regulatory subunits of the PP4 holoenzyme,PF00568,WH1,WH1 domain,F..P,FRTP,506,509,MELK_HUMAN,Homo sapiens,31585692,true positive,15,0,disordered
ELME000477,DOC_PP4_FxxP_1,PP4 EVH1-binding docking motifs,DOC,The FxxP-like docking motif recognized by the EVH1 domains of the PPP4R3 regulatory subunits of the PP4 holoenzyme,PF00568,WH1,WH1 domain,F..P,FRTP,506,509,MPIP1_HUMAN,Homo sapiens,31585692,true positive,15,0,disordered
ELME000477,DOC_PP4_FxxP_1,PP4 EVH1-binding docking motifs,DOC,The FxxP-like docking motif recognized by the EVH1 domains of the PPP4R3 regulatory subunits of the PP4 holoenzyme,PF00568,WH1,WH1 domain,F..P,FRTP,506,509,MPIP2_HUMAN,Homo sapiens,31585692,true positive,15,0,disordered
ELME000477,DOC_PP4_FxxP_1,PP4 EVH1-binding docking motifs,DOC,The FxxP-like docking motif recognized by the EVH1 domains of the PPP4R3 regulatory subunits of the PP4 holoenzyme,PF00568,WH1,WH1 domain,F..P,FRTP,506,509,NADAP_HUMAN,Homo sapiens,31585692,true positive,15,0,disordered
ELME000477,DOC_PP4_FxxP_1,PP4 EVH1-binding docking motifs,DOC,The FxxP-like docking motif recognized by the EVH1 domains of the PPP4R3 regulatory subunits of the PP4 holoenzyme,PF00568,WH1,WH1 domain,F..P,FRTP,506,509,PCDB8_HUMAN,Homo sapiens,31585692,true positive,15,0,disordered
ELME000477,DOC_PP4_FxxP_1,PP4 EVH1-binding docking motifs,DOC,The FxxP-like docking motif recognized by the EVH1 domains of the PPP4R3 regulatory subunits of the PP4 holoenzyme,PF00568,WH1,WH1 domain,F..P,FRTP,506,509,PCDGM_HUMAN,Homo sapiens,31585692,true positive,15,0,disordered
ELME000477,DOC_PP4_FxxP_1,PP4 EVH1-binding docking motifs,DOC,The FxxP-like docking motif recognized by the EVH1 domains of the PPP4R3 regulatory subunits of the PP4 holoenzyme,PF00568,WH1,WH1 domain,F..P,FRTP,506,509,PRP16_HUMAN,Homo sapiens,31585692,true positive,15,0,disordered
ELME000477,DOC_PP4_FxxP_1,PP4 EVH1-binding docking motifs,DOC,The FxxP-like docking motif recognized by the EVH1 domains of the PPP4R3 regulatory subunits of the PP4 holoenzyme,PF00568,WH1,WH1 domain,F..P,FRTP,506,509,Q9VHP9_DROME,Drosophila melanogaster,25562660,true positive,15,0,disordered
ELME000477,DOC_PP4_FxxP_1,PP4 EVH1-binding docking motifs,DOC,The FxxP-like docking motif recognized by the EVH1 domains of the PPP4R3 regulatory subunits of the PP4 holoenzyme,PF00568,WH1,WH1 domain,F..P,FRTP,506,509,SETX_HUMAN,Homo sapiens,31585692,true positive,15,0,disordered
ELME000477,DOC_PP4_FxxP_1,PP4 EVH1-binding docking motifs,DOC,The FxxP-like docking motif recognized by the EVH1 domains of the PPP4R3 regulatory subunits of the PP4 holoenzyme,PF00568,WH1,WH1 domain,F..P,FRTP,506,509,VAV_HUMAN,Homo sapiens,31585692,true positive,15,0,disordered
ELME000477,DOC_PP4_FxxP_1,PP4 EVH1-binding docking motifs,DOC,The FxxP-like docking motif recognized by the EVH1 domains of the PPP4R3 regulatory subunits of the PP4 holoenzyme,PF00568,WH1,WH1 domain,F..P,FRTP,506,509,WAPL_HUMAN,Homo sapiens,31585692,true positive,15,0,disordered
ELME000477,DOC_PP4_FxxP_1,PP4 EVH1-binding docking motifs,DOC,The FxxP-like docking motif recognized by the EVH1 domains of the PPP4R3 regulatory subunits of the PP4 holoenzyme,PF00568,WH1,WH1 domain,F..P,FRTP,506,509,YAP1_HUMAN,Homo sapiens,31585692,true positive,15,0,disordered
ELME000239,DOC_USP7_MATH_1,USP7 binding motif,DOC,The USP7 MATH domain binding motif variant based on the MDM2 and p53 interactions.,PF00917,MATH,MATH domain,[PA][^P][^FYWIL]S[^P],AAESI,340,344,MDM2_HUMAN,Homo sapiens,16474402,true positive,10,6,disordered
ELME000239,DOC_USP7_MATH_1,USP7 binding motif,DOC,The USP7 MATH domain binding motif variant based on the MDM2 and p53 interactions.,PF00917,MATH,MATH domain,[PA][^P][^FYWIL]S[^P],AAESI,340,344,MDM2_HUMAN,Homo sapiens,16402859,true positive,10,6,disordered
ELME000239,DOC_USP7_MATH_1,USP7 binding motif,DOC,The USP7 MATH domain binding motif variant based on the MDM2 and p53 interactions.,PF00917,MATH,MATH domain,[PA][^P][^FYWIL]S[^P],AAESI,340,344,MDM2_HUMAN,Homo sapiens,20713061,true positive,10,6,disordered
ELME000239,DOC_USP7_MATH_1,USP7 binding motif,DOC,The USP7 MATH domain binding motif variant based on the MDM2 and p53 interactions.,PF00917,MATH,MATH domain,[PA][^P][^FYWIL]S[^P],AAESI,340,344,MDM4_HUMAN,Homo sapiens,20713061,true positive,10,6,disordered
ELME000239,DOC_USP7_MATH_1,USP7 binding motif,DOC,The USP7 MATH domain binding motif variant based on the MDM2 and p53 interactions.,PF00917,MATH,MATH domain,[PA][^P][^FYWIL]S[^P],AAESI,340,344,P53_HUMAN,Homo sapiens,16474402 16402859,true positive,10,6,disordered
ELME000239,DOC_USP7_MATH_1,USP7 binding motif,DOC,The USP7 MATH domain binding motif variant based on the MDM2 and p53 interactions.,PF00917,MATH,MATH domain,[PA][^P][^FYWIL]S[^P],AAESI,340,344,P53_HUMAN,Homo sapiens,16474402,true positive,10,6,disordered
ELME000239,DOC_USP7_MATH_1,USP7 binding motif,DOC,The USP7 MATH domain binding motif variant based on the MDM2 and p53 interactions.,PF00917,MATH,MATH domain,[PA][^P][^FYWIL]S[^P],ALESC,463,467,MDM2_HUMAN,Homo sapiens,16474402,true positive,10,6,disordered
ELME000239,DOC_USP7_MATH_1,USP7 binding motif,DOC,The USP7 MATH domain binding motif variant based on the MDM2 and p53 interactions.,PF00917,MATH,MATH domain,[PA][^P][^FYWIL]S[^P],ALESC,463,467,MDM2_HUMAN,Homo sapiens,16402859,true positive,10,6,disordered
ELME000239,DOC_USP7_MATH_1,USP7 binding motif,DOC,The USP7 MATH domain binding motif variant based on the MDM2 and p53 interactions.,PF00917,MATH,MATH domain,[PA][^P][^FYWIL]S[^P],ALESC,463,467,MDM2_HUMAN,Homo sapiens,20713061,true positive,10,6,disordered
ELME000239,DOC_USP7_MATH_1,USP7 binding motif,DOC,The USP7 MATH domain binding motif variant based on the MDM2 and p53 interactions.,PF00917,MATH,MATH domain,[PA][^P][^FYWIL]S[^P],ALESC,463,467,MDM4_HUMAN,Homo sapiens,20713061,true positive,10,6,disordered
ELME000239,DOC_USP7_MATH_1,USP7 binding motif,DOC,The USP7 MATH domain binding motif variant based on the MDM2 and p53 interactions.,PF00917,MATH,MATH domain,[PA][^P][^FYWIL]S[^P],ALESC,463,467,P53_HUMAN,Homo sapiens,16474402 16402859,true positive,10,6,disordered
ELME000239,DOC_USP7_MATH_1,USP7 binding motif,DOC,The USP7 MATH domain binding motif variant based on the MDM2 and p53 interactions.,PF00917,MATH,MATH domain,[PA][^P][^FYWIL]S[^P],ALESC,463,467,P53_HUMAN,Homo sapiens,16474402,true positive,10,6,disordered
ELME000239,DOC_USP7_MATH_1,USP7 binding motif,DOC,The USP7 MATH domain binding motif variant based on the MDM2 and p53 interactions.,PF00917,MATH,MATH domain,[PA][^P][^FYWIL]S[^P],PLSSR,522,526,MDM2_HUMAN,Homo sapiens,16474402,true positive,10,6,disordered
ELME000239,DOC_USP7_MATH_1,USP7 binding motif,DOC,The USP7 MATH domain binding motif variant based on the MDM2 and p53 interactions.,PF00917,MATH,MATH domain,[PA][^P][^FYWIL]S[^P],PLSSR,522,526,MDM2_HUMAN,Homo sapiens,16402859,true positive,10,6,disordered
ELME000239,DOC_USP7_MATH_1,USP7 binding motif,DOC,The USP7 MATH domain binding motif variant based on the MDM2 and p53 interactions.,PF00917,MATH,MATH domain,[PA][^P][^FYWIL]S[^P],PLSSR,522,526,MDM2_HUMAN,Homo sapiens,20713061,true positive,10,6,disordered
ELME000239,DOC_USP7_MATH_1,USP7 binding motif,DOC,The USP7 MATH domain binding motif variant based on the MDM2 and p53 interactions.,PF00917,MATH,MATH domain,[PA][^P][^FYWIL]S[^P],PLSSR,522,526,MDM4_HUMAN,Homo sapiens,20713061,true positive,10,6,disordered
ELME000239,DOC_USP7_MATH_1,USP7 binding motif,DOC,The USP7 MATH domain binding motif variant based on the MDM2 and p53 interactions.,PF00917,MATH,MATH domain,[PA][^P][^FYWIL]S[^P],PLSSR,522,526,P53_HUMAN,Homo sapiens,16474402 16402859,true positive,10,6,disordered
ELME000239,DOC_USP7_MATH_1,USP7 binding motif,DOC,The USP7 MATH domain binding motif variant based on the MDM2 and p53 interactions.,PF00917,MATH,MATH domain,[PA][^P][^FYWIL]S[^P],PLSSR,522,526,P53_HUMAN,Homo sapiens,16474402,true positive,10,6,disordered
ELME000136,DOC_WW_Pin1_4,WW domain ligands,DOC,The Class IV WW domain interaction motif is recognised primarily by the Pin1 phosphorylation-dependent prolyl isomerase.,PF00397,WW,WW domain,...([ST])P.,LEESPE,352,357,A4_HUMAN,Homo sapiens,16139797,true positive,96,1,disordered
ELME000136,DOC_WW_Pin1_4,WW domain ligands,DOC,The Class IV WW domain interaction motif is recognised primarily by the Pin1 phosphorylation-dependent prolyl isomerase.,PF00397,WW,WW domain,...([ST])P.,LEESPE,352,357,A4_HUMAN,Homo sapiens,19602287,true positive,96,1,disordered
ELME000136,DOC_WW_Pin1_4,WW domain ligands,DOC,The Class IV WW domain interaction motif is recognised primarily by the Pin1 phosphorylation-dependent prolyl isomerase.,PF00397,WW,WW domain,...([ST])P.,LEESPE,352,357,AATF_HUMAN,Homo sapiens,17468107,true positive,96,1,disordered
ELME000136,DOC_WW_Pin1_4,WW domain ligands,DOC,The Class IV WW domain interaction motif is recognised primarily by the Pin1 phosphorylation-dependent prolyl isomerase.,PF00397,WW,WW domain,...([ST])P.,LEESPE,352,357,AGL24_ARATH,Arabidopsis thaliana,20129060,true positive,96,1,disordered
ELME000136,DOC_WW_Pin1_4,WW domain ligands,DOC,The Class IV WW domain interaction motif is recognised primarily by the Pin1 phosphorylation-dependent prolyl isomerase.,PF00397,WW,WW domain,...([ST])P.,LEESPE,352,357,AKT1_HUMAN,Homo sapiens,19448664,true positive,96,1,disordered
ELME000136,DOC_WW_Pin1_4,WW domain ligands,DOC,The Class IV WW domain interaction motif is recognised primarily by the Pin1 phosphorylation-dependent prolyl isomerase.,PF00397,WW,WW domain,...([ST])P.,LEESPE,352,357,ARBK1_MOUSE,Mus musculus,20080565,true positive,96,1,disordered
ELME000136,DOC_WW_Pin1_4,WW domain ligands,DOC,The Class IV WW domain interaction motif is recognised primarily by the Pin1 phosphorylation-dependent prolyl isomerase.,PF00397,WW,WW domain,...([ST])P.,LEESPE,352,357,B2L11_MOUSE,Mus musculus,1650491,true positive,96,1,disordered
ELME000136,DOC_WW_Pin1_4,WW domain ligands,DOC,The Class IV WW domain interaction motif is recognised primarily by the Pin1 phosphorylation-dependent prolyl isomerase.,PF00397,WW,WW domain,...([ST])P.,LEESPE,352,357,BTG2_HUMAN,Homo sapiens,15788397,true positive,96,1,disordered
ELME000136,DOC_WW_Pin1_4,WW domain ligands,DOC,The Class IV WW domain interaction motif is recognised primarily by the Pin1 phosphorylation-dependent prolyl isomerase.,PF00397,WW,WW domain,...([ST])P.,LEESPE,352,357,BTK_MOUSE,Mus musculus,16644721,true positive,96,1,disordered
ELME000136,DOC_WW_Pin1_4,WW domain ligands,DOC,The Class IV WW domain interaction motif is recognised primarily by the Pin1 phosphorylation-dependent prolyl isomerase.,PF00397,WW,WW domain,...([ST])P.,LEESPE,352,357,CCND1_MOUSE,Mus musculus,11805292,true positive,96,1,disordered
ELME000136,DOC_WW_Pin1_4,WW domain ligands,DOC,The Class IV WW domain interaction motif is recognised primarily by the Pin1 phosphorylation-dependent prolyl isomerase.,PF00397,WW,WW domain,...([ST])P.,LEESPE,352,357,CCNE1_MOUSE,Mus musculus,16223725,true positive,96,1,disordered
ELME000136,DOC_WW_Pin1_4,WW domain ligands,DOC,The Class IV WW domain interaction motif is recognised primarily by the Pin1 phosphorylation-dependent prolyl isomerase.,PF00397,WW,WW domain,...([ST])P.,LEESPE,352,357,CDN1B_HUMAN,Homo sapiens,19584057,true positive,96,1,disordered
ELME000136,DOC_WW_Pin1_4,WW domain ligands,DOC,The Class IV WW domain interaction motif is recognised primarily by the Pin1 phosphorylation-dependent prolyl isomerase.,PF00397,WW,WW domain,...([ST])P.,LEESPE,352,357,CEP55_MOUSE,Mus musculus,19638580,true positive,96,1,disordered
ELME000136,DOC_WW_Pin1_4,WW domain ligands,DOC,The Class IV WW domain interaction motif is recognised primarily by the Pin1 phosphorylation-dependent prolyl isomerase.,PF00397,WW,WW domain,...([ST])P.,LEESPE,352,357,CRTC2_MOUSE,Mus musculus,20675384,true positive,96,1,disordered
ELME000136,DOC_WW_Pin1_4,WW domain ligands,DOC,The Class IV WW domain interaction motif is recognised primarily by the Pin1 phosphorylation-dependent prolyl isomerase.,PF00397,WW,WW domain,...([ST])P.,LEESPE,352,357,CTNB1_HUMAN,Homo sapiens,11533658,true positive,96,1,disordered
ELME000136,DOC_WW_Pin1_4,WW domain ligands,DOC,The Class IV WW domain interaction motif is recognised primarily by the Pin1 phosphorylation-dependent prolyl isomerase.,PF00397,WW,WW domain,...([ST])P.,LEESPE,352,357,DAXX_HUMAN,Homo sapiens,17938171,true positive,96,1,disordered
ELME000136,DOC_WW_Pin1_4,WW domain ligands,DOC,The Class IV WW domain interaction motif is recognised primarily by the Pin1 phosphorylation-dependent prolyl isomerase.,PF00397,WW,WW domain,...([ST])P.,LEESPE,352,357,FAK1_HUMAN,Homo sapiens,19595712,true positive,96,1,disordered
ELME000136,DOC_WW_Pin1_4,WW domain ligands,DOC,The Class IV WW domain interaction motif is recognised primarily by the Pin1 phosphorylation-dependent prolyl isomerase.,PF00397,WW,WW domain,...([ST])P.,LEESPE,352,357,FAK1_MOUSE,Mus musculus,19595712,true positive,96,1,disordered
ELME000136,DOC_WW_Pin1_4,WW domain ligands,DOC,The Class IV WW domain interaction motif is recognised primarily by the Pin1 phosphorylation-dependent prolyl isomerase.,PF00397,WW,WW domain,...([ST])P.,LEESPE,352,357,FBX5A_XENLA,Xenopus laevis,17159919,true positive,96,1,disordered
ELME000136,DOC_WW_Pin1_4,WW domain ligands,DOC,The Class IV WW domain interaction motif is recognised primarily by the Pin1 phosphorylation-dependent prolyl isomerase.,PF00397,WW,WW domain,...([ST])P.,LEESPE,352,357,FBXW7_HUMAN,Homo sapiens,22608923,true positive,96,1,disordered
ELME000136,DOC_WW_Pin1_4,WW domain ligands,DOC,The Class IV WW domain interaction motif is recognised primarily by the Pin1 phosphorylation-dependent prolyl isomerase.,PF00397,WW,WW domain,...([ST])P.,LEESPE,352,357,FOS_MOUSE,Mus musculus,16123044,true positive,96,1,disordered
ELME000136,DOC_WW_Pin1_4,WW domain ligands,DOC,The Class IV WW domain interaction motif is recognised primarily by the Pin1 phosphorylation-dependent prolyl isomerase.,PF00397,WW,WW domain,...([ST])P.,LEESPE,352,357,FUBP2_HUMAN,Homo sapiens,19770516,true positive,96,1,disordered
ELME000136,DOC_WW_Pin1_4,WW domain ligands,DOC,The Class IV WW domain interaction motif is recognised primarily by the Pin1 phosphorylation-dependent prolyl isomerase.,PF00397,WW,WW domain,...([ST])P.,LEESPE,352,357,GEPH_MOUSE,Mus musculus,17347650,true positive,96,1,disordered
ELME000136,DOC_WW_Pin1_4,WW domain ligands,DOC,The Class IV WW domain interaction motif is recognised primarily by the Pin1 phosphorylation-dependent prolyl isomerase.,PF00397,WW,WW domain,...([ST])P.,LEESPE,352,357,IRF3_HUMAN,Homo sapiens,16699525,true positive,96,1,disordered
ELME000136,DOC_WW_Pin1_4,WW domain ligands,DOC,The Class IV WW domain interaction motif is recognised primarily by the Pin1 phosphorylation-dependent prolyl isomerase.,PF00397,WW,WW domain,...([ST])P.,LEESPE,352,357,IRS1_HUMAN,Homo sapiens,21454638,true positive,96,1,disordered
ELME000136,DOC_WW_Pin1_4,WW domain ligands,DOC,The Class IV WW domain interaction motif is recognised primarily by the Pin1 phosphorylation-dependent prolyl isomerase.,PF00397,WW,WW domain,...([ST])P.,LEESPE,352,357,JUN_HUMAN,Homo sapiens,11432833,true positive,96,1,disordered
ELME000136,DOC_WW_Pin1_4,WW domain ligands,DOC,The Class IV WW domain interaction motif is recognised primarily by the Pin1 phosphorylation-dependent prolyl isomerase.,PF00397,WW,WW domain,...([ST])P.,LEESPE,352,357,KI20B_HUMAN,Homo sapiens,11470801,true positive,96,1,disordered
ELME000136,DOC_WW_Pin1_4,WW domain ligands,DOC,The Class IV WW domain interaction motif is recognised primarily by the Pin1 phosphorylation-dependent prolyl isomerase.,PF00397,WW,WW domain,...([ST])P.,LEESPE,352,357,MEF2C_MOUSE,Mus musculus,20801874,true positive,96,1,disordered
ELME000136,DOC_WW_Pin1_4,WW domain ligands,DOC,The Class IV WW domain interaction motif is recognised primarily by the Pin1 phosphorylation-dependent prolyl isomerase.,PF00397,WW,WW domain,...([ST])P.,LEESPE,352,357,MYB_MOUSE,Mus musculus,18359295,true positive,96,1,disordered
ELME000136,DOC_WW_Pin1_4,WW domain ligands,DOC,The Class IV WW domain interaction motif is recognised primarily by the Pin1 phosphorylation-dependent prolyl isomerase.,PF00397,WW,WW domain,...([ST])P.,LEESPE,352,357,MYC_HUMAN,Homo sapiens,15048125,true positive,96,1,disordered
ELME000136,DOC_WW_Pin1_4,WW domain ligands,DOC,The Class IV WW domain interaction motif is recognised primarily by the Pin1 phosphorylation-dependent prolyl isomerase.,PF00397,WW,WW domain,...([ST])P.,LEESPE,352,357,NANOG_MOUSE,Mus musculus,20622153,true positive,96,1,disordered
ELME000136,DOC_WW_Pin1_4,WW domain ligands,DOC,The Class IV WW domain interaction motif is recognised primarily by the Pin1 phosphorylation-dependent prolyl isomerase.,PF00397,WW,WW domain,...([ST])P.,LEESPE,352,357,NCF1_HUMAN,Homo sapiens,20956805,true positive,96,1,disordered
ELME000136,DOC_WW_Pin1_4,WW domain ligands,DOC,The Class IV WW domain interaction motif is recognised primarily by the Pin1 phosphorylation-dependent prolyl isomerase.,PF00397,WW,WW domain,...([ST])P.,LEESPE,352,357,NCOR2_HUMAN,Homo sapiens,18838553,true positive,96,1,disordered
ELME000136,DOC_WW_Pin1_4,WW domain ligands,DOC,The Class IV WW domain interaction motif is recognised primarily by the Pin1 phosphorylation-dependent prolyl isomerase.,PF00397,WW,WW domain,...([ST])P.,LEESPE,352,357,NEK6_HUMAN,Homo sapiens,16476580,true positive,96,1,disordered
ELME000136,DOC_WW_Pin1_4,WW domain ligands,DOC,The Class IV WW domain interaction motif is recognised primarily by the Pin1 phosphorylation-dependent prolyl isomerase.,PF00397,WW,WW domain,...([ST])P.,LEESPE,352,357,NONO_MOUSE,Mus musculus,15701524,true positive,96,1,disordered
ELME000136,DOC_WW_Pin1_4,WW domain ligands,DOC,The Class IV WW domain interaction motif is recognised primarily by the Pin1 phosphorylation-dependent prolyl isomerase.,PF00397,WW,WW domain,...([ST])P.,LEESPE,352,357,NOTC1_HUMAN,Homo sapiens,19151708,true positive,96,1,disordered
ELME000136,DOC_WW_Pin1_4,WW domain ligands,DOC,The Class IV WW domain interaction motif is recognised primarily by the Pin1 phosphorylation-dependent prolyl isomerase.,PF00397,WW,WW domain,...([ST])P.,LEESPE,352,357,NR4A1_HUMAN,Homo sapiens,22002310,true positive,96,1,disordered
ELME000136,DOC_WW_Pin1_4,WW domain ligands,DOC,The Class IV WW domain interaction motif is recognised primarily by the Pin1 phosphorylation-dependent prolyl isomerase.,PF00397,WW,WW domain,...([ST])P.,LEESPE,352,357,P53_HUMAN,Homo sapiens,12388558,true positive,96,1,disordered
ELME000136,DOC_WW_Pin1_4,WW domain ligands,DOC,The Class IV WW domain interaction motif is recognised primarily by the Pin1 phosphorylation-dependent prolyl isomerase.,PF00397,WW,WW domain,...([ST])P.,LEESPE,352,357,P53_HUMAN,Homo sapiens,12397362,true positive,96,1,disordered
ELME000136,DOC_WW_Pin1_4,WW domain ligands,DOC,The Class IV WW domain interaction motif is recognised primarily by the Pin1 phosphorylation-dependent prolyl isomerase.,PF00397,WW,WW domain,...([ST])P.,LEESPE,352,357,P73_HUMAN,Homo sapiens,15175157,true positive,96,1,disordered
ELME000136,DOC_WW_Pin1_4,WW domain ligands,DOC,The Class IV WW domain interaction motif is recognised primarily by the Pin1 phosphorylation-dependent prolyl isomerase.,PF00397,WW,WW domain,...([ST])P.,LEESPE,352,357,PML_HUMAN,Homo sapiens,18039859,true positive,96,1,disordered
ELME000136,DOC_WW_Pin1_4,WW domain ligands,DOC,The Class IV WW domain interaction motif is recognised primarily by the Pin1 phosphorylation-dependent prolyl isomerase.,PF00397,WW,WW domain,...([ST])P.,LEESPE,352,357,PO5F1_HUMAN,Homo sapiens,21296877,true positive,96,1,disordered
ELME000136,DOC_WW_Pin1_4,WW domain ligands,DOC,The Class IV WW domain interaction motif is recognised primarily by the Pin1 phosphorylation-dependent prolyl isomerase.,PF00397,WW,WW domain,...([ST])P.,LEESPE,352,357,PPARG_HUMAN,Homo sapiens,19996102,true positive,96,1,disordered
ELME000136,DOC_WW_Pin1_4,WW domain ligands,DOC,The Class IV WW domain interaction motif is recognised primarily by the Pin1 phosphorylation-dependent prolyl isomerase.,PF00397,WW,WW domain,...([ST])P.,LEESPE,352,357,RARA_HUMAN,Homo sapiens,15670742,true positive,96,1,disordered
ELME000136,DOC_WW_Pin1_4,WW domain ligands,DOC,The Class IV WW domain interaction motif is recognised primarily by the Pin1 phosphorylation-dependent prolyl isomerase.,PF00397,WW,WW domain,...([ST])P.,LEESPE,352,357,SMAD3_HUMAN,Homo sapiens,19122240 21685363,true positive,96,1,disordered
ELME000136,DOC_WW_Pin1_4,WW domain ligands,DOC,The Class IV WW domain interaction motif is recognised primarily by the Pin1 phosphorylation-dependent prolyl isomerase.,PF00397,WW,WW domain,...([ST])P.,LEESPE,352,357,SMAD3_HUMAN,Homo sapiens,19122240,true positive,96,1,disordered
ELME000136,DOC_WW_Pin1_4,WW domain ligands,DOC,The Class IV WW domain interaction motif is recognised primarily by the Pin1 phosphorylation-dependent prolyl isomerase.,PF00397,WW,WW domain,...([ST])P.,LEESPE,352,357,SNCAP_HUMAN,Homo sapiens,16365047,true positive,96,1,disordered
ELME000136,DOC_WW_Pin1_4,WW domain ligands,DOC,The Class IV WW domain interaction motif is recognised primarily by the Pin1 phosphorylation-dependent prolyl isomerase.,PF00397,WW,WW domain,...([ST])P.,LEESPE,352,357,SOC1_ARATH,Arabidopsis thaliana,20129060,true positive,96,1,disordered
ELME000136,DOC_WW_Pin1_4,WW domain ligands,DOC,The Class IV WW domain interaction motif is recognised primarily by the Pin1 phosphorylation-dependent prolyl isomerase.,PF00397,WW,WW domain,...([ST])P.,LEESPE,352,357,SPT23_YEAST,Saccharomyces cerevisiae S288c,19597489,true positive,96,1,disordered
ELME000136,DOC_WW_Pin1_4,WW domain ligands,DOC,The Class IV WW domain interaction motif is recognised primarily by the Pin1 phosphorylation-dependent prolyl isomerase.,PF00397,WW,WW domain,...([ST])P.,LEESPE,352,357,ST4A1_HUMAN,Homo sapiens,19439498 20920535,true positive,96,1,disordered
ELME000136,DOC_WW_Pin1_4,WW domain ligands,DOC,The Class IV WW domain interaction motif is recognised primarily by the Pin1 phosphorylation-dependent prolyl isomerase.,PF00397,WW,WW domain,...([ST])P.,LEESPE,352,357,STAT3_HUMAN,Homo sapiens,17563747,true positive,96,1,disordered
ELME000136,DOC_WW_Pin1_4,WW domain ligands,DOC,The Class IV WW domain interaction motif is recognised primarily by the Pin1 phosphorylation-dependent prolyl isomerase.,PF00397,WW,WW domain,...([ST])P.,LEESPE,352,357,STF1_MOUSE,Mus musculus,19995909,true positive,96,1,disordered
ELME000136,DOC_WW_Pin1_4,WW domain ligands,DOC,The Class IV WW domain interaction motif is recognised primarily by the Pin1 phosphorylation-dependent prolyl isomerase.,PF00397,WW,WW domain,...([ST])P.,LEESPE,352,357,TAU_HUMAN,Homo sapiens,10391244,true positive,96,1,disordered
ELME000136,DOC_WW_Pin1_4,WW domain ligands,DOC,The Class IV WW domain interaction motif is recognised primarily by the Pin1 phosphorylation-dependent prolyl isomerase.,PF00397,WW,WW domain,...([ST])P.,LEESPE,352,357,TAX_HTL1A,Human T-cell lymphotrophic virus type 1 (strain ATK),19338781,true positive,96,1,disordered
ELME000136,DOC_WW_Pin1_4,WW domain ligands,DOC,The Class IV WW domain interaction motif is recognised primarily by the Pin1 phosphorylation-dependent prolyl isomerase.,PF00397,WW,WW domain,...([ST])P.,LEESPE,352,357,TERF1_HUMAN,Homo sapiens,19060891,true positive,96,1,disordered
ELME000136,DOC_WW_Pin1_4,WW domain ligands,DOC,The Class IV WW domain interaction motif is recognised primarily by the Pin1 phosphorylation-dependent prolyl isomerase.,PF00397,WW,WW domain,...([ST])P.,LEESPE,352,357,TF65_HUMAN,Homo sapiens,14690596,true positive,96,1,disordered
ELME000136,DOC_WW_Pin1_4,WW domain ligands,DOC,The Class IV WW domain interaction motif is recognised primarily by the Pin1 phosphorylation-dependent prolyl isomerase.,PF00397,WW,WW domain,...([ST])P.,LEESPE,352,357,TFCP2_HUMAN,Homo sapiens,20682773,true positive,96,1,disordered
ELME000136,DOC_WW_Pin1_4,WW domain ligands,DOC,The Class IV WW domain interaction motif is recognised primarily by the Pin1 phosphorylation-dependent prolyl isomerase.,PF00397,WW,WW domain,...([ST])P.,LEESPE,352,357,WEE1B_XENLA,Xenopus laevis,17360425,true positive,96,1,disordered
ELME000136,DOC_WW_Pin1_4,WW domain ligands,DOC,The Class IV WW domain interaction motif is recognised primarily by the Pin1 phosphorylation-dependent prolyl isomerase.,PF00397,WW,WW domain,...([ST])P.,LEESPE,352,357,X_HBVA3,Hepatitis B virus adw2/Rutter/1979,17383430,true positive,96,1,disordered
ELME000136,DOC_WW_Pin1_4,WW domain ligands,DOC,The Class IV WW domain interaction motif is recognised primarily by the Pin1 phosphorylation-dependent prolyl isomerase.,PF00397,WW,WW domain,...([ST])P.,IFRTPP,440,445,A4_HUMAN,Homo sapiens,16139797,true positive,96,1,disordered
ELME000136,DOC_WW_Pin1_4,WW domain ligands,DOC,The Class IV WW domain interaction motif is recognised primarily by the Pin1 phosphorylation-dependent prolyl isomerase.,PF00397,WW,WW domain,...([ST])P.,IFRTPP,440,445,A4_HUMAN,Homo sapiens,19602287,true positive,96,1,disordered
ELME000136,DOC_WW_Pin1_4,WW domain ligands,DOC,The Class IV WW domain interaction motif is recognised primarily by the Pin1 phosphorylation-dependent prolyl isomerase.,PF00397,WW,WW domain,...([ST])P.,IFRTPP,440,445,AATF_HUMAN,Homo sapiens,17468107,true positive,96,1,disordered
ELME000136,DOC_WW_Pin1_4,WW domain ligands,DOC,The Class IV WW domain interaction motif is recognised primarily by the Pin1 phosphorylation-dependent prolyl isomerase.,PF00397,WW,WW domain,...([ST])P.,IFRTPP,440,445,AGL24_ARATH,Arabidopsis thaliana,20129060,true positive,96,1,disordered
ELME000136,DOC_WW_Pin1_4,WW domain ligands,DOC,The Class IV WW domain interaction motif is recognised primarily by the Pin1 phosphorylation-dependent prolyl isomerase.,PF00397,WW,WW domain,...([ST])P.,IFRTPP,440,445,AKT1_HUMAN,Homo sapiens,19448664,true positive,96,1,disordered
ELME000136,DOC_WW_Pin1_4,WW domain ligands,DOC,The Class IV WW domain interaction motif is recognised primarily by the Pin1 phosphorylation-dependent prolyl isomerase.,PF00397,WW,WW domain,...([ST])P.,IFRTPP,440,445,ARBK1_MOUSE,Mus musculus,20080565,true positive,96,1,disordered
ELME000136,DOC_WW_Pin1_4,WW domain ligands,DOC,The Class IV WW domain interaction motif is recognised primarily by the Pin1 phosphorylation-dependent prolyl isomerase.,PF00397,WW,WW domain,...([ST])P.,IFRTPP,440,445,B2L11_MOUSE,Mus musculus,1650491,true positive,96,1,disordered
ELME000136,DOC_WW_Pin1_4,WW domain ligands,DOC,The Class IV WW domain interaction motif is recognised primarily by the Pin1 phosphorylation-dependent prolyl isomerase.,PF00397,WW,WW domain,...([ST])P.,IFRTPP,440,445,BTG2_HUMAN,Homo sapiens,15788397,true positive,96,1,disordered
ELME000136,DOC_WW_Pin1_4,WW domain ligands,DOC,The Class IV WW domain interaction motif is recognised primarily by the Pin1 phosphorylation-dependent prolyl isomerase.,PF00397,WW,WW domain,...([ST])P.,IFRTPP,440,445,BTK_MOUSE,Mus musculus,16644721,true positive,96,1,disordered
ELME000136,DOC_WW_Pin1_4,WW domain ligands,DOC,The Class IV WW domain interaction motif is recognised primarily by the Pin1 phosphorylation-dependent prolyl isomerase.,PF00397,WW,WW domain,...([ST])P.,IFRTPP,440,445,CCND1_MOUSE,Mus musculus,11805292,true positive,96,1,disordered
ELME000136,DOC_WW_Pin1_4,WW domain ligands,DOC,The Class IV WW domain interaction motif is recognised primarily by the Pin1 phosphorylation-dependent prolyl isomerase.,PF00397,WW,WW domain,...([ST])P.,IFRTPP,440,445,CCNE1_MOUSE,Mus musculus,16223725,true positive,96,1,disordered
ELME000136,DOC_WW_Pin1_4,WW domain ligands,DOC,The Class IV WW domain interaction motif is recognised primarily by the Pin1 phosphorylation-dependent prolyl isomerase.,PF00397,WW,WW domain,...([ST])P.,IFRTPP,440,445,CDN1B_HUMAN,Homo sapiens,19584057,true positive,96,1,disordered
ELME000136,DOC_WW_Pin1_4,WW domain ligands,DOC,The Class IV WW domain interaction motif is recognised primarily by the Pin1 phosphorylation-dependent prolyl isomerase.,PF00397,WW,WW domain,...([ST])P.,IFRTPP,440,445,CEP55_MOUSE,Mus musculus,19638580,true positive,96,1,disordered
ELME000136,DOC_WW_Pin1_4,WW domain ligands,DOC,The Class IV WW domain interaction motif is recognised primarily by the Pin1 phosphorylation-dependent prolyl isomerase.,PF00397,WW,WW domain,...([ST])P.,IFRTPP,440,445,CRTC2_MOUSE,Mus musculus,20675384,true positive,96,1,disordered
ELME000136,DOC_WW_Pin1_4,WW domain ligands,DOC,The Class IV WW domain interaction motif is recognised primarily by the Pin1 phosphorylation-dependent prolyl isomerase.,PF00397,WW,WW domain,...([ST])P.,IFRTPP,440,445,CTNB1_HUMAN,Homo sapiens,11533658,true positive,96,1,disordered
ELME000136,DOC_WW_Pin1_4,WW domain ligands,DOC,The Class IV WW domain interaction motif is recognised primarily by the Pin1 phosphorylation-dependent prolyl isomerase.,PF00397,WW,WW domain,...([ST])P.,IFRTPP,440,445,DAXX_HUMAN,Homo sapiens,17938171,true positive,96,1,disordered
ELME000136,DOC_WW_Pin1_4,WW domain ligands,DOC,The Class IV WW domain interaction motif is recognised primarily by the Pin1 phosphorylation-dependent prolyl isomerase.,PF00397,WW,WW domain,...([ST])P.,IFRTPP,440,445,FAK1_HUMAN,Homo sapiens,19595712,true positive,96,1,disordered
ELME000136,DOC_WW_Pin1_4,WW domain ligands,DOC,The Class IV WW domain interaction motif is recognised primarily by the Pin1 phosphorylation-dependent prolyl isomerase.,PF00397,WW,WW domain,...([ST])P.,IFRTPP,440,445,FAK1_MOUSE,Mus musculus,19595712,true positive,96,1,disordered
ELME000136,DOC_WW_Pin1_4,WW domain ligands,DOC,The Class IV WW domain interaction motif is recognised primarily by the Pin1 phosphorylation-dependent prolyl isomerase.,PF00397,WW,WW domain,...([ST])P.,IFRTPP,440,445,FBX5A_XENLA,Xenopus laevis,17159919,true positive,96,1,disordered
ELME000136,DOC_WW_Pin1_4,WW domain ligands,DOC,The Class IV WW domain interaction motif is recognised primarily by the Pin1 phosphorylation-dependent prolyl isomerase.,PF00397,WW,WW domain,...([ST])P.,IFRTPP,440,445,FBXW7_HUMAN,Homo sapiens,22608923,true positive,96,1,disordered
ELME000136,DOC_WW_Pin1_4,WW domain ligands,DOC,The Class IV WW domain interaction motif is recognised primarily by the Pin1 phosphorylation-dependent prolyl isomerase.,PF00397,WW,WW domain,...([ST])P.,IFRTPP,440,445,FOS_MOUSE,Mus musculus,16123044,true positive,96,1,disordered
ELME000136,DOC_WW_Pin1_4,WW domain ligands,DOC,The Class IV WW domain interaction motif is recognised primarily by the Pin1 phosphorylation-dependent prolyl isomerase.,PF00397,WW,WW domain,...([ST])P.,IFRTPP,440,445,FUBP2_HUMAN,Homo sapiens,19770516,true positive,96,1,disordered
ELME000136,DOC_WW_Pin1_4,WW domain ligands,DOC,The Class IV WW domain interaction motif is recognised primarily by the Pin1 phosphorylation-dependent prolyl isomerase.,PF00397,WW,WW domain,...([ST])P.,IFRTPP,440,445,GEPH_MOUSE,Mus musculus,17347650,true positive,96,1,disordered
ELME000136,DOC_WW_Pin1_4,WW domain ligands,DOC,The Class IV WW domain interaction motif is recognised primarily by the Pin1 phosphorylation-dependent prolyl isomerase.,PF00397,WW,WW domain,...([ST])P.,IFRTPP,440,445,IRF3_HUMAN,Homo sapiens,16699525,true positive,96,1,disordered
ELME000136,DOC_WW_Pin1_4,WW domain ligands,DOC,The Class IV WW domain interaction motif is recognised primarily by the Pin1 phosphorylation-dependent prolyl isomerase.,PF00397,WW,WW domain,...([ST])P.,IFRTPP,440,445,IRS1_HUMAN,Homo sapiens,21454638,true positive,96,1,disordered
ELME000136,DOC_WW_Pin1_4,WW domain ligands,DOC,The Class IV WW domain interaction motif is recognised primarily by the Pin1 phosphorylation-dependent prolyl isomerase.,PF00397,WW,WW domain,...([ST])P.,IFRTPP,440,445,JUN_HUMAN,Homo sapiens,11432833,true positive,96,1,disordered
ELME000136,DOC_WW_Pin1_4,WW domain ligands,DOC,The Class IV WW domain interaction motif is recognised primarily by the Pin1 phosphorylation-dependent prolyl isomerase.,PF00397,WW,WW domain,...([ST])P.,IFRTPP,440,445,KI20B_HUMAN,Homo sapiens,11470801,true positive,96,1,disordered
ELME000136,DOC_WW_Pin1_4,WW domain ligands,DOC,The Class IV WW domain interaction motif is recognised primarily by the Pin1 phosphorylation-dependent prolyl isomerase.,PF00397,WW,WW domain,...([ST])P.,IFRTPP,440,445,MEF2C_MOUSE,Mus musculus,20801874,true positive,96,1,disordered
ELME000136,DOC_WW_Pin1_4,WW domain ligands,DOC,The Class IV WW domain interaction motif is recognised primarily by the Pin1 phosphorylation-dependent prolyl isomerase.,PF00397,WW,WW domain,...([ST])P.,IFRTPP,440,445,MYB_MOUSE,Mus musculus,18359295,true positive,96,1,disordered
ELME000136,DOC_WW_Pin1_4,WW domain ligands,DOC,The Class IV WW domain interaction motif is recognised primarily by the Pin1 phosphorylation-dependent prolyl isomerase.,PF00397,WW,WW domain,...([ST])P.,IFRTPP,440,445,MYC_HUMAN,Homo sapiens,15048125,true positive,96,1,disordered
ELME000136,DOC_WW_Pin1_4,WW domain ligands,DOC,The Class IV WW domain interaction motif is recognised primarily by the Pin1 phosphorylation-dependent prolyl isomerase.,PF00397,WW,WW domain,...([ST])P.,IFRTPP,440,445,NANOG_MOUSE,Mus musculus,20622153,true positive,96,1,disordered
ELME000136,DOC_WW_Pin1_4,WW domain ligands,DOC,The Class IV WW domain interaction motif is recognised primarily by the Pin1 phosphorylation-dependent prolyl isomerase.,PF00397,WW,WW domain,...([ST])P.,IFRTPP,440,445,NCF1_HUMAN,Homo sapiens,20956805,true positive,96,1,disordered
ELME000136,DOC_WW_Pin1_4,WW domain ligands,DOC,The Class IV WW domain interaction motif is recognised primarily by the Pin1 phosphorylation-dependent prolyl isomerase.,PF00397,WW,WW domain,...([ST])P.,IFRTPP,440,445,NCOR2_HUMAN,Homo sapiens,18838553,true positive,96,1,disordered
ELME000136,DOC_WW_Pin1_4,WW domain ligands,DOC,The Class IV WW domain interaction motif is recognised primarily by the Pin1 phosphorylation-dependent prolyl isomerase.,PF00397,WW,WW domain,...([ST])P.,IFRTPP,440,445,NEK6_HUMAN,Homo sapiens,16476580,true positive,96,1,disordered
ELME000136,DOC_WW_Pin1_4,WW domain ligands,DOC,The Class IV WW domain interaction motif is recognised primarily by the Pin1 phosphorylation-dependent prolyl isomerase.,PF00397,WW,WW domain,...([ST])P.,IFRTPP,440,445,NONO_MOUSE,Mus musculus,15701524,true positive,96,1,disordered
ELME000136,DOC_WW_Pin1_4,WW domain ligands,DOC,The Class IV WW domain interaction motif is recognised primarily by the Pin1 phosphorylation-dependent prolyl isomerase.,PF00397,WW,WW domain,...([ST])P.,IFRTPP,440,445,NOTC1_HUMAN,Homo sapiens,19151708,true positive,96,1,disordered
ELME000136,DOC_WW_Pin1_4,WW domain ligands,DOC,The Class IV WW domain interaction motif is recognised primarily by the Pin1 phosphorylation-dependent prolyl isomerase.,PF00397,WW,WW domain,...([ST])P.,IFRTPP,440,445,NR4A1_HUMAN,Homo sapiens,22002310,true positive,96,1,disordered
ELME000136,DOC_WW_Pin1_4,WW domain ligands,DOC,The Class IV WW domain interaction motif is recognised primarily by the Pin1 phosphorylation-dependent prolyl isomerase.,PF00397,WW,WW domain,...([ST])P.,IFRTPP,440,445,P53_HUMAN,Homo sapiens,12388558,true positive,96,1,disordered
ELME000136,DOC_WW_Pin1_4,WW domain ligands,DOC,The Class IV WW domain interaction motif is recognised primarily by the Pin1 phosphorylation-dependent prolyl isomerase.,PF00397,WW,WW domain,...([ST])P.,IFRTPP,440,445,P53_HUMAN,Homo sapiens,12397362,true positive,96,1,disordered
ELME000136,DOC_WW_Pin1_4,WW domain ligands,DOC,The Class IV WW domain interaction motif is recognised primarily by the Pin1 phosphorylation-dependent prolyl isomerase.,PF00397,WW,WW domain,...([ST])P.,IFRTPP,440,445,P73_HUMAN,Homo sapiens,15175157,true positive,96,1,disordered
ELME000136,DOC_WW_Pin1_4,WW domain ligands,DOC,The Class IV WW domain interaction motif is recognised primarily by the Pin1 phosphorylation-dependent prolyl isomerase.,PF00397,WW,WW domain,...([ST])P.,IFRTPP,440,445,PML_HUMAN,Homo sapiens,18039859,true positive,96,1,disordered
ELME000136,DOC_WW_Pin1_4,WW domain ligands,DOC,The Class IV WW domain interaction motif is recognised primarily by the Pin1 phosphorylation-dependent prolyl isomerase.,PF00397,WW,WW domain,...([ST])P.,IFRTPP,440,445,PO5F1_HUMAN,Homo sapiens,21296877,true positive,96,1,disordered
ELME000136,DOC_WW_Pin1_4,WW domain ligands,DOC,The Class IV WW domain interaction motif is recognised primarily by the Pin1 phosphorylation-dependent prolyl isomerase.,PF00397,WW,WW domain,...([ST])P.,IFRTPP,440,445,PPARG_HUMAN,Homo sapiens,19996102,true positive,96,1,disordered
ELME000136,DOC_WW_Pin1_4,WW domain ligands,DOC,The Class IV WW domain interaction motif is recognised primarily by the Pin1 phosphorylation-dependent prolyl isomerase.,PF00397,WW,WW domain,...([ST])P.,IFRTPP,440,445,RARA_HUMAN,Homo sapiens,15670742,true positive,96,1,disordered
ELME000136,DOC_WW_Pin1_4,WW domain ligands,DOC,The Class IV WW domain interaction motif is recognised primarily by the Pin1 phosphorylation-dependent prolyl isomerase.,PF00397,WW,WW domain,...([ST])P.,IFRTPP,440,445,SMAD3_HUMAN,Homo sapiens,19122240 21685363,true positive,96,1,disordered
ELME000136,DOC_WW_Pin1_4,WW domain ligands,DOC,The Class IV WW domain interaction motif is recognised primarily by the Pin1 phosphorylation-dependent prolyl isomerase.,PF00397,WW,WW domain,...([ST])P.,IFRTPP,440,445,SMAD3_HUMAN,Homo sapiens,19122240,true positive,96,1,disordered
ELME000136,DOC_WW_Pin1_4,WW domain ligands,DOC,The Class IV WW domain interaction motif is recognised primarily by the Pin1 phosphorylation-dependent prolyl isomerase.,PF00397,WW,WW domain,...([ST])P.,IFRTPP,440,445,SNCAP_HUMAN,Homo sapiens,16365047,true positive,96,1,disordered
ELME000136,DOC_WW_Pin1_4,WW domain ligands,DOC,The Class IV WW domain interaction motif is recognised primarily by the Pin1 phosphorylation-dependent prolyl isomerase.,PF00397,WW,WW domain,...([ST])P.,IFRTPP,440,445,SOC1_ARATH,Arabidopsis thaliana,20129060,true positive,96,1,disordered
ELME000136,DOC_WW_Pin1_4,WW domain ligands,DOC,The Class IV WW domain interaction motif is recognised primarily by the Pin1 phosphorylation-dependent prolyl isomerase.,PF00397,WW,WW domain,...([ST])P.,IFRTPP,440,445,SPT23_YEAST,Saccharomyces cerevisiae S288c,19597489,true positive,96,1,disordered
ELME000136,DOC_WW_Pin1_4,WW domain ligands,DOC,The Class IV WW domain interaction motif is recognised primarily by the Pin1 phosphorylation-dependent prolyl isomerase.,PF00397,WW,WW domain,...([ST])P.,IFRTPP,440,445,ST4A1_HUMAN,Homo sapiens,19439498 20920535,true positive,96,1,disordered
ELME000136,DOC_WW_Pin1_4,WW domain ligands,DOC,The Class IV WW domain interaction motif is recognised primarily by the Pin1 phosphorylation-dependent prolyl isomerase.,PF00397,WW,WW domain,...([ST])P.,IFRTPP,440,445,STAT3_HUMAN,Homo sapiens,17563747,true positive,96,1,disordered
ELME000136,DOC_WW_Pin1_4,WW domain ligands,DOC,The Class IV WW domain interaction motif is recognised primarily by the Pin1 phosphorylation-dependent prolyl isomerase.,PF00397,WW,WW domain,...([ST])P.,IFRTPP,440,445,STF1_MOUSE,Mus musculus,19995909,true positive,96,1,disordered
ELME000136,DOC_WW_Pin1_4,WW domain ligands,DOC,The Class IV WW domain interaction motif is recognised primarily by the Pin1 phosphorylation-dependent prolyl isomerase.,PF00397,WW,WW domain,...([ST])P.,IFRTPP,440,445,TAU_HUMAN,Homo sapiens,10391244,true positive,96,1,disordered
ELME000136,DOC_WW_Pin1_4,WW domain ligands,DOC,The Class IV WW domain interaction motif is recognised primarily by the Pin1 phosphorylation-dependent prolyl isomerase.,PF00397,WW,WW domain,...([ST])P.,IFRTPP,440,445,TAX_HTL1A,Human T-cell lymphotrophic virus type 1 (strain ATK),19338781,true positive,96,1,disordered
ELME000136,DOC_WW_Pin1_4,WW domain ligands,DOC,The Class IV WW domain interaction motif is recognised primarily by the Pin1 phosphorylation-dependent prolyl isomerase.,PF00397,WW,WW domain,...([ST])P.,IFRTPP,440,445,TERF1_HUMAN,Homo sapiens,19060891,true positive,96,1,disordered
ELME000136,DOC_WW_Pin1_4,WW domain ligands,DOC,The Class IV WW domain interaction motif is recognised primarily by the Pin1 phosphorylation-dependent prolyl isomerase.,PF00397,WW,WW domain,...([ST])P.,IFRTPP,440,445,TF65_HUMAN,Homo sapiens,14690596,true positive,96,1,disordered
ELME000136,DOC_WW_Pin1_4,WW domain ligands,DOC,The Class IV WW domain interaction motif is recognised primarily by the Pin1 phosphorylation-dependent prolyl isomerase.,PF00397,WW,WW domain,...([ST])P.,IFRTPP,440,445,TFCP2_HUMAN,Homo sapiens,20682773,true positive,96,1,disordered
ELME000136,DOC_WW_Pin1_4,WW domain ligands,DOC,The Class IV WW domain interaction motif is recognised primarily by the Pin1 phosphorylation-dependent prolyl isomerase.,PF00397,WW,WW domain,...([ST])P.,IFRTPP,440,445,WEE1B_XENLA,Xenopus laevis,17360425,true positive,96,1,disordered
ELME000136,DOC_WW_Pin1_4,WW domain ligands,DOC,The Class IV WW domain interaction motif is recognised primarily by the Pin1 phosphorylation-dependent prolyl isomerase.,PF00397,WW,WW domain,...([ST])P.,IFRTPP,440,445,X_HBVA3,Hepatitis B virus adw2/Rutter/1979,17383430,true positive,96,1,disordered
ELME000136,DOC_WW_Pin1_4,WW domain ligands,DOC,The Class IV WW domain interaction motif is recognised primarily by the Pin1 phosphorylation-dependent prolyl isomerase.,PF00397,WW,WW domain,...([ST])P.,IFRTPP,505,510,A4_HUMAN,Homo sapiens,16139797,true positive,96,1,disordered
ELME000136,DOC_WW_Pin1_4,WW domain ligands,DOC,The Class IV WW domain interaction motif is recognised primarily by the Pin1 phosphorylation-dependent prolyl isomerase.,PF00397,WW,WW domain,...([ST])P.,IFRTPP,505,510,A4_HUMAN,Homo sapiens,19602287,true positive,96,1,disordered
ELME000136,DOC_WW_Pin1_4,WW domain ligands,DOC,The Class IV WW domain interaction motif is recognised primarily by the Pin1 phosphorylation-dependent prolyl isomerase.,PF00397,WW,WW domain,...([ST])P.,IFRTPP,505,510,AATF_HUMAN,Homo sapiens,17468107,true positive,96,1,disordered
ELME000136,DOC_WW_Pin1_4,WW domain ligands,DOC,The Class IV WW domain interaction motif is recognised primarily by the Pin1 phosphorylation-dependent prolyl isomerase.,PF00397,WW,WW domain,...([ST])P.,IFRTPP,505,510,AGL24_ARATH,Arabidopsis thaliana,20129060,true positive,96,1,disordered
ELME000136,DOC_WW_Pin1_4,WW domain ligands,DOC,The Class IV WW domain interaction motif is recognised primarily by the Pin1 phosphorylation-dependent prolyl isomerase.,PF00397,WW,WW domain,...([ST])P.,IFRTPP,505,510,AKT1_HUMAN,Homo sapiens,19448664,true positive,96,1,disordered
ELME000136,DOC_WW_Pin1_4,WW domain ligands,DOC,The Class IV WW domain interaction motif is recognised primarily by the Pin1 phosphorylation-dependent prolyl isomerase.,PF00397,WW,WW domain,...([ST])P.,IFRTPP,505,510,ARBK1_MOUSE,Mus musculus,20080565,true positive,96,1,disordered
ELME000136,DOC_WW_Pin1_4,WW domain ligands,DOC,The Class IV WW domain interaction motif is recognised primarily by the Pin1 phosphorylation-dependent prolyl isomerase.,PF00397,WW,WW domain,...([ST])P.,IFRTPP,505,510,B2L11_MOUSE,Mus musculus,1650491,true positive,96,1,disordered
ELME000136,DOC_WW_Pin1_4,WW domain ligands,DOC,The Class IV WW domain interaction motif is recognised primarily by the Pin1 phosphorylation-dependent prolyl isomerase.,PF00397,WW,WW domain,...([ST])P.,IFRTPP,505,510,BTG2_HUMAN,Homo sapiens,15788397,true positive,96,1,disordered
ELME000136,DOC_WW_Pin1_4,WW domain ligands,DOC,The Class IV WW domain interaction motif is recognised primarily by the Pin1 phosphorylation-dependent prolyl isomerase.,PF00397,WW,WW domain,...([ST])P.,IFRTPP,505,510,BTK_MOUSE,Mus musculus,16644721,true positive,96,1,disordered
ELME000136,DOC_WW_Pin1_4,WW domain ligands,DOC,The Class IV WW domain interaction motif is recognised primarily by the Pin1 phosphorylation-dependent prolyl isomerase.,PF00397,WW,WW domain,...([ST])P.,IFRTPP,505,510,CCND1_MOUSE,Mus musculus,11805292,true positive,96,1,disordered
ELME000136,DOC_WW_Pin1_4,WW domain ligands,DOC,The Class IV WW domain interaction motif is recognised primarily by the Pin1 phosphorylation-dependent prolyl isomerase.,PF00397,WW,WW domain,...([ST])P.,IFRTPP,505,510,CCNE1_MOUSE,Mus musculus,16223725,true positive,96,1,disordered
ELME000136,DOC_WW_Pin1_4,WW domain ligands,DOC,The Class IV WW domain interaction motif is recognised primarily by the Pin1 phosphorylation-dependent prolyl isomerase.,PF00397,WW,WW domain,...([ST])P.,IFRTPP,505,510,CDN1B_HUMAN,Homo sapiens,19584057,true positive,96,1,disordered
ELME000136,DOC_WW_Pin1_4,WW domain ligands,DOC,The Class IV WW domain interaction motif is recognised primarily by the Pin1 phosphorylation-dependent prolyl isomerase.,PF00397,WW,WW domain,...([ST])P.,IFRTPP,505,510,CEP55_MOUSE,Mus musculus,19638580,true positive,96,1,disordered
ELME000136,DOC_WW_Pin1_4,WW domain ligands,DOC,The Class IV WW domain interaction motif is recognised primarily by the Pin1 phosphorylation-dependent prolyl isomerase.,PF00397,WW,WW domain,...([ST])P.,IFRTPP,505,510,CRTC2_MOUSE,Mus musculus,20675384,true positive,96,1,disordered
ELME000136,DOC_WW_Pin1_4,WW domain ligands,DOC,The Class IV WW domain interaction motif is recognised primarily by the Pin1 phosphorylation-dependent prolyl isomerase.,PF00397,WW,WW domain,...([ST])P.,IFRTPP,505,510,CTNB1_HUMAN,Homo sapiens,11533658,true positive,96,1,disordered
ELME000136,DOC_WW_Pin1_4,WW domain ligands,DOC,The Class IV WW domain interaction motif is recognised primarily by the Pin1 phosphorylation-dependent prolyl isomerase.,PF00397,WW,WW domain,...([ST])P.,IFRTPP,505,510,DAXX_HUMAN,Homo sapiens,17938171,true positive,96,1,disordered
ELME000136,DOC_WW_Pin1_4,WW domain ligands,DOC,The Class IV WW domain interaction motif is recognised primarily by the Pin1 phosphorylation-dependent prolyl isomerase.,PF00397,WW,WW domain,...([ST])P.,IFRTPP,505,510,FAK1_HUMAN,Homo sapiens,19595712,true positive,96,1,disordered
ELME000136,DOC_WW_Pin1_4,WW domain ligands,DOC,The Class IV WW domain interaction motif is recognised primarily by the Pin1 phosphorylation-dependent prolyl isomerase.,PF00397,WW,WW domain,...([ST])P.,IFRTPP,505,510,FAK1_MOUSE,Mus musculus,19595712,true positive,96,1,disordered
ELME000136,DOC_WW_Pin1_4,WW domain ligands,DOC,The Class IV WW domain interaction motif is recognised primarily by the Pin1 phosphorylation-dependent prolyl isomerase.,PF00397,WW,WW domain,...([ST])P.,IFRTPP,505,510,FBX5A_XENLA,Xenopus laevis,17159919,true positive,96,1,disordered
ELME000136,DOC_WW_Pin1_4,WW domain ligands,DOC,The Class IV WW domain interaction motif is recognised primarily by the Pin1 phosphorylation-dependent prolyl isomerase.,PF00397,WW,WW domain,...([ST])P.,IFRTPP,505,510,FBXW7_HUMAN,Homo sapiens,22608923,true positive,96,1,disordered
ELME000136,DOC_WW_Pin1_4,WW domain ligands,DOC,The Class IV WW domain interaction motif is recognised primarily by the Pin1 phosphorylation-dependent prolyl isomerase.,PF00397,WW,WW domain,...([ST])P.,IFRTPP,505,510,FOS_MOUSE,Mus musculus,16123044,true positive,96,1,disordered
ELME000136,DOC_WW_Pin1_4,WW domain ligands,DOC,The Class IV WW domain interaction motif is recognised primarily by the Pin1 phosphorylation-dependent prolyl isomerase.,PF00397,WW,WW domain,...([ST])P.,IFRTPP,505,510,FUBP2_HUMAN,Homo sapiens,19770516,true positive,96,1,disordered
ELME000136,DOC_WW_Pin1_4,WW domain ligands,DOC,The Class IV WW domain interaction motif is recognised primarily by the Pin1 phosphorylation-dependent prolyl isomerase.,PF00397,WW,WW domain,...([ST])P.,IFRTPP,505,510,GEPH_MOUSE,Mus musculus,17347650,true positive,96,1,disordered
ELME000136,DOC_WW_Pin1_4,WW domain ligands,DOC,The Class IV WW domain interaction motif is recognised primarily by the Pin1 phosphorylation-dependent prolyl isomerase.,PF00397,WW,WW domain,...([ST])P.,IFRTPP,505,510,IRF3_HUMAN,Homo sapiens,16699525,true positive,96,1,disordered
ELME000136,DOC_WW_Pin1_4,WW domain ligands,DOC,The Class IV WW domain interaction motif is recognised primarily by the Pin1 phosphorylation-dependent prolyl isomerase.,PF00397,WW,WW domain,...([ST])P.,IFRTPP,505,510,IRS1_HUMAN,Homo sapiens,21454638,true positive,96,1,disordered
ELME000136,DOC_WW_Pin1_4,WW domain ligands,DOC,The Class IV WW domain interaction motif is recognised primarily by the Pin1 phosphorylation-dependent prolyl isomerase.,PF00397,WW,WW domain,...([ST])P.,IFRTPP,505,510,JUN_HUMAN,Homo sapiens,11432833,true positive,96,1,disordered
ELME000136,DOC_WW_Pin1_4,WW domain ligands,DOC,The Class IV WW domain interaction motif is recognised primarily by the Pin1 phosphorylation-dependent prolyl isomerase.,PF00397,WW,WW domain,...([ST])P.,IFRTPP,505,510,KI20B_HUMAN,Homo sapiens,11470801,true positive,96,1,disordered
ELME000136,DOC_WW_Pin1_4,WW domain ligands,DOC,The Class IV WW domain interaction motif is recognised primarily by the Pin1 phosphorylation-dependent prolyl isomerase.,PF00397,WW,WW domain,...([ST])P.,IFRTPP,505,510,MEF2C_MOUSE,Mus musculus,20801874,true positive,96,1,disordered
ELME000136,DOC_WW_Pin1_4,WW domain ligands,DOC,The Class IV WW domain interaction motif is recognised primarily by the Pin1 phosphorylation-dependent prolyl isomerase.,PF00397,WW,WW domain,...([ST])P.,IFRTPP,505,510,MYB_MOUSE,Mus musculus,18359295,true positive,96,1,disordered
ELME000136,DOC_WW_Pin1_4,WW domain ligands,DOC,The Class IV WW domain interaction motif is recognised primarily by the Pin1 phosphorylation-dependent prolyl isomerase.,PF00397,WW,WW domain,...([ST])P.,IFRTPP,505,510,MYC_HUMAN,Homo sapiens,15048125,true positive,96,1,disordered
ELME000136,DOC_WW_Pin1_4,WW domain ligands,DOC,The Class IV WW domain interaction motif is recognised primarily by the Pin1 phosphorylation-dependent prolyl isomerase.,PF00397,WW,WW domain,...([ST])P.,IFRTPP,505,510,NANOG_MOUSE,Mus musculus,20622153,true positive,96,1,disordered
ELME000136,DOC_WW_Pin1_4,WW domain ligands,DOC,The Class IV WW domain interaction motif is recognised primarily by the Pin1 phosphorylation-dependent prolyl isomerase.,PF00397,WW,WW domain,...([ST])P.,IFRTPP,505,510,NCF1_HUMAN,Homo sapiens,20956805,true positive,96,1,disordered
ELME000136,DOC_WW_Pin1_4,WW domain ligands,DOC,The Class IV WW domain interaction motif is recognised primarily by the Pin1 phosphorylation-dependent prolyl isomerase.,PF00397,WW,WW domain,...([ST])P.,IFRTPP,505,510,NCOR2_HUMAN,Homo sapiens,18838553,true positive,96,1,disordered
ELME000136,DOC_WW_Pin1_4,WW domain ligands,DOC,The Class IV WW domain interaction motif is recognised primarily by the Pin1 phosphorylation-dependent prolyl isomerase.,PF00397,WW,WW domain,...([ST])P.,IFRTPP,505,510,NEK6_HUMAN,Homo sapiens,16476580,true positive,96,1,disordered
ELME000136,DOC_WW_Pin1_4,WW domain ligands,DOC,The Class IV WW domain interaction motif is recognised primarily by the Pin1 phosphorylation-dependent prolyl isomerase.,PF00397,WW,WW domain,...([ST])P.,IFRTPP,505,510,NONO_MOUSE,Mus musculus,15701524,true positive,96,1,disordered
ELME000136,DOC_WW_Pin1_4,WW domain ligands,DOC,The Class IV WW domain interaction motif is recognised primarily by the Pin1 phosphorylation-dependent prolyl isomerase.,PF00397,WW,WW domain,...([ST])P.,IFRTPP,505,510,NOTC1_HUMAN,Homo sapiens,19151708,true positive,96,1,disordered
ELME000136,DOC_WW_Pin1_4,WW domain ligands,DOC,The Class IV WW domain interaction motif is recognised primarily by the Pin1 phosphorylation-dependent prolyl isomerase.,PF00397,WW,WW domain,...([ST])P.,IFRTPP,505,510,NR4A1_HUMAN,Homo sapiens,22002310,true positive,96,1,disordered
ELME000136,DOC_WW_Pin1_4,WW domain ligands,DOC,The Class IV WW domain interaction motif is recognised primarily by the Pin1 phosphorylation-dependent prolyl isomerase.,PF00397,WW,WW domain,...([ST])P.,IFRTPP,505,510,P53_HUMAN,Homo sapiens,12388558,true positive,96,1,disordered
ELME000136,DOC_WW_Pin1_4,WW domain ligands,DOC,The Class IV WW domain interaction motif is recognised primarily by the Pin1 phosphorylation-dependent prolyl isomerase.,PF00397,WW,WW domain,...([ST])P.,IFRTPP,505,510,P53_HUMAN,Homo sapiens,12397362,true positive,96,1,disordered
ELME000136,DOC_WW_Pin1_4,WW domain ligands,DOC,The Class IV WW domain interaction motif is recognised primarily by the Pin1 phosphorylation-dependent prolyl isomerase.,PF00397,WW,WW domain,...([ST])P.,IFRTPP,505,510,P73_HUMAN,Homo sapiens,15175157,true positive,96,1,disordered
ELME000136,DOC_WW_Pin1_4,WW domain ligands,DOC,The Class IV WW domain interaction motif is recognised primarily by the Pin1 phosphorylation-dependent prolyl isomerase.,PF00397,WW,WW domain,...([ST])P.,IFRTPP,505,510,PML_HUMAN,Homo sapiens,18039859,true positive,96,1,disordered
ELME000136,DOC_WW_Pin1_4,WW domain ligands,DOC,The Class IV WW domain interaction motif is recognised primarily by the Pin1 phosphorylation-dependent prolyl isomerase.,PF00397,WW,WW domain,...([ST])P.,IFRTPP,505,510,PO5F1_HUMAN,Homo sapiens,21296877,true positive,96,1,disordered
ELME000136,DOC_WW_Pin1_4,WW domain ligands,DOC,The Class IV WW domain interaction motif is recognised primarily by the Pin1 phosphorylation-dependent prolyl isomerase.,PF00397,WW,WW domain,...([ST])P.,IFRTPP,505,510,PPARG_HUMAN,Homo sapiens,19996102,true positive,96,1,disordered
ELME000136,DOC_WW_Pin1_4,WW domain ligands,DOC,The Class IV WW domain interaction motif is recognised primarily by the Pin1 phosphorylation-dependent prolyl isomerase.,PF00397,WW,WW domain,...([ST])P.,IFRTPP,505,510,RARA_HUMAN,Homo sapiens,15670742,true positive,96,1,disordered
ELME000136,DOC_WW_Pin1_4,WW domain ligands,DOC,The Class IV WW domain interaction motif is recognised primarily by the Pin1 phosphorylation-dependent prolyl isomerase.,PF00397,WW,WW domain,...([ST])P.,IFRTPP,505,510,SMAD3_HUMAN,Homo sapiens,19122240 21685363,true positive,96,1,disordered
ELME000136,DOC_WW_Pin1_4,WW domain ligands,DOC,The Class IV WW domain interaction motif is recognised primarily by the Pin1 phosphorylation-dependent prolyl isomerase.,PF00397,WW,WW domain,...([ST])P.,IFRTPP,505,510,SMAD3_HUMAN,Homo sapiens,19122240,true positive,96,1,disordered
ELME000136,DOC_WW_Pin1_4,WW domain ligands,DOC,The Class IV WW domain interaction motif is recognised primarily by the Pin1 phosphorylation-dependent prolyl isomerase.,PF00397,WW,WW domain,...([ST])P.,IFRTPP,505,510,SNCAP_HUMAN,Homo sapiens,16365047,true positive,96,1,disordered
ELME000136,DOC_WW_Pin1_4,WW domain ligands,DOC,The Class IV WW domain interaction motif is recognised primarily by the Pin1 phosphorylation-dependent prolyl isomerase.,PF00397,WW,WW domain,...([ST])P.,IFRTPP,505,510,SOC1_ARATH,Arabidopsis thaliana,20129060,true positive,96,1,disordered
ELME000136,DOC_WW_Pin1_4,WW domain ligands,DOC,The Class IV WW domain interaction motif is recognised primarily by the Pin1 phosphorylation-dependent prolyl isomerase.,PF00397,WW,WW domain,...([ST])P.,IFRTPP,505,510,SPT23_YEAST,Saccharomyces cerevisiae S288c,19597489,true positive,96,1,disordered
ELME000136,DOC_WW_Pin1_4,WW domain ligands,DOC,The Class IV WW domain interaction motif is recognised primarily by the Pin1 phosphorylation-dependent prolyl isomerase.,PF00397,WW,WW domain,...([ST])P.,IFRTPP,505,510,ST4A1_HUMAN,Homo sapiens,19439498 20920535,true positive,96,1,disordered
ELME000136,DOC_WW_Pin1_4,WW domain ligands,DOC,The Class IV WW domain interaction motif is recognised primarily by the Pin1 phosphorylation-dependent prolyl isomerase.,PF00397,WW,WW domain,...([ST])P.,IFRTPP,505,510,STAT3_HUMAN,Homo sapiens,17563747,true positive,96,1,disordered
ELME000136,DOC_WW_Pin1_4,WW domain ligands,DOC,The Class IV WW domain interaction motif is recognised primarily by the Pin1 phosphorylation-dependent prolyl isomerase.,PF00397,WW,WW domain,...([ST])P.,IFRTPP,505,510,STF1_MOUSE,Mus musculus,19995909,true positive,96,1,disordered
ELME000136,DOC_WW_Pin1_4,WW domain ligands,DOC,The Class IV WW domain interaction motif is recognised primarily by the Pin1 phosphorylation-dependent prolyl isomerase.,PF00397,WW,WW domain,...([ST])P.,IFRTPP,505,510,TAU_HUMAN,Homo sapiens,10391244,true positive,96,1,disordered
ELME000136,DOC_WW_Pin1_4,WW domain ligands,DOC,The Class IV WW domain interaction motif is recognised primarily by the Pin1 phosphorylation-dependent prolyl isomerase.,PF00397,WW,WW domain,...([ST])P.,IFRTPP,505,510,TAX_HTL1A,Human T-cell lymphotrophic virus type 1 (strain ATK),19338781,true positive,96,1,disordered
ELME000136,DOC_WW_Pin1_4,WW domain ligands,DOC,The Class IV WW domain interaction motif is recognised primarily by the Pin1 phosphorylation-dependent prolyl isomerase.,PF00397,WW,WW domain,...([ST])P.,IFRTPP,505,510,TERF1_HUMAN,Homo sapiens,19060891,true positive,96,1,disordered
ELME000136,DOC_WW_Pin1_4,WW domain ligands,DOC,The Class IV WW domain interaction motif is recognised primarily by the Pin1 phosphorylation-dependent prolyl isomerase.,PF00397,WW,WW domain,...([ST])P.,IFRTPP,505,510,TF65_HUMAN,Homo sapiens,14690596,true positive,96,1,disordered
ELME000136,DOC_WW_Pin1_4,WW domain ligands,DOC,The Class IV WW domain interaction motif is recognised primarily by the Pin1 phosphorylation-dependent prolyl isomerase.,PF00397,WW,WW domain,...([ST])P.,IFRTPP,505,510,TFCP2_HUMAN,Homo sapiens,20682773,true positive,96,1,disordered
ELME000136,DOC_WW_Pin1_4,WW domain ligands,DOC,The Class IV WW domain interaction motif is recognised primarily by the Pin1 phosphorylation-dependent prolyl isomerase.,PF00397,WW,WW domain,...([ST])P.,IFRTPP,505,510,WEE1B_XENLA,Xenopus laevis,17360425,true positive,96,1,disordered
ELME000136,DOC_WW_Pin1_4,WW domain ligands,DOC,The Class IV WW domain interaction motif is recognised primarily by the Pin1 phosphorylation-dependent prolyl isomerase.,PF00397,WW,WW domain,...([ST])P.,IFRTPP,505,510,X_HBVA3,Hepatitis B virus adw2/Rutter/1979,17383430,true positive,96,1,disordered
ELME000417,LIG_14-3-3_CanoR_1,14-3-3 binding phosphopeptide motif,LIG,Canonical Arg-containing phospho-motif mediating a strong interaction with 14-3-3 proteins.  ,PF00244,14-3-3,14-3-3 protein,"R[^DE]{0,2}[^DEPG]([ST])(([FWYLMV].)|([^PRIKGN]P)|([^PRIKGN].{2,4}[VILMFWYP]))",RVQSTSTDV,450,458,3BP2_HUMAN,Homo sapiens,12501243,true positive,65,16,disordered
ELME000417,LIG_14-3-3_CanoR_1,14-3-3 binding phosphopeptide motif,LIG,Canonical Arg-containing phospho-motif mediating a strong interaction with 14-3-3 proteins.  ,PF00244,14-3-3,14-3-3 protein,"R[^DE]{0,2}[^DEPG]([ST])(([FWYLMV].)|([^PRIKGN]P)|([^PRIKGN].{2,4}[VILMFWYP]))",RVQSTSTDV,450,458,ADA22_HUMAN,Homo sapiens,16868027,true positive,65,16,disordered
ELME000417,LIG_14-3-3_CanoR_1,14-3-3 binding phosphopeptide motif,LIG,Canonical Arg-containing phospho-motif mediating a strong interaction with 14-3-3 proteins.  ,PF00244,14-3-3,14-3-3 protein,"R[^DE]{0,2}[^DEPG]([ST])(([FWYLMV].)|([^PRIKGN]P)|([^PRIKGN].{2,4}[VILMFWYP]))",RVQSTSTDV,450,458,ATX1_HUMAN,Homo sapiens,20037628 12757707,true positive,65,16,disordered
ELME000417,LIG_14-3-3_CanoR_1,14-3-3 binding phosphopeptide motif,LIG,Canonical Arg-containing phospho-motif mediating a strong interaction with 14-3-3 proteins.  ,PF00244,14-3-3,14-3-3 protein,"R[^DE]{0,2}[^DEPG]([ST])(([FWYLMV].)|([^PRIKGN]P)|([^PRIKGN].{2,4}[VILMFWYP]))",RVQSTSTDV,450,458,B7UM88_ECO27,Escherichia coli O127:H6 str. E2348/69,15339273,true positive,65,16,disordered
ELME000417,LIG_14-3-3_CanoR_1,14-3-3 binding phosphopeptide motif,LIG,Canonical Arg-containing phospho-motif mediating a strong interaction with 14-3-3 proteins.  ,PF00244,14-3-3,14-3-3 protein,"R[^DE]{0,2}[^DEPG]([ST])(([FWYLMV].)|([^PRIKGN]P)|([^PRIKGN].{2,4}[VILMFWYP]))",RVQSTSTDV,450,458,BAD_MOUSE,Mus musculus,8929531,true positive,65,16,disordered
ELME000417,LIG_14-3-3_CanoR_1,14-3-3 binding phosphopeptide motif,LIG,Canonical Arg-containing phospho-motif mediating a strong interaction with 14-3-3 proteins.  ,PF00244,14-3-3,14-3-3 protein,"R[^DE]{0,2}[^DEPG]([ST])(([FWYLMV].)|([^PRIKGN]P)|([^PRIKGN].{2,4}[VILMFWYP]))",RVQSTSTDV,450,458,BAD_MOUSE,Mus musculus,8929531 10949026,true positive,65,16,disordered
ELME000417,LIG_14-3-3_CanoR_1,14-3-3 binding phosphopeptide motif,LIG,Canonical Arg-containing phospho-motif mediating a strong interaction with 14-3-3 proteins.  ,PF00244,14-3-3,14-3-3 protein,"R[^DE]{0,2}[^DEPG]([ST])(([FWYLMV].)|([^PRIKGN]P)|([^PRIKGN].{2,4}[VILMFWYP]))",RVQSTSTDV,450,458,BAD_RAT,Rattus norvegicus,9369453,true positive,65,16,disordered
ELME000417,LIG_14-3-3_CanoR_1,14-3-3 binding phosphopeptide motif,LIG,Canonical Arg-containing phospho-motif mediating a strong interaction with 14-3-3 proteins.  ,PF00244,14-3-3,14-3-3 protein,"R[^DE]{0,2}[^DEPG]([ST])(([FWYLMV].)|([^PRIKGN]P)|([^PRIKGN].{2,4}[VILMFWYP]))",RVQSTSTDV,450,458,CBY1_HUMAN,Homo sapiens,25909186,true positive,65,16,disordered
ELME000417,LIG_14-3-3_CanoR_1,14-3-3 binding phosphopeptide motif,LIG,Canonical Arg-containing phospho-motif mediating a strong interaction with 14-3-3 proteins.  ,PF00244,14-3-3,14-3-3 protein,"R[^DE]{0,2}[^DEPG]([ST])(([FWYLMV].)|([^PRIKGN]P)|([^PRIKGN].{2,4}[VILMFWYP]))",RVQSTSTDV,450,458,CFTR_HUMAN,Homo sapiens,26888287,true positive,65,16,disordered
ELME000417,LIG_14-3-3_CanoR_1,14-3-3 binding phosphopeptide motif,LIG,Canonical Arg-containing phospho-motif mediating a strong interaction with 14-3-3 proteins.  ,PF00244,14-3-3,14-3-3 protein,"R[^DE]{0,2}[^DEPG]([ST])(([FWYLMV].)|([^PRIKGN]P)|([^PRIKGN].{2,4}[VILMFWYP]))",RVQSTSTDV,450,458,FOXO3_HUMAN,Homo sapiens,11864996,true positive,65,16,disordered
ELME000417,LIG_14-3-3_CanoR_1,14-3-3 binding phosphopeptide motif,LIG,Canonical Arg-containing phospho-motif mediating a strong interaction with 14-3-3 proteins.  ,PF00244,14-3-3,14-3-3 protein,"R[^DE]{0,2}[^DEPG]([ST])(([FWYLMV].)|([^PRIKGN]P)|([^PRIKGN].{2,4}[VILMFWYP]))",RVQSTSTDV,450,458,FOXO4_HUMAN,Homo sapiens,14690436,true positive,65,16,disordered
ELME000417,LIG_14-3-3_CanoR_1,14-3-3 binding phosphopeptide motif,LIG,Canonical Arg-containing phospho-motif mediating a strong interaction with 14-3-3 proteins.  ,PF00244,14-3-3,14-3-3 protein,"R[^DE]{0,2}[^DEPG]([ST])(([FWYLMV].)|([^PRIKGN]P)|([^PRIKGN].{2,4}[VILMFWYP]))",RVQSTSTDV,450,458,FOXO4_HUMAN,Homo sapiens,16114898,true positive,65,16,disordered
ELME000417,LIG_14-3-3_CanoR_1,14-3-3 binding phosphopeptide motif,LIG,Canonical Arg-containing phospho-motif mediating a strong interaction with 14-3-3 proteins.  ,PF00244,14-3-3,14-3-3 protein,"R[^DE]{0,2}[^DEPG]([ST])(([FWYLMV].)|([^PRIKGN]P)|([^PRIKGN].{2,4}[VILMFWYP]))",RVQSTSTDV,450,458,GAB2_HUMAN,Homo sapiens,19172738,true positive,65,16,disordered
ELME000417,LIG_14-3-3_CanoR_1,14-3-3 binding phosphopeptide motif,LIG,Canonical Arg-containing phospho-motif mediating a strong interaction with 14-3-3 proteins.  ,PF00244,14-3-3,14-3-3 protein,"R[^DE]{0,2}[^DEPG]([ST])(([FWYLMV].)|([^PRIKGN]P)|([^PRIKGN].{2,4}[VILMFWYP]))",RVQSTSTDV,450,458,GFAP_HUMAN,Homo sapiens,17032734,true positive,65,16,disordered
ELME000417,LIG_14-3-3_CanoR_1,14-3-3 binding phosphopeptide motif,LIG,Canonical Arg-containing phospho-motif mediating a strong interaction with 14-3-3 proteins.  ,PF00244,14-3-3,14-3-3 protein,"R[^DE]{0,2}[^DEPG]([ST])(([FWYLMV].)|([^PRIKGN]P)|([^PRIKGN].{2,4}[VILMFWYP]))",RVQSTSTDV,450,458,H31_HUMAN,Homo sapiens,16246723,true positive,65,16,disordered
ELME000417,LIG_14-3-3_CanoR_1,14-3-3 binding phosphopeptide motif,LIG,Canonical Arg-containing phospho-motif mediating a strong interaction with 14-3-3 proteins.  ,PF00244,14-3-3,14-3-3 protein,"R[^DE]{0,2}[^DEPG]([ST])(([FWYLMV].)|([^PRIKGN]P)|([^PRIKGN].{2,4}[VILMFWYP]))",RVQSTSTDV,450,458,HDAC4_HUMAN,Homo sapiens,10958686 10869435,true positive,65,16,disordered
ELME000417,LIG_14-3-3_CanoR_1,14-3-3 binding phosphopeptide motif,LIG,Canonical Arg-containing phospho-motif mediating a strong interaction with 14-3-3 proteins.  ,PF00244,14-3-3,14-3-3 protein,"R[^DE]{0,2}[^DEPG]([ST])(([FWYLMV].)|([^PRIKGN]P)|([^PRIKGN].{2,4}[VILMFWYP]))",RVQSTSTDV,450,458,HDAC4_HUMAN,Homo sapiens,10869435,true positive,65,16,disordered
ELME000417,LIG_14-3-3_CanoR_1,14-3-3 binding phosphopeptide motif,LIG,Canonical Arg-containing phospho-motif mediating a strong interaction with 14-3-3 proteins.  ,PF00244,14-3-3,14-3-3 protein,"R[^DE]{0,2}[^DEPG]([ST])(([FWYLMV].)|([^PRIKGN]P)|([^PRIKGN].{2,4}[VILMFWYP]))",RVQSTSTDV,450,458,HDAC5_HUMAN,Homo sapiens,11114197,true positive,65,16,disordered
ELME000417,LIG_14-3-3_CanoR_1,14-3-3 binding phosphopeptide motif,LIG,Canonical Arg-containing phospho-motif mediating a strong interaction with 14-3-3 proteins.  ,PF00244,14-3-3,14-3-3 protein,"R[^DE]{0,2}[^DEPG]([ST])(([FWYLMV].)|([^PRIKGN]P)|([^PRIKGN].{2,4}[VILMFWYP]))",RVQSTSTDV,450,458,KIF1C_HUMAN,Homo sapiens,17085597 10559254,true positive,65,16,disordered
ELME000417,LIG_14-3-3_CanoR_1,14-3-3 binding phosphopeptide motif,LIG,Canonical Arg-containing phospho-motif mediating a strong interaction with 14-3-3 proteins.  ,PF00244,14-3-3,14-3-3 protein,"R[^DE]{0,2}[^DEPG]([ST])(([FWYLMV].)|([^PRIKGN]P)|([^PRIKGN].{2,4}[VILMFWYP]))",RVQSTSTDV,450,458,KLC2_HUMAN,Homo sapiens,21189416,true positive,65,16,disordered
ELME000417,LIG_14-3-3_CanoR_1,14-3-3 binding phosphopeptide motif,LIG,Canonical Arg-containing phospho-motif mediating a strong interaction with 14-3-3 proteins.  ,PF00244,14-3-3,14-3-3 protein,"R[^DE]{0,2}[^DEPG]([ST])(([FWYLMV].)|([^PRIKGN]P)|([^PRIKGN].{2,4}[VILMFWYP]))",RVQSTSTDV,450,458,KLC3_HUMAN,Homo sapiens,21189416,true positive,65,16,disordered
ELME000417,LIG_14-3-3_CanoR_1,14-3-3 binding phosphopeptide motif,LIG,Canonical Arg-containing phospho-motif mediating a strong interaction with 14-3-3 proteins.  ,PF00244,14-3-3,14-3-3 protein,"R[^DE]{0,2}[^DEPG]([ST])(([FWYLMV].)|([^PRIKGN]P)|([^PRIKGN].{2,4}[VILMFWYP]))",RVQSTSTDV,450,458,KPCE_HUMAN,Homo sapiens,19662078,true positive,65,16,disordered
ELME000417,LIG_14-3-3_CanoR_1,14-3-3 binding phosphopeptide motif,LIG,Canonical Arg-containing phospho-motif mediating a strong interaction with 14-3-3 proteins.  ,PF00244,14-3-3,14-3-3 protein,"R[^DE]{0,2}[^DEPG]([ST])(([FWYLMV].)|([^PRIKGN]P)|([^PRIKGN].{2,4}[VILMFWYP]))",RVQSTSTDV,450,458,KSR1_MOUSE,Mus musculus,9858547,true positive,65,16,disordered
ELME000417,LIG_14-3-3_CanoR_1,14-3-3 binding phosphopeptide motif,LIG,Canonical Arg-containing phospho-motif mediating a strong interaction with 14-3-3 proteins.  ,PF00244,14-3-3,14-3-3 protein,"R[^DE]{0,2}[^DEPG]([ST])(([FWYLMV].)|([^PRIKGN]P)|([^PRIKGN].{2,4}[VILMFWYP]))",RVQSTSTDV,450,458,M3K5_HUMAN,Homo sapiens,17085597 10411906,true positive,65,16,disordered
ELME000417,LIG_14-3-3_CanoR_1,14-3-3 binding phosphopeptide motif,LIG,Canonical Arg-containing phospho-motif mediating a strong interaction with 14-3-3 proteins.  ,PF00244,14-3-3,14-3-3 protein,"R[^DE]{0,2}[^DEPG]([ST])(([FWYLMV].)|([^PRIKGN]P)|([^PRIKGN].{2,4}[VILMFWYP]))",RVQSTSTDV,450,458,MDM4_HUMAN,Homo sapiens,16943424,true positive,65,16,disordered
ELME000417,LIG_14-3-3_CanoR_1,14-3-3 binding phosphopeptide motif,LIG,Canonical Arg-containing phospho-motif mediating a strong interaction with 14-3-3 proteins.  ,PF00244,14-3-3,14-3-3 protein,"R[^DE]{0,2}[^DEPG]([ST])(([FWYLMV].)|([^PRIKGN]P)|([^PRIKGN].{2,4}[VILMFWYP]))",RVQSTSTDV,450,458,MEFV_HUMAN,Homo sapiens,15934090,true positive,65,16,disordered
ELME000417,LIG_14-3-3_CanoR_1,14-3-3 binding phosphopeptide motif,LIG,Canonical Arg-containing phospho-motif mediating a strong interaction with 14-3-3 proteins.  ,PF00244,14-3-3,14-3-3 protein,"R[^DE]{0,2}[^DEPG]([ST])(([FWYLMV].)|([^PRIKGN]P)|([^PRIKGN].{2,4}[VILMFWYP]))",RVQSTSTDV,450,458,MEI2_SCHPO,Schizosaccharomyces pombe 972h-,11818066,true positive,65,16,disordered
ELME000417,LIG_14-3-3_CanoR_1,14-3-3 binding phosphopeptide motif,LIG,Canonical Arg-containing phospho-motif mediating a strong interaction with 14-3-3 proteins.  ,PF00244,14-3-3,14-3-3 protein,"R[^DE]{0,2}[^DEPG]([ST])(([FWYLMV].)|([^PRIKGN]P)|([^PRIKGN].{2,4}[VILMFWYP]))",RVQSTSTDV,450,458,MLF1_HUMAN,Homo sapiens,22151054,true positive,65,16,disordered
ELME000417,LIG_14-3-3_CanoR_1,14-3-3 binding phosphopeptide motif,LIG,Canonical Arg-containing phospho-motif mediating a strong interaction with 14-3-3 proteins.  ,PF00244,14-3-3,14-3-3 protein,"R[^DE]{0,2}[^DEPG]([ST])(([FWYLMV].)|([^PRIKGN]P)|([^PRIKGN].{2,4}[VILMFWYP]))",RVQSTSTDV,450,458,MT_POVM3,Mouse polyomavirus (strain 3),9428519,true positive,65,16,disordered
ELME000417,LIG_14-3-3_CanoR_1,14-3-3 binding phosphopeptide motif,LIG,Canonical Arg-containing phospho-motif mediating a strong interaction with 14-3-3 proteins.  ,PF00244,14-3-3,14-3-3 protein,"R[^DE]{0,2}[^DEPG]([ST])(([FWYLMV].)|([^PRIKGN]P)|([^PRIKGN].{2,4}[VILMFWYP]))",RVQSTSTDV,450,458,NAC1_HUMAN,Homo sapiens,16679322,true positive,65,16,disordered
ELME000417,LIG_14-3-3_CanoR_1,14-3-3 binding phosphopeptide motif,LIG,Canonical Arg-containing phospho-motif mediating a strong interaction with 14-3-3 proteins.  ,PF00244,14-3-3,14-3-3 protein,"R[^DE]{0,2}[^DEPG]([ST])(([FWYLMV].)|([^PRIKGN]P)|([^PRIKGN].{2,4}[VILMFWYP]))",RVQSTSTDV,450,458,NED4L_HUMAN,Homo sapiens,21900244,true positive,65,16,disordered
ELME000417,LIG_14-3-3_CanoR_1,14-3-3 binding phosphopeptide motif,LIG,Canonical Arg-containing phospho-motif mediating a strong interaction with 14-3-3 proteins.  ,PF00244,14-3-3,14-3-3 protein,"R[^DE]{0,2}[^DEPG]([ST])(([FWYLMV].)|([^PRIKGN]P)|([^PRIKGN].{2,4}[VILMFWYP]))",RVQSTSTDV,450,458,NED4L_HUMAN,Homo sapiens,15677482,true positive,65,16,disordered
ELME000417,LIG_14-3-3_CanoR_1,14-3-3 binding phosphopeptide motif,LIG,Canonical Arg-containing phospho-motif mediating a strong interaction with 14-3-3 proteins.  ,PF00244,14-3-3,14-3-3 protein,"R[^DE]{0,2}[^DEPG]([ST])(([FWYLMV].)|([^PRIKGN]P)|([^PRIKGN].{2,4}[VILMFWYP]))",RVQSTSTDV,450,458,PACS2_HUMAN,Homo sapiens,19481529,true positive,65,16,disordered
ELME000417,LIG_14-3-3_CanoR_1,14-3-3 binding phosphopeptide motif,LIG,Canonical Arg-containing phospho-motif mediating a strong interaction with 14-3-3 proteins.  ,PF00244,14-3-3,14-3-3 protein,"R[^DE]{0,2}[^DEPG]([ST])(([FWYLMV].)|([^PRIKGN]P)|([^PRIKGN].{2,4}[VILMFWYP]))",RVQSTSTDV,450,458,PADI6_HUMAN,Homo sapiens,22634725,true positive,65,16,disordered
ELME000417,LIG_14-3-3_CanoR_1,14-3-3 binding phosphopeptide motif,LIG,Canonical Arg-containing phospho-motif mediating a strong interaction with 14-3-3 proteins.  ,PF00244,14-3-3,14-3-3 protein,"R[^DE]{0,2}[^DEPG]([ST])(([FWYLMV].)|([^PRIKGN]P)|([^PRIKGN].{2,4}[VILMFWYP]))",RVQSTSTDV,450,458,PDE3A_HUMAN,Homo sapiens,16153182,true positive,65,16,disordered
ELME000417,LIG_14-3-3_CanoR_1,14-3-3 binding phosphopeptide motif,LIG,Canonical Arg-containing phospho-motif mediating a strong interaction with 14-3-3 proteins.  ,PF00244,14-3-3,14-3-3 protein,"R[^DE]{0,2}[^DEPG]([ST])(([FWYLMV].)|([^PRIKGN]P)|([^PRIKGN].{2,4}[VILMFWYP]))",RVQSTSTDV,450,458,PTN3_HUMAN,Homo sapiens,9341175,true positive,65,16,disordered
ELME000417,LIG_14-3-3_CanoR_1,14-3-3 binding phosphopeptide motif,LIG,Canonical Arg-containing phospho-motif mediating a strong interaction with 14-3-3 proteins.  ,PF00244,14-3-3,14-3-3 protein,"R[^DE]{0,2}[^DEPG]([ST])(([FWYLMV].)|([^PRIKGN]P)|([^PRIKGN].{2,4}[VILMFWYP]))",RVQSTSTDV,450,458,PTPN3_MOUSE,Mus musculus,9341175,true positive,65,16,disordered
ELME000417,LIG_14-3-3_CanoR_1,14-3-3 binding phosphopeptide motif,LIG,Canonical Arg-containing phospho-motif mediating a strong interaction with 14-3-3 proteins.  ,PF00244,14-3-3,14-3-3 protein,"R[^DE]{0,2}[^DEPG]([ST])(([FWYLMV].)|([^PRIKGN]P)|([^PRIKGN].{2,4}[VILMFWYP]))",RVQSTSTDV,450,458,Q888Y7_PSESM,Pseudomonas syringae pv. tomato str. DC3000,23417089,true positive,65,16,disordered
ELME000417,LIG_14-3-3_CanoR_1,14-3-3 binding phosphopeptide motif,LIG,Canonical Arg-containing phospho-motif mediating a strong interaction with 14-3-3 proteins.  ,PF00244,14-3-3,14-3-3 protein,"R[^DE]{0,2}[^DEPG]([ST])(([FWYLMV].)|([^PRIKGN]P)|([^PRIKGN].{2,4}[VILMFWYP]))",RVQSTSTDV,450,458,RAF1_HUMAN,Homo sapiens,23808890,true positive,65,16,disordered
ELME000417,LIG_14-3-3_CanoR_1,14-3-3 binding phosphopeptide motif,LIG,Canonical Arg-containing phospho-motif mediating a strong interaction with 14-3-3 proteins.  ,PF00244,14-3-3,14-3-3 protein,"R[^DE]{0,2}[^DEPG]([ST])(([FWYLMV].)|([^PRIKGN]P)|([^PRIKGN].{2,4}[VILMFWYP]))",RVQSTSTDV,450,458,RAF1_HUMAN,Homo sapiens,8601312 23808890 20679480,true positive,65,16,disordered
ELME000417,LIG_14-3-3_CanoR_1,14-3-3 binding phosphopeptide motif,LIG,Canonical Arg-containing phospho-motif mediating a strong interaction with 14-3-3 proteins.  ,PF00244,14-3-3,14-3-3 protein,"R[^DE]{0,2}[^DEPG]([ST])(([FWYLMV].)|([^PRIKGN]P)|([^PRIKGN].{2,4}[VILMFWYP]))",RVQSTSTDV,450,458,RAF1_HUMAN,Homo sapiens,23808890 8601312,true positive,65,16,disordered
ELME000417,LIG_14-3-3_CanoR_1,14-3-3 binding phosphopeptide motif,LIG,Canonical Arg-containing phospho-motif mediating a strong interaction with 14-3-3 proteins.  ,PF00244,14-3-3,14-3-3 protein,"R[^DE]{0,2}[^DEPG]([ST])(([FWYLMV].)|([^PRIKGN]P)|([^PRIKGN].{2,4}[VILMFWYP]))",RVQSTSTDV,450,458,RGS3_HUMAN,Homo sapiens,11985497,true positive,65,16,disordered
ELME000417,LIG_14-3-3_CanoR_1,14-3-3 binding phosphopeptide motif,LIG,Canonical Arg-containing phospho-motif mediating a strong interaction with 14-3-3 proteins.  ,PF00244,14-3-3,14-3-3 protein,"R[^DE]{0,2}[^DEPG]([ST])(([FWYLMV].)|([^PRIKGN]P)|([^PRIKGN].{2,4}[VILMFWYP]))",RVQSTSTDV,450,458,RIM15_YEAST,Saccharomyces cerevisiae,16308562,true positive,65,16,disordered
ELME000417,LIG_14-3-3_CanoR_1,14-3-3 binding phosphopeptide motif,LIG,Canonical Arg-containing phospho-motif mediating a strong interaction with 14-3-3 proteins.  ,PF00244,14-3-3,14-3-3 protein,"R[^DE]{0,2}[^DEPG]([ST])(([FWYLMV].)|([^PRIKGN]P)|([^PRIKGN].{2,4}[VILMFWYP]))",RVQSTSTDV,450,458,SLOB_DROME,Drosophila melanogaster,10230800,true positive,65,16,disordered
ELME000417,LIG_14-3-3_CanoR_1,14-3-3 binding phosphopeptide motif,LIG,Canonical Arg-containing phospho-motif mediating a strong interaction with 14-3-3 proteins.  ,PF00244,14-3-3,14-3-3 protein,"R[^DE]{0,2}[^DEPG]([ST])(([FWYLMV].)|([^PRIKGN]P)|([^PRIKGN].{2,4}[VILMFWYP]))",RVQSTSTDV,450,458,SNAT_SHEEP,Ovis aries,11336675,true positive,65,16,disordered
ELME000417,LIG_14-3-3_CanoR_1,14-3-3 binding phosphopeptide motif,LIG,Canonical Arg-containing phospho-motif mediating a strong interaction with 14-3-3 proteins.  ,PF00244,14-3-3,14-3-3 protein,"R[^DE]{0,2}[^DEPG]([ST])(([FWYLMV].)|([^PRIKGN]P)|([^PRIKGN].{2,4}[VILMFWYP]))",RVQSTSTDV,450,458,TBCD1_HUMAN,Homo sapiens,19531644,true positive,65,16,disordered
ELME000417,LIG_14-3-3_CanoR_1,14-3-3 binding phosphopeptide motif,LIG,Canonical Arg-containing phospho-motif mediating a strong interaction with 14-3-3 proteins.  ,PF00244,14-3-3,14-3-3 protein,"R[^DE]{0,2}[^DEPG]([ST])(([FWYLMV].)|([^PRIKGN]P)|([^PRIKGN].{2,4}[VILMFWYP]))",RVQSTSTDV,450,458,TESK1_RAT,Rattus norvegicus,11555644,true positive,65,16,disordered
ELME000417,LIG_14-3-3_CanoR_1,14-3-3 binding phosphopeptide motif,LIG,Canonical Arg-containing phospho-motif mediating a strong interaction with 14-3-3 proteins.  ,PF00244,14-3-3,14-3-3 protein,"R[^DE]{0,2}[^DEPG]([ST])(([FWYLMV].)|([^PRIKGN]P)|([^PRIKGN].{2,4}[VILMFWYP]))",RVQSTSTDV,450,458,TIR_ECO27,Escherichia coli O127:H6 str. E2348/69,16367866,true positive,65,16,disordered
ELME000417,LIG_14-3-3_CanoR_1,14-3-3 binding phosphopeptide motif,LIG,Canonical Arg-containing phospho-motif mediating a strong interaction with 14-3-3 proteins.  ,PF00244,14-3-3,14-3-3 protein,"R[^DE]{0,2}[^DEPG]([ST])(([FWYLMV].)|([^PRIKGN]P)|([^PRIKGN].{2,4}[VILMFWYP]))",RVQSTSTDV,450,458,WWTR1_HUMAN,Homo sapiens,11118213,true positive,65,16,disordered
ELME000417,LIG_14-3-3_CanoR_1,14-3-3 binding phosphopeptide motif,LIG,Canonical Arg-containing phospho-motif mediating a strong interaction with 14-3-3 proteins.  ,PF00244,14-3-3,14-3-3 protein,"R[^DE]{0,2}[^DEPG]([ST])(([FWYLMV].)|([^PRIKGN]P)|([^PRIKGN].{2,4}[VILMFWYP]))",RVQSTSTDV,450,458,WWTR1_MOUSE,Mus musculus,11118213,true positive,65,16,disordered
ELME000417,LIG_14-3-3_CanoR_1,14-3-3 binding phosphopeptide motif,LIG,Canonical Arg-containing phospho-motif mediating a strong interaction with 14-3-3 proteins.  ,PF00244,14-3-3,14-3-3 protein,"R[^DE]{0,2}[^DEPG]([ST])(([FWYLMV].)|([^PRIKGN]P)|([^PRIKGN].{2,4}[VILMFWYP]))",RVQSTSTDV,450,458,YAP1_HUMAN,Homo sapiens,20823509 12535517,true positive,65,16,disordered
ELME000417,LIG_14-3-3_CanoR_1,14-3-3 binding phosphopeptide motif,LIG,Canonical Arg-containing phospho-motif mediating a strong interaction with 14-3-3 proteins.  ,PF00244,14-3-3,14-3-3 protein,"R[^DE]{0,2}[^DEPG]([ST])(([FWYLMV].)|([^PRIKGN]P)|([^PRIKGN].{2,4}[VILMFWYP]))",RVQSTSTDV,450,458,YAP1_HUMAN,Homo sapiens,17974916,true positive,65,16,disordered
ELME000417,LIG_14-3-3_CanoR_1,14-3-3 binding phosphopeptide motif,LIG,Canonical Arg-containing phospho-motif mediating a strong interaction with 14-3-3 proteins.  ,PF00244,14-3-3,14-3-3 protein,"R[^DE]{0,2}[^DEPG]([ST])(([FWYLMV].)|([^PRIKGN]P)|([^PRIKGN].{2,4}[VILMFWYP]))",RVQSTSTDV,450,458,YAP1_MOUSE,Mus musculus,11118213,true positive,65,16,disordered
ELME000417,LIG_14-3-3_CanoR_1,14-3-3 binding phosphopeptide motif,LIG,Canonical Arg-containing phospho-motif mediating a strong interaction with 14-3-3 proteins.  ,PF00244,14-3-3,14-3-3 protein,"R[^DE]{0,2}[^DEPG]([ST])(([FWYLMV].)|([^PRIKGN]P)|([^PRIKGN].{2,4}[VILMFWYP]))",RSSSRSSL,526,533,3BP2_HUMAN,Homo sapiens,12501243,true positive,65,16,disordered
ELME000417,LIG_14-3-3_CanoR_1,14-3-3 binding phosphopeptide motif,LIG,Canonical Arg-containing phospho-motif mediating a strong interaction with 14-3-3 proteins.  ,PF00244,14-3-3,14-3-3 protein,"R[^DE]{0,2}[^DEPG]([ST])(([FWYLMV].)|([^PRIKGN]P)|([^PRIKGN].{2,4}[VILMFWYP]))",RSSSRSSL,526,533,ADA22_HUMAN,Homo sapiens,16868027,true positive,65,16,disordered
ELME000417,LIG_14-3-3_CanoR_1,14-3-3 binding phosphopeptide motif,LIG,Canonical Arg-containing phospho-motif mediating a strong interaction with 14-3-3 proteins.  ,PF00244,14-3-3,14-3-3 protein,"R[^DE]{0,2}[^DEPG]([ST])(([FWYLMV].)|([^PRIKGN]P)|([^PRIKGN].{2,4}[VILMFWYP]))",RSSSRSSL,526,533,ATX1_HUMAN,Homo sapiens,20037628 12757707,true positive,65,16,disordered
ELME000417,LIG_14-3-3_CanoR_1,14-3-3 binding phosphopeptide motif,LIG,Canonical Arg-containing phospho-motif mediating a strong interaction with 14-3-3 proteins.  ,PF00244,14-3-3,14-3-3 protein,"R[^DE]{0,2}[^DEPG]([ST])(([FWYLMV].)|([^PRIKGN]P)|([^PRIKGN].{2,4}[VILMFWYP]))",RSSSRSSL,526,533,B7UM88_ECO27,Escherichia coli O127:H6 str. E2348/69,15339273,true positive,65,16,disordered
ELME000417,LIG_14-3-3_CanoR_1,14-3-3 binding phosphopeptide motif,LIG,Canonical Arg-containing phospho-motif mediating a strong interaction with 14-3-3 proteins.  ,PF00244,14-3-3,14-3-3 protein,"R[^DE]{0,2}[^DEPG]([ST])(([FWYLMV].)|([^PRIKGN]P)|([^PRIKGN].{2,4}[VILMFWYP]))",RSSSRSSL,526,533,BAD_MOUSE,Mus musculus,8929531,true positive,65,16,disordered
ELME000417,LIG_14-3-3_CanoR_1,14-3-3 binding phosphopeptide motif,LIG,Canonical Arg-containing phospho-motif mediating a strong interaction with 14-3-3 proteins.  ,PF00244,14-3-3,14-3-3 protein,"R[^DE]{0,2}[^DEPG]([ST])(([FWYLMV].)|([^PRIKGN]P)|([^PRIKGN].{2,4}[VILMFWYP]))",RSSSRSSL,526,533,BAD_MOUSE,Mus musculus,8929531 10949026,true positive,65,16,disordered
ELME000417,LIG_14-3-3_CanoR_1,14-3-3 binding phosphopeptide motif,LIG,Canonical Arg-containing phospho-motif mediating a strong interaction with 14-3-3 proteins.  ,PF00244,14-3-3,14-3-3 protein,"R[^DE]{0,2}[^DEPG]([ST])(([FWYLMV].)|([^PRIKGN]P)|([^PRIKGN].{2,4}[VILMFWYP]))",RSSSRSSL,526,533,BAD_RAT,Rattus norvegicus,9369453,true positive,65,16,disordered
ELME000417,LIG_14-3-3_CanoR_1,14-3-3 binding phosphopeptide motif,LIG,Canonical Arg-containing phospho-motif mediating a strong interaction with 14-3-3 proteins.  ,PF00244,14-3-3,14-3-3 protein,"R[^DE]{0,2}[^DEPG]([ST])(([FWYLMV].)|([^PRIKGN]P)|([^PRIKGN].{2,4}[VILMFWYP]))",RSSSRSSL,526,533,CBY1_HUMAN,Homo sapiens,25909186,true positive,65,16,disordered
ELME000417,LIG_14-3-3_CanoR_1,14-3-3 binding phosphopeptide motif,LIG,Canonical Arg-containing phospho-motif mediating a strong interaction with 14-3-3 proteins.  ,PF00244,14-3-3,14-3-3 protein,"R[^DE]{0,2}[^DEPG]([ST])(([FWYLMV].)|([^PRIKGN]P)|([^PRIKGN].{2,4}[VILMFWYP]))",RSSSRSSL,526,533,CFTR_HUMAN,Homo sapiens,26888287,true positive,65,16,disordered
ELME000417,LIG_14-3-3_CanoR_1,14-3-3 binding phosphopeptide motif,LIG,Canonical Arg-containing phospho-motif mediating a strong interaction with 14-3-3 proteins.  ,PF00244,14-3-3,14-3-3 protein,"R[^DE]{0,2}[^DEPG]([ST])(([FWYLMV].)|([^PRIKGN]P)|([^PRIKGN].{2,4}[VILMFWYP]))",RSSSRSSL,526,533,FOXO3_HUMAN,Homo sapiens,11864996,true positive,65,16,disordered
ELME000417,LIG_14-3-3_CanoR_1,14-3-3 binding phosphopeptide motif,LIG,Canonical Arg-containing phospho-motif mediating a strong interaction with 14-3-3 proteins.  ,PF00244,14-3-3,14-3-3 protein,"R[^DE]{0,2}[^DEPG]([ST])(([FWYLMV].)|([^PRIKGN]P)|([^PRIKGN].{2,4}[VILMFWYP]))",RSSSRSSL,526,533,FOXO4_HUMAN,Homo sapiens,14690436,true positive,65,16,disordered
ELME000417,LIG_14-3-3_CanoR_1,14-3-3 binding phosphopeptide motif,LIG,Canonical Arg-containing phospho-motif mediating a strong interaction with 14-3-3 proteins.  ,PF00244,14-3-3,14-3-3 protein,"R[^DE]{0,2}[^DEPG]([ST])(([FWYLMV].)|([^PRIKGN]P)|([^PRIKGN].{2,4}[VILMFWYP]))",RSSSRSSL,526,533,FOXO4_HUMAN,Homo sapiens,16114898,true positive,65,16,disordered
ELME000417,LIG_14-3-3_CanoR_1,14-3-3 binding phosphopeptide motif,LIG,Canonical Arg-containing phospho-motif mediating a strong interaction with 14-3-3 proteins.  ,PF00244,14-3-3,14-3-3 protein,"R[^DE]{0,2}[^DEPG]([ST])(([FWYLMV].)|([^PRIKGN]P)|([^PRIKGN].{2,4}[VILMFWYP]))",RSSSRSSL,526,533,GAB2_HUMAN,Homo sapiens,19172738,true positive,65,16,disordered
ELME000417,LIG_14-3-3_CanoR_1,14-3-3 binding phosphopeptide motif,LIG,Canonical Arg-containing phospho-motif mediating a strong interaction with 14-3-3 proteins.  ,PF00244,14-3-3,14-3-3 protein,"R[^DE]{0,2}[^DEPG]([ST])(([FWYLMV].)|([^PRIKGN]P)|([^PRIKGN].{2,4}[VILMFWYP]))",RSSSRSSL,526,533,GFAP_HUMAN,Homo sapiens,17032734,true positive,65,16,disordered
ELME000417,LIG_14-3-3_CanoR_1,14-3-3 binding phosphopeptide motif,LIG,Canonical Arg-containing phospho-motif mediating a strong interaction with 14-3-3 proteins.  ,PF00244,14-3-3,14-3-3 protein,"R[^DE]{0,2}[^DEPG]([ST])(([FWYLMV].)|([^PRIKGN]P)|([^PRIKGN].{2,4}[VILMFWYP]))",RSSSRSSL,526,533,H31_HUMAN,Homo sapiens,16246723,true positive,65,16,disordered
ELME000417,LIG_14-3-3_CanoR_1,14-3-3 binding phosphopeptide motif,LIG,Canonical Arg-containing phospho-motif mediating a strong interaction with 14-3-3 proteins.  ,PF00244,14-3-3,14-3-3 protein,"R[^DE]{0,2}[^DEPG]([ST])(([FWYLMV].)|([^PRIKGN]P)|([^PRIKGN].{2,4}[VILMFWYP]))",RSSSRSSL,526,533,HDAC4_HUMAN,Homo sapiens,10958686 10869435,true positive,65,16,disordered
ELME000417,LIG_14-3-3_CanoR_1,14-3-3 binding phosphopeptide motif,LIG,Canonical Arg-containing phospho-motif mediating a strong interaction with 14-3-3 proteins.  ,PF00244,14-3-3,14-3-3 protein,"R[^DE]{0,2}[^DEPG]([ST])(([FWYLMV].)|([^PRIKGN]P)|([^PRIKGN].{2,4}[VILMFWYP]))",RSSSRSSL,526,533,HDAC4_HUMAN,Homo sapiens,10869435,true positive,65,16,disordered
ELME000417,LIG_14-3-3_CanoR_1,14-3-3 binding phosphopeptide motif,LIG,Canonical Arg-containing phospho-motif mediating a strong interaction with 14-3-3 proteins.  ,PF00244,14-3-3,14-3-3 protein,"R[^DE]{0,2}[^DEPG]([ST])(([FWYLMV].)|([^PRIKGN]P)|([^PRIKGN].{2,4}[VILMFWYP]))",RSSSRSSL,526,533,HDAC5_HUMAN,Homo sapiens,11114197,true positive,65,16,disordered
ELME000417,LIG_14-3-3_CanoR_1,14-3-3 binding phosphopeptide motif,LIG,Canonical Arg-containing phospho-motif mediating a strong interaction with 14-3-3 proteins.  ,PF00244,14-3-3,14-3-3 protein,"R[^DE]{0,2}[^DEPG]([ST])(([FWYLMV].)|([^PRIKGN]P)|([^PRIKGN].{2,4}[VILMFWYP]))",RSSSRSSL,526,533,KIF1C_HUMAN,Homo sapiens,17085597 10559254,true positive,65,16,disordered
ELME000417,LIG_14-3-3_CanoR_1,14-3-3 binding phosphopeptide motif,LIG,Canonical Arg-containing phospho-motif mediating a strong interaction with 14-3-3 proteins.  ,PF00244,14-3-3,14-3-3 protein,"R[^DE]{0,2}[^DEPG]([ST])(([FWYLMV].)|([^PRIKGN]P)|([^PRIKGN].{2,4}[VILMFWYP]))",RSSSRSSL,526,533,KLC2_HUMAN,Homo sapiens,21189416,true positive,65,16,disordered
ELME000417,LIG_14-3-3_CanoR_1,14-3-3 binding phosphopeptide motif,LIG,Canonical Arg-containing phospho-motif mediating a strong interaction with 14-3-3 proteins.  ,PF00244,14-3-3,14-3-3 protein,"R[^DE]{0,2}[^DEPG]([ST])(([FWYLMV].)|([^PRIKGN]P)|([^PRIKGN].{2,4}[VILMFWYP]))",RSSSRSSL,526,533,KLC3_HUMAN,Homo sapiens,21189416,true positive,65,16,disordered
ELME000417,LIG_14-3-3_CanoR_1,14-3-3 binding phosphopeptide motif,LIG,Canonical Arg-containing phospho-motif mediating a strong interaction with 14-3-3 proteins.  ,PF00244,14-3-3,14-3-3 protein,"R[^DE]{0,2}[^DEPG]([ST])(([FWYLMV].)|([^PRIKGN]P)|([^PRIKGN].{2,4}[VILMFWYP]))",RSSSRSSL,526,533,KPCE_HUMAN,Homo sapiens,19662078,true positive,65,16,disordered
ELME000417,LIG_14-3-3_CanoR_1,14-3-3 binding phosphopeptide motif,LIG,Canonical Arg-containing phospho-motif mediating a strong interaction with 14-3-3 proteins.  ,PF00244,14-3-3,14-3-3 protein,"R[^DE]{0,2}[^DEPG]([ST])(([FWYLMV].)|([^PRIKGN]P)|([^PRIKGN].{2,4}[VILMFWYP]))",RSSSRSSL,526,533,KSR1_MOUSE,Mus musculus,9858547,true positive,65,16,disordered
ELME000417,LIG_14-3-3_CanoR_1,14-3-3 binding phosphopeptide motif,LIG,Canonical Arg-containing phospho-motif mediating a strong interaction with 14-3-3 proteins.  ,PF00244,14-3-3,14-3-3 protein,"R[^DE]{0,2}[^DEPG]([ST])(([FWYLMV].)|([^PRIKGN]P)|([^PRIKGN].{2,4}[VILMFWYP]))",RSSSRSSL,526,533,M3K5_HUMAN,Homo sapiens,17085597 10411906,true positive,65,16,disordered
ELME000417,LIG_14-3-3_CanoR_1,14-3-3 binding phosphopeptide motif,LIG,Canonical Arg-containing phospho-motif mediating a strong interaction with 14-3-3 proteins.  ,PF00244,14-3-3,14-3-3 protein,"R[^DE]{0,2}[^DEPG]([ST])(([FWYLMV].)|([^PRIKGN]P)|([^PRIKGN].{2,4}[VILMFWYP]))",RSSSRSSL,526,533,MDM4_HUMAN,Homo sapiens,16943424,true positive,65,16,disordered
ELME000417,LIG_14-3-3_CanoR_1,14-3-3 binding phosphopeptide motif,LIG,Canonical Arg-containing phospho-motif mediating a strong interaction with 14-3-3 proteins.  ,PF00244,14-3-3,14-3-3 protein,"R[^DE]{0,2}[^DEPG]([ST])(([FWYLMV].)|([^PRIKGN]P)|([^PRIKGN].{2,4}[VILMFWYP]))",RSSSRSSL,526,533,MEFV_HUMAN,Homo sapiens,15934090,true positive,65,16,disordered
ELME000417,LIG_14-3-3_CanoR_1,14-3-3 binding phosphopeptide motif,LIG,Canonical Arg-containing phospho-motif mediating a strong interaction with 14-3-3 proteins.  ,PF00244,14-3-3,14-3-3 protein,"R[^DE]{0,2}[^DEPG]([ST])(([FWYLMV].)|([^PRIKGN]P)|([^PRIKGN].{2,4}[VILMFWYP]))",RSSSRSSL,526,533,MEI2_SCHPO,Schizosaccharomyces pombe 972h-,11818066,true positive,65,16,disordered
ELME000417,LIG_14-3-3_CanoR_1,14-3-3 binding phosphopeptide motif,LIG,Canonical Arg-containing phospho-motif mediating a strong interaction with 14-3-3 proteins.  ,PF00244,14-3-3,14-3-3 protein,"R[^DE]{0,2}[^DEPG]([ST])(([FWYLMV].)|([^PRIKGN]P)|([^PRIKGN].{2,4}[VILMFWYP]))",RSSSRSSL,526,533,MLF1_HUMAN,Homo sapiens,22151054,true positive,65,16,disordered
ELME000417,LIG_14-3-3_CanoR_1,14-3-3 binding phosphopeptide motif,LIG,Canonical Arg-containing phospho-motif mediating a strong interaction with 14-3-3 proteins.  ,PF00244,14-3-3,14-3-3 protein,"R[^DE]{0,2}[^DEPG]([ST])(([FWYLMV].)|([^PRIKGN]P)|([^PRIKGN].{2,4}[VILMFWYP]))",RSSSRSSL,526,533,MT_POVM3,Mouse polyomavirus (strain 3),9428519,true positive,65,16,disordered
ELME000417,LIG_14-3-3_CanoR_1,14-3-3 binding phosphopeptide motif,LIG,Canonical Arg-containing phospho-motif mediating a strong interaction with 14-3-3 proteins.  ,PF00244,14-3-3,14-3-3 protein,"R[^DE]{0,2}[^DEPG]([ST])(([FWYLMV].)|([^PRIKGN]P)|([^PRIKGN].{2,4}[VILMFWYP]))",RSSSRSSL,526,533,NAC1_HUMAN,Homo sapiens,16679322,true positive,65,16,disordered
ELME000417,LIG_14-3-3_CanoR_1,14-3-3 binding phosphopeptide motif,LIG,Canonical Arg-containing phospho-motif mediating a strong interaction with 14-3-3 proteins.  ,PF00244,14-3-3,14-3-3 protein,"R[^DE]{0,2}[^DEPG]([ST])(([FWYLMV].)|([^PRIKGN]P)|([^PRIKGN].{2,4}[VILMFWYP]))",RSSSRSSL,526,533,NED4L_HUMAN,Homo sapiens,21900244,true positive,65,16,disordered
ELME000417,LIG_14-3-3_CanoR_1,14-3-3 binding phosphopeptide motif,LIG,Canonical Arg-containing phospho-motif mediating a strong interaction with 14-3-3 proteins.  ,PF00244,14-3-3,14-3-3 protein,"R[^DE]{0,2}[^DEPG]([ST])(([FWYLMV].)|([^PRIKGN]P)|([^PRIKGN].{2,4}[VILMFWYP]))",RSSSRSSL,526,533,NED4L_HUMAN,Homo sapiens,15677482,true positive,65,16,disordered
ELME000417,LIG_14-3-3_CanoR_1,14-3-3 binding phosphopeptide motif,LIG,Canonical Arg-containing phospho-motif mediating a strong interaction with 14-3-3 proteins.  ,PF00244,14-3-3,14-3-3 protein,"R[^DE]{0,2}[^DEPG]([ST])(([FWYLMV].)|([^PRIKGN]P)|([^PRIKGN].{2,4}[VILMFWYP]))",RSSSRSSL,526,533,PACS2_HUMAN,Homo sapiens,19481529,true positive,65,16,disordered
ELME000417,LIG_14-3-3_CanoR_1,14-3-3 binding phosphopeptide motif,LIG,Canonical Arg-containing phospho-motif mediating a strong interaction with 14-3-3 proteins.  ,PF00244,14-3-3,14-3-3 protein,"R[^DE]{0,2}[^DEPG]([ST])(([FWYLMV].)|([^PRIKGN]P)|([^PRIKGN].{2,4}[VILMFWYP]))",RSSSRSSL,526,533,PADI6_HUMAN,Homo sapiens,22634725,true positive,65,16,disordered
ELME000417,LIG_14-3-3_CanoR_1,14-3-3 binding phosphopeptide motif,LIG,Canonical Arg-containing phospho-motif mediating a strong interaction with 14-3-3 proteins.  ,PF00244,14-3-3,14-3-3 protein,"R[^DE]{0,2}[^DEPG]([ST])(([FWYLMV].)|([^PRIKGN]P)|([^PRIKGN].{2,4}[VILMFWYP]))",RSSSRSSL,526,533,PDE3A_HUMAN,Homo sapiens,16153182,true positive,65,16,disordered
ELME000417,LIG_14-3-3_CanoR_1,14-3-3 binding phosphopeptide motif,LIG,Canonical Arg-containing phospho-motif mediating a strong interaction with 14-3-3 proteins.  ,PF00244,14-3-3,14-3-3 protein,"R[^DE]{0,2}[^DEPG]([ST])(([FWYLMV].)|([^PRIKGN]P)|([^PRIKGN].{2,4}[VILMFWYP]))",RSSSRSSL,526,533,PTN3_HUMAN,Homo sapiens,9341175,true positive,65,16,disordered
ELME000417,LIG_14-3-3_CanoR_1,14-3-3 binding phosphopeptide motif,LIG,Canonical Arg-containing phospho-motif mediating a strong interaction with 14-3-3 proteins.  ,PF00244,14-3-3,14-3-3 protein,"R[^DE]{0,2}[^DEPG]([ST])(([FWYLMV].)|([^PRIKGN]P)|([^PRIKGN].{2,4}[VILMFWYP]))",RSSSRSSL,526,533,PTPN3_MOUSE,Mus musculus,9341175,true positive,65,16,disordered
ELME000417,LIG_14-3-3_CanoR_1,14-3-3 binding phosphopeptide motif,LIG,Canonical Arg-containing phospho-motif mediating a strong interaction with 14-3-3 proteins.  ,PF00244,14-3-3,14-3-3 protein,"R[^DE]{0,2}[^DEPG]([ST])(([FWYLMV].)|([^PRIKGN]P)|([^PRIKGN].{2,4}[VILMFWYP]))",RSSSRSSL,526,533,Q888Y7_PSESM,Pseudomonas syringae pv. tomato str. DC3000,23417089,true positive,65,16,disordered
ELME000417,LIG_14-3-3_CanoR_1,14-3-3 binding phosphopeptide motif,LIG,Canonical Arg-containing phospho-motif mediating a strong interaction with 14-3-3 proteins.  ,PF00244,14-3-3,14-3-3 protein,"R[^DE]{0,2}[^DEPG]([ST])(([FWYLMV].)|([^PRIKGN]P)|([^PRIKGN].{2,4}[VILMFWYP]))",RSSSRSSL,526,533,RAF1_HUMAN,Homo sapiens,23808890,true positive,65,16,disordered
ELME000417,LIG_14-3-3_CanoR_1,14-3-3 binding phosphopeptide motif,LIG,Canonical Arg-containing phospho-motif mediating a strong interaction with 14-3-3 proteins.  ,PF00244,14-3-3,14-3-3 protein,"R[^DE]{0,2}[^DEPG]([ST])(([FWYLMV].)|([^PRIKGN]P)|([^PRIKGN].{2,4}[VILMFWYP]))",RSSSRSSL,526,533,RAF1_HUMAN,Homo sapiens,8601312 23808890 20679480,true positive,65,16,disordered
ELME000417,LIG_14-3-3_CanoR_1,14-3-3 binding phosphopeptide motif,LIG,Canonical Arg-containing phospho-motif mediating a strong interaction with 14-3-3 proteins.  ,PF00244,14-3-3,14-3-3 protein,"R[^DE]{0,2}[^DEPG]([ST])(([FWYLMV].)|([^PRIKGN]P)|([^PRIKGN].{2,4}[VILMFWYP]))",RSSSRSSL,526,533,RAF1_HUMAN,Homo sapiens,23808890 8601312,true positive,65,16,disordered
ELME000417,LIG_14-3-3_CanoR_1,14-3-3 binding phosphopeptide motif,LIG,Canonical Arg-containing phospho-motif mediating a strong interaction with 14-3-3 proteins.  ,PF00244,14-3-3,14-3-3 protein,"R[^DE]{0,2}[^DEPG]([ST])(([FWYLMV].)|([^PRIKGN]P)|([^PRIKGN].{2,4}[VILMFWYP]))",RSSSRSSL,526,533,RGS3_HUMAN,Homo sapiens,11985497,true positive,65,16,disordered
ELME000417,LIG_14-3-3_CanoR_1,14-3-3 binding phosphopeptide motif,LIG,Canonical Arg-containing phospho-motif mediating a strong interaction with 14-3-3 proteins.  ,PF00244,14-3-3,14-3-3 protein,"R[^DE]{0,2}[^DEPG]([ST])(([FWYLMV].)|([^PRIKGN]P)|([^PRIKGN].{2,4}[VILMFWYP]))",RSSSRSSL,526,533,RIM15_YEAST,Saccharomyces cerevisiae,16308562,true positive,65,16,disordered
ELME000417,LIG_14-3-3_CanoR_1,14-3-3 binding phosphopeptide motif,LIG,Canonical Arg-containing phospho-motif mediating a strong interaction with 14-3-3 proteins.  ,PF00244,14-3-3,14-3-3 protein,"R[^DE]{0,2}[^DEPG]([ST])(([FWYLMV].)|([^PRIKGN]P)|([^PRIKGN].{2,4}[VILMFWYP]))",RSSSRSSL,526,533,SLOB_DROME,Drosophila melanogaster,10230800,true positive,65,16,disordered
ELME000417,LIG_14-3-3_CanoR_1,14-3-3 binding phosphopeptide motif,LIG,Canonical Arg-containing phospho-motif mediating a strong interaction with 14-3-3 proteins.  ,PF00244,14-3-3,14-3-3 protein,"R[^DE]{0,2}[^DEPG]([ST])(([FWYLMV].)|([^PRIKGN]P)|([^PRIKGN].{2,4}[VILMFWYP]))",RSSSRSSL,526,533,SNAT_SHEEP,Ovis aries,11336675,true positive,65,16,disordered
ELME000417,LIG_14-3-3_CanoR_1,14-3-3 binding phosphopeptide motif,LIG,Canonical Arg-containing phospho-motif mediating a strong interaction with 14-3-3 proteins.  ,PF00244,14-3-3,14-3-3 protein,"R[^DE]{0,2}[^DEPG]([ST])(([FWYLMV].)|([^PRIKGN]P)|([^PRIKGN].{2,4}[VILMFWYP]))",RSSSRSSL,526,533,TBCD1_HUMAN,Homo sapiens,19531644,true positive,65,16,disordered
ELME000417,LIG_14-3-3_CanoR_1,14-3-3 binding phosphopeptide motif,LIG,Canonical Arg-containing phospho-motif mediating a strong interaction with 14-3-3 proteins.  ,PF00244,14-3-3,14-3-3 protein,"R[^DE]{0,2}[^DEPG]([ST])(([FWYLMV].)|([^PRIKGN]P)|([^PRIKGN].{2,4}[VILMFWYP]))",RSSSRSSL,526,533,TESK1_RAT,Rattus norvegicus,11555644,true positive,65,16,disordered
ELME000417,LIG_14-3-3_CanoR_1,14-3-3 binding phosphopeptide motif,LIG,Canonical Arg-containing phospho-motif mediating a strong interaction with 14-3-3 proteins.  ,PF00244,14-3-3,14-3-3 protein,"R[^DE]{0,2}[^DEPG]([ST])(([FWYLMV].)|([^PRIKGN]P)|([^PRIKGN].{2,4}[VILMFWYP]))",RSSSRSSL,526,533,TIR_ECO27,Escherichia coli O127:H6 str. E2348/69,16367866,true positive,65,16,disordered
ELME000417,LIG_14-3-3_CanoR_1,14-3-3 binding phosphopeptide motif,LIG,Canonical Arg-containing phospho-motif mediating a strong interaction with 14-3-3 proteins.  ,PF00244,14-3-3,14-3-3 protein,"R[^DE]{0,2}[^DEPG]([ST])(([FWYLMV].)|([^PRIKGN]P)|([^PRIKGN].{2,4}[VILMFWYP]))",RSSSRSSL,526,533,WWTR1_HUMAN,Homo sapiens,11118213,true positive,65,16,disordered
ELME000417,LIG_14-3-3_CanoR_1,14-3-3 binding phosphopeptide motif,LIG,Canonical Arg-containing phospho-motif mediating a strong interaction with 14-3-3 proteins.  ,PF00244,14-3-3,14-3-3 protein,"R[^DE]{0,2}[^DEPG]([ST])(([FWYLMV].)|([^PRIKGN]P)|([^PRIKGN].{2,4}[VILMFWYP]))",RSSSRSSL,526,533,WWTR1_MOUSE,Mus musculus,11118213,true positive,65,16,disordered
ELME000417,LIG_14-3-3_CanoR_1,14-3-3 binding phosphopeptide motif,LIG,Canonical Arg-containing phospho-motif mediating a strong interaction with 14-3-3 proteins.  ,PF00244,14-3-3,14-3-3 protein,"R[^DE]{0,2}[^DEPG]([ST])(([FWYLMV].)|([^PRIKGN]P)|([^PRIKGN].{2,4}[VILMFWYP]))",RSSSRSSL,526,533,YAP1_HUMAN,Homo sapiens,20823509 12535517,true positive,65,16,disordered
ELME000417,LIG_14-3-3_CanoR_1,14-3-3 binding phosphopeptide motif,LIG,Canonical Arg-containing phospho-motif mediating a strong interaction with 14-3-3 proteins.  ,PF00244,14-3-3,14-3-3 protein,"R[^DE]{0,2}[^DEPG]([ST])(([FWYLMV].)|([^PRIKGN]P)|([^PRIKGN].{2,4}[VILMFWYP]))",RSSSRSSL,526,533,YAP1_HUMAN,Homo sapiens,17974916,true positive,65,16,disordered
ELME000417,LIG_14-3-3_CanoR_1,14-3-3 binding phosphopeptide motif,LIG,Canonical Arg-containing phospho-motif mediating a strong interaction with 14-3-3 proteins.  ,PF00244,14-3-3,14-3-3 protein,"R[^DE]{0,2}[^DEPG]([ST])(([FWYLMV].)|([^PRIKGN]P)|([^PRIKGN].{2,4}[VILMFWYP]))",RSSSRSSL,526,533,YAP1_MOUSE,Mus musculus,11118213,true positive,65,16,disordered
ELME000417,LIG_14-3-3_CanoR_1,14-3-3 binding phosphopeptide motif,LIG,Canonical Arg-containing phospho-motif mediating a strong interaction with 14-3-3 proteins.  ,PF00244,14-3-3,14-3-3 protein,"R[^DE]{0,2}[^DEPG]([ST])(([FWYLMV].)|([^PRIKGN]P)|([^PRIKGN].{2,4}[VILMFWYP]))",RSSLA,530,534,3BP2_HUMAN,Homo sapiens,12501243,true positive,65,16,disordered
ELME000417,LIG_14-3-3_CanoR_1,14-3-3 binding phosphopeptide motif,LIG,Canonical Arg-containing phospho-motif mediating a strong interaction with 14-3-3 proteins.  ,PF00244,14-3-3,14-3-3 protein,"R[^DE]{0,2}[^DEPG]([ST])(([FWYLMV].)|([^PRIKGN]P)|([^PRIKGN].{2,4}[VILMFWYP]))",RSSLA,530,534,ADA22_HUMAN,Homo sapiens,16868027,true positive,65,16,disordered
ELME000417,LIG_14-3-3_CanoR_1,14-3-3 binding phosphopeptide motif,LIG,Canonical Arg-containing phospho-motif mediating a strong interaction with 14-3-3 proteins.  ,PF00244,14-3-3,14-3-3 protein,"R[^DE]{0,2}[^DEPG]([ST])(([FWYLMV].)|([^PRIKGN]P)|([^PRIKGN].{2,4}[VILMFWYP]))",RSSLA,530,534,ATX1_HUMAN,Homo sapiens,20037628 12757707,true positive,65,16,disordered
ELME000417,LIG_14-3-3_CanoR_1,14-3-3 binding phosphopeptide motif,LIG,Canonical Arg-containing phospho-motif mediating a strong interaction with 14-3-3 proteins.  ,PF00244,14-3-3,14-3-3 protein,"R[^DE]{0,2}[^DEPG]([ST])(([FWYLMV].)|([^PRIKGN]P)|([^PRIKGN].{2,4}[VILMFWYP]))",RSSLA,530,534,B7UM88_ECO27,Escherichia coli O127:H6 str. E2348/69,15339273,true positive,65,16,disordered
ELME000417,LIG_14-3-3_CanoR_1,14-3-3 binding phosphopeptide motif,LIG,Canonical Arg-containing phospho-motif mediating a strong interaction with 14-3-3 proteins.  ,PF00244,14-3-3,14-3-3 protein,"R[^DE]{0,2}[^DEPG]([ST])(([FWYLMV].)|([^PRIKGN]P)|([^PRIKGN].{2,4}[VILMFWYP]))",RSSLA,530,534,BAD_MOUSE,Mus musculus,8929531,true positive,65,16,disordered
ELME000417,LIG_14-3-3_CanoR_1,14-3-3 binding phosphopeptide motif,LIG,Canonical Arg-containing phospho-motif mediating a strong interaction with 14-3-3 proteins.  ,PF00244,14-3-3,14-3-3 protein,"R[^DE]{0,2}[^DEPG]([ST])(([FWYLMV].)|([^PRIKGN]P)|([^PRIKGN].{2,4}[VILMFWYP]))",RSSLA,530,534,BAD_MOUSE,Mus musculus,8929531 10949026,true positive,65,16,disordered
ELME000417,LIG_14-3-3_CanoR_1,14-3-3 binding phosphopeptide motif,LIG,Canonical Arg-containing phospho-motif mediating a strong interaction with 14-3-3 proteins.  ,PF00244,14-3-3,14-3-3 protein,"R[^DE]{0,2}[^DEPG]([ST])(([FWYLMV].)|([^PRIKGN]P)|([^PRIKGN].{2,4}[VILMFWYP]))",RSSLA,530,534,BAD_RAT,Rattus norvegicus,9369453,true positive,65,16,disordered
ELME000417,LIG_14-3-3_CanoR_1,14-3-3 binding phosphopeptide motif,LIG,Canonical Arg-containing phospho-motif mediating a strong interaction with 14-3-3 proteins.  ,PF00244,14-3-3,14-3-3 protein,"R[^DE]{0,2}[^DEPG]([ST])(([FWYLMV].)|([^PRIKGN]P)|([^PRIKGN].{2,4}[VILMFWYP]))",RSSLA,530,534,CBY1_HUMAN,Homo sapiens,25909186,true positive,65,16,disordered
ELME000417,LIG_14-3-3_CanoR_1,14-3-3 binding phosphopeptide motif,LIG,Canonical Arg-containing phospho-motif mediating a strong interaction with 14-3-3 proteins.  ,PF00244,14-3-3,14-3-3 protein,"R[^DE]{0,2}[^DEPG]([ST])(([FWYLMV].)|([^PRIKGN]P)|([^PRIKGN].{2,4}[VILMFWYP]))",RSSLA,530,534,CFTR_HUMAN,Homo sapiens,26888287,true positive,65,16,disordered
ELME000417,LIG_14-3-3_CanoR_1,14-3-3 binding phosphopeptide motif,LIG,Canonical Arg-containing phospho-motif mediating a strong interaction with 14-3-3 proteins.  ,PF00244,14-3-3,14-3-3 protein,"R[^DE]{0,2}[^DEPG]([ST])(([FWYLMV].)|([^PRIKGN]P)|([^PRIKGN].{2,4}[VILMFWYP]))",RSSLA,530,534,FOXO3_HUMAN,Homo sapiens,11864996,true positive,65,16,disordered
ELME000417,LIG_14-3-3_CanoR_1,14-3-3 binding phosphopeptide motif,LIG,Canonical Arg-containing phospho-motif mediating a strong interaction with 14-3-3 proteins.  ,PF00244,14-3-3,14-3-3 protein,"R[^DE]{0,2}[^DEPG]([ST])(([FWYLMV].)|([^PRIKGN]P)|([^PRIKGN].{2,4}[VILMFWYP]))",RSSLA,530,534,FOXO4_HUMAN,Homo sapiens,14690436,true positive,65,16,disordered
ELME000417,LIG_14-3-3_CanoR_1,14-3-3 binding phosphopeptide motif,LIG,Canonical Arg-containing phospho-motif mediating a strong interaction with 14-3-3 proteins.  ,PF00244,14-3-3,14-3-3 protein,"R[^DE]{0,2}[^DEPG]([ST])(([FWYLMV].)|([^PRIKGN]P)|([^PRIKGN].{2,4}[VILMFWYP]))",RSSLA,530,534,FOXO4_HUMAN,Homo sapiens,16114898,true positive,65,16,disordered
ELME000417,LIG_14-3-3_CanoR_1,14-3-3 binding phosphopeptide motif,LIG,Canonical Arg-containing phospho-motif mediating a strong interaction with 14-3-3 proteins.  ,PF00244,14-3-3,14-3-3 protein,"R[^DE]{0,2}[^DEPG]([ST])(([FWYLMV].)|([^PRIKGN]P)|([^PRIKGN].{2,4}[VILMFWYP]))",RSSLA,530,534,GAB2_HUMAN,Homo sapiens,19172738,true positive,65,16,disordered
ELME000417,LIG_14-3-3_CanoR_1,14-3-3 binding phosphopeptide motif,LIG,Canonical Arg-containing phospho-motif mediating a strong interaction with 14-3-3 proteins.  ,PF00244,14-3-3,14-3-3 protein,"R[^DE]{0,2}[^DEPG]([ST])(([FWYLMV].)|([^PRIKGN]P)|([^PRIKGN].{2,4}[VILMFWYP]))",RSSLA,530,534,GFAP_HUMAN,Homo sapiens,17032734,true positive,65,16,disordered
ELME000417,LIG_14-3-3_CanoR_1,14-3-3 binding phosphopeptide motif,LIG,Canonical Arg-containing phospho-motif mediating a strong interaction with 14-3-3 proteins.  ,PF00244,14-3-3,14-3-3 protein,"R[^DE]{0,2}[^DEPG]([ST])(([FWYLMV].)|([^PRIKGN]P)|([^PRIKGN].{2,4}[VILMFWYP]))",RSSLA,530,534,H31_HUMAN,Homo sapiens,16246723,true positive,65,16,disordered
ELME000417,LIG_14-3-3_CanoR_1,14-3-3 binding phosphopeptide motif,LIG,Canonical Arg-containing phospho-motif mediating a strong interaction with 14-3-3 proteins.  ,PF00244,14-3-3,14-3-3 protein,"R[^DE]{0,2}[^DEPG]([ST])(([FWYLMV].)|([^PRIKGN]P)|([^PRIKGN].{2,4}[VILMFWYP]))",RSSLA,530,534,HDAC4_HUMAN,Homo sapiens,10958686 10869435,true positive,65,16,disordered
ELME000417,LIG_14-3-3_CanoR_1,14-3-3 binding phosphopeptide motif,LIG,Canonical Arg-containing phospho-motif mediating a strong interaction with 14-3-3 proteins.  ,PF00244,14-3-3,14-3-3 protein,"R[^DE]{0,2}[^DEPG]([ST])(([FWYLMV].)|([^PRIKGN]P)|([^PRIKGN].{2,4}[VILMFWYP]))",RSSLA,530,534,HDAC4_HUMAN,Homo sapiens,10869435,true positive,65,16,disordered
ELME000417,LIG_14-3-3_CanoR_1,14-3-3 binding phosphopeptide motif,LIG,Canonical Arg-containing phospho-motif mediating a strong interaction with 14-3-3 proteins.  ,PF00244,14-3-3,14-3-3 protein,"R[^DE]{0,2}[^DEPG]([ST])(([FWYLMV].)|([^PRIKGN]P)|([^PRIKGN].{2,4}[VILMFWYP]))",RSSLA,530,534,HDAC5_HUMAN,Homo sapiens,11114197,true positive,65,16,disordered
ELME000417,LIG_14-3-3_CanoR_1,14-3-3 binding phosphopeptide motif,LIG,Canonical Arg-containing phospho-motif mediating a strong interaction with 14-3-3 proteins.  ,PF00244,14-3-3,14-3-3 protein,"R[^DE]{0,2}[^DEPG]([ST])(([FWYLMV].)|([^PRIKGN]P)|([^PRIKGN].{2,4}[VILMFWYP]))",RSSLA,530,534,KIF1C_HUMAN,Homo sapiens,17085597 10559254,true positive,65,16,disordered
ELME000417,LIG_14-3-3_CanoR_1,14-3-3 binding phosphopeptide motif,LIG,Canonical Arg-containing phospho-motif mediating a strong interaction with 14-3-3 proteins.  ,PF00244,14-3-3,14-3-3 protein,"R[^DE]{0,2}[^DEPG]([ST])(([FWYLMV].)|([^PRIKGN]P)|([^PRIKGN].{2,4}[VILMFWYP]))",RSSLA,530,534,KLC2_HUMAN,Homo sapiens,21189416,true positive,65,16,disordered
ELME000417,LIG_14-3-3_CanoR_1,14-3-3 binding phosphopeptide motif,LIG,Canonical Arg-containing phospho-motif mediating a strong interaction with 14-3-3 proteins.  ,PF00244,14-3-3,14-3-3 protein,"R[^DE]{0,2}[^DEPG]([ST])(([FWYLMV].)|([^PRIKGN]P)|([^PRIKGN].{2,4}[VILMFWYP]))",RSSLA,530,534,KLC3_HUMAN,Homo sapiens,21189416,true positive,65,16,disordered
ELME000417,LIG_14-3-3_CanoR_1,14-3-3 binding phosphopeptide motif,LIG,Canonical Arg-containing phospho-motif mediating a strong interaction with 14-3-3 proteins.  ,PF00244,14-3-3,14-3-3 protein,"R[^DE]{0,2}[^DEPG]([ST])(([FWYLMV].)|([^PRIKGN]P)|([^PRIKGN].{2,4}[VILMFWYP]))",RSSLA,530,534,KPCE_HUMAN,Homo sapiens,19662078,true positive,65,16,disordered
ELME000417,LIG_14-3-3_CanoR_1,14-3-3 binding phosphopeptide motif,LIG,Canonical Arg-containing phospho-motif mediating a strong interaction with 14-3-3 proteins.  ,PF00244,14-3-3,14-3-3 protein,"R[^DE]{0,2}[^DEPG]([ST])(([FWYLMV].)|([^PRIKGN]P)|([^PRIKGN].{2,4}[VILMFWYP]))",RSSLA,530,534,KSR1_MOUSE,Mus musculus,9858547,true positive,65,16,disordered
ELME000417,LIG_14-3-3_CanoR_1,14-3-3 binding phosphopeptide motif,LIG,Canonical Arg-containing phospho-motif mediating a strong interaction with 14-3-3 proteins.  ,PF00244,14-3-3,14-3-3 protein,"R[^DE]{0,2}[^DEPG]([ST])(([FWYLMV].)|([^PRIKGN]P)|([^PRIKGN].{2,4}[VILMFWYP]))",RSSLA,530,534,M3K5_HUMAN,Homo sapiens,17085597 10411906,true positive,65,16,disordered
ELME000417,LIG_14-3-3_CanoR_1,14-3-3 binding phosphopeptide motif,LIG,Canonical Arg-containing phospho-motif mediating a strong interaction with 14-3-3 proteins.  ,PF00244,14-3-3,14-3-3 protein,"R[^DE]{0,2}[^DEPG]([ST])(([FWYLMV].)|([^PRIKGN]P)|([^PRIKGN].{2,4}[VILMFWYP]))",RSSLA,530,534,MDM4_HUMAN,Homo sapiens,16943424,true positive,65,16,disordered
ELME000417,LIG_14-3-3_CanoR_1,14-3-3 binding phosphopeptide motif,LIG,Canonical Arg-containing phospho-motif mediating a strong interaction with 14-3-3 proteins.  ,PF00244,14-3-3,14-3-3 protein,"R[^DE]{0,2}[^DEPG]([ST])(([FWYLMV].)|([^PRIKGN]P)|([^PRIKGN].{2,4}[VILMFWYP]))",RSSLA,530,534,MEFV_HUMAN,Homo sapiens,15934090,true positive,65,16,disordered
ELME000417,LIG_14-3-3_CanoR_1,14-3-3 binding phosphopeptide motif,LIG,Canonical Arg-containing phospho-motif mediating a strong interaction with 14-3-3 proteins.  ,PF00244,14-3-3,14-3-3 protein,"R[^DE]{0,2}[^DEPG]([ST])(([FWYLMV].)|([^PRIKGN]P)|([^PRIKGN].{2,4}[VILMFWYP]))",RSSLA,530,534,MEI2_SCHPO,Schizosaccharomyces pombe 972h-,11818066,true positive,65,16,disordered
ELME000417,LIG_14-3-3_CanoR_1,14-3-3 binding phosphopeptide motif,LIG,Canonical Arg-containing phospho-motif mediating a strong interaction with 14-3-3 proteins.  ,PF00244,14-3-3,14-3-3 protein,"R[^DE]{0,2}[^DEPG]([ST])(([FWYLMV].)|([^PRIKGN]P)|([^PRIKGN].{2,4}[VILMFWYP]))",RSSLA,530,534,MLF1_HUMAN,Homo sapiens,22151054,true positive,65,16,disordered
ELME000417,LIG_14-3-3_CanoR_1,14-3-3 binding phosphopeptide motif,LIG,Canonical Arg-containing phospho-motif mediating a strong interaction with 14-3-3 proteins.  ,PF00244,14-3-3,14-3-3 protein,"R[^DE]{0,2}[^DEPG]([ST])(([FWYLMV].)|([^PRIKGN]P)|([^PRIKGN].{2,4}[VILMFWYP]))",RSSLA,530,534,MT_POVM3,Mouse polyomavirus (strain 3),9428519,true positive,65,16,disordered
ELME000417,LIG_14-3-3_CanoR_1,14-3-3 binding phosphopeptide motif,LIG,Canonical Arg-containing phospho-motif mediating a strong interaction with 14-3-3 proteins.  ,PF00244,14-3-3,14-3-3 protein,"R[^DE]{0,2}[^DEPG]([ST])(([FWYLMV].)|([^PRIKGN]P)|([^PRIKGN].{2,4}[VILMFWYP]))",RSSLA,530,534,NAC1_HUMAN,Homo sapiens,16679322,true positive,65,16,disordered
ELME000417,LIG_14-3-3_CanoR_1,14-3-3 binding phosphopeptide motif,LIG,Canonical Arg-containing phospho-motif mediating a strong interaction with 14-3-3 proteins.  ,PF00244,14-3-3,14-3-3 protein,"R[^DE]{0,2}[^DEPG]([ST])(([FWYLMV].)|([^PRIKGN]P)|([^PRIKGN].{2,4}[VILMFWYP]))",RSSLA,530,534,NED4L_HUMAN,Homo sapiens,21900244,true positive,65,16,disordered
ELME000417,LIG_14-3-3_CanoR_1,14-3-3 binding phosphopeptide motif,LIG,Canonical Arg-containing phospho-motif mediating a strong interaction with 14-3-3 proteins.  ,PF00244,14-3-3,14-3-3 protein,"R[^DE]{0,2}[^DEPG]([ST])(([FWYLMV].)|([^PRIKGN]P)|([^PRIKGN].{2,4}[VILMFWYP]))",RSSLA,530,534,NED4L_HUMAN,Homo sapiens,15677482,true positive,65,16,disordered
ELME000417,LIG_14-3-3_CanoR_1,14-3-3 binding phosphopeptide motif,LIG,Canonical Arg-containing phospho-motif mediating a strong interaction with 14-3-3 proteins.  ,PF00244,14-3-3,14-3-3 protein,"R[^DE]{0,2}[^DEPG]([ST])(([FWYLMV].)|([^PRIKGN]P)|([^PRIKGN].{2,4}[VILMFWYP]))",RSSLA,530,534,PACS2_HUMAN,Homo sapiens,19481529,true positive,65,16,disordered
ELME000417,LIG_14-3-3_CanoR_1,14-3-3 binding phosphopeptide motif,LIG,Canonical Arg-containing phospho-motif mediating a strong interaction with 14-3-3 proteins.  ,PF00244,14-3-3,14-3-3 protein,"R[^DE]{0,2}[^DEPG]([ST])(([FWYLMV].)|([^PRIKGN]P)|([^PRIKGN].{2,4}[VILMFWYP]))",RSSLA,530,534,PADI6_HUMAN,Homo sapiens,22634725,true positive,65,16,disordered
ELME000417,LIG_14-3-3_CanoR_1,14-3-3 binding phosphopeptide motif,LIG,Canonical Arg-containing phospho-motif mediating a strong interaction with 14-3-3 proteins.  ,PF00244,14-3-3,14-3-3 protein,"R[^DE]{0,2}[^DEPG]([ST])(([FWYLMV].)|([^PRIKGN]P)|([^PRIKGN].{2,4}[VILMFWYP]))",RSSLA,530,534,PDE3A_HUMAN,Homo sapiens,16153182,true positive,65,16,disordered
ELME000417,LIG_14-3-3_CanoR_1,14-3-3 binding phosphopeptide motif,LIG,Canonical Arg-containing phospho-motif mediating a strong interaction with 14-3-3 proteins.  ,PF00244,14-3-3,14-3-3 protein,"R[^DE]{0,2}[^DEPG]([ST])(([FWYLMV].)|([^PRIKGN]P)|([^PRIKGN].{2,4}[VILMFWYP]))",RSSLA,530,534,PTN3_HUMAN,Homo sapiens,9341175,true positive,65,16,disordered
ELME000417,LIG_14-3-3_CanoR_1,14-3-3 binding phosphopeptide motif,LIG,Canonical Arg-containing phospho-motif mediating a strong interaction with 14-3-3 proteins.  ,PF00244,14-3-3,14-3-3 protein,"R[^DE]{0,2}[^DEPG]([ST])(([FWYLMV].)|([^PRIKGN]P)|([^PRIKGN].{2,4}[VILMFWYP]))",RSSLA,530,534,PTPN3_MOUSE,Mus musculus,9341175,true positive,65,16,disordered
ELME000417,LIG_14-3-3_CanoR_1,14-3-3 binding phosphopeptide motif,LIG,Canonical Arg-containing phospho-motif mediating a strong interaction with 14-3-3 proteins.  ,PF00244,14-3-3,14-3-3 protein,"R[^DE]{0,2}[^DEPG]([ST])(([FWYLMV].)|([^PRIKGN]P)|([^PRIKGN].{2,4}[VILMFWYP]))",RSSLA,530,534,Q888Y7_PSESM,Pseudomonas syringae pv. tomato str. DC3000,23417089,true positive,65,16,disordered
ELME000417,LIG_14-3-3_CanoR_1,14-3-3 binding phosphopeptide motif,LIG,Canonical Arg-containing phospho-motif mediating a strong interaction with 14-3-3 proteins.  ,PF00244,14-3-3,14-3-3 protein,"R[^DE]{0,2}[^DEPG]([ST])(([FWYLMV].)|([^PRIKGN]P)|([^PRIKGN].{2,4}[VILMFWYP]))",RSSLA,530,534,RAF1_HUMAN,Homo sapiens,23808890,true positive,65,16,disordered
ELME000417,LIG_14-3-3_CanoR_1,14-3-3 binding phosphopeptide motif,LIG,Canonical Arg-containing phospho-motif mediating a strong interaction with 14-3-3 proteins.  ,PF00244,14-3-3,14-3-3 protein,"R[^DE]{0,2}[^DEPG]([ST])(([FWYLMV].)|([^PRIKGN]P)|([^PRIKGN].{2,4}[VILMFWYP]))",RSSLA,530,534,RAF1_HUMAN,Homo sapiens,8601312 23808890 20679480,true positive,65,16,disordered
ELME000417,LIG_14-3-3_CanoR_1,14-3-3 binding phosphopeptide motif,LIG,Canonical Arg-containing phospho-motif mediating a strong interaction with 14-3-3 proteins.  ,PF00244,14-3-3,14-3-3 protein,"R[^DE]{0,2}[^DEPG]([ST])(([FWYLMV].)|([^PRIKGN]P)|([^PRIKGN].{2,4}[VILMFWYP]))",RSSLA,530,534,RAF1_HUMAN,Homo sapiens,23808890 8601312,true positive,65,16,disordered
ELME000417,LIG_14-3-3_CanoR_1,14-3-3 binding phosphopeptide motif,LIG,Canonical Arg-containing phospho-motif mediating a strong interaction with 14-3-3 proteins.  ,PF00244,14-3-3,14-3-3 protein,"R[^DE]{0,2}[^DEPG]([ST])(([FWYLMV].)|([^PRIKGN]P)|([^PRIKGN].{2,4}[VILMFWYP]))",RSSLA,530,534,RGS3_HUMAN,Homo sapiens,11985497,true positive,65,16,disordered
ELME000417,LIG_14-3-3_CanoR_1,14-3-3 binding phosphopeptide motif,LIG,Canonical Arg-containing phospho-motif mediating a strong interaction with 14-3-3 proteins.  ,PF00244,14-3-3,14-3-3 protein,"R[^DE]{0,2}[^DEPG]([ST])(([FWYLMV].)|([^PRIKGN]P)|([^PRIKGN].{2,4}[VILMFWYP]))",RSSLA,530,534,RIM15_YEAST,Saccharomyces cerevisiae,16308562,true positive,65,16,disordered
ELME000417,LIG_14-3-3_CanoR_1,14-3-3 binding phosphopeptide motif,LIG,Canonical Arg-containing phospho-motif mediating a strong interaction with 14-3-3 proteins.  ,PF00244,14-3-3,14-3-3 protein,"R[^DE]{0,2}[^DEPG]([ST])(([FWYLMV].)|([^PRIKGN]P)|([^PRIKGN].{2,4}[VILMFWYP]))",RSSLA,530,534,SLOB_DROME,Drosophila melanogaster,10230800,true positive,65,16,disordered
ELME000417,LIG_14-3-3_CanoR_1,14-3-3 binding phosphopeptide motif,LIG,Canonical Arg-containing phospho-motif mediating a strong interaction with 14-3-3 proteins.  ,PF00244,14-3-3,14-3-3 protein,"R[^DE]{0,2}[^DEPG]([ST])(([FWYLMV].)|([^PRIKGN]P)|([^PRIKGN].{2,4}[VILMFWYP]))",RSSLA,530,534,SNAT_SHEEP,Ovis aries,11336675,true positive,65,16,disordered
ELME000417,LIG_14-3-3_CanoR_1,14-3-3 binding phosphopeptide motif,LIG,Canonical Arg-containing phospho-motif mediating a strong interaction with 14-3-3 proteins.  ,PF00244,14-3-3,14-3-3 protein,"R[^DE]{0,2}[^DEPG]([ST])(([FWYLMV].)|([^PRIKGN]P)|([^PRIKGN].{2,4}[VILMFWYP]))",RSSLA,530,534,TBCD1_HUMAN,Homo sapiens,19531644,true positive,65,16,disordered
ELME000417,LIG_14-3-3_CanoR_1,14-3-3 binding phosphopeptide motif,LIG,Canonical Arg-containing phospho-motif mediating a strong interaction with 14-3-3 proteins.  ,PF00244,14-3-3,14-3-3 protein,"R[^DE]{0,2}[^DEPG]([ST])(([FWYLMV].)|([^PRIKGN]P)|([^PRIKGN].{2,4}[VILMFWYP]))",RSSLA,530,534,TESK1_RAT,Rattus norvegicus,11555644,true positive,65,16,disordered
ELME000417,LIG_14-3-3_CanoR_1,14-3-3 binding phosphopeptide motif,LIG,Canonical Arg-containing phospho-motif mediating a strong interaction with 14-3-3 proteins.  ,PF00244,14-3-3,14-3-3 protein,"R[^DE]{0,2}[^DEPG]([ST])(([FWYLMV].)|([^PRIKGN]P)|([^PRIKGN].{2,4}[VILMFWYP]))",RSSLA,530,534,TIR_ECO27,Escherichia coli O127:H6 str. E2348/69,16367866,true positive,65,16,disordered
ELME000417,LIG_14-3-3_CanoR_1,14-3-3 binding phosphopeptide motif,LIG,Canonical Arg-containing phospho-motif mediating a strong interaction with 14-3-3 proteins.  ,PF00244,14-3-3,14-3-3 protein,"R[^DE]{0,2}[^DEPG]([ST])(([FWYLMV].)|([^PRIKGN]P)|([^PRIKGN].{2,4}[VILMFWYP]))",RSSLA,530,534,WWTR1_HUMAN,Homo sapiens,11118213,true positive,65,16,disordered
ELME000417,LIG_14-3-3_CanoR_1,14-3-3 binding phosphopeptide motif,LIG,Canonical Arg-containing phospho-motif mediating a strong interaction with 14-3-3 proteins.  ,PF00244,14-3-3,14-3-3 protein,"R[^DE]{0,2}[^DEPG]([ST])(([FWYLMV].)|([^PRIKGN]P)|([^PRIKGN].{2,4}[VILMFWYP]))",RSSLA,530,534,WWTR1_MOUSE,Mus musculus,11118213,true positive,65,16,disordered
ELME000417,LIG_14-3-3_CanoR_1,14-3-3 binding phosphopeptide motif,LIG,Canonical Arg-containing phospho-motif mediating a strong interaction with 14-3-3 proteins.  ,PF00244,14-3-3,14-3-3 protein,"R[^DE]{0,2}[^DEPG]([ST])(([FWYLMV].)|([^PRIKGN]P)|([^PRIKGN].{2,4}[VILMFWYP]))",RSSLA,530,534,YAP1_HUMAN,Homo sapiens,20823509 12535517,true positive,65,16,disordered
ELME000417,LIG_14-3-3_CanoR_1,14-3-3 binding phosphopeptide motif,LIG,Canonical Arg-containing phospho-motif mediating a strong interaction with 14-3-3 proteins.  ,PF00244,14-3-3,14-3-3 protein,"R[^DE]{0,2}[^DEPG]([ST])(([FWYLMV].)|([^PRIKGN]P)|([^PRIKGN].{2,4}[VILMFWYP]))",RSSLA,530,534,YAP1_HUMAN,Homo sapiens,17974916,true positive,65,16,disordered
ELME000417,LIG_14-3-3_CanoR_1,14-3-3 binding phosphopeptide motif,LIG,Canonical Arg-containing phospho-motif mediating a strong interaction with 14-3-3 proteins.  ,PF00244,14-3-3,14-3-3 protein,"R[^DE]{0,2}[^DEPG]([ST])(([FWYLMV].)|([^PRIKGN]P)|([^PRIKGN].{2,4}[VILMFWYP]))",RSSLA,530,534,YAP1_MOUSE,Mus musculus,11118213,true positive,65,16,disordered
ELME000052,LIG_FHA_1,FHA phosphopeptide ligands,LIG,Phosphothreonine motif binding a subset of FHA domains that show a preference for a large aliphatic amino acid at the pT+3 position.,PF00498,FHA,FHA domain,..(T)..[ILV].,FRTPPIP,441,447,CHK2_HUMAN,Homo sapiens,12049740,true positive,6,3,disordered
ELME000052,LIG_FHA_1,FHA phosphopeptide ligands,LIG,Phosphothreonine motif binding a subset of FHA domains that show a preference for a large aliphatic amino acid at the pT+3 position.,PF00498,FHA,FHA domain,..(T)..[ILV].,FRTPPIP,441,447,CLV1_ARATH,Arabidopsis thaliana,16042389,true positive,6,3,disordered
ELME000052,LIG_FHA_1,FHA phosphopeptide ligands,LIG,Phosphothreonine motif binding a subset of FHA domains that show a preference for a large aliphatic amino acid at the pT+3 position.,PF00498,FHA,FHA domain,..(T)..[ILV].,FRTPPIP,441,447,GARA_MYCTU,Mycobacterium tuberculosis H37Rv,19318624,true positive,6,3,disordered
ELME000052,LIG_FHA_1,FHA phosphopeptide ligands,LIG,Phosphothreonine motif binding a subset of FHA domains that show a preference for a large aliphatic amino acid at the pT+3 position.,PF00498,FHA,FHA domain,..(T)..[ILV].,FRTPPIP,441,447,ODHI_CORGL,Corynebacterium glutamicum ATCC 13032,16522631,true positive,6,3,disordered
ELME000052,LIG_FHA_1,FHA phosphopeptide ligands,LIG,Phosphothreonine motif binding a subset of FHA domains that show a preference for a large aliphatic amino acid at the pT+3 position.,PF00498,FHA,FHA domain,..(T)..[ILV].,FRTPPIP,441,447,PIN4_YEAST,Saccharomyces cerevisiae,15024067 16231900,true positive,6,3,disordered
ELME000052,LIG_FHA_1,FHA phosphopeptide ligands,LIG,Phosphothreonine motif binding a subset of FHA domains that show a preference for a large aliphatic amino acid at the pT+3 position.,PF00498,FHA,FHA domain,..(T)..[ILV].,FRTPPIP,441,447,RAD9_YEAST,Saccharomyces cerevisiae,11846568,true positive,6,3,disordered
ELME000052,LIG_FHA_1,FHA phosphopeptide ligands,LIG,Phosphothreonine motif binding a subset of FHA domains that show a preference for a large aliphatic amino acid at the pT+3 position.,PF00498,FHA,FHA domain,..(T)..[ILV].,FRTPPVP,506,512,CHK2_HUMAN,Homo sapiens,12049740,true positive,6,3,disordered
ELME000052,LIG_FHA_1,FHA phosphopeptide ligands,LIG,Phosphothreonine motif binding a subset of FHA domains that show a preference for a large aliphatic amino acid at the pT+3 position.,PF00498,FHA,FHA domain,..(T)..[ILV].,FRTPPVP,506,512,CLV1_ARATH,Arabidopsis thaliana,16042389,true positive,6,3,disordered
ELME000052,LIG_FHA_1,FHA phosphopeptide ligands,LIG,Phosphothreonine motif binding a subset of FHA domains that show a preference for a large aliphatic amino acid at the pT+3 position.,PF00498,FHA,FHA domain,..(T)..[ILV].,FRTPPVP,506,512,GARA_MYCTU,Mycobacterium tuberculosis H37Rv,19318624,true positive,6,3,disordered
ELME000052,LIG_FHA_1,FHA phosphopeptide ligands,LIG,Phosphothreonine motif binding a subset of FHA domains that show a preference for a large aliphatic amino acid at the pT+3 position.,PF00498,FHA,FHA domain,..(T)..[ILV].,FRTPPVP,506,512,ODHI_CORGL,Corynebacterium glutamicum ATCC 13032,16522631,true positive,6,3,disordered
ELME000052,LIG_FHA_1,FHA phosphopeptide ligands,LIG,Phosphothreonine motif binding a subset of FHA domains that show a preference for a large aliphatic amino acid at the pT+3 position.,PF00498,FHA,FHA domain,..(T)..[ILV].,FRTPPVP,506,512,PIN4_YEAST,Saccharomyces cerevisiae,15024067 16231900,true positive,6,3,disordered
ELME000052,LIG_FHA_1,FHA phosphopeptide ligands,LIG,Phosphothreonine motif binding a subset of FHA domains that show a preference for a large aliphatic amino acid at the pT+3 position.,PF00498,FHA,FHA domain,..(T)..[ILV].,FRTPPVP,506,512,RAD9_YEAST,Saccharomyces cerevisiae,11846568,true positive,6,3,disordered
ELME000220,LIG_FHA_2,FHA phosphopeptide ligands,LIG,Phosphothreonine motif binding a subset of FHA domains that have a preference for an acidic amino acid at the pT+3 position.,PF00498,FHA,FHA domain,..(T)..[DE].,QSTSTDV,452,458,MRC1_SCHPO,Schizosaccharomyces pombe,14585996,true positive,6,2,disordered
ELME000220,LIG_FHA_2,FHA phosphopeptide ligands,LIG,Phosphothreonine motif binding a subset of FHA domains that have a preference for an acidic amino acid at the pT+3 position.,PF00498,FHA,FHA domain,..(T)..[DE].,QSTSTDV,452,458,RAD9_YEAST,Saccharomyces cerevisiae,11846567,true positive,6,2,disordered
ELME000220,LIG_FHA_2,FHA phosphopeptide ligands,LIG,Phosphothreonine motif binding a subset of FHA domains that have a preference for an acidic amino acid at the pT+3 position.,PF00498,FHA,FHA domain,..(T)..[DE].,QSTSTDV,452,458,XRCC1_HUMAN,Homo sapiens,15367657,true positive,6,2,disordered
ELME000220,LIG_FHA_2,FHA phosphopeptide ligands,LIG,Phosphothreonine motif binding a subset of FHA domains that have a preference for an acidic amino acid at the pT+3 position.,PF00498,FHA,FHA domain,..(T)..[DE].,QSTSTDV,452,458,XRCC4_HUMAN,Homo sapiens,15385968,true positive,6,2,disordered
ELME000220,LIG_FHA_2,FHA phosphopeptide ligands,LIG,Phosphothreonine motif binding a subset of FHA domains that have a preference for an acidic amino acid at the pT+3 position.,PF00498,FHA,FHA domain,..(T)..[DE].,QSTSTDV,452,458,XRCC4_MOUSE,Mus musculus,15749016,true positive,6,2,disordered
ELME000220,LIG_FHA_2,FHA phosphopeptide ligands,LIG,Phosphothreonine motif binding a subset of FHA domains that have a preference for an acidic amino acid at the pT+3 position.,PF00498,FHA,FHA domain,..(T)..[DE].,TSTDVDS,454,460,MRC1_SCHPO,Schizosaccharomyces pombe,14585996,true positive,6,2,disordered
ELME000220,LIG_FHA_2,FHA phosphopeptide ligands,LIG,Phosphothreonine motif binding a subset of FHA domains that have a preference for an acidic amino acid at the pT+3 position.,PF00498,FHA,FHA domain,..(T)..[DE].,TSTDVDS,454,460,RAD9_YEAST,Saccharomyces cerevisiae,11846567,true positive,6,2,disordered
ELME000220,LIG_FHA_2,FHA phosphopeptide ligands,LIG,Phosphothreonine motif binding a subset of FHA domains that have a preference for an acidic amino acid at the pT+3 position.,PF00498,FHA,FHA domain,..(T)..[DE].,TSTDVDS,454,460,XRCC1_HUMAN,Homo sapiens,15367657,true positive,6,2,disordered
ELME000220,LIG_FHA_2,FHA phosphopeptide ligands,LIG,Phosphothreonine motif binding a subset of FHA domains that have a preference for an acidic amino acid at the pT+3 position.,PF00498,FHA,FHA domain,..(T)..[DE].,TSTDVDS,454,460,XRCC4_HUMAN,Homo sapiens,15385968,true positive,6,2,disordered
ELME000220,LIG_FHA_2,FHA phosphopeptide ligands,LIG,Phosphothreonine motif binding a subset of FHA domains that have a preference for an acidic amino acid at the pT+3 position.,PF00498,FHA,FHA domain,..(T)..[DE].,TSTDVDS,454,460,XRCC4_MOUSE,Mus musculus,15749016,true positive,6,2,disordered
ELME000369,LIG_LIR_Apic_2,Atg8 protein family ligands,LIG,Apicomplexa specific variant of the canonical LIR motif that binds to Atg8 protein family members to mediate processes involved in autophagy.,PF02991,Atg8,Autophagy protein Atg8 ubiquitin like,"[EDST].{0,2}[WFY]..P",TIFRTP,439,444,C0H519_PLAF7,Plasmodium falciparum 3D7,22982544,true positive,1,1,disordered
ELME000369,LIG_LIR_Apic_2,Atg8 protein family ligands,LIG,Apicomplexa specific variant of the canonical LIR motif that binds to Atg8 protein family members to mediate processes involved in autophagy.,PF02991,Atg8,Autophagy protein Atg8 ubiquitin like,"[EDST].{0,2}[WFY]..P",TIFRTP,504,509,C0H519_PLAF7,Plasmodium falciparum 3D7,22982544,true positive,1,1,disordered
ELME000155,LIG_SH3_3,SH3 domain ligands,LIG,This is the motif recognized by those SH3 domains with a non-canonical class I recognition specificity,PF00018,SH3_1,SH3 domain,...[PV]..P,FRTPPIP,441,447,BIN1_HUMAN,Homo sapiens,15992821,true positive,26,1,disordered
ELME000155,LIG_SH3_3,SH3 domain ligands,LIG,This is the motif recognized by those SH3 domains with a non-canonical class I recognition specificity,PF00018,SH3_1,SH3 domain,...[PV]..P,FRTPPIP,441,447,CD2_HUMAN,Homo sapiens,12426371,true positive,26,1,disordered
ELME000155,LIG_SH3_3,SH3 domain ligands,LIG,This is the motif recognized by those SH3 domains with a non-canonical class I recognition specificity,PF00018,SH3_1,SH3 domain,...[PV]..P,FRTPPIP,441,447,CY24A_TURTR,Tursiops truncatus,9121467,true positive,26,1,disordered
ELME000155,LIG_SH3_3,SH3 domain ligands,LIG,This is the motif recognized by those SH3 domains with a non-canonical class I recognition specificity,PF00018,SH3_1,SH3 domain,...[PV]..P,FRTPPIP,441,447,DAG1_HUMAN,Homo sapiens,10903901,true positive,26,1,disordered
ELME000155,LIG_SH3_3,SH3 domain ligands,LIG,This is the motif recognized by those SH3 domains with a non-canonical class I recognition specificity,PF00018,SH3_1,SH3 domain,...[PV]..P,FRTPPIP,441,447,EPS8_HUMAN,Homo sapiens,21098279 22921828,true positive,26,1,disordered
ELME000155,LIG_SH3_3,SH3 domain ligands,LIG,This is the motif recognized by those SH3 domains with a non-canonical class I recognition specificity,PF00018,SH3_1,SH3 domain,...[PV]..P,FRTPPIP,441,447,ESPFU_ECO5T,Escherichia coli O157:H7 str. TW14359,21098279,true positive,26,1,disordered
ELME000155,LIG_SH3_3,SH3 domain ligands,LIG,This is the motif recognized by those SH3 domains with a non-canonical class I recognition specificity,PF00018,SH3_1,SH3 domain,...[PV]..P,FRTPPIP,441,447,LAS17_YEAST,Saccharomyces cerevisiae,10648568,true positive,26,1,disordered
ELME000155,LIG_SH3_3,SH3 domain ligands,LIG,This is the motif recognized by those SH3 domains with a non-canonical class I recognition specificity,PF00018,SH3_1,SH3 domain,...[PV]..P,FRTPPIP,441,447,NS1_I72A2,Influenza A virus (A/Udorn/307/1972(H3N2)),17881440,true positive,26,1,disordered
ELME000155,LIG_SH3_3,SH3 domain ligands,LIG,This is the motif recognized by those SH3 domains with a non-canonical class I recognition specificity,PF00018,SH3_1,SH3 domain,...[PV]..P,FRTPPIP,441,447,ORF3_HEVBU,Hepatitis E virus (strain Burma),11518702,true positive,26,1,disordered
ELME000155,LIG_SH3_3,SH3 domain ligands,LIG,This is the motif recognized by those SH3 domains with a non-canonical class I recognition specificity,PF00018,SH3_1,SH3 domain,...[PV]..P,FRTPPIP,441,447,P73_HUMAN,Homo sapiens,10391251,true positive,26,1,disordered
ELME000155,LIG_SH3_3,SH3 domain ligands,LIG,This is the motif recognized by those SH3 domains with a non-canonical class I recognition specificity,PF00018,SH3_1,SH3 domain,...[PV]..P,FRTPPIP,441,447,SOS1_MOUSE,Mus musculus,9135122,true positive,26,1,disordered
ELME000155,LIG_SH3_3,SH3 domain ligands,LIG,This is the motif recognized by those SH3 domains with a non-canonical class I recognition specificity,PF00018,SH3_1,SH3 domain,...[PV]..P,FRTPPIP,441,447,TAU_HUMAN,Homo sapiens,18467332,true positive,26,1,disordered
ELME000155,LIG_SH3_3,SH3 domain ligands,LIG,This is the motif recognized by those SH3 domains with a non-canonical class I recognition specificity,PF00018,SH3_1,SH3 domain,...[PV]..P,FRTPPIP,441,447,TIP_SHV24,Herpesvirus saimiri (strain 484-77),11040125,true positive,26,1,disordered
ELME000155,LIG_SH3_3,SH3 domain ligands,LIG,This is the motif recognized by those SH3 domains with a non-canonical class I recognition specificity,PF00018,SH3_1,SH3 domain,...[PV]..P,FRTPPIP,441,447,WASF1_MOUSE,Mus musculus,10970852,true positive,26,1,disordered
ELME000155,LIG_SH3_3,SH3 domain ligands,LIG,This is the motif recognized by those SH3 domains with a non-canonical class I recognition specificity,PF00018,SH3_1,SH3 domain,...[PV]..P,FRTPPVP,506,512,BIN1_HUMAN,Homo sapiens,15992821,true positive,26,1,disordered
ELME000155,LIG_SH3_3,SH3 domain ligands,LIG,This is the motif recognized by those SH3 domains with a non-canonical class I recognition specificity,PF00018,SH3_1,SH3 domain,...[PV]..P,FRTPPVP,506,512,CD2_HUMAN,Homo sapiens,12426371,true positive,26,1,disordered
ELME000155,LIG_SH3_3,SH3 domain ligands,LIG,This is the motif recognized by those SH3 domains with a non-canonical class I recognition specificity,PF00018,SH3_1,SH3 domain,...[PV]..P,FRTPPVP,506,512,CY24A_TURTR,Tursiops truncatus,9121467,true positive,26,1,disordered
ELME000155,LIG_SH3_3,SH3 domain ligands,LIG,This is the motif recognized by those SH3 domains with a non-canonical class I recognition specificity,PF00018,SH3_1,SH3 domain,...[PV]..P,FRTPPVP,506,512,DAG1_HUMAN,Homo sapiens,10903901,true positive,26,1,disordered
ELME000155,LIG_SH3_3,SH3 domain ligands,LIG,This is the motif recognized by those SH3 domains with a non-canonical class I recognition specificity,PF00018,SH3_1,SH3 domain,...[PV]..P,FRTPPVP,506,512,EPS8_HUMAN,Homo sapiens,21098279 22921828,true positive,26,1,disordered
ELME000155,LIG_SH3_3,SH3 domain ligands,LIG,This is the motif recognized by those SH3 domains with a non-canonical class I recognition specificity,PF00018,SH3_1,SH3 domain,...[PV]..P,FRTPPVP,506,512,ESPFU_ECO5T,Escherichia coli O157:H7 str. TW14359,21098279,true positive,26,1,disordered
ELME000155,LIG_SH3_3,SH3 domain ligands,LIG,This is the motif recognized by those SH3 domains with a non-canonical class I recognition specificity,PF00018,SH3_1,SH3 domain,...[PV]..P,FRTPPVP,506,512,LAS17_YEAST,Saccharomyces cerevisiae,10648568,true positive,26,1,disordered
ELME000155,LIG_SH3_3,SH3 domain ligands,LIG,This is the motif recognized by those SH3 domains with a non-canonical class I recognition specificity,PF00018,SH3_1,SH3 domain,...[PV]..P,FRTPPVP,506,512,NS1_I72A2,Influenza A virus (A/Udorn/307/1972(H3N2)),17881440,true positive,26,1,disordered
ELME000155,LIG_SH3_3,SH3 domain ligands,LIG,This is the motif recognized by those SH3 domains with a non-canonical class I recognition specificity,PF00018,SH3_1,SH3 domain,...[PV]..P,FRTPPVP,506,512,ORF3_HEVBU,Hepatitis E virus (strain Burma),11518702,true positive,26,1,disordered
ELME000155,LIG_SH3_3,SH3 domain ligands,LIG,This is the motif recognized by those SH3 domains with a non-canonical class I recognition specificity,PF00018,SH3_1,SH3 domain,...[PV]..P,FRTPPVP,506,512,P73_HUMAN,Homo sapiens,10391251,true positive,26,1,disordered
ELME000155,LIG_SH3_3,SH3 domain ligands,LIG,This is the motif recognized by those SH3 domains with a non-canonical class I recognition specificity,PF00018,SH3_1,SH3 domain,...[PV]..P,FRTPPVP,506,512,SOS1_MOUSE,Mus musculus,9135122,true positive,26,1,disordered
ELME000155,LIG_SH3_3,SH3 domain ligands,LIG,This is the motif recognized by those SH3 domains with a non-canonical class I recognition specificity,PF00018,SH3_1,SH3 domain,...[PV]..P,FRTPPVP,506,512,TAU_HUMAN,Homo sapiens,18467332,true positive,26,1,disordered
ELME000155,LIG_SH3_3,SH3 domain ligands,LIG,This is the motif recognized by those SH3 domains with a non-canonical class I recognition specificity,PF00018,SH3_1,SH3 domain,...[PV]..P,FRTPPVP,506,512,TIP_SHV24,Herpesvirus saimiri (strain 484-77),11040125,true positive,26,1,disordered
ELME000155,LIG_SH3_3,SH3 domain ligands,LIG,This is the motif recognized by those SH3 domains with a non-canonical class I recognition specificity,PF00018,SH3_1,SH3 domain,...[PV]..P,FRTPPVP,506,512,WASF1_MOUSE,Mus musculus,10970852,true positive,26,1,disordered
ELME000155,LIG_SH3_3,SH3 domain ligands,LIG,This is the motif recognized by those SH3 domains with a non-canonical class I recognition specificity,PF00018,SH3_1,SH3 domain,...[PV]..P,TPPVPKP,508,514,BIN1_HUMAN,Homo sapiens,15992821,true positive,26,1,disordered
ELME000155,LIG_SH3_3,SH3 domain ligands,LIG,This is the motif recognized by those SH3 domains with a non-canonical class I recognition specificity,PF00018,SH3_1,SH3 domain,...[PV]..P,TPPVPKP,508,514,CD2_HUMAN,Homo sapiens,12426371,true positive,26,1,disordered
ELME000155,LIG_SH3_3,SH3 domain ligands,LIG,This is the motif recognized by those SH3 domains with a non-canonical class I recognition specificity,PF00018,SH3_1,SH3 domain,...[PV]..P,TPPVPKP,508,514,CY24A_TURTR,Tursiops truncatus,9121467,true positive,26,1,disordered
ELME000155,LIG_SH3_3,SH3 domain ligands,LIG,This is the motif recognized by those SH3 domains with a non-canonical class I recognition specificity,PF00018,SH3_1,SH3 domain,...[PV]..P,TPPVPKP,508,514,DAG1_HUMAN,Homo sapiens,10903901,true positive,26,1,disordered
ELME000155,LIG_SH3_3,SH3 domain ligands,LIG,This is the motif recognized by those SH3 domains with a non-canonical class I recognition specificity,PF00018,SH3_1,SH3 domain,...[PV]..P,TPPVPKP,508,514,EPS8_HUMAN,Homo sapiens,21098279 22921828,true positive,26,1,disordered
ELME000155,LIG_SH3_3,SH3 domain ligands,LIG,This is the motif recognized by those SH3 domains with a non-canonical class I recognition specificity,PF00018,SH3_1,SH3 domain,...[PV]..P,TPPVPKP,508,514,ESPFU_ECO5T,Escherichia coli O157:H7 str. TW14359,21098279,true positive,26,1,disordered
ELME000155,LIG_SH3_3,SH3 domain ligands,LIG,This is the motif recognized by those SH3 domains with a non-canonical class I recognition specificity,PF00018,SH3_1,SH3 domain,...[PV]..P,TPPVPKP,508,514,LAS17_YEAST,Saccharomyces cerevisiae,10648568,true positive,26,1,disordered
ELME000155,LIG_SH3_3,SH3 domain ligands,LIG,This is the motif recognized by those SH3 domains with a non-canonical class I recognition specificity,PF00018,SH3_1,SH3 domain,...[PV]..P,TPPVPKP,508,514,NS1_I72A2,Influenza A virus (A/Udorn/307/1972(H3N2)),17881440,true positive,26,1,disordered
ELME000155,LIG_SH3_3,SH3 domain ligands,LIG,This is the motif recognized by those SH3 domains with a non-canonical class I recognition specificity,PF00018,SH3_1,SH3 domain,...[PV]..P,TPPVPKP,508,514,ORF3_HEVBU,Hepatitis E virus (strain Burma),11518702,true positive,26,1,disordered
ELME000155,LIG_SH3_3,SH3 domain ligands,LIG,This is the motif recognized by those SH3 domains with a non-canonical class I recognition specificity,PF00018,SH3_1,SH3 domain,...[PV]..P,TPPVPKP,508,514,P73_HUMAN,Homo sapiens,10391251,true positive,26,1,disordered
ELME000155,LIG_SH3_3,SH3 domain ligands,LIG,This is the motif recognized by those SH3 domains with a non-canonical class I recognition specificity,PF00018,SH3_1,SH3 domain,...[PV]..P,TPPVPKP,508,514,SOS1_MOUSE,Mus musculus,9135122,true positive,26,1,disordered
ELME000155,LIG_SH3_3,SH3 domain ligands,LIG,This is the motif recognized by those SH3 domains with a non-canonical class I recognition specificity,PF00018,SH3_1,SH3 domain,...[PV]..P,TPPVPKP,508,514,TAU_HUMAN,Homo sapiens,18467332,true positive,26,1,disordered
ELME000155,LIG_SH3_3,SH3 domain ligands,LIG,This is the motif recognized by those SH3 domains with a non-canonical class I recognition specificity,PF00018,SH3_1,SH3 domain,...[PV]..P,TPPVPKP,508,514,TIP_SHV24,Herpesvirus saimiri (strain 484-77),11040125,true positive,26,1,disordered
ELME000155,LIG_SH3_3,SH3 domain ligands,LIG,This is the motif recognized by those SH3 domains with a non-canonical class I recognition specificity,PF00018,SH3_1,SH3 domain,...[PV]..P,TPPVPKP,508,514,WASF1_MOUSE,Mus musculus,10970852,true positive,26,1,disordered
ELME000155,LIG_SH3_3,SH3 domain ligands,LIG,This is the motif recognized by those SH3 domains with a non-canonical class I recognition specificity,PF00018,SH3_1,SH3 domain,...[PV]..P,KPRVRRP,513,519,BIN1_HUMAN,Homo sapiens,15992821,true positive,26,1,disordered
ELME000155,LIG_SH3_3,SH3 domain ligands,LIG,This is the motif recognized by those SH3 domains with a non-canonical class I recognition specificity,PF00018,SH3_1,SH3 domain,...[PV]..P,KPRVRRP,513,519,CD2_HUMAN,Homo sapiens,12426371,true positive,26,1,disordered
ELME000155,LIG_SH3_3,SH3 domain ligands,LIG,This is the motif recognized by those SH3 domains with a non-canonical class I recognition specificity,PF00018,SH3_1,SH3 domain,...[PV]..P,KPRVRRP,513,519,CY24A_TURTR,Tursiops truncatus,9121467,true positive,26,1,disordered
ELME000155,LIG_SH3_3,SH3 domain ligands,LIG,This is the motif recognized by those SH3 domains with a non-canonical class I recognition specificity,PF00018,SH3_1,SH3 domain,...[PV]..P,KPRVRRP,513,519,DAG1_HUMAN,Homo sapiens,10903901,true positive,26,1,disordered
ELME000155,LIG_SH3_3,SH3 domain ligands,LIG,This is the motif recognized by those SH3 domains with a non-canonical class I recognition specificity,PF00018,SH3_1,SH3 domain,...[PV]..P,KPRVRRP,513,519,EPS8_HUMAN,Homo sapiens,21098279 22921828,true positive,26,1,disordered
ELME000155,LIG_SH3_3,SH3 domain ligands,LIG,This is the motif recognized by those SH3 domains with a non-canonical class I recognition specificity,PF00018,SH3_1,SH3 domain,...[PV]..P,KPRVRRP,513,519,ESPFU_ECO5T,Escherichia coli O157:H7 str. TW14359,21098279,true positive,26,1,disordered
ELME000155,LIG_SH3_3,SH3 domain ligands,LIG,This is the motif recognized by those SH3 domains with a non-canonical class I recognition specificity,PF00018,SH3_1,SH3 domain,...[PV]..P,KPRVRRP,513,519,LAS17_YEAST,Saccharomyces cerevisiae,10648568,true positive,26,1,disordered
ELME000155,LIG_SH3_3,SH3 domain ligands,LIG,This is the motif recognized by those SH3 domains with a non-canonical class I recognition specificity,PF00018,SH3_1,SH3 domain,...[PV]..P,KPRVRRP,513,519,NS1_I72A2,Influenza A virus (A/Udorn/307/1972(H3N2)),17881440,true positive,26,1,disordered
ELME000155,LIG_SH3_3,SH3 domain ligands,LIG,This is the motif recognized by those SH3 domains with a non-canonical class I recognition specificity,PF00018,SH3_1,SH3 domain,...[PV]..P,KPRVRRP,513,519,ORF3_HEVBU,Hepatitis E virus (strain Burma),11518702,true positive,26,1,disordered
ELME000155,LIG_SH3_3,SH3 domain ligands,LIG,This is the motif recognized by those SH3 domains with a non-canonical class I recognition specificity,PF00018,SH3_1,SH3 domain,...[PV]..P,KPRVRRP,513,519,P73_HUMAN,Homo sapiens,10391251,true positive,26,1,disordered
ELME000155,LIG_SH3_3,SH3 domain ligands,LIG,This is the motif recognized by those SH3 domains with a non-canonical class I recognition specificity,PF00018,SH3_1,SH3 domain,...[PV]..P,KPRVRRP,513,519,SOS1_MOUSE,Mus musculus,9135122,true positive,26,1,disordered
ELME000155,LIG_SH3_3,SH3 domain ligands,LIG,This is the motif recognized by those SH3 domains with a non-canonical class I recognition specificity,PF00018,SH3_1,SH3 domain,...[PV]..P,KPRVRRP,513,519,TAU_HUMAN,Homo sapiens,18467332,true positive,26,1,disordered
ELME000155,LIG_SH3_3,SH3 domain ligands,LIG,This is the motif recognized by those SH3 domains with a non-canonical class I recognition specificity,PF00018,SH3_1,SH3 domain,...[PV]..P,KPRVRRP,513,519,TIP_SHV24,Herpesvirus saimiri (strain 484-77),11040125,true positive,26,1,disordered
ELME000155,LIG_SH3_3,SH3 domain ligands,LIG,This is the motif recognized by those SH3 domains with a non-canonical class I recognition specificity,PF00018,SH3_1,SH3 domain,...[PV]..P,KPRVRRP,513,519,WASF1_MOUSE,Mus musculus,10970852,true positive,26,1,disordered
ELME000155,LIG_SH3_3,SH3 domain ligands,LIG,This is the motif recognized by those SH3 domains with a non-canonical class I recognition specificity,PF00018,SH3_1,SH3 domain,...[PV]..P,VRRPLHP,516,522,BIN1_HUMAN,Homo sapiens,15992821,true positive,26,1,disordered
ELME000155,LIG_SH3_3,SH3 domain ligands,LIG,This is the motif recognized by those SH3 domains with a non-canonical class I recognition specificity,PF00018,SH3_1,SH3 domain,...[PV]..P,VRRPLHP,516,522,CD2_HUMAN,Homo sapiens,12426371,true positive,26,1,disordered
ELME000155,LIG_SH3_3,SH3 domain ligands,LIG,This is the motif recognized by those SH3 domains with a non-canonical class I recognition specificity,PF00018,SH3_1,SH3 domain,...[PV]..P,VRRPLHP,516,522,CY24A_TURTR,Tursiops truncatus,9121467,true positive,26,1,disordered
ELME000155,LIG_SH3_3,SH3 domain ligands,LIG,This is the motif recognized by those SH3 domains with a non-canonical class I recognition specificity,PF00018,SH3_1,SH3 domain,...[PV]..P,VRRPLHP,516,522,DAG1_HUMAN,Homo sapiens,10903901,true positive,26,1,disordered
ELME000155,LIG_SH3_3,SH3 domain ligands,LIG,This is the motif recognized by those SH3 domains with a non-canonical class I recognition specificity,PF00018,SH3_1,SH3 domain,...[PV]..P,VRRPLHP,516,522,EPS8_HUMAN,Homo sapiens,21098279 22921828,true positive,26,1,disordered
ELME000155,LIG_SH3_3,SH3 domain ligands,LIG,This is the motif recognized by those SH3 domains with a non-canonical class I recognition specificity,PF00018,SH3_1,SH3 domain,...[PV]..P,VRRPLHP,516,522,ESPFU_ECO5T,Escherichia coli O157:H7 str. TW14359,21098279,true positive,26,1,disordered
ELME000155,LIG_SH3_3,SH3 domain ligands,LIG,This is the motif recognized by those SH3 domains with a non-canonical class I recognition specificity,PF00018,SH3_1,SH3 domain,...[PV]..P,VRRPLHP,516,522,LAS17_YEAST,Saccharomyces cerevisiae,10648568,true positive,26,1,disordered
ELME000155,LIG_SH3_3,SH3 domain ligands,LIG,This is the motif recognized by those SH3 domains with a non-canonical class I recognition specificity,PF00018,SH3_1,SH3 domain,...[PV]..P,VRRPLHP,516,522,NS1_I72A2,Influenza A virus (A/Udorn/307/1972(H3N2)),17881440,true positive,26,1,disordered
ELME000155,LIG_SH3_3,SH3 domain ligands,LIG,This is the motif recognized by those SH3 domains with a non-canonical class I recognition specificity,PF00018,SH3_1,SH3 domain,...[PV]..P,VRRPLHP,516,522,ORF3_HEVBU,Hepatitis E virus (strain Burma),11518702,true positive,26,1,disordered
ELME000155,LIG_SH3_3,SH3 domain ligands,LIG,This is the motif recognized by those SH3 domains with a non-canonical class I recognition specificity,PF00018,SH3_1,SH3 domain,...[PV]..P,VRRPLHP,516,522,P73_HUMAN,Homo sapiens,10391251,true positive,26,1,disordered
ELME000155,LIG_SH3_3,SH3 domain ligands,LIG,This is the motif recognized by those SH3 domains with a non-canonical class I recognition specificity,PF00018,SH3_1,SH3 domain,...[PV]..P,VRRPLHP,516,522,SOS1_MOUSE,Mus musculus,9135122,true positive,26,1,disordered
ELME000155,LIG_SH3_3,SH3 domain ligands,LIG,This is the motif recognized by those SH3 domains with a non-canonical class I recognition specificity,PF00018,SH3_1,SH3 domain,...[PV]..P,VRRPLHP,516,522,TAU_HUMAN,Homo sapiens,18467332,true positive,26,1,disordered
ELME000155,LIG_SH3_3,SH3 domain ligands,LIG,This is the motif recognized by those SH3 domains with a non-canonical class I recognition specificity,PF00018,SH3_1,SH3 domain,...[PV]..P,VRRPLHP,516,522,TIP_SHV24,Herpesvirus saimiri (strain 484-77),11040125,true positive,26,1,disordered
ELME000155,LIG_SH3_3,SH3 domain ligands,LIG,This is the motif recognized by those SH3 domains with a non-canonical class I recognition specificity,PF00018,SH3_1,SH3 domain,...[PV]..P,VRRPLHP,516,522,WASF1_MOUSE,Mus musculus,10970852,true positive,26,1,disordered
ELME000501,LIG_SH3_CIN85_PxpxPR_1,CIN85 and CD2AP SH3 domain binding motif ,LIG,"The non-canonical SH3-binding motif is recognized primarily by adaptor proteins CIN85 and CD2AP, which are involved in RTK regulation, endocytosis, lysosomal degradation, actin cytoskeleton dynamics regulation, and signal transduction",PF14604,SH3_9,Variant SH3 domain,P.[AP].PR,PIPRPR,445,450,3BP2_HUMAN,Homo sapiens,17306257,true positive,60,4,disordered
ELME000501,LIG_SH3_CIN85_PxpxPR_1,CIN85 and CD2AP SH3 domain binding motif ,LIG,"The non-canonical SH3-binding motif is recognized primarily by adaptor proteins CIN85 and CD2AP, which are involved in RTK regulation, endocytosis, lysosomal degradation, actin cytoskeleton dynamics regulation, and signal transduction",PF14604,SH3_9,Variant SH3 domain,P.[AP].PR,PIPRPR,445,450,A0A1B0SZV8_ORENI,Oreochromis niloticus,32247045,true positive,60,4,disordered
ELME000501,LIG_SH3_CIN85_PxpxPR_1,CIN85 and CD2AP SH3 domain binding motif ,LIG,"The non-canonical SH3-binding motif is recognized primarily by adaptor proteins CIN85 and CD2AP, which are involved in RTK regulation, endocytosis, lysosomal degradation, actin cytoskeleton dynamics regulation, and signal transduction",PF14604,SH3_9,Variant SH3 domain,P.[AP].PR,PIPRPR,445,450,ARAP3_HUMAN,Homo sapiens,15090612,true positive,60,4,disordered
ELME000501,LIG_SH3_CIN85_PxpxPR_1,CIN85 and CD2AP SH3 domain binding motif ,LIG,"The non-canonical SH3-binding motif is recognized primarily by adaptor proteins CIN85 and CD2AP, which are involved in RTK regulation, endocytosis, lysosomal degradation, actin cytoskeleton dynamics regulation, and signal transduction",PF14604,SH3_9,Variant SH3 domain,P.[AP].PR,PIPRPR,445,450,ASAP1_HUMAN,Homo sapiens,15090612,true positive,60,4,disordered
ELME000501,LIG_SH3_CIN85_PxpxPR_1,CIN85 and CD2AP SH3 domain binding motif ,LIG,"The non-canonical SH3-binding motif is recognized primarily by adaptor proteins CIN85 and CD2AP, which are involved in RTK regulation, endocytosis, lysosomal degradation, actin cytoskeleton dynamics regulation, and signal transduction",PF14604,SH3_9,Variant SH3 domain,P.[AP].PR,PIPRPR,445,450,ASAP1_MOUSE,Mus musculus,15632162,true positive,60,4,disordered
ELME000501,LIG_SH3_CIN85_PxpxPR_1,CIN85 and CD2AP SH3 domain binding motif ,LIG,"The non-canonical SH3-binding motif is recognized primarily by adaptor proteins CIN85 and CD2AP, which are involved in RTK regulation, endocytosis, lysosomal degradation, actin cytoskeleton dynamics regulation, and signal transduction",PF14604,SH3_9,Variant SH3 domain,P.[AP].PR,PIPRPR,445,450,BLNK_HUMAN,Homo sapiens,11071869 32051419 27353366,true positive,60,4,disordered
ELME000501,LIG_SH3_CIN85_PxpxPR_1,CIN85 and CD2AP SH3 domain binding motif ,LIG,"The non-canonical SH3-binding motif is recognized primarily by adaptor proteins CIN85 and CD2AP, which are involved in RTK regulation, endocytosis, lysosomal degradation, actin cytoskeleton dynamics regulation, and signal transduction",PF14604,SH3_9,Variant SH3 domain,P.[AP].PR,PIPRPR,445,450,BLNK_HUMAN,Homo sapiens,32051419 27353366,true positive,60,4,disordered
ELME000501,LIG_SH3_CIN85_PxpxPR_1,CIN85 and CD2AP SH3 domain binding motif ,LIG,"The non-canonical SH3-binding motif is recognized primarily by adaptor proteins CIN85 and CD2AP, which are involved in RTK regulation, endocytosis, lysosomal degradation, actin cytoskeleton dynamics regulation, and signal transduction",PF14604,SH3_9,Variant SH3 domain,P.[AP].PR,PIPRPR,445,450,CBLB_HUMAN,Homo sapiens,12177062 16228008 23663663 12874286 19268472 17020880,true positive,60,4,disordered
ELME000501,LIG_SH3_CIN85_PxpxPR_1,CIN85 and CD2AP SH3 domain binding motif ,LIG,"The non-canonical SH3-binding motif is recognized primarily by adaptor proteins CIN85 and CD2AP, which are involved in RTK regulation, endocytosis, lysosomal degradation, actin cytoskeleton dynamics regulation, and signal transduction",PF14604,SH3_9,Variant SH3 domain,P.[AP].PR,PIPRPR,445,450,CBL_HUMAN,Homo sapiens,11067845 16228008 11071869 10679202 12874286 19268472,true positive,60,4,disordered
ELME000501,LIG_SH3_CIN85_PxpxPR_1,CIN85 and CD2AP SH3 domain binding motif ,LIG,"The non-canonical SH3-binding motif is recognized primarily by adaptor proteins CIN85 and CD2AP, which are involved in RTK regulation, endocytosis, lysosomal degradation, actin cytoskeleton dynamics regulation, and signal transduction",PF14604,SH3_9,Variant SH3 domain,P.[AP].PR,PIPRPR,445,450,CD2_HUMAN,Homo sapiens,23663663 17020880 12690097,true positive,60,4,disordered
ELME000501,LIG_SH3_CIN85_PxpxPR_1,CIN85 and CD2AP SH3 domain binding motif ,LIG,"The non-canonical SH3-binding motif is recognized primarily by adaptor proteins CIN85 and CD2AP, which are involved in RTK regulation, endocytosis, lysosomal degradation, actin cytoskeleton dynamics regulation, and signal transduction",PF14604,SH3_9,Variant SH3 domain,P.[AP].PR,PIPRPR,445,450,CD2_MOUSE,Mus musculus,9741631,true positive,60,4,disordered
ELME000501,LIG_SH3_CIN85_PxpxPR_1,CIN85 and CD2AP SH3 domain binding motif ,LIG,"The non-canonical SH3-binding motif is recognized primarily by adaptor proteins CIN85 and CD2AP, which are involved in RTK regulation, endocytosis, lysosomal degradation, actin cytoskeleton dynamics regulation, and signal transduction",PF14604,SH3_9,Variant SH3 domain,P.[AP].PR,PIPRPR,445,450,DAB1_HUMAN,Homo sapiens,14596919,true positive,60,4,disordered
ELME000501,LIG_SH3_CIN85_PxpxPR_1,CIN85 and CD2AP SH3 domain binding motif ,LIG,"The non-canonical SH3-binding motif is recognized primarily by adaptor proteins CIN85 and CD2AP, which are involved in RTK regulation, endocytosis, lysosomal degradation, actin cytoskeleton dynamics regulation, and signal transduction",PF14604,SH3_9,Variant SH3 domain,P.[AP].PR,PIPRPR,445,450,DAB1_MOUSE,Mus musculus,18076569,true positive,60,4,disordered
ELME000501,LIG_SH3_CIN85_PxpxPR_1,CIN85 and CD2AP SH3 domain binding motif ,LIG,"The non-canonical SH3-binding motif is recognized primarily by adaptor proteins CIN85 and CD2AP, which are involved in RTK regulation, endocytosis, lysosomal degradation, actin cytoskeleton dynamics regulation, and signal transduction",PF14604,SH3_9,Variant SH3 domain,P.[AP].PR,PIPRPR,445,450,DAB2_HUMAN,Homo sapiens,14596919,true positive,60,4,disordered
ELME000501,LIG_SH3_CIN85_PxpxPR_1,CIN85 and CD2AP SH3 domain binding motif ,LIG,"The non-canonical SH3-binding motif is recognized primarily by adaptor proteins CIN85 and CD2AP, which are involved in RTK regulation, endocytosis, lysosomal degradation, actin cytoskeleton dynamics regulation, and signal transduction",PF14604,SH3_9,Variant SH3 domain,P.[AP].PR,PIPRPR,445,450,DEND_HUMAN,Homo sapiens,16751601,true positive,60,4,disordered
ELME000501,LIG_SH3_CIN85_PxpxPR_1,CIN85 and CD2AP SH3 domain binding motif ,LIG,"The non-canonical SH3-binding motif is recognized primarily by adaptor proteins CIN85 and CD2AP, which are involved in RTK regulation, endocytosis, lysosomal degradation, actin cytoskeleton dynamics regulation, and signal transduction",PF14604,SH3_9,Variant SH3 domain,P.[AP].PR,PIPRPR,445,450,HIP1R_MOUSE,Mus musculus,15090612,true positive,60,4,disordered
ELME000501,LIG_SH3_CIN85_PxpxPR_1,CIN85 and CD2AP SH3 domain binding motif ,LIG,"The non-canonical SH3-binding motif is recognized primarily by adaptor proteins CIN85 and CD2AP, which are involved in RTK regulation, endocytosis, lysosomal degradation, actin cytoskeleton dynamics regulation, and signal transduction",PF14604,SH3_9,Variant SH3 domain,P.[AP].PR,PIPRPR,445,450,ICP0_HHV11,Herpes simplex virus (type 1 / strain 17),15824310,true positive,60,4,disordered
ELME000501,LIG_SH3_CIN85_PxpxPR_1,CIN85 and CD2AP SH3 domain binding motif ,LIG,"The non-canonical SH3-binding motif is recognized primarily by adaptor proteins CIN85 and CD2AP, which are involved in RTK regulation, endocytosis, lysosomal degradation, actin cytoskeleton dynamics regulation, and signal transduction",PF14604,SH3_9,Variant SH3 domain,P.[AP].PR,PIPRPR,445,450,ITCH_HUMAN,Homo sapiens,17652093,true positive,60,4,disordered
ELME000501,LIG_SH3_CIN85_PxpxPR_1,CIN85 and CD2AP SH3 domain binding motif ,LIG,"The non-canonical SH3-binding motif is recognized primarily by adaptor proteins CIN85 and CD2AP, which are involved in RTK regulation, endocytosis, lysosomal degradation, actin cytoskeleton dynamics regulation, and signal transduction",PF14604,SH3_9,Variant SH3 domain,P.[AP].PR,PIPRPR,445,450,MB12A_HUMAN,Homo sapiens,16895919,true positive,60,4,disordered
ELME000501,LIG_SH3_CIN85_PxpxPR_1,CIN85 and CD2AP SH3 domain binding motif ,LIG,"The non-canonical SH3-binding motif is recognized primarily by adaptor proteins CIN85 and CD2AP, which are involved in RTK regulation, endocytosis, lysosomal degradation, actin cytoskeleton dynamics regulation, and signal transduction",PF14604,SH3_9,Variant SH3 domain,P.[AP].PR,PIPRPR,445,450,P85A_HUMAN,Homo sapiens,31723006,true positive,60,4,disordered
ELME000501,LIG_SH3_CIN85_PxpxPR_1,CIN85 and CD2AP SH3 domain binding motif ,LIG,"The non-canonical SH3-binding motif is recognized primarily by adaptor proteins CIN85 and CD2AP, which are involved in RTK regulation, endocytosis, lysosomal degradation, actin cytoskeleton dynamics regulation, and signal transduction",PF14604,SH3_9,Variant SH3 domain,P.[AP].PR,PIPRPR,445,450,PDC6I_HUMAN,Homo sapiens,26296892,true positive,60,4,disordered
ELME000501,LIG_SH3_CIN85_PxpxPR_1,CIN85 and CD2AP SH3 domain binding motif ,LIG,"The non-canonical SH3-binding motif is recognized primarily by adaptor proteins CIN85 and CD2AP, which are involved in RTK regulation, endocytosis, lysosomal degradation, actin cytoskeleton dynamics regulation, and signal transduction",PF14604,SH3_9,Variant SH3 domain,P.[AP].PR,PIPRPR,445,450,PDC6I_RAT,Rattus norvegicus,10858458 11152963,true positive,60,4,disordered
ELME000501,LIG_SH3_CIN85_PxpxPR_1,CIN85 and CD2AP SH3 domain binding motif ,LIG,"The non-canonical SH3-binding motif is recognized primarily by adaptor proteins CIN85 and CD2AP, which are involved in RTK regulation, endocytosis, lysosomal degradation, actin cytoskeleton dynamics regulation, and signal transduction",PF14604,SH3_9,Variant SH3 domain,P.[AP].PR,PIPRPR,445,450,POLG_HCVJF,Hepatitis C virus JFH-1,25872741,true positive,60,4,disordered
ELME000501,LIG_SH3_CIN85_PxpxPR_1,CIN85 and CD2AP SH3 domain binding motif ,LIG,"The non-canonical SH3-binding motif is recognized primarily by adaptor proteins CIN85 and CD2AP, which are involved in RTK regulation, endocytosis, lysosomal degradation, actin cytoskeleton dynamics regulation, and signal transduction",PF14604,SH3_9,Variant SH3 domain,P.[AP].PR,PIPRPR,445,450,POLN_BFV,Barmah Forest virus,29702546,true positive,60,4,disordered
ELME000501,LIG_SH3_CIN85_PxpxPR_1,CIN85 and CD2AP SH3 domain binding motif ,LIG,"The non-canonical SH3-binding motif is recognized primarily by adaptor proteins CIN85 and CD2AP, which are involved in RTK regulation, endocytosis, lysosomal degradation, actin cytoskeleton dynamics regulation, and signal transduction",PF14604,SH3_9,Variant SH3 domain,P.[AP].PR,PIPRPR,445,450,POLN_CHIKS,Chikungunya virus strain S27-African prototype,31493651,true positive,60,4,disordered
ELME000501,LIG_SH3_CIN85_PxpxPR_1,CIN85 and CD2AP SH3 domain binding motif ,LIG,"The non-canonical SH3-binding motif is recognized primarily by adaptor proteins CIN85 and CD2AP, which are involved in RTK regulation, endocytosis, lysosomal degradation, actin cytoskeleton dynamics regulation, and signal transduction",PF14604,SH3_9,Variant SH3 domain,P.[AP].PR,PIPRPR,445,450,POLN_EEVVT,Venezuelan equine encephalitis virus (strain Trinidad donkey),31694937,true positive,60,4,disordered
ELME000501,LIG_SH3_CIN85_PxpxPR_1,CIN85 and CD2AP SH3 domain binding motif ,LIG,"The non-canonical SH3-binding motif is recognized primarily by adaptor proteins CIN85 and CD2AP, which are involved in RTK regulation, endocytosis, lysosomal degradation, actin cytoskeleton dynamics regulation, and signal transduction",PF14604,SH3_9,Variant SH3 domain,P.[AP].PR,PIPRPR,445,450,POLN_SFV,Semliki forest virus,29702546,true positive,60,4,disordered
ELME000501,LIG_SH3_CIN85_PxpxPR_1,CIN85 and CD2AP SH3 domain binding motif ,LIG,"The non-canonical SH3-binding motif is recognized primarily by adaptor proteins CIN85 and CD2AP, which are involved in RTK regulation, endocytosis, lysosomal degradation, actin cytoskeleton dynamics regulation, and signal transduction",PF14604,SH3_9,Variant SH3 domain,P.[AP].PR,PIPRPR,445,450,PTCRA_HUMAN,Homo sapiens,17823309,true positive,60,4,disordered
ELME000501,LIG_SH3_CIN85_PxpxPR_1,CIN85 and CD2AP SH3 domain binding motif ,LIG,"The non-canonical SH3-binding motif is recognized primarily by adaptor proteins CIN85 and CD2AP, which are involved in RTK regulation, endocytosis, lysosomal degradation, actin cytoskeleton dynamics regulation, and signal transduction",PF14604,SH3_9,Variant SH3 domain,P.[AP].PR,PIPRPR,445,450,Q4UGW0_THEAN,Theileria annulata,29520916,unknown,60,4,disordered
ELME000501,LIG_SH3_CIN85_PxpxPR_1,CIN85 and CD2AP SH3 domain binding motif ,LIG,"The non-canonical SH3-binding motif is recognized primarily by adaptor proteins CIN85 and CD2AP, which are involved in RTK regulation, endocytosis, lysosomal degradation, actin cytoskeleton dynamics regulation, and signal transduction",PF14604,SH3_9,Variant SH3 domain,P.[AP].PR,PIPRPR,445,450,Q64ET4_HCMV,Human herpesvirus 5,30089695,unknown,60,4,disordered
ELME000501,LIG_SH3_CIN85_PxpxPR_1,CIN85 and CD2AP SH3 domain binding motif ,LIG,"The non-canonical SH3-binding motif is recognized primarily by adaptor proteins CIN85 and CD2AP, which are involved in RTK regulation, endocytosis, lysosomal degradation, actin cytoskeleton dynamics regulation, and signal transduction",PF14604,SH3_9,Variant SH3 domain,P.[AP].PR,PIPRPR,445,450,RHG27_RAT,Rattus norvegicus,15147912,true positive,60,4,disordered
ELME000501,LIG_SH3_CIN85_PxpxPR_1,CIN85 and CD2AP SH3 domain binding motif ,LIG,"The non-canonical SH3-binding motif is recognized primarily by adaptor proteins CIN85 and CD2AP, which are involved in RTK regulation, endocytosis, lysosomal degradation, actin cytoskeleton dynamics regulation, and signal transduction",PF14604,SH3_9,Variant SH3 domain,P.[AP].PR,PIPRPR,445,450,RIN3_HUMAN,Homo sapiens,26296892,true positive,60,4,disordered
ELME000501,LIG_SH3_CIN85_PxpxPR_1,CIN85 and CD2AP SH3 domain binding motif ,LIG,"The non-canonical SH3-binding motif is recognized primarily by adaptor proteins CIN85 and CD2AP, which are involved in RTK regulation, endocytosis, lysosomal degradation, actin cytoskeleton dynamics regulation, and signal transduction",PF14604,SH3_9,Variant SH3 domain,P.[AP].PR,PIPRPR,445,450,RON2_TOXGM,Toxoplasma gondii ME49,28848228,true positive,60,4,disordered
ELME000501,LIG_SH3_CIN85_PxpxPR_1,CIN85 and CD2AP SH3 domain binding motif ,LIG,"The non-canonical SH3-binding motif is recognized primarily by adaptor proteins CIN85 and CD2AP, which are involved in RTK regulation, endocytosis, lysosomal degradation, actin cytoskeleton dynamics regulation, and signal transduction",PF14604,SH3_9,Variant SH3 domain,P.[AP].PR,PIPRPR,445,450,RON4_TOXGO,Toxoplasma gondii,28848228,true positive,60,4,disordered
ELME000501,LIG_SH3_CIN85_PxpxPR_1,CIN85 and CD2AP SH3 domain binding motif ,LIG,"The non-canonical SH3-binding motif is recognized primarily by adaptor proteins CIN85 and CD2AP, which are involved in RTK regulation, endocytosis, lysosomal degradation, actin cytoskeleton dynamics regulation, and signal transduction",PF14604,SH3_9,Variant SH3 domain,P.[AP].PR,PIPRPR,445,450,S8ERS3_TOXGM,Toxoplasma gondii ME49,28848228,true positive,60,4,disordered
ELME000501,LIG_SH3_CIN85_PxpxPR_1,CIN85 and CD2AP SH3 domain binding motif ,LIG,"The non-canonical SH3-binding motif is recognized primarily by adaptor proteins CIN85 and CD2AP, which are involved in RTK regulation, endocytosis, lysosomal degradation, actin cytoskeleton dynamics regulation, and signal transduction",PF14604,SH3_9,Variant SH3 domain,P.[AP].PR,PIPRPR,445,450,SEPT9_HUMAN,Homo sapiens,25472714,true positive,60,4,disordered
ELME000501,LIG_SH3_CIN85_PxpxPR_1,CIN85 and CD2AP SH3 domain binding motif ,LIG,"The non-canonical SH3-binding motif is recognized primarily by adaptor proteins CIN85 and CD2AP, which are involved in RTK regulation, endocytosis, lysosomal degradation, actin cytoskeleton dynamics regulation, and signal transduction",PF14604,SH3_9,Variant SH3 domain,P.[AP].PR,PIPRPR,445,450,SHIP1_HUMAN,Homo sapiens,15090612,true positive,60,4,disordered
ELME000501,LIG_SH3_CIN85_PxpxPR_1,CIN85 and CD2AP SH3 domain binding motif ,LIG,"The non-canonical SH3-binding motif is recognized primarily by adaptor proteins CIN85 and CD2AP, which are involved in RTK regulation, endocytosis, lysosomal degradation, actin cytoskeleton dynamics regulation, and signal transduction",PF14604,SH3_9,Variant SH3 domain,P.[AP].PR,PIPRPR,445,450,SHKB1_MOUSE,Mus musculus,21830225,true positive,60,4,disordered
ELME000501,LIG_SH3_CIN85_PxpxPR_1,CIN85 and CD2AP SH3 domain binding motif ,LIG,"The non-canonical SH3-binding motif is recognized primarily by adaptor proteins CIN85 and CD2AP, which are involved in RTK regulation, endocytosis, lysosomal degradation, actin cytoskeleton dynamics regulation, and signal transduction",PF14604,SH3_9,Variant SH3 domain,P.[AP].PR,PIPRPR,445,450,SHKB1_RAT,Rattus norvegicus,11152963,true positive,60,4,disordered
ELME000501,LIG_SH3_CIN85_PxpxPR_1,CIN85 and CD2AP SH3 domain binding motif ,LIG,"The non-canonical SH3-binding motif is recognized primarily by adaptor proteins CIN85 and CD2AP, which are involved in RTK regulation, endocytosis, lysosomal degradation, actin cytoskeleton dynamics regulation, and signal transduction",PF14604,SH3_9,Variant SH3 domain,P.[AP].PR,PIPRPR,445,450,STAP1_MOUSE,Mus musculus,15090612,true positive,60,4,disordered
ELME000501,LIG_SH3_CIN85_PxpxPR_1,CIN85 and CD2AP SH3 domain binding motif ,LIG,"The non-canonical SH3-binding motif is recognized primarily by adaptor proteins CIN85 and CD2AP, which are involved in RTK regulation, endocytosis, lysosomal degradation, actin cytoskeleton dynamics regulation, and signal transduction",PF14604,SH3_9,Variant SH3 domain,P.[AP].PR,PIPRPR,445,450,SYNJ1_MOUSE,Mus musculus,12829691,true positive,60,4,disordered
ELME000501,LIG_SH3_CIN85_PxpxPR_1,CIN85 and CD2AP SH3 domain binding motif ,LIG,"The non-canonical SH3-binding motif is recognized primarily by adaptor proteins CIN85 and CD2AP, which are involved in RTK regulation, endocytosis, lysosomal degradation, actin cytoskeleton dynamics regulation, and signal transduction",PF14604,SH3_9,Variant SH3 domain,P.[AP].PR,PIPRPR,445,450,SYNJ2_RAT,Rattus norvegicus,15090612,true positive,60,4,disordered
ELME000501,LIG_SH3_CIN85_PxpxPR_1,CIN85 and CD2AP SH3 domain binding motif ,LIG,"The non-canonical SH3-binding motif is recognized primarily by adaptor proteins CIN85 and CD2AP, which are involved in RTK regulation, endocytosis, lysosomal degradation, actin cytoskeleton dynamics regulation, and signal transduction",PF14604,SH3_9,Variant SH3 domain,P.[AP].PR,PIPRPR,445,450,TTP_HUMAN,Homo sapiens,20221403,true positive,60,4,disordered
ELME000501,LIG_SH3_CIN85_PxpxPR_1,CIN85 and CD2AP SH3 domain binding motif ,LIG,"The non-canonical SH3-binding motif is recognized primarily by adaptor proteins CIN85 and CD2AP, which are involved in RTK regulation, endocytosis, lysosomal degradation, actin cytoskeleton dynamics regulation, and signal transduction",PF14604,SH3_9,Variant SH3 domain,P.[AP].PR,PVPKPR,510,515,3BP2_HUMAN,Homo sapiens,17306257,true positive,60,4,disordered
ELME000501,LIG_SH3_CIN85_PxpxPR_1,CIN85 and CD2AP SH3 domain binding motif ,LIG,"The non-canonical SH3-binding motif is recognized primarily by adaptor proteins CIN85 and CD2AP, which are involved in RTK regulation, endocytosis, lysosomal degradation, actin cytoskeleton dynamics regulation, and signal transduction",PF14604,SH3_9,Variant SH3 domain,P.[AP].PR,PVPKPR,510,515,A0A1B0SZV8_ORENI,Oreochromis niloticus,32247045,true positive,60,4,disordered
ELME000501,LIG_SH3_CIN85_PxpxPR_1,CIN85 and CD2AP SH3 domain binding motif ,LIG,"The non-canonical SH3-binding motif is recognized primarily by adaptor proteins CIN85 and CD2AP, which are involved in RTK regulation, endocytosis, lysosomal degradation, actin cytoskeleton dynamics regulation, and signal transduction",PF14604,SH3_9,Variant SH3 domain,P.[AP].PR,PVPKPR,510,515,ARAP3_HUMAN,Homo sapiens,15090612,true positive,60,4,disordered
ELME000501,LIG_SH3_CIN85_PxpxPR_1,CIN85 and CD2AP SH3 domain binding motif ,LIG,"The non-canonical SH3-binding motif is recognized primarily by adaptor proteins CIN85 and CD2AP, which are involved in RTK regulation, endocytosis, lysosomal degradation, actin cytoskeleton dynamics regulation, and signal transduction",PF14604,SH3_9,Variant SH3 domain,P.[AP].PR,PVPKPR,510,515,ASAP1_HUMAN,Homo sapiens,15090612,true positive,60,4,disordered
ELME000501,LIG_SH3_CIN85_PxpxPR_1,CIN85 and CD2AP SH3 domain binding motif ,LIG,"The non-canonical SH3-binding motif is recognized primarily by adaptor proteins CIN85 and CD2AP, which are involved in RTK regulation, endocytosis, lysosomal degradation, actin cytoskeleton dynamics regulation, and signal transduction",PF14604,SH3_9,Variant SH3 domain,P.[AP].PR,PVPKPR,510,515,ASAP1_MOUSE,Mus musculus,15632162,true positive,60,4,disordered
ELME000501,LIG_SH3_CIN85_PxpxPR_1,CIN85 and CD2AP SH3 domain binding motif ,LIG,"The non-canonical SH3-binding motif is recognized primarily by adaptor proteins CIN85 and CD2AP, which are involved in RTK regulation, endocytosis, lysosomal degradation, actin cytoskeleton dynamics regulation, and signal transduction",PF14604,SH3_9,Variant SH3 domain,P.[AP].PR,PVPKPR,510,515,BLNK_HUMAN,Homo sapiens,11071869 32051419 27353366,true positive,60,4,disordered
ELME000501,LIG_SH3_CIN85_PxpxPR_1,CIN85 and CD2AP SH3 domain binding motif ,LIG,"The non-canonical SH3-binding motif is recognized primarily by adaptor proteins CIN85 and CD2AP, which are involved in RTK regulation, endocytosis, lysosomal degradation, actin cytoskeleton dynamics regulation, and signal transduction",PF14604,SH3_9,Variant SH3 domain,P.[AP].PR,PVPKPR,510,515,BLNK_HUMAN,Homo sapiens,32051419 27353366,true positive,60,4,disordered
ELME000501,LIG_SH3_CIN85_PxpxPR_1,CIN85 and CD2AP SH3 domain binding motif ,LIG,"The non-canonical SH3-binding motif is recognized primarily by adaptor proteins CIN85 and CD2AP, which are involved in RTK regulation, endocytosis, lysosomal degradation, actin cytoskeleton dynamics regulation, and signal transduction",PF14604,SH3_9,Variant SH3 domain,P.[AP].PR,PVPKPR,510,515,CBLB_HUMAN,Homo sapiens,12177062 16228008 23663663 12874286 19268472 17020880,true positive,60,4,disordered
ELME000501,LIG_SH3_CIN85_PxpxPR_1,CIN85 and CD2AP SH3 domain binding motif ,LIG,"The non-canonical SH3-binding motif is recognized primarily by adaptor proteins CIN85 and CD2AP, which are involved in RTK regulation, endocytosis, lysosomal degradation, actin cytoskeleton dynamics regulation, and signal transduction",PF14604,SH3_9,Variant SH3 domain,P.[AP].PR,PVPKPR,510,515,CBL_HUMAN,Homo sapiens,11067845 16228008 11071869 10679202 12874286 19268472,true positive,60,4,disordered
ELME000501,LIG_SH3_CIN85_PxpxPR_1,CIN85 and CD2AP SH3 domain binding motif ,LIG,"The non-canonical SH3-binding motif is recognized primarily by adaptor proteins CIN85 and CD2AP, which are involved in RTK regulation, endocytosis, lysosomal degradation, actin cytoskeleton dynamics regulation, and signal transduction",PF14604,SH3_9,Variant SH3 domain,P.[AP].PR,PVPKPR,510,515,CD2_HUMAN,Homo sapiens,23663663 17020880 12690097,true positive,60,4,disordered
ELME000501,LIG_SH3_CIN85_PxpxPR_1,CIN85 and CD2AP SH3 domain binding motif ,LIG,"The non-canonical SH3-binding motif is recognized primarily by adaptor proteins CIN85 and CD2AP, which are involved in RTK regulation, endocytosis, lysosomal degradation, actin cytoskeleton dynamics regulation, and signal transduction",PF14604,SH3_9,Variant SH3 domain,P.[AP].PR,PVPKPR,510,515,CD2_MOUSE,Mus musculus,9741631,true positive,60,4,disordered
ELME000501,LIG_SH3_CIN85_PxpxPR_1,CIN85 and CD2AP SH3 domain binding motif ,LIG,"The non-canonical SH3-binding motif is recognized primarily by adaptor proteins CIN85 and CD2AP, which are involved in RTK regulation, endocytosis, lysosomal degradation, actin cytoskeleton dynamics regulation, and signal transduction",PF14604,SH3_9,Variant SH3 domain,P.[AP].PR,PVPKPR,510,515,DAB1_HUMAN,Homo sapiens,14596919,true positive,60,4,disordered
ELME000501,LIG_SH3_CIN85_PxpxPR_1,CIN85 and CD2AP SH3 domain binding motif ,LIG,"The non-canonical SH3-binding motif is recognized primarily by adaptor proteins CIN85 and CD2AP, which are involved in RTK regulation, endocytosis, lysosomal degradation, actin cytoskeleton dynamics regulation, and signal transduction",PF14604,SH3_9,Variant SH3 domain,P.[AP].PR,PVPKPR,510,515,DAB1_MOUSE,Mus musculus,18076569,true positive,60,4,disordered
ELME000501,LIG_SH3_CIN85_PxpxPR_1,CIN85 and CD2AP SH3 domain binding motif ,LIG,"The non-canonical SH3-binding motif is recognized primarily by adaptor proteins CIN85 and CD2AP, which are involved in RTK regulation, endocytosis, lysosomal degradation, actin cytoskeleton dynamics regulation, and signal transduction",PF14604,SH3_9,Variant SH3 domain,P.[AP].PR,PVPKPR,510,515,DAB2_HUMAN,Homo sapiens,14596919,true positive,60,4,disordered
ELME000501,LIG_SH3_CIN85_PxpxPR_1,CIN85 and CD2AP SH3 domain binding motif ,LIG,"The non-canonical SH3-binding motif is recognized primarily by adaptor proteins CIN85 and CD2AP, which are involved in RTK regulation, endocytosis, lysosomal degradation, actin cytoskeleton dynamics regulation, and signal transduction",PF14604,SH3_9,Variant SH3 domain,P.[AP].PR,PVPKPR,510,515,DEND_HUMAN,Homo sapiens,16751601,true positive,60,4,disordered
ELME000501,LIG_SH3_CIN85_PxpxPR_1,CIN85 and CD2AP SH3 domain binding motif ,LIG,"The non-canonical SH3-binding motif is recognized primarily by adaptor proteins CIN85 and CD2AP, which are involved in RTK regulation, endocytosis, lysosomal degradation, actin cytoskeleton dynamics regulation, and signal transduction",PF14604,SH3_9,Variant SH3 domain,P.[AP].PR,PVPKPR,510,515,HIP1R_MOUSE,Mus musculus,15090612,true positive,60,4,disordered
ELME000501,LIG_SH3_CIN85_PxpxPR_1,CIN85 and CD2AP SH3 domain binding motif ,LIG,"The non-canonical SH3-binding motif is recognized primarily by adaptor proteins CIN85 and CD2AP, which are involved in RTK regulation, endocytosis, lysosomal degradation, actin cytoskeleton dynamics regulation, and signal transduction",PF14604,SH3_9,Variant SH3 domain,P.[AP].PR,PVPKPR,510,515,ICP0_HHV11,Herpes simplex virus (type 1 / strain 17),15824310,true positive,60,4,disordered
ELME000501,LIG_SH3_CIN85_PxpxPR_1,CIN85 and CD2AP SH3 domain binding motif ,LIG,"The non-canonical SH3-binding motif is recognized primarily by adaptor proteins CIN85 and CD2AP, which are involved in RTK regulation, endocytosis, lysosomal degradation, actin cytoskeleton dynamics regulation, and signal transduction",PF14604,SH3_9,Variant SH3 domain,P.[AP].PR,PVPKPR,510,515,ITCH_HUMAN,Homo sapiens,17652093,true positive,60,4,disordered
ELME000501,LIG_SH3_CIN85_PxpxPR_1,CIN85 and CD2AP SH3 domain binding motif ,LIG,"The non-canonical SH3-binding motif is recognized primarily by adaptor proteins CIN85 and CD2AP, which are involved in RTK regulation, endocytosis, lysosomal degradation, actin cytoskeleton dynamics regulation, and signal transduction",PF14604,SH3_9,Variant SH3 domain,P.[AP].PR,PVPKPR,510,515,MB12A_HUMAN,Homo sapiens,16895919,true positive,60,4,disordered
ELME000501,LIG_SH3_CIN85_PxpxPR_1,CIN85 and CD2AP SH3 domain binding motif ,LIG,"The non-canonical SH3-binding motif is recognized primarily by adaptor proteins CIN85 and CD2AP, which are involved in RTK regulation, endocytosis, lysosomal degradation, actin cytoskeleton dynamics regulation, and signal transduction",PF14604,SH3_9,Variant SH3 domain,P.[AP].PR,PVPKPR,510,515,P85A_HUMAN,Homo sapiens,31723006,true positive,60,4,disordered
ELME000501,LIG_SH3_CIN85_PxpxPR_1,CIN85 and CD2AP SH3 domain binding motif ,LIG,"The non-canonical SH3-binding motif is recognized primarily by adaptor proteins CIN85 and CD2AP, which are involved in RTK regulation, endocytosis, lysosomal degradation, actin cytoskeleton dynamics regulation, and signal transduction",PF14604,SH3_9,Variant SH3 domain,P.[AP].PR,PVPKPR,510,515,PDC6I_HUMAN,Homo sapiens,26296892,true positive,60,4,disordered
ELME000501,LIG_SH3_CIN85_PxpxPR_1,CIN85 and CD2AP SH3 domain binding motif ,LIG,"The non-canonical SH3-binding motif is recognized primarily by adaptor proteins CIN85 and CD2AP, which are involved in RTK regulation, endocytosis, lysosomal degradation, actin cytoskeleton dynamics regulation, and signal transduction",PF14604,SH3_9,Variant SH3 domain,P.[AP].PR,PVPKPR,510,515,PDC6I_RAT,Rattus norvegicus,10858458 11152963,true positive,60,4,disordered
ELME000501,LIG_SH3_CIN85_PxpxPR_1,CIN85 and CD2AP SH3 domain binding motif ,LIG,"The non-canonical SH3-binding motif is recognized primarily by adaptor proteins CIN85 and CD2AP, which are involved in RTK regulation, endocytosis, lysosomal degradation, actin cytoskeleton dynamics regulation, and signal transduction",PF14604,SH3_9,Variant SH3 domain,P.[AP].PR,PVPKPR,510,515,POLG_HCVJF,Hepatitis C virus JFH-1,25872741,true positive,60,4,disordered
ELME000501,LIG_SH3_CIN85_PxpxPR_1,CIN85 and CD2AP SH3 domain binding motif ,LIG,"The non-canonical SH3-binding motif is recognized primarily by adaptor proteins CIN85 and CD2AP, which are involved in RTK regulation, endocytosis, lysosomal degradation, actin cytoskeleton dynamics regulation, and signal transduction",PF14604,SH3_9,Variant SH3 domain,P.[AP].PR,PVPKPR,510,515,POLN_BFV,Barmah Forest virus,29702546,true positive,60,4,disordered
ELME000501,LIG_SH3_CIN85_PxpxPR_1,CIN85 and CD2AP SH3 domain binding motif ,LIG,"The non-canonical SH3-binding motif is recognized primarily by adaptor proteins CIN85 and CD2AP, which are involved in RTK regulation, endocytosis, lysosomal degradation, actin cytoskeleton dynamics regulation, and signal transduction",PF14604,SH3_9,Variant SH3 domain,P.[AP].PR,PVPKPR,510,515,POLN_CHIKS,Chikungunya virus strain S27-African prototype,31493651,true positive,60,4,disordered
ELME000501,LIG_SH3_CIN85_PxpxPR_1,CIN85 and CD2AP SH3 domain binding motif ,LIG,"The non-canonical SH3-binding motif is recognized primarily by adaptor proteins CIN85 and CD2AP, which are involved in RTK regulation, endocytosis, lysosomal degradation, actin cytoskeleton dynamics regulation, and signal transduction",PF14604,SH3_9,Variant SH3 domain,P.[AP].PR,PVPKPR,510,515,POLN_EEVVT,Venezuelan equine encephalitis virus (strain Trinidad donkey),31694937,true positive,60,4,disordered
ELME000501,LIG_SH3_CIN85_PxpxPR_1,CIN85 and CD2AP SH3 domain binding motif ,LIG,"The non-canonical SH3-binding motif is recognized primarily by adaptor proteins CIN85 and CD2AP, which are involved in RTK regulation, endocytosis, lysosomal degradation, actin cytoskeleton dynamics regulation, and signal transduction",PF14604,SH3_9,Variant SH3 domain,P.[AP].PR,PVPKPR,510,515,POLN_SFV,Semliki forest virus,29702546,true positive,60,4,disordered
ELME000501,LIG_SH3_CIN85_PxpxPR_1,CIN85 and CD2AP SH3 domain binding motif ,LIG,"The non-canonical SH3-binding motif is recognized primarily by adaptor proteins CIN85 and CD2AP, which are involved in RTK regulation, endocytosis, lysosomal degradation, actin cytoskeleton dynamics regulation, and signal transduction",PF14604,SH3_9,Variant SH3 domain,P.[AP].PR,PVPKPR,510,515,PTCRA_HUMAN,Homo sapiens,17823309,true positive,60,4,disordered
ELME000501,LIG_SH3_CIN85_PxpxPR_1,CIN85 and CD2AP SH3 domain binding motif ,LIG,"The non-canonical SH3-binding motif is recognized primarily by adaptor proteins CIN85 and CD2AP, which are involved in RTK regulation, endocytosis, lysosomal degradation, actin cytoskeleton dynamics regulation, and signal transduction",PF14604,SH3_9,Variant SH3 domain,P.[AP].PR,PVPKPR,510,515,Q4UGW0_THEAN,Theileria annulata,29520916,unknown,60,4,disordered
ELME000501,LIG_SH3_CIN85_PxpxPR_1,CIN85 and CD2AP SH3 domain binding motif ,LIG,"The non-canonical SH3-binding motif is recognized primarily by adaptor proteins CIN85 and CD2AP, which are involved in RTK regulation, endocytosis, lysosomal degradation, actin cytoskeleton dynamics regulation, and signal transduction",PF14604,SH3_9,Variant SH3 domain,P.[AP].PR,PVPKPR,510,515,Q64ET4_HCMV,Human herpesvirus 5,30089695,unknown,60,4,disordered
ELME000501,LIG_SH3_CIN85_PxpxPR_1,CIN85 and CD2AP SH3 domain binding motif ,LIG,"The non-canonical SH3-binding motif is recognized primarily by adaptor proteins CIN85 and CD2AP, which are involved in RTK regulation, endocytosis, lysosomal degradation, actin cytoskeleton dynamics regulation, and signal transduction",PF14604,SH3_9,Variant SH3 domain,P.[AP].PR,PVPKPR,510,515,RHG27_RAT,Rattus norvegicus,15147912,true positive,60,4,disordered
ELME000501,LIG_SH3_CIN85_PxpxPR_1,CIN85 and CD2AP SH3 domain binding motif ,LIG,"The non-canonical SH3-binding motif is recognized primarily by adaptor proteins CIN85 and CD2AP, which are involved in RTK regulation, endocytosis, lysosomal degradation, actin cytoskeleton dynamics regulation, and signal transduction",PF14604,SH3_9,Variant SH3 domain,P.[AP].PR,PVPKPR,510,515,RIN3_HUMAN,Homo sapiens,26296892,true positive,60,4,disordered
ELME000501,LIG_SH3_CIN85_PxpxPR_1,CIN85 and CD2AP SH3 domain binding motif ,LIG,"The non-canonical SH3-binding motif is recognized primarily by adaptor proteins CIN85 and CD2AP, which are involved in RTK regulation, endocytosis, lysosomal degradation, actin cytoskeleton dynamics regulation, and signal transduction",PF14604,SH3_9,Variant SH3 domain,P.[AP].PR,PVPKPR,510,515,RON2_TOXGM,Toxoplasma gondii ME49,28848228,true positive,60,4,disordered
ELME000501,LIG_SH3_CIN85_PxpxPR_1,CIN85 and CD2AP SH3 domain binding motif ,LIG,"The non-canonical SH3-binding motif is recognized primarily by adaptor proteins CIN85 and CD2AP, which are involved in RTK regulation, endocytosis, lysosomal degradation, actin cytoskeleton dynamics regulation, and signal transduction",PF14604,SH3_9,Variant SH3 domain,P.[AP].PR,PVPKPR,510,515,RON4_TOXGO,Toxoplasma gondii,28848228,true positive,60,4,disordered
ELME000501,LIG_SH3_CIN85_PxpxPR_1,CIN85 and CD2AP SH3 domain binding motif ,LIG,"The non-canonical SH3-binding motif is recognized primarily by adaptor proteins CIN85 and CD2AP, which are involved in RTK regulation, endocytosis, lysosomal degradation, actin cytoskeleton dynamics regulation, and signal transduction",PF14604,SH3_9,Variant SH3 domain,P.[AP].PR,PVPKPR,510,515,S8ERS3_TOXGM,Toxoplasma gondii ME49,28848228,true positive,60,4,disordered
ELME000501,LIG_SH3_CIN85_PxpxPR_1,CIN85 and CD2AP SH3 domain binding motif ,LIG,"The non-canonical SH3-binding motif is recognized primarily by adaptor proteins CIN85 and CD2AP, which are involved in RTK regulation, endocytosis, lysosomal degradation, actin cytoskeleton dynamics regulation, and signal transduction",PF14604,SH3_9,Variant SH3 domain,P.[AP].PR,PVPKPR,510,515,SEPT9_HUMAN,Homo sapiens,25472714,true positive,60,4,disordered
ELME000501,LIG_SH3_CIN85_PxpxPR_1,CIN85 and CD2AP SH3 domain binding motif ,LIG,"The non-canonical SH3-binding motif is recognized primarily by adaptor proteins CIN85 and CD2AP, which are involved in RTK regulation, endocytosis, lysosomal degradation, actin cytoskeleton dynamics regulation, and signal transduction",PF14604,SH3_9,Variant SH3 domain,P.[AP].PR,PVPKPR,510,515,SHIP1_HUMAN,Homo sapiens,15090612,true positive,60,4,disordered
ELME000501,LIG_SH3_CIN85_PxpxPR_1,CIN85 and CD2AP SH3 domain binding motif ,LIG,"The non-canonical SH3-binding motif is recognized primarily by adaptor proteins CIN85 and CD2AP, which are involved in RTK regulation, endocytosis, lysosomal degradation, actin cytoskeleton dynamics regulation, and signal transduction",PF14604,SH3_9,Variant SH3 domain,P.[AP].PR,PVPKPR,510,515,SHKB1_MOUSE,Mus musculus,21830225,true positive,60,4,disordered
ELME000501,LIG_SH3_CIN85_PxpxPR_1,CIN85 and CD2AP SH3 domain binding motif ,LIG,"The non-canonical SH3-binding motif is recognized primarily by adaptor proteins CIN85 and CD2AP, which are involved in RTK regulation, endocytosis, lysosomal degradation, actin cytoskeleton dynamics regulation, and signal transduction",PF14604,SH3_9,Variant SH3 domain,P.[AP].PR,PVPKPR,510,515,SHKB1_RAT,Rattus norvegicus,11152963,true positive,60,4,disordered
ELME000501,LIG_SH3_CIN85_PxpxPR_1,CIN85 and CD2AP SH3 domain binding motif ,LIG,"The non-canonical SH3-binding motif is recognized primarily by adaptor proteins CIN85 and CD2AP, which are involved in RTK regulation, endocytosis, lysosomal degradation, actin cytoskeleton dynamics regulation, and signal transduction",PF14604,SH3_9,Variant SH3 domain,P.[AP].PR,PVPKPR,510,515,STAP1_MOUSE,Mus musculus,15090612,true positive,60,4,disordered
ELME000501,LIG_SH3_CIN85_PxpxPR_1,CIN85 and CD2AP SH3 domain binding motif ,LIG,"The non-canonical SH3-binding motif is recognized primarily by adaptor proteins CIN85 and CD2AP, which are involved in RTK regulation, endocytosis, lysosomal degradation, actin cytoskeleton dynamics regulation, and signal transduction",PF14604,SH3_9,Variant SH3 domain,P.[AP].PR,PVPKPR,510,515,SYNJ1_MOUSE,Mus musculus,12829691,true positive,60,4,disordered
ELME000501,LIG_SH3_CIN85_PxpxPR_1,CIN85 and CD2AP SH3 domain binding motif ,LIG,"The non-canonical SH3-binding motif is recognized primarily by adaptor proteins CIN85 and CD2AP, which are involved in RTK regulation, endocytosis, lysosomal degradation, actin cytoskeleton dynamics regulation, and signal transduction",PF14604,SH3_9,Variant SH3 domain,P.[AP].PR,PVPKPR,510,515,SYNJ2_RAT,Rattus norvegicus,15090612,true positive,60,4,disordered
ELME000501,LIG_SH3_CIN85_PxpxPR_1,CIN85 and CD2AP SH3 domain binding motif ,LIG,"The non-canonical SH3-binding motif is recognized primarily by adaptor proteins CIN85 and CD2AP, which are involved in RTK regulation, endocytosis, lysosomal degradation, actin cytoskeleton dynamics regulation, and signal transduction",PF14604,SH3_9,Variant SH3 domain,P.[AP].PR,PVPKPR,510,515,TTP_HUMAN,Homo sapiens,20221403,true positive,60,4,disordered
ELME000335,LIG_SUMO_SIM_anti_2,SUMO interaction site,LIG,Motif for the antiparallel beta augmentation mode of non-covalent binding to SUMO protein.,PF11976,Rad60-SLD,Ubiquitin-2 like Rad60 SUMO-like,"[DEST]{1,10}.{0,1}[VIL][DESTVILMA][VIL][VILM].[DEST]{0,5}",EEEDSISVLSED,364,375,CBX4_HUMAN,Homo sapiens,20176810,true positive,17,2,disordered
ELME000335,LIG_SUMO_SIM_anti_2,SUMO interaction site,LIG,Motif for the antiparallel beta augmentation mode of non-covalent binding to SUMO protein.,PF11976,Rad60-SLD,Ubiquitin-2 like Rad60 SUMO-like,"[DEST]{1,10}.{0,1}[VIL][DESTVILMA][VIL][VILM].[DEST]{0,5}",EEEDSISVLSED,364,375,CR025_HUMAN,Homo sapiens,16524884,true positive,17,2,disordered
ELME000335,LIG_SUMO_SIM_anti_2,SUMO interaction site,LIG,Motif for the antiparallel beta augmentation mode of non-covalent binding to SUMO protein.,PF11976,Rad60-SLD,Ubiquitin-2 like Rad60 SUMO-like,"[DEST]{1,10}.{0,1}[VIL][DESTVILMA][VIL][VILM].[DEST]{0,5}",EEEDSISVLSED,364,375,DAXX_HUMAN,Homo sapiens,17081986 21474068,true positive,17,2,disordered
ELME000335,LIG_SUMO_SIM_anti_2,SUMO interaction site,LIG,Motif for the antiparallel beta augmentation mode of non-covalent binding to SUMO protein.,PF11976,Rad60-SLD,Ubiquitin-2 like Rad60 SUMO-like,"[DEST]{1,10}.{0,1}[VIL][DESTVILMA][VIL][VILM].[DEST]{0,5}",EEEDSISVLSED,364,375,FIR1_YEAST,Saccharomyces cerevisiae S288c,15590687,true positive,17,2,disordered
ELME000335,LIG_SUMO_SIM_anti_2,SUMO interaction site,LIG,Motif for the antiparallel beta augmentation mode of non-covalent binding to SUMO protein.,PF11976,Rad60-SLD,Ubiquitin-2 like Rad60 SUMO-like,"[DEST]{1,10}.{0,1}[VIL][DESTVILMA][VIL][VILM].[DEST]{0,5}",EEEDSISVLSED,364,375,HIPK2_HUMAN,Homo sapiens,12565818 21192925,true positive,17,2,disordered
ELME000335,LIG_SUMO_SIM_anti_2,SUMO interaction site,LIG,Motif for the antiparallel beta augmentation mode of non-covalent binding to SUMO protein.,PF11976,Rad60-SLD,Ubiquitin-2 like Rad60 SUMO-like,"[DEST]{1,10}.{0,1}[VIL][DESTVILMA][VIL][VILM].[DEST]{0,5}",EEEDSISVLSED,364,375,PML_HUMAN,Homo sapiens,17081985,true positive,17,2,disordered
ELME000335,LIG_SUMO_SIM_anti_2,SUMO interaction site,LIG,Motif for the antiparallel beta augmentation mode of non-covalent binding to SUMO protein.,PF11976,Rad60-SLD,Ubiquitin-2 like Rad60 SUMO-like,"[DEST]{1,10}.{0,1}[VIL][DESTVILMA][VIL][VILM].[DEST]{0,5}",EEEDSISVLSED,364,375,RBP2_HUMAN,Homo sapiens,15388847 15931224 16524884,true positive,17,2,disordered
ELME000335,LIG_SUMO_SIM_anti_2,SUMO interaction site,LIG,Motif for the antiparallel beta augmentation mode of non-covalent binding to SUMO protein.,PF11976,Rad60-SLD,Ubiquitin-2 like Rad60 SUMO-like,"[DEST]{1,10}.{0,1}[VIL][DESTVILMA][VIL][VILM].[DEST]{0,5}",EEEDSISVLSED,364,375,RNF4_HUMAN,Homo sapiens,18408734,true positive,17,2,disordered
ELME000335,LIG_SUMO_SIM_anti_2,SUMO interaction site,LIG,Motif for the antiparallel beta augmentation mode of non-covalent binding to SUMO protein.,PF11976,Rad60-SLD,Ubiquitin-2 like Rad60 SUMO-like,"[DEST]{1,10}.{0,1}[VIL][DESTVILMA][VIL][VILM].[DEST]{0,5}",EEEDSISVLSED,364,375,SAE2_HUMAN,Homo sapiens,15388847 10961991,true positive,17,2,disordered
ELME000335,LIG_SUMO_SIM_anti_2,SUMO interaction site,LIG,Motif for the antiparallel beta augmentation mode of non-covalent binding to SUMO protein.,PF11976,Rad60-SLD,Ubiquitin-2 like Rad60 SUMO-like,"[DEST]{1,10}.{0,1}[VIL][DESTVILMA][VIL][VILM].[DEST]{0,5}",EEEDSISVLSED,364,375,SP100_HUMAN,Homo sapiens,16524884 18691969,true positive,17,2,disordered
ELME000335,LIG_SUMO_SIM_anti_2,SUMO interaction site,LIG,Motif for the antiparallel beta augmentation mode of non-covalent binding to SUMO protein.,PF11976,Rad60-SLD,Ubiquitin-2 like Rad60 SUMO-like,"[DEST]{1,10}.{0,1}[VIL][DESTVILMA][VIL][VILM].[DEST]{0,5}",EEEDSISVLSED,364,375,ULS1_YEAST,Saccharomyces cerevisiae S288c,15590687,true positive,17,2,disordered
ELME000335,LIG_SUMO_SIM_anti_2,SUMO interaction site,LIG,Motif for the antiparallel beta augmentation mode of non-covalent binding to SUMO protein.,PF11976,Rad60-SLD,Ubiquitin-2 like Rad60 SUMO-like,"[DEST]{1,10}.{0,1}[VIL][DESTVILMA][VIL][VILM].[DEST]{0,5}",EEEDSISVLSED,364,375,ZCH12_HUMAN,Homo sapiens,19416967,true positive,17,2,disordered
ELME000335,LIG_SUMO_SIM_anti_2,SUMO interaction site,LIG,Motif for the antiparallel beta augmentation mode of non-covalent binding to SUMO protein.,PF11976,Rad60-SLD,Ubiquitin-2 like Rad60 SUMO-like,"[DEST]{1,10}.{0,1}[VIL][DESTVILMA][VIL][VILM].[DEST]{0,5}",EEEDSISVLSED,364,375,ZCHC7_HUMAN,Homo sapiens,16524884,true positive,17,2,disordered
ELME000335,LIG_SUMO_SIM_anti_2,SUMO interaction site,LIG,Motif for the antiparallel beta augmentation mode of non-covalent binding to SUMO protein.,PF11976,Rad60-SLD,Ubiquitin-2 like Rad60 SUMO-like,"[DEST]{1,10}.{0,1}[VIL][DESTVILMA][VIL][VILM].[DEST]{0,5}",EEEDSISVLSED,364,375,ZN451_HUMAN,Homo sapiens,18656483,true positive,17,2,disordered
ELME000335,LIG_SUMO_SIM_anti_2,SUMO interaction site,LIG,Motif for the antiparallel beta augmentation mode of non-covalent binding to SUMO protein.,PF11976,Rad60-SLD,Ubiquitin-2 like Rad60 SUMO-like,"[DEST]{1,10}.{0,1}[VIL][DESTVILMA][VIL][VILM].[DEST]{0,5}",EEDSISVLSED,365,375,CBX4_HUMAN,Homo sapiens,20176810,true positive,17,2,disordered
ELME000335,LIG_SUMO_SIM_anti_2,SUMO interaction site,LIG,Motif for the antiparallel beta augmentation mode of non-covalent binding to SUMO protein.,PF11976,Rad60-SLD,Ubiquitin-2 like Rad60 SUMO-like,"[DEST]{1,10}.{0,1}[VIL][DESTVILMA][VIL][VILM].[DEST]{0,5}",EEDSISVLSED,365,375,CR025_HUMAN,Homo sapiens,16524884,true positive,17,2,disordered
ELME000335,LIG_SUMO_SIM_anti_2,SUMO interaction site,LIG,Motif for the antiparallel beta augmentation mode of non-covalent binding to SUMO protein.,PF11976,Rad60-SLD,Ubiquitin-2 like Rad60 SUMO-like,"[DEST]{1,10}.{0,1}[VIL][DESTVILMA][VIL][VILM].[DEST]{0,5}",EEDSISVLSED,365,375,DAXX_HUMAN,Homo sapiens,17081986 21474068,true positive,17,2,disordered
ELME000335,LIG_SUMO_SIM_anti_2,SUMO interaction site,LIG,Motif for the antiparallel beta augmentation mode of non-covalent binding to SUMO protein.,PF11976,Rad60-SLD,Ubiquitin-2 like Rad60 SUMO-like,"[DEST]{1,10}.{0,1}[VIL][DESTVILMA][VIL][VILM].[DEST]{0,5}",EEDSISVLSED,365,375,FIR1_YEAST,Saccharomyces cerevisiae S288c,15590687,true positive,17,2,disordered
ELME000335,LIG_SUMO_SIM_anti_2,SUMO interaction site,LIG,Motif for the antiparallel beta augmentation mode of non-covalent binding to SUMO protein.,PF11976,Rad60-SLD,Ubiquitin-2 like Rad60 SUMO-like,"[DEST]{1,10}.{0,1}[VIL][DESTVILMA][VIL][VILM].[DEST]{0,5}",EEDSISVLSED,365,375,HIPK2_HUMAN,Homo sapiens,12565818 21192925,true positive,17,2,disordered
ELME000335,LIG_SUMO_SIM_anti_2,SUMO interaction site,LIG,Motif for the antiparallel beta augmentation mode of non-covalent binding to SUMO protein.,PF11976,Rad60-SLD,Ubiquitin-2 like Rad60 SUMO-like,"[DEST]{1,10}.{0,1}[VIL][DESTVILMA][VIL][VILM].[DEST]{0,5}",EEDSISVLSED,365,375,PML_HUMAN,Homo sapiens,17081985,true positive,17,2,disordered
ELME000335,LIG_SUMO_SIM_anti_2,SUMO interaction site,LIG,Motif for the antiparallel beta augmentation mode of non-covalent binding to SUMO protein.,PF11976,Rad60-SLD,Ubiquitin-2 like Rad60 SUMO-like,"[DEST]{1,10}.{0,1}[VIL][DESTVILMA][VIL][VILM].[DEST]{0,5}",EEDSISVLSED,365,375,RBP2_HUMAN,Homo sapiens,15388847 15931224 16524884,true positive,17,2,disordered
ELME000335,LIG_SUMO_SIM_anti_2,SUMO interaction site,LIG,Motif for the antiparallel beta augmentation mode of non-covalent binding to SUMO protein.,PF11976,Rad60-SLD,Ubiquitin-2 like Rad60 SUMO-like,"[DEST]{1,10}.{0,1}[VIL][DESTVILMA][VIL][VILM].[DEST]{0,5}",EEDSISVLSED,365,375,RNF4_HUMAN,Homo sapiens,18408734,true positive,17,2,disordered
ELME000335,LIG_SUMO_SIM_anti_2,SUMO interaction site,LIG,Motif for the antiparallel beta augmentation mode of non-covalent binding to SUMO protein.,PF11976,Rad60-SLD,Ubiquitin-2 like Rad60 SUMO-like,"[DEST]{1,10}.{0,1}[VIL][DESTVILMA][VIL][VILM].[DEST]{0,5}",EEDSISVLSED,365,375,SAE2_HUMAN,Homo sapiens,15388847 10961991,true positive,17,2,disordered
ELME000335,LIG_SUMO_SIM_anti_2,SUMO interaction site,LIG,Motif for the antiparallel beta augmentation mode of non-covalent binding to SUMO protein.,PF11976,Rad60-SLD,Ubiquitin-2 like Rad60 SUMO-like,"[DEST]{1,10}.{0,1}[VIL][DESTVILMA][VIL][VILM].[DEST]{0,5}",EEDSISVLSED,365,375,SP100_HUMAN,Homo sapiens,16524884 18691969,true positive,17,2,disordered
ELME000335,LIG_SUMO_SIM_anti_2,SUMO interaction site,LIG,Motif for the antiparallel beta augmentation mode of non-covalent binding to SUMO protein.,PF11976,Rad60-SLD,Ubiquitin-2 like Rad60 SUMO-like,"[DEST]{1,10}.{0,1}[VIL][DESTVILMA][VIL][VILM].[DEST]{0,5}",EEDSISVLSED,365,375,ULS1_YEAST,Saccharomyces cerevisiae S288c,15590687,true positive,17,2,disordered
ELME000335,LIG_SUMO_SIM_anti_2,SUMO interaction site,LIG,Motif for the antiparallel beta augmentation mode of non-covalent binding to SUMO protein.,PF11976,Rad60-SLD,Ubiquitin-2 like Rad60 SUMO-like,"[DEST]{1,10}.{0,1}[VIL][DESTVILMA][VIL][VILM].[DEST]{0,5}",EEDSISVLSED,365,375,ZCH12_HUMAN,Homo sapiens,19416967,true positive,17,2,disordered
ELME000335,LIG_SUMO_SIM_anti_2,SUMO interaction site,LIG,Motif for the antiparallel beta augmentation mode of non-covalent binding to SUMO protein.,PF11976,Rad60-SLD,Ubiquitin-2 like Rad60 SUMO-like,"[DEST]{1,10}.{0,1}[VIL][DESTVILMA][VIL][VILM].[DEST]{0,5}",EEDSISVLSED,365,375,ZCHC7_HUMAN,Homo sapiens,16524884,true positive,17,2,disordered
ELME000335,LIG_SUMO_SIM_anti_2,SUMO interaction site,LIG,Motif for the antiparallel beta augmentation mode of non-covalent binding to SUMO protein.,PF11976,Rad60-SLD,Ubiquitin-2 like Rad60 SUMO-like,"[DEST]{1,10}.{0,1}[VIL][DESTVILMA][VIL][VILM].[DEST]{0,5}",EEDSISVLSED,365,375,ZN451_HUMAN,Homo sapiens,18656483,true positive,17,2,disordered
ELME000335,LIG_SUMO_SIM_anti_2,SUMO interaction site,LIG,Motif for the antiparallel beta augmentation mode of non-covalent binding to SUMO protein.,PF11976,Rad60-SLD,Ubiquitin-2 like Rad60 SUMO-like,"[DEST]{1,10}.{0,1}[VIL][DESTVILMA][VIL][VILM].[DEST]{0,5}",EDSISVLSED,366,375,CBX4_HUMAN,Homo sapiens,20176810,true positive,17,2,disordered
ELME000335,LIG_SUMO_SIM_anti_2,SUMO interaction site,LIG,Motif for the antiparallel beta augmentation mode of non-covalent binding to SUMO protein.,PF11976,Rad60-SLD,Ubiquitin-2 like Rad60 SUMO-like,"[DEST]{1,10}.{0,1}[VIL][DESTVILMA][VIL][VILM].[DEST]{0,5}",EDSISVLSED,366,375,CR025_HUMAN,Homo sapiens,16524884,true positive,17,2,disordered
ELME000335,LIG_SUMO_SIM_anti_2,SUMO interaction site,LIG,Motif for the antiparallel beta augmentation mode of non-covalent binding to SUMO protein.,PF11976,Rad60-SLD,Ubiquitin-2 like Rad60 SUMO-like,"[DEST]{1,10}.{0,1}[VIL][DESTVILMA][VIL][VILM].[DEST]{0,5}",EDSISVLSED,366,375,DAXX_HUMAN,Homo sapiens,17081986 21474068,true positive,17,2,disordered
ELME000335,LIG_SUMO_SIM_anti_2,SUMO interaction site,LIG,Motif for the antiparallel beta augmentation mode of non-covalent binding to SUMO protein.,PF11976,Rad60-SLD,Ubiquitin-2 like Rad60 SUMO-like,"[DEST]{1,10}.{0,1}[VIL][DESTVILMA][VIL][VILM].[DEST]{0,5}",EDSISVLSED,366,375,FIR1_YEAST,Saccharomyces cerevisiae S288c,15590687,true positive,17,2,disordered
ELME000335,LIG_SUMO_SIM_anti_2,SUMO interaction site,LIG,Motif for the antiparallel beta augmentation mode of non-covalent binding to SUMO protein.,PF11976,Rad60-SLD,Ubiquitin-2 like Rad60 SUMO-like,"[DEST]{1,10}.{0,1}[VIL][DESTVILMA][VIL][VILM].[DEST]{0,5}",EDSISVLSED,366,375,HIPK2_HUMAN,Homo sapiens,12565818 21192925,true positive,17,2,disordered
ELME000335,LIG_SUMO_SIM_anti_2,SUMO interaction site,LIG,Motif for the antiparallel beta augmentation mode of non-covalent binding to SUMO protein.,PF11976,Rad60-SLD,Ubiquitin-2 like Rad60 SUMO-like,"[DEST]{1,10}.{0,1}[VIL][DESTVILMA][VIL][VILM].[DEST]{0,5}",EDSISVLSED,366,375,PML_HUMAN,Homo sapiens,17081985,true positive,17,2,disordered
ELME000335,LIG_SUMO_SIM_anti_2,SUMO interaction site,LIG,Motif for the antiparallel beta augmentation mode of non-covalent binding to SUMO protein.,PF11976,Rad60-SLD,Ubiquitin-2 like Rad60 SUMO-like,"[DEST]{1,10}.{0,1}[VIL][DESTVILMA][VIL][VILM].[DEST]{0,5}",EDSISVLSED,366,375,RBP2_HUMAN,Homo sapiens,15388847 15931224 16524884,true positive,17,2,disordered
ELME000335,LIG_SUMO_SIM_anti_2,SUMO interaction site,LIG,Motif for the antiparallel beta augmentation mode of non-covalent binding to SUMO protein.,PF11976,Rad60-SLD,Ubiquitin-2 like Rad60 SUMO-like,"[DEST]{1,10}.{0,1}[VIL][DESTVILMA][VIL][VILM].[DEST]{0,5}",EDSISVLSED,366,375,RNF4_HUMAN,Homo sapiens,18408734,true positive,17,2,disordered
ELME000335,LIG_SUMO_SIM_anti_2,SUMO interaction site,LIG,Motif for the antiparallel beta augmentation mode of non-covalent binding to SUMO protein.,PF11976,Rad60-SLD,Ubiquitin-2 like Rad60 SUMO-like,"[DEST]{1,10}.{0,1}[VIL][DESTVILMA][VIL][VILM].[DEST]{0,5}",EDSISVLSED,366,375,SAE2_HUMAN,Homo sapiens,15388847 10961991,true positive,17,2,disordered
ELME000335,LIG_SUMO_SIM_anti_2,SUMO interaction site,LIG,Motif for the antiparallel beta augmentation mode of non-covalent binding to SUMO protein.,PF11976,Rad60-SLD,Ubiquitin-2 like Rad60 SUMO-like,"[DEST]{1,10}.{0,1}[VIL][DESTVILMA][VIL][VILM].[DEST]{0,5}",EDSISVLSED,366,375,SP100_HUMAN,Homo sapiens,16524884 18691969,true positive,17,2,disordered
ELME000335,LIG_SUMO_SIM_anti_2,SUMO interaction site,LIG,Motif for the antiparallel beta augmentation mode of non-covalent binding to SUMO protein.,PF11976,Rad60-SLD,Ubiquitin-2 like Rad60 SUMO-like,"[DEST]{1,10}.{0,1}[VIL][DESTVILMA][VIL][VILM].[DEST]{0,5}",EDSISVLSED,366,375,ULS1_YEAST,Saccharomyces cerevisiae S288c,15590687,true positive,17,2,disordered
ELME000335,LIG_SUMO_SIM_anti_2,SUMO interaction site,LIG,Motif for the antiparallel beta augmentation mode of non-covalent binding to SUMO protein.,PF11976,Rad60-SLD,Ubiquitin-2 like Rad60 SUMO-like,"[DEST]{1,10}.{0,1}[VIL][DESTVILMA][VIL][VILM].[DEST]{0,5}",EDSISVLSED,366,375,ZCH12_HUMAN,Homo sapiens,19416967,true positive,17,2,disordered
ELME000335,LIG_SUMO_SIM_anti_2,SUMO interaction site,LIG,Motif for the antiparallel beta augmentation mode of non-covalent binding to SUMO protein.,PF11976,Rad60-SLD,Ubiquitin-2 like Rad60 SUMO-like,"[DEST]{1,10}.{0,1}[VIL][DESTVILMA][VIL][VILM].[DEST]{0,5}",EDSISVLSED,366,375,ZCHC7_HUMAN,Homo sapiens,16524884,true positive,17,2,disordered
ELME000335,LIG_SUMO_SIM_anti_2,SUMO interaction site,LIG,Motif for the antiparallel beta augmentation mode of non-covalent binding to SUMO protein.,PF11976,Rad60-SLD,Ubiquitin-2 like Rad60 SUMO-like,"[DEST]{1,10}.{0,1}[VIL][DESTVILMA][VIL][VILM].[DEST]{0,5}",EDSISVLSED,366,375,ZN451_HUMAN,Homo sapiens,18656483,true positive,17,2,disordered
ELME000335,LIG_SUMO_SIM_anti_2,SUMO interaction site,LIG,Motif for the antiparallel beta augmentation mode of non-covalent binding to SUMO protein.,PF11976,Rad60-SLD,Ubiquitin-2 like Rad60 SUMO-like,"[DEST]{1,10}.{0,1}[VIL][DESTVILMA][VIL][VILM].[DEST]{0,5}",DSISVLSED,367,375,CBX4_HUMAN,Homo sapiens,20176810,true positive,17,2,disordered
ELME000335,LIG_SUMO_SIM_anti_2,SUMO interaction site,LIG,Motif for the antiparallel beta augmentation mode of non-covalent binding to SUMO protein.,PF11976,Rad60-SLD,Ubiquitin-2 like Rad60 SUMO-like,"[DEST]{1,10}.{0,1}[VIL][DESTVILMA][VIL][VILM].[DEST]{0,5}",DSISVLSED,367,375,CR025_HUMAN,Homo sapiens,16524884,true positive,17,2,disordered
ELME000335,LIG_SUMO_SIM_anti_2,SUMO interaction site,LIG,Motif for the antiparallel beta augmentation mode of non-covalent binding to SUMO protein.,PF11976,Rad60-SLD,Ubiquitin-2 like Rad60 SUMO-like,"[DEST]{1,10}.{0,1}[VIL][DESTVILMA][VIL][VILM].[DEST]{0,5}",DSISVLSED,367,375,DAXX_HUMAN,Homo sapiens,17081986 21474068,true positive,17,2,disordered
ELME000335,LIG_SUMO_SIM_anti_2,SUMO interaction site,LIG,Motif for the antiparallel beta augmentation mode of non-covalent binding to SUMO protein.,PF11976,Rad60-SLD,Ubiquitin-2 like Rad60 SUMO-like,"[DEST]{1,10}.{0,1}[VIL][DESTVILMA][VIL][VILM].[DEST]{0,5}",DSISVLSED,367,375,FIR1_YEAST,Saccharomyces cerevisiae S288c,15590687,true positive,17,2,disordered
ELME000335,LIG_SUMO_SIM_anti_2,SUMO interaction site,LIG,Motif for the antiparallel beta augmentation mode of non-covalent binding to SUMO protein.,PF11976,Rad60-SLD,Ubiquitin-2 like Rad60 SUMO-like,"[DEST]{1,10}.{0,1}[VIL][DESTVILMA][VIL][VILM].[DEST]{0,5}",DSISVLSED,367,375,HIPK2_HUMAN,Homo sapiens,12565818 21192925,true positive,17,2,disordered
ELME000335,LIG_SUMO_SIM_anti_2,SUMO interaction site,LIG,Motif for the antiparallel beta augmentation mode of non-covalent binding to SUMO protein.,PF11976,Rad60-SLD,Ubiquitin-2 like Rad60 SUMO-like,"[DEST]{1,10}.{0,1}[VIL][DESTVILMA][VIL][VILM].[DEST]{0,5}",DSISVLSED,367,375,PML_HUMAN,Homo sapiens,17081985,true positive,17,2,disordered
ELME000335,LIG_SUMO_SIM_anti_2,SUMO interaction site,LIG,Motif for the antiparallel beta augmentation mode of non-covalent binding to SUMO protein.,PF11976,Rad60-SLD,Ubiquitin-2 like Rad60 SUMO-like,"[DEST]{1,10}.{0,1}[VIL][DESTVILMA][VIL][VILM].[DEST]{0,5}",DSISVLSED,367,375,RBP2_HUMAN,Homo sapiens,15388847 15931224 16524884,true positive,17,2,disordered
ELME000335,LIG_SUMO_SIM_anti_2,SUMO interaction site,LIG,Motif for the antiparallel beta augmentation mode of non-covalent binding to SUMO protein.,PF11976,Rad60-SLD,Ubiquitin-2 like Rad60 SUMO-like,"[DEST]{1,10}.{0,1}[VIL][DESTVILMA][VIL][VILM].[DEST]{0,5}",DSISVLSED,367,375,RNF4_HUMAN,Homo sapiens,18408734,true positive,17,2,disordered
ELME000335,LIG_SUMO_SIM_anti_2,SUMO interaction site,LIG,Motif for the antiparallel beta augmentation mode of non-covalent binding to SUMO protein.,PF11976,Rad60-SLD,Ubiquitin-2 like Rad60 SUMO-like,"[DEST]{1,10}.{0,1}[VIL][DESTVILMA][VIL][VILM].[DEST]{0,5}",DSISVLSED,367,375,SAE2_HUMAN,Homo sapiens,15388847 10961991,true positive,17,2,disordered
ELME000335,LIG_SUMO_SIM_anti_2,SUMO interaction site,LIG,Motif for the antiparallel beta augmentation mode of non-covalent binding to SUMO protein.,PF11976,Rad60-SLD,Ubiquitin-2 like Rad60 SUMO-like,"[DEST]{1,10}.{0,1}[VIL][DESTVILMA][VIL][VILM].[DEST]{0,5}",DSISVLSED,367,375,SP100_HUMAN,Homo sapiens,16524884 18691969,true positive,17,2,disordered
ELME000335,LIG_SUMO_SIM_anti_2,SUMO interaction site,LIG,Motif for the antiparallel beta augmentation mode of non-covalent binding to SUMO protein.,PF11976,Rad60-SLD,Ubiquitin-2 like Rad60 SUMO-like,"[DEST]{1,10}.{0,1}[VIL][DESTVILMA][VIL][VILM].[DEST]{0,5}",DSISVLSED,367,375,ULS1_YEAST,Saccharomyces cerevisiae S288c,15590687,true positive,17,2,disordered
ELME000335,LIG_SUMO_SIM_anti_2,SUMO interaction site,LIG,Motif for the antiparallel beta augmentation mode of non-covalent binding to SUMO protein.,PF11976,Rad60-SLD,Ubiquitin-2 like Rad60 SUMO-like,"[DEST]{1,10}.{0,1}[VIL][DESTVILMA][VIL][VILM].[DEST]{0,5}",DSISVLSED,367,375,ZCH12_HUMAN,Homo sapiens,19416967,true positive,17,2,disordered
ELME000335,LIG_SUMO_SIM_anti_2,SUMO interaction site,LIG,Motif for the antiparallel beta augmentation mode of non-covalent binding to SUMO protein.,PF11976,Rad60-SLD,Ubiquitin-2 like Rad60 SUMO-like,"[DEST]{1,10}.{0,1}[VIL][DESTVILMA][VIL][VILM].[DEST]{0,5}",DSISVLSED,367,375,ZCHC7_HUMAN,Homo sapiens,16524884,true positive,17,2,disordered
ELME000335,LIG_SUMO_SIM_anti_2,SUMO interaction site,LIG,Motif for the antiparallel beta augmentation mode of non-covalent binding to SUMO protein.,PF11976,Rad60-SLD,Ubiquitin-2 like Rad60 SUMO-like,"[DEST]{1,10}.{0,1}[VIL][DESTVILMA][VIL][VILM].[DEST]{0,5}",DSISVLSED,367,375,ZN451_HUMAN,Homo sapiens,18656483,true positive,17,2,disordered
ELME000335,LIG_SUMO_SIM_anti_2,SUMO interaction site,LIG,Motif for the antiparallel beta augmentation mode of non-covalent binding to SUMO protein.,PF11976,Rad60-SLD,Ubiquitin-2 like Rad60 SUMO-like,"[DEST]{1,10}.{0,1}[VIL][DESTVILMA][VIL][VILM].[DEST]{0,5}",SISVLSED,368,375,CBX4_HUMAN,Homo sapiens,20176810,true positive,17,2,disordered
ELME000335,LIG_SUMO_SIM_anti_2,SUMO interaction site,LIG,Motif for the antiparallel beta augmentation mode of non-covalent binding to SUMO protein.,PF11976,Rad60-SLD,Ubiquitin-2 like Rad60 SUMO-like,"[DEST]{1,10}.{0,1}[VIL][DESTVILMA][VIL][VILM].[DEST]{0,5}",SISVLSED,368,375,CR025_HUMAN,Homo sapiens,16524884,true positive,17,2,disordered
ELME000335,LIG_SUMO_SIM_anti_2,SUMO interaction site,LIG,Motif for the antiparallel beta augmentation mode of non-covalent binding to SUMO protein.,PF11976,Rad60-SLD,Ubiquitin-2 like Rad60 SUMO-like,"[DEST]{1,10}.{0,1}[VIL][DESTVILMA][VIL][VILM].[DEST]{0,5}",SISVLSED,368,375,DAXX_HUMAN,Homo sapiens,17081986 21474068,true positive,17,2,disordered
ELME000335,LIG_SUMO_SIM_anti_2,SUMO interaction site,LIG,Motif for the antiparallel beta augmentation mode of non-covalent binding to SUMO protein.,PF11976,Rad60-SLD,Ubiquitin-2 like Rad60 SUMO-like,"[DEST]{1,10}.{0,1}[VIL][DESTVILMA][VIL][VILM].[DEST]{0,5}",SISVLSED,368,375,FIR1_YEAST,Saccharomyces cerevisiae S288c,15590687,true positive,17,2,disordered
ELME000335,LIG_SUMO_SIM_anti_2,SUMO interaction site,LIG,Motif for the antiparallel beta augmentation mode of non-covalent binding to SUMO protein.,PF11976,Rad60-SLD,Ubiquitin-2 like Rad60 SUMO-like,"[DEST]{1,10}.{0,1}[VIL][DESTVILMA][VIL][VILM].[DEST]{0,5}",SISVLSED,368,375,HIPK2_HUMAN,Homo sapiens,12565818 21192925,true positive,17,2,disordered
ELME000335,LIG_SUMO_SIM_anti_2,SUMO interaction site,LIG,Motif for the antiparallel beta augmentation mode of non-covalent binding to SUMO protein.,PF11976,Rad60-SLD,Ubiquitin-2 like Rad60 SUMO-like,"[DEST]{1,10}.{0,1}[VIL][DESTVILMA][VIL][VILM].[DEST]{0,5}",SISVLSED,368,375,PML_HUMAN,Homo sapiens,17081985,true positive,17,2,disordered
ELME000335,LIG_SUMO_SIM_anti_2,SUMO interaction site,LIG,Motif for the antiparallel beta augmentation mode of non-covalent binding to SUMO protein.,PF11976,Rad60-SLD,Ubiquitin-2 like Rad60 SUMO-like,"[DEST]{1,10}.{0,1}[VIL][DESTVILMA][VIL][VILM].[DEST]{0,5}",SISVLSED,368,375,RBP2_HUMAN,Homo sapiens,15388847 15931224 16524884,true positive,17,2,disordered
ELME000335,LIG_SUMO_SIM_anti_2,SUMO interaction site,LIG,Motif for the antiparallel beta augmentation mode of non-covalent binding to SUMO protein.,PF11976,Rad60-SLD,Ubiquitin-2 like Rad60 SUMO-like,"[DEST]{1,10}.{0,1}[VIL][DESTVILMA][VIL][VILM].[DEST]{0,5}",SISVLSED,368,375,RNF4_HUMAN,Homo sapiens,18408734,true positive,17,2,disordered
ELME000335,LIG_SUMO_SIM_anti_2,SUMO interaction site,LIG,Motif for the antiparallel beta augmentation mode of non-covalent binding to SUMO protein.,PF11976,Rad60-SLD,Ubiquitin-2 like Rad60 SUMO-like,"[DEST]{1,10}.{0,1}[VIL][DESTVILMA][VIL][VILM].[DEST]{0,5}",SISVLSED,368,375,SAE2_HUMAN,Homo sapiens,15388847 10961991,true positive,17,2,disordered
ELME000335,LIG_SUMO_SIM_anti_2,SUMO interaction site,LIG,Motif for the antiparallel beta augmentation mode of non-covalent binding to SUMO protein.,PF11976,Rad60-SLD,Ubiquitin-2 like Rad60 SUMO-like,"[DEST]{1,10}.{0,1}[VIL][DESTVILMA][VIL][VILM].[DEST]{0,5}",SISVLSED,368,375,SP100_HUMAN,Homo sapiens,16524884 18691969,true positive,17,2,disordered
ELME000335,LIG_SUMO_SIM_anti_2,SUMO interaction site,LIG,Motif for the antiparallel beta augmentation mode of non-covalent binding to SUMO protein.,PF11976,Rad60-SLD,Ubiquitin-2 like Rad60 SUMO-like,"[DEST]{1,10}.{0,1}[VIL][DESTVILMA][VIL][VILM].[DEST]{0,5}",SISVLSED,368,375,ULS1_YEAST,Saccharomyces cerevisiae S288c,15590687,true positive,17,2,disordered
ELME000335,LIG_SUMO_SIM_anti_2,SUMO interaction site,LIG,Motif for the antiparallel beta augmentation mode of non-covalent binding to SUMO protein.,PF11976,Rad60-SLD,Ubiquitin-2 like Rad60 SUMO-like,"[DEST]{1,10}.{0,1}[VIL][DESTVILMA][VIL][VILM].[DEST]{0,5}",SISVLSED,368,375,ZCH12_HUMAN,Homo sapiens,19416967,true positive,17,2,disordered
ELME000335,LIG_SUMO_SIM_anti_2,SUMO interaction site,LIG,Motif for the antiparallel beta augmentation mode of non-covalent binding to SUMO protein.,PF11976,Rad60-SLD,Ubiquitin-2 like Rad60 SUMO-like,"[DEST]{1,10}.{0,1}[VIL][DESTVILMA][VIL][VILM].[DEST]{0,5}",SISVLSED,368,375,ZCHC7_HUMAN,Homo sapiens,16524884,true positive,17,2,disordered
ELME000335,LIG_SUMO_SIM_anti_2,SUMO interaction site,LIG,Motif for the antiparallel beta augmentation mode of non-covalent binding to SUMO protein.,PF11976,Rad60-SLD,Ubiquitin-2 like Rad60 SUMO-like,"[DEST]{1,10}.{0,1}[VIL][DESTVILMA][VIL][VILM].[DEST]{0,5}",SISVLSED,368,375,ZN451_HUMAN,Homo sapiens,18656483,true positive,17,2,disordered
ELME000133,LIG_TRAF6_MATH_1,Motif which binds to the MATH domain of the TRAF6 K63 E3 ligase,LIG,TRAF6 binding site. Members of the tumour necrosis factor receptor (TNFR) superfamily initiate intracellular signalling by recruiting the C-domains of the TNFR-associated factors (TRAFs) using motifs in their cytoplasmic tails.,PF00917,MATH,MATH domain,..P[^P]E[^P].[FYWHDE].,EQPVEEEDS,360,368,CIKS_MOUSE,Mus musculus,12459498,true positive,34,5,disordered
ELME000133,LIG_TRAF6_MATH_1,Motif which binds to the MATH domain of the TRAF6 K63 E3 ligase,LIG,TRAF6 binding site. Members of the tumour necrosis factor receptor (TNFR) superfamily initiate intracellular signalling by recruiting the C-domains of the TNFR-associated factors (TRAFs) using motifs in their cytoplasmic tails.,IPR037309,"TNF receptor-associated factor 6, MATH domain"," TNF receptor-associated factor 6 (TRAF6) regulates a diverse array of processes, including adaptive immunity, innate immunity, bone metabolism and tissue development",..P[^P]E[^P].[FYWHDE].,EQPVEEEDS,360,368,CIKS_MOUSE,Mus musculus,12459498,true positive,34,5,disordered
ELME000133,LIG_TRAF6_MATH_1,Motif which binds to the MATH domain of the TRAF6 K63 E3 ligase,LIG,TRAF6 binding site. Members of the tumour necrosis factor receptor (TNFR) superfamily initiate intracellular signalling by recruiting the C-domains of the TNFR-associated factors (TRAFs) using motifs in their cytoplasmic tails.,PF00917,MATH,MATH domain,..P[^P]E[^P].[FYWHDE].,EQPVEEEDS,360,368,ICP0_BHV1J,Bovine herpesvirus type 1.1 (strain Jura),31969874,true positive,34,5,disordered
ELME000133,LIG_TRAF6_MATH_1,Motif which binds to the MATH domain of the TRAF6 K63 E3 ligase,LIG,TRAF6 binding site. Members of the tumour necrosis factor receptor (TNFR) superfamily initiate intracellular signalling by recruiting the C-domains of the TNFR-associated factors (TRAFs) using motifs in their cytoplasmic tails.,IPR037309,"TNF receptor-associated factor 6, MATH domain"," TNF receptor-associated factor 6 (TRAF6) regulates a diverse array of processes, including adaptive immunity, innate immunity, bone metabolism and tissue development",..P[^P]E[^P].[FYWHDE].,EQPVEEEDS,360,368,ICP0_BHV1J,Bovine herpesvirus type 1.1 (strain Jura),31969874,true positive,34,5,disordered
ELME000133,LIG_TRAF6_MATH_1,Motif which binds to the MATH domain of the TRAF6 K63 E3 ligase,LIG,TRAF6 binding site. Members of the tumour necrosis factor receptor (TNFR) superfamily initiate intracellular signalling by recruiting the C-domains of the TNFR-associated factors (TRAFs) using motifs in their cytoplasmic tails.,PF00917,MATH,MATH domain,..P[^P]E[^P].[FYWHDE].,EQPVEEEDS,360,368,INLR1_HUMAN,Homo sapiens,22644879,true positive,34,5,disordered
ELME000133,LIG_TRAF6_MATH_1,Motif which binds to the MATH domain of the TRAF6 K63 E3 ligase,LIG,TRAF6 binding site. Members of the tumour necrosis factor receptor (TNFR) superfamily initiate intracellular signalling by recruiting the C-domains of the TNFR-associated factors (TRAFs) using motifs in their cytoplasmic tails.,IPR037309,"TNF receptor-associated factor 6, MATH domain"," TNF receptor-associated factor 6 (TRAF6) regulates a diverse array of processes, including adaptive immunity, innate immunity, bone metabolism and tissue development",..P[^P]E[^P].[FYWHDE].,EQPVEEEDS,360,368,INLR1_HUMAN,Homo sapiens,22644879,true positive,34,5,disordered
ELME000133,LIG_TRAF6_MATH_1,Motif which binds to the MATH domain of the TRAF6 K63 E3 ligase,LIG,TRAF6 binding site. Members of the tumour necrosis factor receptor (TNFR) superfamily initiate intracellular signalling by recruiting the C-domains of the TNFR-associated factors (TRAFs) using motifs in their cytoplasmic tails.,PF00917,MATH,MATH domain,..P[^P]E[^P].[FYWHDE].,EQPVEEEDS,360,368,IRAK1_HUMAN,Homo sapiens,12140561,true positive,34,5,disordered
ELME000133,LIG_TRAF6_MATH_1,Motif which binds to the MATH domain of the TRAF6 K63 E3 ligase,LIG,TRAF6 binding site. Members of the tumour necrosis factor receptor (TNFR) superfamily initiate intracellular signalling by recruiting the C-domains of the TNFR-associated factors (TRAFs) using motifs in their cytoplasmic tails.,IPR037309,"TNF receptor-associated factor 6, MATH domain"," TNF receptor-associated factor 6 (TRAF6) regulates a diverse array of processes, including adaptive immunity, innate immunity, bone metabolism and tissue development",..P[^P]E[^P].[FYWHDE].,EQPVEEEDS,360,368,IRAK1_HUMAN,Homo sapiens,12140561,true positive,34,5,disordered
ELME000133,LIG_TRAF6_MATH_1,Motif which binds to the MATH domain of the TRAF6 K63 E3 ligase,LIG,TRAF6 binding site. Members of the tumour necrosis factor receptor (TNFR) superfamily initiate intracellular signalling by recruiting the C-domains of the TNFR-associated factors (TRAFs) using motifs in their cytoplasmic tails.,PF00917,MATH,MATH domain,..P[^P]E[^P].[FYWHDE].,EQPVEEEDS,360,368,IRAK1_MOUSE,Mus musculus,12140561,true positive,34,5,disordered
ELME000133,LIG_TRAF6_MATH_1,Motif which binds to the MATH domain of the TRAF6 K63 E3 ligase,LIG,TRAF6 binding site. Members of the tumour necrosis factor receptor (TNFR) superfamily initiate intracellular signalling by recruiting the C-domains of the TNFR-associated factors (TRAFs) using motifs in their cytoplasmic tails.,IPR037309,"TNF receptor-associated factor 6, MATH domain"," TNF receptor-associated factor 6 (TRAF6) regulates a diverse array of processes, including adaptive immunity, innate immunity, bone metabolism and tissue development",..P[^P]E[^P].[FYWHDE].,EQPVEEEDS,360,368,IRAK1_MOUSE,Mus musculus,12140561,true positive,34,5,disordered
ELME000133,LIG_TRAF6_MATH_1,Motif which binds to the MATH domain of the TRAF6 K63 E3 ligase,LIG,TRAF6 binding site. Members of the tumour necrosis factor receptor (TNFR) superfamily initiate intracellular signalling by recruiting the C-domains of the TNFR-associated factors (TRAFs) using motifs in their cytoplasmic tails.,PF00917,MATH,MATH domain,..P[^P]E[^P].[FYWHDE].,EQPVEEEDS,360,368,IRAK2_HUMAN,Homo sapiens,12140561,true positive,34,5,disordered
ELME000133,LIG_TRAF6_MATH_1,Motif which binds to the MATH domain of the TRAF6 K63 E3 ligase,LIG,TRAF6 binding site. Members of the tumour necrosis factor receptor (TNFR) superfamily initiate intracellular signalling by recruiting the C-domains of the TNFR-associated factors (TRAFs) using motifs in their cytoplasmic tails.,IPR037309,"TNF receptor-associated factor 6, MATH domain"," TNF receptor-associated factor 6 (TRAF6) regulates a diverse array of processes, including adaptive immunity, innate immunity, bone metabolism and tissue development",..P[^P]E[^P].[FYWHDE].,EQPVEEEDS,360,368,IRAK2_HUMAN,Homo sapiens,12140561,true positive,34,5,disordered
ELME000133,LIG_TRAF6_MATH_1,Motif which binds to the MATH domain of the TRAF6 K63 E3 ligase,LIG,TRAF6 binding site. Members of the tumour necrosis factor receptor (TNFR) superfamily initiate intracellular signalling by recruiting the C-domains of the TNFR-associated factors (TRAFs) using motifs in their cytoplasmic tails.,PF00917,MATH,MATH domain,..P[^P]E[^P].[FYWHDE].,EQPVEEEDS,360,368,MALT1_HUMAN,Homo sapiens,15125833,true positive,34,5,disordered
ELME000133,LIG_TRAF6_MATH_1,Motif which binds to the MATH domain of the TRAF6 K63 E3 ligase,LIG,TRAF6 binding site. Members of the tumour necrosis factor receptor (TNFR) superfamily initiate intracellular signalling by recruiting the C-domains of the TNFR-associated factors (TRAFs) using motifs in their cytoplasmic tails.,IPR037309,"TNF receptor-associated factor 6, MATH domain"," TNF receptor-associated factor 6 (TRAF6) regulates a diverse array of processes, including adaptive immunity, innate immunity, bone metabolism and tissue development",..P[^P]E[^P].[FYWHDE].,EQPVEEEDS,360,368,MALT1_HUMAN,Homo sapiens,15125833,true positive,34,5,disordered
ELME000133,LIG_TRAF6_MATH_1,Motif which binds to the MATH domain of the TRAF6 K63 E3 ligase,LIG,TRAF6 binding site. Members of the tumour necrosis factor receptor (TNFR) superfamily initiate intracellular signalling by recruiting the C-domains of the TNFR-associated factors (TRAFs) using motifs in their cytoplasmic tails.,PF00917,MATH,MATH domain,..P[^P]E[^P].[FYWHDE].,EQPVEEEDS,360,368,MAVS_HUMAN,Homo sapiens,16153868,true positive,34,5,disordered
ELME000133,LIG_TRAF6_MATH_1,Motif which binds to the MATH domain of the TRAF6 K63 E3 ligase,LIG,TRAF6 binding site. Members of the tumour necrosis factor receptor (TNFR) superfamily initiate intracellular signalling by recruiting the C-domains of the TNFR-associated factors (TRAFs) using motifs in their cytoplasmic tails.,IPR037309,"TNF receptor-associated factor 6, MATH domain"," TNF receptor-associated factor 6 (TRAF6) regulates a diverse array of processes, including adaptive immunity, innate immunity, bone metabolism and tissue development",..P[^P]E[^P].[FYWHDE].,EQPVEEEDS,360,368,MAVS_HUMAN,Homo sapiens,16153868,true positive,34,5,disordered
ELME000133,LIG_TRAF6_MATH_1,Motif which binds to the MATH domain of the TRAF6 K63 E3 ligase,LIG,TRAF6 binding site. Members of the tumour necrosis factor receptor (TNFR) superfamily initiate intracellular signalling by recruiting the C-domains of the TNFR-associated factors (TRAFs) using motifs in their cytoplasmic tails.,PF00917,MATH,MATH domain,..P[^P]E[^P].[FYWHDE].,EQPVEEEDS,360,368,MAVS_HUMAN,Homo sapiens,16153868 26385923,true positive,34,5,disordered
ELME000133,LIG_TRAF6_MATH_1,Motif which binds to the MATH domain of the TRAF6 K63 E3 ligase,LIG,TRAF6 binding site. Members of the tumour necrosis factor receptor (TNFR) superfamily initiate intracellular signalling by recruiting the C-domains of the TNFR-associated factors (TRAFs) using motifs in their cytoplasmic tails.,IPR037309,"TNF receptor-associated factor 6, MATH domain"," TNF receptor-associated factor 6 (TRAF6) regulates a diverse array of processes, including adaptive immunity, innate immunity, bone metabolism and tissue development",..P[^P]E[^P].[FYWHDE].,EQPVEEEDS,360,368,MAVS_HUMAN,Homo sapiens,16153868 26385923,true positive,34,5,disordered
ELME000133,LIG_TRAF6_MATH_1,Motif which binds to the MATH domain of the TRAF6 K63 E3 ligase,LIG,TRAF6 binding site. Members of the tumour necrosis factor receptor (TNFR) superfamily initiate intracellular signalling by recruiting the C-domains of the TNFR-associated factors (TRAFs) using motifs in their cytoplasmic tails.,PF00917,MATH,MATH domain,..P[^P]E[^P].[FYWHDE].,EQPVEEEDS,360,368,NPTN_MOUSE,Mus musculus,33363141,true positive,34,5,disordered
ELME000133,LIG_TRAF6_MATH_1,Motif which binds to the MATH domain of the TRAF6 K63 E3 ligase,LIG,TRAF6 binding site. Members of the tumour necrosis factor receptor (TNFR) superfamily initiate intracellular signalling by recruiting the C-domains of the TNFR-associated factors (TRAFs) using motifs in their cytoplasmic tails.,IPR037309,"TNF receptor-associated factor 6, MATH domain"," TNF receptor-associated factor 6 (TRAF6) regulates a diverse array of processes, including adaptive immunity, innate immunity, bone metabolism and tissue development",..P[^P]E[^P].[FYWHDE].,EQPVEEEDS,360,368,NPTN_MOUSE,Mus musculus,33363141,true positive,34,5,disordered
ELME000133,LIG_TRAF6_MATH_1,Motif which binds to the MATH domain of the TRAF6 K63 E3 ligase,LIG,TRAF6 binding site. Members of the tumour necrosis factor receptor (TNFR) superfamily initiate intracellular signalling by recruiting the C-domains of the TNFR-associated factors (TRAFs) using motifs in their cytoplasmic tails.,PF00917,MATH,MATH domain,..P[^P]E[^P].[FYWHDE].,EQPVEEEDS,360,368,RANB9_HUMAN,Homo sapiens,21805090,true positive,34,5,disordered
ELME000133,LIG_TRAF6_MATH_1,Motif which binds to the MATH domain of the TRAF6 K63 E3 ligase,LIG,TRAF6 binding site. Members of the tumour necrosis factor receptor (TNFR) superfamily initiate intracellular signalling by recruiting the C-domains of the TNFR-associated factors (TRAFs) using motifs in their cytoplasmic tails.,IPR037309,"TNF receptor-associated factor 6, MATH domain"," TNF receptor-associated factor 6 (TRAF6) regulates a diverse array of processes, including adaptive immunity, innate immunity, bone metabolism and tissue development",..P[^P]E[^P].[FYWHDE].,EQPVEEEDS,360,368,RANB9_HUMAN,Homo sapiens,21805090,true positive,34,5,disordered
ELME000133,LIG_TRAF6_MATH_1,Motif which binds to the MATH domain of the TRAF6 K63 E3 ligase,LIG,TRAF6 binding site. Members of the tumour necrosis factor receptor (TNFR) superfamily initiate intracellular signalling by recruiting the C-domains of the TNFR-associated factors (TRAFs) using motifs in their cytoplasmic tails.,PF00917,MATH,MATH domain,..P[^P]E[^P].[FYWHDE].,EQPVEEEDS,360,368,STING_DANRE,Danio rerio,31018131,true positive,34,5,disordered
ELME000133,LIG_TRAF6_MATH_1,Motif which binds to the MATH domain of the TRAF6 K63 E3 ligase,LIG,TRAF6 binding site. Members of the tumour necrosis factor receptor (TNFR) superfamily initiate intracellular signalling by recruiting the C-domains of the TNFR-associated factors (TRAFs) using motifs in their cytoplasmic tails.,IPR037309,"TNF receptor-associated factor 6, MATH domain"," TNF receptor-associated factor 6 (TRAF6) regulates a diverse array of processes, including adaptive immunity, innate immunity, bone metabolism and tissue development",..P[^P]E[^P].[FYWHDE].,EQPVEEEDS,360,368,STING_DANRE,Danio rerio,31018131,true positive,34,5,disordered
ELME000133,LIG_TRAF6_MATH_1,Motif which binds to the MATH domain of the TRAF6 K63 E3 ligase,LIG,TRAF6 binding site. Members of the tumour necrosis factor receptor (TNFR) superfamily initiate intracellular signalling by recruiting the C-domains of the TNFR-associated factors (TRAFs) using motifs in their cytoplasmic tails.,PF00917,MATH,MATH domain,..P[^P]E[^P].[FYWHDE].,EQPVEEEDS,360,368,TCAM1_HUMAN,Homo sapiens,14982987,true positive,34,5,disordered
ELME000133,LIG_TRAF6_MATH_1,Motif which binds to the MATH domain of the TRAF6 K63 E3 ligase,LIG,TRAF6 binding site. Members of the tumour necrosis factor receptor (TNFR) superfamily initiate intracellular signalling by recruiting the C-domains of the TNFR-associated factors (TRAFs) using motifs in their cytoplasmic tails.,IPR037309,"TNF receptor-associated factor 6, MATH domain"," TNF receptor-associated factor 6 (TRAF6) regulates a diverse array of processes, including adaptive immunity, innate immunity, bone metabolism and tissue development",..P[^P]E[^P].[FYWHDE].,EQPVEEEDS,360,368,TCAM1_HUMAN,Homo sapiens,14982987,true positive,34,5,disordered
ELME000133,LIG_TRAF6_MATH_1,Motif which binds to the MATH domain of the TRAF6 K63 E3 ligase,LIG,TRAF6 binding site. Members of the tumour necrosis factor receptor (TNFR) superfamily initiate intracellular signalling by recruiting the C-domains of the TNFR-associated factors (TRAFs) using motifs in their cytoplasmic tails.,PF00917,MATH,MATH domain,..P[^P]E[^P].[FYWHDE].,EQPVEEEDS,360,368,TIFA_HUMAN,Homo sapiens,30378729,true positive,34,5,disordered
ELME000133,LIG_TRAF6_MATH_1,Motif which binds to the MATH domain of the TRAF6 K63 E3 ligase,LIG,TRAF6 binding site. Members of the tumour necrosis factor receptor (TNFR) superfamily initiate intracellular signalling by recruiting the C-domains of the TNFR-associated factors (TRAFs) using motifs in their cytoplasmic tails.,IPR037309,"TNF receptor-associated factor 6, MATH domain"," TNF receptor-associated factor 6 (TRAF6) regulates a diverse array of processes, including adaptive immunity, innate immunity, bone metabolism and tissue development",..P[^P]E[^P].[FYWHDE].,EQPVEEEDS,360,368,TIFA_HUMAN,Homo sapiens,30378729,true positive,34,5,disordered
ELME000133,LIG_TRAF6_MATH_1,Motif which binds to the MATH domain of the TRAF6 K63 E3 ligase,LIG,TRAF6 binding site. Members of the tumour necrosis factor receptor (TNFR) superfamily initiate intracellular signalling by recruiting the C-domains of the TNFR-associated factors (TRAFs) using motifs in their cytoplasmic tails.,PF00917,MATH,MATH domain,..P[^P]E[^P].[FYWHDE].,EQPVEEEDS,360,368,TIO_ATHV3,Ateline herpesvirus 3,16452479,true positive,34,5,disordered
ELME000133,LIG_TRAF6_MATH_1,Motif which binds to the MATH domain of the TRAF6 K63 E3 ligase,LIG,TRAF6 binding site. Members of the tumour necrosis factor receptor (TNFR) superfamily initiate intracellular signalling by recruiting the C-domains of the TNFR-associated factors (TRAFs) using motifs in their cytoplasmic tails.,IPR037309,"TNF receptor-associated factor 6, MATH domain"," TNF receptor-associated factor 6 (TRAF6) regulates a diverse array of processes, including adaptive immunity, innate immunity, bone metabolism and tissue development",..P[^P]E[^P].[FYWHDE].,EQPVEEEDS,360,368,TIO_ATHV3,Ateline herpesvirus 3,16452479,true positive,34,5,disordered
ELME000133,LIG_TRAF6_MATH_1,Motif which binds to the MATH domain of the TRAF6 K63 E3 ligase,LIG,TRAF6 binding site. Members of the tumour necrosis factor receptor (TNFR) superfamily initiate intracellular signalling by recruiting the C-domains of the TNFR-associated factors (TRAFs) using motifs in their cytoplasmic tails.,PF00917,MATH,MATH domain,..P[^P]E[^P].[FYWHDE].,EQPVEEEDS,360,368,TNR11_HUMAN,Homo sapiens,12140561,true positive,34,5,disordered
ELME000133,LIG_TRAF6_MATH_1,Motif which binds to the MATH domain of the TRAF6 K63 E3 ligase,LIG,TRAF6 binding site. Members of the tumour necrosis factor receptor (TNFR) superfamily initiate intracellular signalling by recruiting the C-domains of the TNFR-associated factors (TRAFs) using motifs in their cytoplasmic tails.,IPR037309,"TNF receptor-associated factor 6, MATH domain"," TNF receptor-associated factor 6 (TRAF6) regulates a diverse array of processes, including adaptive immunity, innate immunity, bone metabolism and tissue development",..P[^P]E[^P].[FYWHDE].,EQPVEEEDS,360,368,TNR11_HUMAN,Homo sapiens,12140561,true positive,34,5,disordered
ELME000133,LIG_TRAF6_MATH_1,Motif which binds to the MATH domain of the TRAF6 K63 E3 ligase,LIG,TRAF6 binding site. Members of the tumour necrosis factor receptor (TNFR) superfamily initiate intracellular signalling by recruiting the C-domains of the TNFR-associated factors (TRAFs) using motifs in their cytoplasmic tails.,PF00917,MATH,MATH domain,..P[^P]E[^P].[FYWHDE].,EQPVEEEDS,360,368,TNR11_MOUSE,Mus musculus,12140561,true positive,34,5,disordered
ELME000133,LIG_TRAF6_MATH_1,Motif which binds to the MATH domain of the TRAF6 K63 E3 ligase,LIG,TRAF6 binding site. Members of the tumour necrosis factor receptor (TNFR) superfamily initiate intracellular signalling by recruiting the C-domains of the TNFR-associated factors (TRAFs) using motifs in their cytoplasmic tails.,IPR037309,"TNF receptor-associated factor 6, MATH domain"," TNF receptor-associated factor 6 (TRAF6) regulates a diverse array of processes, including adaptive immunity, innate immunity, bone metabolism and tissue development",..P[^P]E[^P].[FYWHDE].,EQPVEEEDS,360,368,TNR11_MOUSE,Mus musculus,12140561,true positive,34,5,disordered
ELME000133,LIG_TRAF6_MATH_1,Motif which binds to the MATH domain of the TRAF6 K63 E3 ligase,LIG,TRAF6 binding site. Members of the tumour necrosis factor receptor (TNFR) superfamily initiate intracellular signalling by recruiting the C-domains of the TNFR-associated factors (TRAFs) using motifs in their cytoplasmic tails.,PF00917,MATH,MATH domain,..P[^P]E[^P].[FYWHDE].,EQPVEEEDS,360,368,TNR27_HUMAN,Homo sapiens,12270937,unknown,34,5,disordered
ELME000133,LIG_TRAF6_MATH_1,Motif which binds to the MATH domain of the TRAF6 K63 E3 ligase,LIG,TRAF6 binding site. Members of the tumour necrosis factor receptor (TNFR) superfamily initiate intracellular signalling by recruiting the C-domains of the TNFR-associated factors (TRAFs) using motifs in their cytoplasmic tails.,IPR037309,"TNF receptor-associated factor 6, MATH domain"," TNF receptor-associated factor 6 (TRAF6) regulates a diverse array of processes, including adaptive immunity, innate immunity, bone metabolism and tissue development",..P[^P]E[^P].[FYWHDE].,EQPVEEEDS,360,368,TNR27_HUMAN,Homo sapiens,12270937,unknown,34,5,disordered
ELME000133,LIG_TRAF6_MATH_1,Motif which binds to the MATH domain of the TRAF6 K63 E3 ligase,LIG,TRAF6 binding site. Members of the tumour necrosis factor receptor (TNFR) superfamily initiate intracellular signalling by recruiting the C-domains of the TNFR-associated factors (TRAFs) using motifs in their cytoplasmic tails.,PF00917,MATH,MATH domain,..P[^P]E[^P].[FYWHDE].,EQPVEEEDS,360,368,TNR5_HUMAN,Homo sapiens,12140561 10318845,true positive,34,5,disordered
ELME000133,LIG_TRAF6_MATH_1,Motif which binds to the MATH domain of the TRAF6 K63 E3 ligase,LIG,TRAF6 binding site. Members of the tumour necrosis factor receptor (TNFR) superfamily initiate intracellular signalling by recruiting the C-domains of the TNFR-associated factors (TRAFs) using motifs in their cytoplasmic tails.,IPR037309,"TNF receptor-associated factor 6, MATH domain"," TNF receptor-associated factor 6 (TRAF6) regulates a diverse array of processes, including adaptive immunity, innate immunity, bone metabolism and tissue development",..P[^P]E[^P].[FYWHDE].,EQPVEEEDS,360,368,TNR5_HUMAN,Homo sapiens,12140561 10318845,true positive,34,5,disordered
ELME000133,LIG_TRAF6_MATH_1,Motif which binds to the MATH domain of the TRAF6 K63 E3 ligase,LIG,TRAF6 binding site. Members of the tumour necrosis factor receptor (TNFR) superfamily initiate intracellular signalling by recruiting the C-domains of the TNFR-associated factors (TRAFs) using motifs in their cytoplasmic tails.,PF00917,MATH,MATH domain,..P[^P]E[^P].[FYWHDE].,EQPVEEEDS,360,368,TNR5_MOUSE,Mus musculus,12140561,true positive,34,5,disordered
ELME000133,LIG_TRAF6_MATH_1,Motif which binds to the MATH domain of the TRAF6 K63 E3 ligase,LIG,TRAF6 binding site. Members of the tumour necrosis factor receptor (TNFR) superfamily initiate intracellular signalling by recruiting the C-domains of the TNFR-associated factors (TRAFs) using motifs in their cytoplasmic tails.,IPR037309,"TNF receptor-associated factor 6, MATH domain"," TNF receptor-associated factor 6 (TRAF6) regulates a diverse array of processes, including adaptive immunity, innate immunity, bone metabolism and tissue development",..P[^P]E[^P].[FYWHDE].,EQPVEEEDS,360,368,TNR5_MOUSE,Mus musculus,12140561,true positive,34,5,disordered
ELME000133,LIG_TRAF6_MATH_1,Motif which binds to the MATH domain of the TRAF6 K63 E3 ligase,LIG,TRAF6 binding site. Members of the tumour necrosis factor receptor (TNFR) superfamily initiate intracellular signalling by recruiting the C-domains of the TNFR-associated factors (TRAFs) using motifs in their cytoplasmic tails.,PF00917,MATH,MATH domain,..P[^P]E[^P].[FYWHDE].,EQPVEEEDS,360,368,TRIP6_HUMAN,Homo sapiens,27134758,true positive,34,5,disordered
ELME000133,LIG_TRAF6_MATH_1,Motif which binds to the MATH domain of the TRAF6 K63 E3 ligase,LIG,TRAF6 binding site. Members of the tumour necrosis factor receptor (TNFR) superfamily initiate intracellular signalling by recruiting the C-domains of the TNFR-associated factors (TRAFs) using motifs in their cytoplasmic tails.,IPR037309,"TNF receptor-associated factor 6, MATH domain"," TNF receptor-associated factor 6 (TRAF6) regulates a diverse array of processes, including adaptive immunity, innate immunity, bone metabolism and tissue development",..P[^P]E[^P].[FYWHDE].,EQPVEEEDS,360,368,TRIP6_HUMAN,Homo sapiens,27134758,true positive,34,5,disordered
ELME000133,LIG_TRAF6_MATH_1,Motif which binds to the MATH domain of the TRAF6 K63 E3 ligase,LIG,TRAF6 binding site. Members of the tumour necrosis factor receptor (TNFR) superfamily initiate intracellular signalling by recruiting the C-domains of the TNFR-associated factors (TRAFs) using motifs in their cytoplasmic tails.,PF00917,MATH,MATH domain,..P[^P]E[^P].[FYWHDE].,EQPVEEEDS,360,368,V120_HHV11,Herpes simplex virus (type 1 / strain 17),18682563,true positive,34,5,disordered
ELME000133,LIG_TRAF6_MATH_1,Motif which binds to the MATH domain of the TRAF6 K63 E3 ligase,LIG,TRAF6 binding site. Members of the tumour necrosis factor receptor (TNFR) superfamily initiate intracellular signalling by recruiting the C-domains of the TNFR-associated factors (TRAFs) using motifs in their cytoplasmic tails.,IPR037309,"TNF receptor-associated factor 6, MATH domain"," TNF receptor-associated factor 6 (TRAF6) regulates a diverse array of processes, including adaptive immunity, innate immunity, bone metabolism and tissue development",..P[^P]E[^P].[FYWHDE].,EQPVEEEDS,360,368,V120_HHV11,Herpes simplex virus (type 1 / strain 17),18682563,true positive,34,5,disordered
ELME000133,LIG_TRAF6_MATH_1,Motif which binds to the MATH domain of the TRAF6 K63 E3 ligase,LIG,TRAF6 binding site. Members of the tumour necrosis factor receptor (TNFR) superfamily initiate intracellular signalling by recruiting the C-domains of the TNFR-associated factors (TRAFs) using motifs in their cytoplasmic tails.,PF00917,MATH,MATH domain,..P[^P]E[^P].[FYWHDE].,EQPVEEEDS,360,368,VCLAP_EHV2,Equid herpesvirus type 2 strain 86/87,11238466,true positive,34,5,disordered
ELME000133,LIG_TRAF6_MATH_1,Motif which binds to the MATH domain of the TRAF6 K63 E3 ligase,LIG,TRAF6 binding site. Members of the tumour necrosis factor receptor (TNFR) superfamily initiate intracellular signalling by recruiting the C-domains of the TNFR-associated factors (TRAFs) using motifs in their cytoplasmic tails.,IPR037309,"TNF receptor-associated factor 6, MATH domain"," TNF receptor-associated factor 6 (TRAF6) regulates a diverse array of processes, including adaptive immunity, innate immunity, bone metabolism and tissue development",..P[^P]E[^P].[FYWHDE].,EQPVEEEDS,360,368,VCLAP_EHV2,Equid herpesvirus type 2 strain 86/87,11238466,true positive,34,5,disordered
ELME000364,LIG_WD40_WDR5_VDV_1,"WDR5 WD40 repeat (blade 5,6)-binding ligand",LIG,"This WDR5-binding motif binds to a cleft between blades 5 and 6 of the WD40 repeat domain of WDR5, opposite of the Win motif-binding site, to mediate assembly of histone modification complexes.",IPR017986,IPR017986,WD40-repeat-containing domain,"[ED].{0,3}[VIL]D[VI]",ESISVDV,342,348,KANL2_HUMAN,Homo sapiens,24788516,true positive,3,3,disordered
ELME000364,LIG_WD40_WDR5_VDV_1,"WDR5 WD40 repeat (blade 5,6)-binding ligand",LIG,"This WDR5-binding motif binds to a cleft between blades 5 and 6 of the WD40 repeat domain of WDR5, opposite of the Win motif-binding site, to mediate assembly of histone modification complexes.",IPR017986,IPR017986,WD40-repeat-containing domain,"[ED].{0,3}[VIL]D[VI]",ESISVDV,342,348,Q9VAF4_DROME,Drosophila melanogaster,24788516,true positive,3,3,disordered
ELME000364,LIG_WD40_WDR5_VDV_1,"WDR5 WD40 repeat (blade 5,6)-binding ligand",LIG,"This WDR5-binding motif binds to a cleft between blades 5 and 6 of the WD40 repeat domain of WDR5, opposite of the Win motif-binding site, to mediate assembly of histone modification complexes.",IPR017986,IPR017986,WD40-repeat-containing domain,"[ED].{0,3}[VIL]D[VI]",ESISVDV,342,348,RBBP5_MOUSE,Mus musculus,20716525,true positive,3,3,disordered
ELME000365,LIG_WD40_WDR5_VDV_2,"WDR5 WD40 repeat (blade 5,6)-binding ligand",LIG,"Fungi-specific variant of the WDR5-binding motif that binds to a cleft between blades 5 and 6 of the WD40 repeat domain of WDR5, opposite of the Win motif-binding site, to mediate assembly of histone modification complexes.",IPR017986,IPR017986,WD40-repeat-containing domain,"[EDSTY].{0,4}[VIPLA][TSDEKR][ILVA]",ESISVDV,342,348,SWD1_SCHPO,Schizosaccharomyces pombe 972h-,20716525,true positive,2,0,disordered
ELME000365,LIG_WD40_WDR5_VDV_2,"WDR5 WD40 repeat (blade 5,6)-binding ligand",LIG,"Fungi-specific variant of the WDR5-binding motif that binds to a cleft between blades 5 and 6 of the WD40 repeat domain of WDR5, opposite of the Win motif-binding site, to mediate assembly of histone modification complexes.",IPR017986,IPR017986,WD40-repeat-containing domain,"[EDSTY].{0,4}[VIPLA][TSDEKR][ILVA]",ESISVDV,342,348,SWD1_YEAST,Saccharomyces cerevisiae S288c,20716525,true positive,2,0,disordered
ELME000365,LIG_WD40_WDR5_VDV_2,"WDR5 WD40 repeat (blade 5,6)-binding ligand",LIG,"Fungi-specific variant of the WDR5-binding motif that binds to a cleft between blades 5 and 6 of the WD40 repeat domain of WDR5, opposite of the Win motif-binding site, to mediate assembly of histone modification complexes.",IPR017986,IPR017986,WD40-repeat-containing domain,"[EDSTY].{0,4}[VIPLA][TSDEKR][ILVA]",SISVDV,343,348,SWD1_SCHPO,Schizosaccharomyces pombe 972h-,20716525,true positive,2,0,disordered
ELME000365,LIG_WD40_WDR5_VDV_2,"WDR5 WD40 repeat (blade 5,6)-binding ligand",LIG,"Fungi-specific variant of the WDR5-binding motif that binds to a cleft between blades 5 and 6 of the WD40 repeat domain of WDR5, opposite of the Win motif-binding site, to mediate assembly of histone modification complexes.",IPR017986,IPR017986,WD40-repeat-containing domain,"[EDSTY].{0,4}[VIPLA][TSDEKR][ILVA]",SISVDV,343,348,SWD1_YEAST,Saccharomyces cerevisiae S288c,20716525,true positive,2,0,disordered
ELME000365,LIG_WD40_WDR5_VDV_2,"WDR5 WD40 repeat (blade 5,6)-binding ligand",LIG,"Fungi-specific variant of the WDR5-binding motif that binds to a cleft between blades 5 and 6 of the WD40 repeat domain of WDR5, opposite of the Win motif-binding site, to mediate assembly of histone modification complexes.",IPR017986,IPR017986,WD40-repeat-containing domain,"[EDSTY].{0,4}[VIPLA][TSDEKR][ILVA]",SVDV,345,348,SWD1_SCHPO,Schizosaccharomyces pombe 972h-,20716525,true positive,2,0,disordered
ELME000365,LIG_WD40_WDR5_VDV_2,"WDR5 WD40 repeat (blade 5,6)-binding ligand",LIG,"Fungi-specific variant of the WDR5-binding motif that binds to a cleft between blades 5 and 6 of the WD40 repeat domain of WDR5, opposite of the Win motif-binding site, to mediate assembly of histone modification complexes.",IPR017986,IPR017986,WD40-repeat-containing domain,"[EDSTY].{0,4}[VIPLA][TSDEKR][ILVA]",SVDV,345,348,SWD1_YEAST,Saccharomyces cerevisiae S288c,20716525,true positive,2,0,disordered
ELME000365,LIG_WD40_WDR5_VDV_2,"WDR5 WD40 repeat (blade 5,6)-binding ligand",LIG,"Fungi-specific variant of the WDR5-binding motif that binds to a cleft between blades 5 and 6 of the WD40 repeat domain of WDR5, opposite of the Win motif-binding site, to mediate assembly of histone modification complexes.",IPR017986,IPR017986,WD40-repeat-containing domain,"[EDSTY].{0,4}[VIPLA][TSDEKR][ILVA]",EEEDSISV,364,371,SWD1_SCHPO,Schizosaccharomyces pombe 972h-,20716525,true positive,2,0,disordered
ELME000365,LIG_WD40_WDR5_VDV_2,"WDR5 WD40 repeat (blade 5,6)-binding ligand",LIG,"Fungi-specific variant of the WDR5-binding motif that binds to a cleft between blades 5 and 6 of the WD40 repeat domain of WDR5, opposite of the Win motif-binding site, to mediate assembly of histone modification complexes.",IPR017986,IPR017986,WD40-repeat-containing domain,"[EDSTY].{0,4}[VIPLA][TSDEKR][ILVA]",EEEDSISV,364,371,SWD1_YEAST,Saccharomyces cerevisiae S288c,20716525,true positive,2,0,disordered
ELME000365,LIG_WD40_WDR5_VDV_2,"WDR5 WD40 repeat (blade 5,6)-binding ligand",LIG,"Fungi-specific variant of the WDR5-binding motif that binds to a cleft between blades 5 and 6 of the WD40 repeat domain of WDR5, opposite of the Win motif-binding site, to mediate assembly of histone modification complexes.",IPR017986,IPR017986,WD40-repeat-containing domain,"[EDSTY].{0,4}[VIPLA][TSDEKR][ILVA]",EEDSISV,365,371,SWD1_SCHPO,Schizosaccharomyces pombe 972h-,20716525,true positive,2,0,disordered
ELME000365,LIG_WD40_WDR5_VDV_2,"WDR5 WD40 repeat (blade 5,6)-binding ligand",LIG,"Fungi-specific variant of the WDR5-binding motif that binds to a cleft between blades 5 and 6 of the WD40 repeat domain of WDR5, opposite of the Win motif-binding site, to mediate assembly of histone modification complexes.",IPR017986,IPR017986,WD40-repeat-containing domain,"[EDSTY].{0,4}[VIPLA][TSDEKR][ILVA]",EEDSISV,365,371,SWD1_YEAST,Saccharomyces cerevisiae S288c,20716525,true positive,2,0,disordered
ELME000365,LIG_WD40_WDR5_VDV_2,"WDR5 WD40 repeat (blade 5,6)-binding ligand",LIG,"Fungi-specific variant of the WDR5-binding motif that binds to a cleft between blades 5 and 6 of the WD40 repeat domain of WDR5, opposite of the Win motif-binding site, to mediate assembly of histone modification complexes.",IPR017986,IPR017986,WD40-repeat-containing domain,"[EDSTY].{0,4}[VIPLA][TSDEKR][ILVA]",EDSISV,366,371,SWD1_SCHPO,Schizosaccharomyces pombe 972h-,20716525,true positive,2,0,disordered
ELME000365,LIG_WD40_WDR5_VDV_2,"WDR5 WD40 repeat (blade 5,6)-binding ligand",LIG,"Fungi-specific variant of the WDR5-binding motif that binds to a cleft between blades 5 and 6 of the WD40 repeat domain of WDR5, opposite of the Win motif-binding site, to mediate assembly of histone modification complexes.",IPR017986,IPR017986,WD40-repeat-containing domain,"[EDSTY].{0,4}[VIPLA][TSDEKR][ILVA]",EDSISV,366,371,SWD1_YEAST,Saccharomyces cerevisiae S288c,20716525,true positive,2,0,disordered
ELME000365,LIG_WD40_WDR5_VDV_2,"WDR5 WD40 repeat (blade 5,6)-binding ligand",LIG,"Fungi-specific variant of the WDR5-binding motif that binds to a cleft between blades 5 and 6 of the WD40 repeat domain of WDR5, opposite of the Win motif-binding site, to mediate assembly of histone modification complexes.",IPR017986,IPR017986,WD40-repeat-containing domain,"[EDSTY].{0,4}[VIPLA][TSDEKR][ILVA]",DSISV,367,371,SWD1_SCHPO,Schizosaccharomyces pombe 972h-,20716525,true positive,2,0,disordered
ELME000365,LIG_WD40_WDR5_VDV_2,"WDR5 WD40 repeat (blade 5,6)-binding ligand",LIG,"Fungi-specific variant of the WDR5-binding motif that binds to a cleft between blades 5 and 6 of the WD40 repeat domain of WDR5, opposite of the Win motif-binding site, to mediate assembly of histone modification complexes.",IPR017986,IPR017986,WD40-repeat-containing domain,"[EDSTY].{0,4}[VIPLA][TSDEKR][ILVA]",DSISV,367,371,SWD1_YEAST,Saccharomyces cerevisiae S288c,20716525,true positive,2,0,disordered
ELME000365,LIG_WD40_WDR5_VDV_2,"WDR5 WD40 repeat (blade 5,6)-binding ligand",LIG,"Fungi-specific variant of the WDR5-binding motif that binds to a cleft between blades 5 and 6 of the WD40 repeat domain of WDR5, opposite of the Win motif-binding site, to mediate assembly of histone modification complexes.",IPR017986,IPR017986,WD40-repeat-containing domain,"[EDSTY].{0,4}[VIPLA][TSDEKR][ILVA]",SISV,368,371,SWD1_SCHPO,Schizosaccharomyces pombe 972h-,20716525,true positive,2,0,disordered
ELME000365,LIG_WD40_WDR5_VDV_2,"WDR5 WD40 repeat (blade 5,6)-binding ligand",LIG,"Fungi-specific variant of the WDR5-binding motif that binds to a cleft between blades 5 and 6 of the WD40 repeat domain of WDR5, opposite of the Win motif-binding site, to mediate assembly of histone modification complexes.",IPR017986,IPR017986,WD40-repeat-containing domain,"[EDSTY].{0,4}[VIPLA][TSDEKR][ILVA]",SISV,368,371,SWD1_YEAST,Saccharomyces cerevisiae S288c,20716525,true positive,2,0,disordered
ELME000365,LIG_WD40_WDR5_VDV_2,"WDR5 WD40 repeat (blade 5,6)-binding ligand",LIG,"Fungi-specific variant of the WDR5-binding motif that binds to a cleft between blades 5 and 6 of the WD40 repeat domain of WDR5, opposite of the Win motif-binding site, to mediate assembly of histone modification complexes.",IPR017986,IPR017986,WD40-repeat-containing domain,"[EDSTY].{0,4}[VIPLA][TSDEKR][ILVA]",EAEV,384,387,SWD1_SCHPO,Schizosaccharomyces pombe 972h-,20716525,true positive,2,0,disordered
ELME000365,LIG_WD40_WDR5_VDV_2,"WDR5 WD40 repeat (blade 5,6)-binding ligand",LIG,"Fungi-specific variant of the WDR5-binding motif that binds to a cleft between blades 5 and 6 of the WD40 repeat domain of WDR5, opposite of the Win motif-binding site, to mediate assembly of histone modification complexes.",IPR017986,IPR017986,WD40-repeat-containing domain,"[EDSTY].{0,4}[VIPLA][TSDEKR][ILVA]",EAEV,384,387,SWD1_YEAST,Saccharomyces cerevisiae S288c,20716525,true positive,2,0,disordered
ELME000365,LIG_WD40_WDR5_VDV_2,"WDR5 WD40 repeat (blade 5,6)-binding ligand",LIG,"Fungi-specific variant of the WDR5-binding motif that binds to a cleft between blades 5 and 6 of the WD40 repeat domain of WDR5, opposite of the Win motif-binding site, to mediate assembly of histone modification complexes.",IPR017986,IPR017986,WD40-repeat-containing domain,"[EDSTY].{0,4}[VIPLA][TSDEKR][ILVA]",TDVDSISA,456,463,SWD1_SCHPO,Schizosaccharomyces pombe 972h-,20716525,true positive,2,0,disordered
ELME000365,LIG_WD40_WDR5_VDV_2,"WDR5 WD40 repeat (blade 5,6)-binding ligand",LIG,"Fungi-specific variant of the WDR5-binding motif that binds to a cleft between blades 5 and 6 of the WD40 repeat domain of WDR5, opposite of the Win motif-binding site, to mediate assembly of histone modification complexes.",IPR017986,IPR017986,WD40-repeat-containing domain,"[EDSTY].{0,4}[VIPLA][TSDEKR][ILVA]",TDVDSISA,456,463,SWD1_YEAST,Saccharomyces cerevisiae S288c,20716525,true positive,2,0,disordered
ELME000365,LIG_WD40_WDR5_VDV_2,"WDR5 WD40 repeat (blade 5,6)-binding ligand",LIG,"Fungi-specific variant of the WDR5-binding motif that binds to a cleft between blades 5 and 6 of the WD40 repeat domain of WDR5, opposite of the Win motif-binding site, to mediate assembly of histone modification complexes.",IPR017986,IPR017986,WD40-repeat-containing domain,"[EDSTY].{0,4}[VIPLA][TSDEKR][ILVA]",DVDSISA,457,463,SWD1_SCHPO,Schizosaccharomyces pombe 972h-,20716525,true positive,2,0,disordered
ELME000365,LIG_WD40_WDR5_VDV_2,"WDR5 WD40 repeat (blade 5,6)-binding ligand",LIG,"Fungi-specific variant of the WDR5-binding motif that binds to a cleft between blades 5 and 6 of the WD40 repeat domain of WDR5, opposite of the Win motif-binding site, to mediate assembly of histone modification complexes.",IPR017986,IPR017986,WD40-repeat-containing domain,"[EDSTY].{0,4}[VIPLA][TSDEKR][ILVA]",DVDSISA,457,463,SWD1_YEAST,Saccharomyces cerevisiae S288c,20716525,true positive,2,0,disordered
ELME000365,LIG_WD40_WDR5_VDV_2,"WDR5 WD40 repeat (blade 5,6)-binding ligand",LIG,"Fungi-specific variant of the WDR5-binding motif that binds to a cleft between blades 5 and 6 of the WD40 repeat domain of WDR5, opposite of the Win motif-binding site, to mediate assembly of histone modification complexes.",IPR017986,IPR017986,WD40-repeat-containing domain,"[EDSTY].{0,4}[VIPLA][TSDEKR][ILVA]",DSISA,459,463,SWD1_SCHPO,Schizosaccharomyces pombe 972h-,20716525,true positive,2,0,disordered
ELME000365,LIG_WD40_WDR5_VDV_2,"WDR5 WD40 repeat (blade 5,6)-binding ligand",LIG,"Fungi-specific variant of the WDR5-binding motif that binds to a cleft between blades 5 and 6 of the WD40 repeat domain of WDR5, opposite of the Win motif-binding site, to mediate assembly of histone modification complexes.",IPR017986,IPR017986,WD40-repeat-containing domain,"[EDSTY].{0,4}[VIPLA][TSDEKR][ILVA]",DSISA,459,463,SWD1_YEAST,Saccharomyces cerevisiae S288c,20716525,true positive,2,0,disordered
ELME000365,LIG_WD40_WDR5_VDV_2,"WDR5 WD40 repeat (blade 5,6)-binding ligand",LIG,"Fungi-specific variant of the WDR5-binding motif that binds to a cleft between blades 5 and 6 of the WD40 repeat domain of WDR5, opposite of the Win motif-binding site, to mediate assembly of histone modification complexes.",IPR017986,IPR017986,WD40-repeat-containing domain,"[EDSTY].{0,4}[VIPLA][TSDEKR][ILVA]",SISA,460,463,SWD1_SCHPO,Schizosaccharomyces pombe 972h-,20716525,true positive,2,0,disordered
ELME000365,LIG_WD40_WDR5_VDV_2,"WDR5 WD40 repeat (blade 5,6)-binding ligand",LIG,"Fungi-specific variant of the WDR5-binding motif that binds to a cleft between blades 5 and 6 of the WD40 repeat domain of WDR5, opposite of the Win motif-binding site, to mediate assembly of histone modification complexes.",IPR017986,IPR017986,WD40-repeat-containing domain,"[EDSTY].{0,4}[VIPLA][TSDEKR][ILVA]",SISA,460,463,SWD1_YEAST,Saccharomyces cerevisiae S288c,20716525,true positive,2,0,disordered
ELME000063,MOD_CK1_1,Casein kinase 1 (CK1) Phosphorylation site,MOD,CK1 phosphorylation site,PF00069,Pkinase,Protein kinase domain,S..([ST])...,SVLSEDA,370,376,APC_HUMAN,Homo sapiens,17910481,true positive,27,0,disordered
ELME000063,MOD_CK1_1,Casein kinase 1 (CK1) Phosphorylation site,MOD,CK1 phosphorylation site,PF00069,Pkinase,Protein kinase domain,S..([ST])...,SVLSEDA,370,376,ATOH1_HUMAN,Homo sapiens,27542412,true positive,27,0,disordered
ELME000063,MOD_CK1_1,Casein kinase 1 (CK1) Phosphorylation site,MOD,CK1 phosphorylation site,PF00069,Pkinase,Protein kinase domain,S..([ST])...,SVLSEDA,370,376,BECN1_HUMAN,Homo sapiens,26008601,true positive,27,0,disordered
ELME000063,MOD_CK1_1,Casein kinase 1 (CK1) Phosphorylation site,MOD,CK1 phosphorylation site,PF00069,Pkinase,Protein kinase domain,S..([ST])...,SVLSEDA,370,376,BID_MOUSE,Mus musculus,11583622,true positive,27,0,disordered
ELME000063,MOD_CK1_1,Casein kinase 1 (CK1) Phosphorylation site,MOD,CK1 phosphorylation site,PF00069,Pkinase,Protein kinase domain,S..([ST])...,SVLSEDA,370,376,CADH1_MOUSE,Mus musculus,17353278,true positive,27,0,disordered
ELME000063,MOD_CK1_1,Casein kinase 1 (CK1) Phosphorylation site,MOD,CK1 phosphorylation site,PF00069,Pkinase,Protein kinase domain,S..([ST])...,SVLSEDA,370,376,CRY2_ARATH,Arabidopsis thaliana,23897926,true positive,27,0,disordered
ELME000063,MOD_CK1_1,Casein kinase 1 (CK1) Phosphorylation site,MOD,CK1 phosphorylation site,PF00069,Pkinase,Protein kinase domain,S..([ST])...,SVLSEDA,370,376,DNMT1_MOUSE,Mus musculus,20192920,true positive,27,0,disordered
ELME000063,MOD_CK1_1,Casein kinase 1 (CK1) Phosphorylation site,MOD,CK1 phosphorylation site,PF00069,Pkinase,Protein kinase domain,S..([ST])...,SVLSEDA,370,376,DVL1_MOUSE,Mus musculus,16965538,true positive,27,0,disordered
ELME000063,MOD_CK1_1,Casein kinase 1 (CK1) Phosphorylation site,MOD,CK1 phosphorylation site,PF00069,Pkinase,Protein kinase domain,S..([ST])...,SVLSEDA,370,376,EPAS1_HUMAN,Homo sapiens,27686097,true positive,27,0,disordered
ELME000063,MOD_CK1_1,Casein kinase 1 (CK1) Phosphorylation site,MOD,CK1 phosphorylation site,PF00069,Pkinase,Protein kinase domain,S..([ST])...,SVLSEDA,370,376,FADD_HUMAN,Homo sapiens,16061179,true positive,27,0,disordered
ELME000063,MOD_CK1_1,Casein kinase 1 (CK1) Phosphorylation site,MOD,CK1 phosphorylation site,PF00069,Pkinase,Protein kinase domain,S..([ST])...,SVLSEDA,370,376,FOXO1_HUMAN,Homo sapiens,14710188 11980723,true positive,27,0,disordered
ELME000063,MOD_CK1_1,Casein kinase 1 (CK1) Phosphorylation site,MOD,CK1 phosphorylation site,PF00069,Pkinase,Protein kinase domain,S..([ST])...,SVLSEDA,370,376,HIF1A_HUMAN,Homo sapiens,20699359,true positive,27,0,disordered
ELME000063,MOD_CK1_1,Casein kinase 1 (CK1) Phosphorylation site,MOD,CK1 phosphorylation site,PF00069,Pkinase,Protein kinase domain,S..([ST])...,SVLSEDA,370,376,JADE1_HUMAN,Homo sapiens,25100726,true positive,27,0,disordered
ELME000063,MOD_CK1_1,Casein kinase 1 (CK1) Phosphorylation site,MOD,CK1 phosphorylation site,PF00069,Pkinase,Protein kinase domain,S..([ST])...,SVLSEDA,370,376,KPCD2_HUMAN,Homo sapiens,17962809,true positive,27,0,disordered
ELME000063,MOD_CK1_1,Casein kinase 1 (CK1) Phosphorylation site,MOD,CK1 phosphorylation site,PF00069,Pkinase,Protein kinase domain,S..([ST])...,SVLSEDA,370,376,LRRK2_MOUSE,Mus musculus,25500533,true positive,27,0,disordered
ELME000063,MOD_CK1_1,Casein kinase 1 (CK1) Phosphorylation site,MOD,CK1 phosphorylation site,PF00069,Pkinase,Protein kinase domain,S..([ST])...,SVLSEDA,370,376,MDM2_HUMAN,Homo sapiens,20708156,true positive,27,0,disordered
ELME000063,MOD_CK1_1,Casein kinase 1 (CK1) Phosphorylation site,MOD,CK1 phosphorylation site,PF00069,Pkinase,Protein kinase domain,S..([ST])...,SVLSEDA,370,376,MDM4_HUMAN,Homo sapiens,16024788,true positive,27,0,disordered
ELME000063,MOD_CK1_1,Casein kinase 1 (CK1) Phosphorylation site,MOD,CK1 phosphorylation site,PF00069,Pkinase,Protein kinase domain,S..([ST])...,SVLSEDA,370,376,MPIP1_HUMAN,Homo sapiens,20348946,true positive,27,0,disordered
ELME000063,MOD_CK1_1,Casein kinase 1 (CK1) Phosphorylation site,MOD,CK1 phosphorylation site,PF00069,Pkinase,Protein kinase domain,S..([ST])...,SVLSEDA,370,376,MTSS1_HUMAN,Homo sapiens,24318128,true positive,27,0,disordered
ELME000063,MOD_CK1_1,Casein kinase 1 (CK1) Phosphorylation site,MOD,CK1 phosphorylation site,PF00069,Pkinase,Protein kinase domain,S..([ST])...,SVLSEDA,370,376,NCOA3_HUMAN,Homo sapiens,19339517,true positive,27,0,disordered
ELME000063,MOD_CK1_1,Casein kinase 1 (CK1) Phosphorylation site,MOD,CK1 phosphorylation site,PF00069,Pkinase,Protein kinase domain,S..([ST])...,SVLSEDA,370,376,NFAT5_HUMAN,Homo sapiens,18411282,true positive,27,0,disordered
ELME000063,MOD_CK1_1,Casein kinase 1 (CK1) Phosphorylation site,MOD,CK1 phosphorylation site,PF00069,Pkinase,Protein kinase domain,S..([ST])...,SVLSEDA,370,376,P53_HUMAN,Homo sapiens,10734067 10606744,true positive,27,0,disordered
ELME000063,MOD_CK1_1,Casein kinase 1 (CK1) Phosphorylation site,MOD,CK1 phosphorylation site,PF00069,Pkinase,Protein kinase domain,S..([ST])...,SVLSEDA,370,376,PER2_HUMAN,Homo sapiens,21324900,true positive,27,0,disordered
ELME000063,MOD_CK1_1,Casein kinase 1 (CK1) Phosphorylation site,MOD,CK1 phosphorylation site,PF00069,Pkinase,Protein kinase domain,S..([ST])...,SVLSEDA,370,376,PYRG2_HUMAN,Homo sapiens,20739275,true positive,27,0,disordered
ELME000063,MOD_CK1_1,Casein kinase 1 (CK1) Phosphorylation site,MOD,CK1 phosphorylation site,PF00069,Pkinase,Protein kinase domain,S..([ST])...,SVLSEDA,370,376,TRAF3_HUMAN,Homo sapiens,26928339,true positive,27,0,disordered
ELME000063,MOD_CK1_1,Casein kinase 1 (CK1) Phosphorylation site,MOD,CK1 phosphorylation site,PF00069,Pkinase,Protein kinase domain,S..([ST])...,SVLSEDA,370,376,TRPM4_HUMAN,Homo sapiens,25231975,true positive,27,0,disordered
ELME000063,MOD_CK1_1,Casein kinase 1 (CK1) Phosphorylation site,MOD,CK1 phosphorylation site,PF00069,Pkinase,Protein kinase domain,S..([ST])...,SVLSEDA,370,376,YAP1_HUMAN,Homo sapiens,20048001,true positive,27,0,disordered
ELME000063,MOD_CK1_1,Casein kinase 1 (CK1) Phosphorylation site,MOD,CK1 phosphorylation site,PF00069,Pkinase,Protein kinase domain,S..([ST])...,SMESSSN,425,431,APC_HUMAN,Homo sapiens,17910481,true positive,27,0,disordered
ELME000063,MOD_CK1_1,Casein kinase 1 (CK1) Phosphorylation site,MOD,CK1 phosphorylation site,PF00069,Pkinase,Protein kinase domain,S..([ST])...,SMESSSN,425,431,ATOH1_HUMAN,Homo sapiens,27542412,true positive,27,0,disordered
ELME000063,MOD_CK1_1,Casein kinase 1 (CK1) Phosphorylation site,MOD,CK1 phosphorylation site,PF00069,Pkinase,Protein kinase domain,S..([ST])...,SMESSSN,425,431,BECN1_HUMAN,Homo sapiens,26008601,true positive,27,0,disordered
ELME000063,MOD_CK1_1,Casein kinase 1 (CK1) Phosphorylation site,MOD,CK1 phosphorylation site,PF00069,Pkinase,Protein kinase domain,S..([ST])...,SMESSSN,425,431,BID_MOUSE,Mus musculus,11583622,true positive,27,0,disordered
ELME000063,MOD_CK1_1,Casein kinase 1 (CK1) Phosphorylation site,MOD,CK1 phosphorylation site,PF00069,Pkinase,Protein kinase domain,S..([ST])...,SMESSSN,425,431,CADH1_MOUSE,Mus musculus,17353278,true positive,27,0,disordered
ELME000063,MOD_CK1_1,Casein kinase 1 (CK1) Phosphorylation site,MOD,CK1 phosphorylation site,PF00069,Pkinase,Protein kinase domain,S..([ST])...,SMESSSN,425,431,CRY2_ARATH,Arabidopsis thaliana,23897926,true positive,27,0,disordered
ELME000063,MOD_CK1_1,Casein kinase 1 (CK1) Phosphorylation site,MOD,CK1 phosphorylation site,PF00069,Pkinase,Protein kinase domain,S..([ST])...,SMESSSN,425,431,DNMT1_MOUSE,Mus musculus,20192920,true positive,27,0,disordered
ELME000063,MOD_CK1_1,Casein kinase 1 (CK1) Phosphorylation site,MOD,CK1 phosphorylation site,PF00069,Pkinase,Protein kinase domain,S..([ST])...,SMESSSN,425,431,DVL1_MOUSE,Mus musculus,16965538,true positive,27,0,disordered
ELME000063,MOD_CK1_1,Casein kinase 1 (CK1) Phosphorylation site,MOD,CK1 phosphorylation site,PF00069,Pkinase,Protein kinase domain,S..([ST])...,SMESSSN,425,431,EPAS1_HUMAN,Homo sapiens,27686097,true positive,27,0,disordered
ELME000063,MOD_CK1_1,Casein kinase 1 (CK1) Phosphorylation site,MOD,CK1 phosphorylation site,PF00069,Pkinase,Protein kinase domain,S..([ST])...,SMESSSN,425,431,FADD_HUMAN,Homo sapiens,16061179,true positive,27,0,disordered
ELME000063,MOD_CK1_1,Casein kinase 1 (CK1) Phosphorylation site,MOD,CK1 phosphorylation site,PF00069,Pkinase,Protein kinase domain,S..([ST])...,SMESSSN,425,431,FOXO1_HUMAN,Homo sapiens,14710188 11980723,true positive,27,0,disordered
ELME000063,MOD_CK1_1,Casein kinase 1 (CK1) Phosphorylation site,MOD,CK1 phosphorylation site,PF00069,Pkinase,Protein kinase domain,S..([ST])...,SMESSSN,425,431,HIF1A_HUMAN,Homo sapiens,20699359,true positive,27,0,disordered
ELME000063,MOD_CK1_1,Casein kinase 1 (CK1) Phosphorylation site,MOD,CK1 phosphorylation site,PF00069,Pkinase,Protein kinase domain,S..([ST])...,SMESSSN,425,431,JADE1_HUMAN,Homo sapiens,25100726,true positive,27,0,disordered
ELME000063,MOD_CK1_1,Casein kinase 1 (CK1) Phosphorylation site,MOD,CK1 phosphorylation site,PF00069,Pkinase,Protein kinase domain,S..([ST])...,SMESSSN,425,431,KPCD2_HUMAN,Homo sapiens,17962809,true positive,27,0,disordered
ELME000063,MOD_CK1_1,Casein kinase 1 (CK1) Phosphorylation site,MOD,CK1 phosphorylation site,PF00069,Pkinase,Protein kinase domain,S..([ST])...,SMESSSN,425,431,LRRK2_MOUSE,Mus musculus,25500533,true positive,27,0,disordered
ELME000063,MOD_CK1_1,Casein kinase 1 (CK1) Phosphorylation site,MOD,CK1 phosphorylation site,PF00069,Pkinase,Protein kinase domain,S..([ST])...,SMESSSN,425,431,MDM2_HUMAN,Homo sapiens,20708156,true positive,27,0,disordered
ELME000063,MOD_CK1_1,Casein kinase 1 (CK1) Phosphorylation site,MOD,CK1 phosphorylation site,PF00069,Pkinase,Protein kinase domain,S..([ST])...,SMESSSN,425,431,MDM4_HUMAN,Homo sapiens,16024788,true positive,27,0,disordered
ELME000063,MOD_CK1_1,Casein kinase 1 (CK1) Phosphorylation site,MOD,CK1 phosphorylation site,PF00069,Pkinase,Protein kinase domain,S..([ST])...,SMESSSN,425,431,MPIP1_HUMAN,Homo sapiens,20348946,true positive,27,0,disordered
ELME000063,MOD_CK1_1,Casein kinase 1 (CK1) Phosphorylation site,MOD,CK1 phosphorylation site,PF00069,Pkinase,Protein kinase domain,S..([ST])...,SMESSSN,425,431,MTSS1_HUMAN,Homo sapiens,24318128,true positive,27,0,disordered
ELME000063,MOD_CK1_1,Casein kinase 1 (CK1) Phosphorylation site,MOD,CK1 phosphorylation site,PF00069,Pkinase,Protein kinase domain,S..([ST])...,SMESSSN,425,431,NCOA3_HUMAN,Homo sapiens,19339517,true positive,27,0,disordered
ELME000063,MOD_CK1_1,Casein kinase 1 (CK1) Phosphorylation site,MOD,CK1 phosphorylation site,PF00069,Pkinase,Protein kinase domain,S..([ST])...,SMESSSN,425,431,NFAT5_HUMAN,Homo sapiens,18411282,true positive,27,0,disordered
ELME000063,MOD_CK1_1,Casein kinase 1 (CK1) Phosphorylation site,MOD,CK1 phosphorylation site,PF00069,Pkinase,Protein kinase domain,S..([ST])...,SMESSSN,425,431,P53_HUMAN,Homo sapiens,10734067 10606744,true positive,27,0,disordered
ELME000063,MOD_CK1_1,Casein kinase 1 (CK1) Phosphorylation site,MOD,CK1 phosphorylation site,PF00069,Pkinase,Protein kinase domain,S..([ST])...,SMESSSN,425,431,PER2_HUMAN,Homo sapiens,21324900,true positive,27,0,disordered
ELME000063,MOD_CK1_1,Casein kinase 1 (CK1) Phosphorylation site,MOD,CK1 phosphorylation site,PF00069,Pkinase,Protein kinase domain,S..([ST])...,SMESSSN,425,431,PYRG2_HUMAN,Homo sapiens,20739275,true positive,27,0,disordered
ELME000063,MOD_CK1_1,Casein kinase 1 (CK1) Phosphorylation site,MOD,CK1 phosphorylation site,PF00069,Pkinase,Protein kinase domain,S..([ST])...,SMESSSN,425,431,TRAF3_HUMAN,Homo sapiens,26928339,true positive,27,0,disordered
ELME000063,MOD_CK1_1,Casein kinase 1 (CK1) Phosphorylation site,MOD,CK1 phosphorylation site,PF00069,Pkinase,Protein kinase domain,S..([ST])...,SMESSSN,425,431,TRPM4_HUMAN,Homo sapiens,25231975,true positive,27,0,disordered
ELME000063,MOD_CK1_1,Casein kinase 1 (CK1) Phosphorylation site,MOD,CK1 phosphorylation site,PF00069,Pkinase,Protein kinase domain,S..([ST])...,SMESSSN,425,431,YAP1_HUMAN,Homo sapiens,20048001,true positive,27,0,disordered
ELME000063,MOD_CK1_1,Casein kinase 1 (CK1) Phosphorylation site,MOD,CK1 phosphorylation site,PF00069,Pkinase,Protein kinase domain,S..([ST])...,SNETALA,430,436,APC_HUMAN,Homo sapiens,17910481,true positive,27,0,disordered
ELME000063,MOD_CK1_1,Casein kinase 1 (CK1) Phosphorylation site,MOD,CK1 phosphorylation site,PF00069,Pkinase,Protein kinase domain,S..([ST])...,SNETALA,430,436,ATOH1_HUMAN,Homo sapiens,27542412,true positive,27,0,disordered
ELME000063,MOD_CK1_1,Casein kinase 1 (CK1) Phosphorylation site,MOD,CK1 phosphorylation site,PF00069,Pkinase,Protein kinase domain,S..([ST])...,SNETALA,430,436,BECN1_HUMAN,Homo sapiens,26008601,true positive,27,0,disordered
ELME000063,MOD_CK1_1,Casein kinase 1 (CK1) Phosphorylation site,MOD,CK1 phosphorylation site,PF00069,Pkinase,Protein kinase domain,S..([ST])...,SNETALA,430,436,BID_MOUSE,Mus musculus,11583622,true positive,27,0,disordered
ELME000063,MOD_CK1_1,Casein kinase 1 (CK1) Phosphorylation site,MOD,CK1 phosphorylation site,PF00069,Pkinase,Protein kinase domain,S..([ST])...,SNETALA,430,436,CADH1_MOUSE,Mus musculus,17353278,true positive,27,0,disordered
ELME000063,MOD_CK1_1,Casein kinase 1 (CK1) Phosphorylation site,MOD,CK1 phosphorylation site,PF00069,Pkinase,Protein kinase domain,S..([ST])...,SNETALA,430,436,CRY2_ARATH,Arabidopsis thaliana,23897926,true positive,27,0,disordered
ELME000063,MOD_CK1_1,Casein kinase 1 (CK1) Phosphorylation site,MOD,CK1 phosphorylation site,PF00069,Pkinase,Protein kinase domain,S..([ST])...,SNETALA,430,436,DNMT1_MOUSE,Mus musculus,20192920,true positive,27,0,disordered
ELME000063,MOD_CK1_1,Casein kinase 1 (CK1) Phosphorylation site,MOD,CK1 phosphorylation site,PF00069,Pkinase,Protein kinase domain,S..([ST])...,SNETALA,430,436,DVL1_MOUSE,Mus musculus,16965538,true positive,27,0,disordered
ELME000063,MOD_CK1_1,Casein kinase 1 (CK1) Phosphorylation site,MOD,CK1 phosphorylation site,PF00069,Pkinase,Protein kinase domain,S..([ST])...,SNETALA,430,436,EPAS1_HUMAN,Homo sapiens,27686097,true positive,27,0,disordered
ELME000063,MOD_CK1_1,Casein kinase 1 (CK1) Phosphorylation site,MOD,CK1 phosphorylation site,PF00069,Pkinase,Protein kinase domain,S..([ST])...,SNETALA,430,436,FADD_HUMAN,Homo sapiens,16061179,true positive,27,0,disordered
ELME000063,MOD_CK1_1,Casein kinase 1 (CK1) Phosphorylation site,MOD,CK1 phosphorylation site,PF00069,Pkinase,Protein kinase domain,S..([ST])...,SNETALA,430,436,FOXO1_HUMAN,Homo sapiens,14710188 11980723,true positive,27,0,disordered
ELME000063,MOD_CK1_1,Casein kinase 1 (CK1) Phosphorylation site,MOD,CK1 phosphorylation site,PF00069,Pkinase,Protein kinase domain,S..([ST])...,SNETALA,430,436,HIF1A_HUMAN,Homo sapiens,20699359,true positive,27,0,disordered
ELME000063,MOD_CK1_1,Casein kinase 1 (CK1) Phosphorylation site,MOD,CK1 phosphorylation site,PF00069,Pkinase,Protein kinase domain,S..([ST])...,SNETALA,430,436,JADE1_HUMAN,Homo sapiens,25100726,true positive,27,0,disordered
ELME000063,MOD_CK1_1,Casein kinase 1 (CK1) Phosphorylation site,MOD,CK1 phosphorylation site,PF00069,Pkinase,Protein kinase domain,S..([ST])...,SNETALA,430,436,KPCD2_HUMAN,Homo sapiens,17962809,true positive,27,0,disordered
ELME000063,MOD_CK1_1,Casein kinase 1 (CK1) Phosphorylation site,MOD,CK1 phosphorylation site,PF00069,Pkinase,Protein kinase domain,S..([ST])...,SNETALA,430,436,LRRK2_MOUSE,Mus musculus,25500533,true positive,27,0,disordered
ELME000063,MOD_CK1_1,Casein kinase 1 (CK1) Phosphorylation site,MOD,CK1 phosphorylation site,PF00069,Pkinase,Protein kinase domain,S..([ST])...,SNETALA,430,436,MDM2_HUMAN,Homo sapiens,20708156,true positive,27,0,disordered
ELME000063,MOD_CK1_1,Casein kinase 1 (CK1) Phosphorylation site,MOD,CK1 phosphorylation site,PF00069,Pkinase,Protein kinase domain,S..([ST])...,SNETALA,430,436,MDM4_HUMAN,Homo sapiens,16024788,true positive,27,0,disordered
ELME000063,MOD_CK1_1,Casein kinase 1 (CK1) Phosphorylation site,MOD,CK1 phosphorylation site,PF00069,Pkinase,Protein kinase domain,S..([ST])...,SNETALA,430,436,MPIP1_HUMAN,Homo sapiens,20348946,true positive,27,0,disordered
ELME000063,MOD_CK1_1,Casein kinase 1 (CK1) Phosphorylation site,MOD,CK1 phosphorylation site,PF00069,Pkinase,Protein kinase domain,S..([ST])...,SNETALA,430,436,MTSS1_HUMAN,Homo sapiens,24318128,true positive,27,0,disordered
ELME000063,MOD_CK1_1,Casein kinase 1 (CK1) Phosphorylation site,MOD,CK1 phosphorylation site,PF00069,Pkinase,Protein kinase domain,S..([ST])...,SNETALA,430,436,NCOA3_HUMAN,Homo sapiens,19339517,true positive,27,0,disordered
ELME000063,MOD_CK1_1,Casein kinase 1 (CK1) Phosphorylation site,MOD,CK1 phosphorylation site,PF00069,Pkinase,Protein kinase domain,S..([ST])...,SNETALA,430,436,NFAT5_HUMAN,Homo sapiens,18411282,true positive,27,0,disordered
ELME000063,MOD_CK1_1,Casein kinase 1 (CK1) Phosphorylation site,MOD,CK1 phosphorylation site,PF00069,Pkinase,Protein kinase domain,S..([ST])...,SNETALA,430,436,P53_HUMAN,Homo sapiens,10734067 10606744,true positive,27,0,disordered
ELME000063,MOD_CK1_1,Casein kinase 1 (CK1) Phosphorylation site,MOD,CK1 phosphorylation site,PF00069,Pkinase,Protein kinase domain,S..([ST])...,SNETALA,430,436,PER2_HUMAN,Homo sapiens,21324900,true positive,27,0,disordered
ELME000063,MOD_CK1_1,Casein kinase 1 (CK1) Phosphorylation site,MOD,CK1 phosphorylation site,PF00069,Pkinase,Protein kinase domain,S..([ST])...,SNETALA,430,436,PYRG2_HUMAN,Homo sapiens,20739275,true positive,27,0,disordered
ELME000063,MOD_CK1_1,Casein kinase 1 (CK1) Phosphorylation site,MOD,CK1 phosphorylation site,PF00069,Pkinase,Protein kinase domain,S..([ST])...,SNETALA,430,436,TRAF3_HUMAN,Homo sapiens,26928339,true positive,27,0,disordered
ELME000063,MOD_CK1_1,Casein kinase 1 (CK1) Phosphorylation site,MOD,CK1 phosphorylation site,PF00069,Pkinase,Protein kinase domain,S..([ST])...,SNETALA,430,436,TRPM4_HUMAN,Homo sapiens,25231975,true positive,27,0,disordered
ELME000063,MOD_CK1_1,Casein kinase 1 (CK1) Phosphorylation site,MOD,CK1 phosphorylation site,PF00069,Pkinase,Protein kinase domain,S..([ST])...,SNETALA,430,436,YAP1_HUMAN,Homo sapiens,20048001,true positive,27,0,disordered
ELME000063,MOD_CK1_1,Casein kinase 1 (CK1) Phosphorylation site,MOD,CK1 phosphorylation site,PF00069,Pkinase,Protein kinase domain,S..([ST])...,STSTDVD,453,459,APC_HUMAN,Homo sapiens,17910481,true positive,27,0,disordered
ELME000063,MOD_CK1_1,Casein kinase 1 (CK1) Phosphorylation site,MOD,CK1 phosphorylation site,PF00069,Pkinase,Protein kinase domain,S..([ST])...,STSTDVD,453,459,ATOH1_HUMAN,Homo sapiens,27542412,true positive,27,0,disordered
ELME000063,MOD_CK1_1,Casein kinase 1 (CK1) Phosphorylation site,MOD,CK1 phosphorylation site,PF00069,Pkinase,Protein kinase domain,S..([ST])...,STSTDVD,453,459,BECN1_HUMAN,Homo sapiens,26008601,true positive,27,0,disordered
ELME000063,MOD_CK1_1,Casein kinase 1 (CK1) Phosphorylation site,MOD,CK1 phosphorylation site,PF00069,Pkinase,Protein kinase domain,S..([ST])...,STSTDVD,453,459,BID_MOUSE,Mus musculus,11583622,true positive,27,0,disordered
ELME000063,MOD_CK1_1,Casein kinase 1 (CK1) Phosphorylation site,MOD,CK1 phosphorylation site,PF00069,Pkinase,Protein kinase domain,S..([ST])...,STSTDVD,453,459,CADH1_MOUSE,Mus musculus,17353278,true positive,27,0,disordered
ELME000063,MOD_CK1_1,Casein kinase 1 (CK1) Phosphorylation site,MOD,CK1 phosphorylation site,PF00069,Pkinase,Protein kinase domain,S..([ST])...,STSTDVD,453,459,CRY2_ARATH,Arabidopsis thaliana,23897926,true positive,27,0,disordered
ELME000063,MOD_CK1_1,Casein kinase 1 (CK1) Phosphorylation site,MOD,CK1 phosphorylation site,PF00069,Pkinase,Protein kinase domain,S..([ST])...,STSTDVD,453,459,DNMT1_MOUSE,Mus musculus,20192920,true positive,27,0,disordered
ELME000063,MOD_CK1_1,Casein kinase 1 (CK1) Phosphorylation site,MOD,CK1 phosphorylation site,PF00069,Pkinase,Protein kinase domain,S..([ST])...,STSTDVD,453,459,DVL1_MOUSE,Mus musculus,16965538,true positive,27,0,disordered
ELME000063,MOD_CK1_1,Casein kinase 1 (CK1) Phosphorylation site,MOD,CK1 phosphorylation site,PF00069,Pkinase,Protein kinase domain,S..([ST])...,STSTDVD,453,459,EPAS1_HUMAN,Homo sapiens,27686097,true positive,27,0,disordered
ELME000063,MOD_CK1_1,Casein kinase 1 (CK1) Phosphorylation site,MOD,CK1 phosphorylation site,PF00069,Pkinase,Protein kinase domain,S..([ST])...,STSTDVD,453,459,FADD_HUMAN,Homo sapiens,16061179,true positive,27,0,disordered
ELME000063,MOD_CK1_1,Casein kinase 1 (CK1) Phosphorylation site,MOD,CK1 phosphorylation site,PF00069,Pkinase,Protein kinase domain,S..([ST])...,STSTDVD,453,459,FOXO1_HUMAN,Homo sapiens,14710188 11980723,true positive,27,0,disordered
ELME000063,MOD_CK1_1,Casein kinase 1 (CK1) Phosphorylation site,MOD,CK1 phosphorylation site,PF00069,Pkinase,Protein kinase domain,S..([ST])...,STSTDVD,453,459,HIF1A_HUMAN,Homo sapiens,20699359,true positive,27,0,disordered
ELME000063,MOD_CK1_1,Casein kinase 1 (CK1) Phosphorylation site,MOD,CK1 phosphorylation site,PF00069,Pkinase,Protein kinase domain,S..([ST])...,STSTDVD,453,459,JADE1_HUMAN,Homo sapiens,25100726,true positive,27,0,disordered
ELME000063,MOD_CK1_1,Casein kinase 1 (CK1) Phosphorylation site,MOD,CK1 phosphorylation site,PF00069,Pkinase,Protein kinase domain,S..([ST])...,STSTDVD,453,459,KPCD2_HUMAN,Homo sapiens,17962809,true positive,27,0,disordered
ELME000063,MOD_CK1_1,Casein kinase 1 (CK1) Phosphorylation site,MOD,CK1 phosphorylation site,PF00069,Pkinase,Protein kinase domain,S..([ST])...,STSTDVD,453,459,LRRK2_MOUSE,Mus musculus,25500533,true positive,27,0,disordered
ELME000063,MOD_CK1_1,Casein kinase 1 (CK1) Phosphorylation site,MOD,CK1 phosphorylation site,PF00069,Pkinase,Protein kinase domain,S..([ST])...,STSTDVD,453,459,MDM2_HUMAN,Homo sapiens,20708156,true positive,27,0,disordered
ELME000063,MOD_CK1_1,Casein kinase 1 (CK1) Phosphorylation site,MOD,CK1 phosphorylation site,PF00069,Pkinase,Protein kinase domain,S..([ST])...,STSTDVD,453,459,MDM4_HUMAN,Homo sapiens,16024788,true positive,27,0,disordered
ELME000063,MOD_CK1_1,Casein kinase 1 (CK1) Phosphorylation site,MOD,CK1 phosphorylation site,PF00069,Pkinase,Protein kinase domain,S..([ST])...,STSTDVD,453,459,MPIP1_HUMAN,Homo sapiens,20348946,true positive,27,0,disordered
ELME000063,MOD_CK1_1,Casein kinase 1 (CK1) Phosphorylation site,MOD,CK1 phosphorylation site,PF00069,Pkinase,Protein kinase domain,S..([ST])...,STSTDVD,453,459,MTSS1_HUMAN,Homo sapiens,24318128,true positive,27,0,disordered
ELME000063,MOD_CK1_1,Casein kinase 1 (CK1) Phosphorylation site,MOD,CK1 phosphorylation site,PF00069,Pkinase,Protein kinase domain,S..([ST])...,STSTDVD,453,459,NCOA3_HUMAN,Homo sapiens,19339517,true positive,27,0,disordered
ELME000063,MOD_CK1_1,Casein kinase 1 (CK1) Phosphorylation site,MOD,CK1 phosphorylation site,PF00069,Pkinase,Protein kinase domain,S..([ST])...,STSTDVD,453,459,NFAT5_HUMAN,Homo sapiens,18411282,true positive,27,0,disordered
ELME000063,MOD_CK1_1,Casein kinase 1 (CK1) Phosphorylation site,MOD,CK1 phosphorylation site,PF00069,Pkinase,Protein kinase domain,S..([ST])...,STSTDVD,453,459,P53_HUMAN,Homo sapiens,10734067 10606744,true positive,27,0,disordered
ELME000063,MOD_CK1_1,Casein kinase 1 (CK1) Phosphorylation site,MOD,CK1 phosphorylation site,PF00069,Pkinase,Protein kinase domain,S..([ST])...,STSTDVD,453,459,PER2_HUMAN,Homo sapiens,21324900,true positive,27,0,disordered
ELME000063,MOD_CK1_1,Casein kinase 1 (CK1) Phosphorylation site,MOD,CK1 phosphorylation site,PF00069,Pkinase,Protein kinase domain,S..([ST])...,STSTDVD,453,459,PYRG2_HUMAN,Homo sapiens,20739275,true positive,27,0,disordered
ELME000063,MOD_CK1_1,Casein kinase 1 (CK1) Phosphorylation site,MOD,CK1 phosphorylation site,PF00069,Pkinase,Protein kinase domain,S..([ST])...,STSTDVD,453,459,TRAF3_HUMAN,Homo sapiens,26928339,true positive,27,0,disordered
ELME000063,MOD_CK1_1,Casein kinase 1 (CK1) Phosphorylation site,MOD,CK1 phosphorylation site,PF00069,Pkinase,Protein kinase domain,S..([ST])...,STSTDVD,453,459,TRPM4_HUMAN,Homo sapiens,25231975,true positive,27,0,disordered
ELME000063,MOD_CK1_1,Casein kinase 1 (CK1) Phosphorylation site,MOD,CK1 phosphorylation site,PF00069,Pkinase,Protein kinase domain,S..([ST])...,STSTDVD,453,459,YAP1_HUMAN,Homo sapiens,20048001,true positive,27,0,disordered
ELME000063,MOD_CK1_1,Casein kinase 1 (CK1) Phosphorylation site,MOD,CK1 phosphorylation site,PF00069,Pkinase,Protein kinase domain,S..([ST])...,SCDSTSD,466,472,APC_HUMAN,Homo sapiens,17910481,true positive,27,0,disordered
ELME000063,MOD_CK1_1,Casein kinase 1 (CK1) Phosphorylation site,MOD,CK1 phosphorylation site,PF00069,Pkinase,Protein kinase domain,S..([ST])...,SCDSTSD,466,472,ATOH1_HUMAN,Homo sapiens,27542412,true positive,27,0,disordered
ELME000063,MOD_CK1_1,Casein kinase 1 (CK1) Phosphorylation site,MOD,CK1 phosphorylation site,PF00069,Pkinase,Protein kinase domain,S..([ST])...,SCDSTSD,466,472,BECN1_HUMAN,Homo sapiens,26008601,true positive,27,0,disordered
ELME000063,MOD_CK1_1,Casein kinase 1 (CK1) Phosphorylation site,MOD,CK1 phosphorylation site,PF00069,Pkinase,Protein kinase domain,S..([ST])...,SCDSTSD,466,472,BID_MOUSE,Mus musculus,11583622,true positive,27,0,disordered
ELME000063,MOD_CK1_1,Casein kinase 1 (CK1) Phosphorylation site,MOD,CK1 phosphorylation site,PF00069,Pkinase,Protein kinase domain,S..([ST])...,SCDSTSD,466,472,CADH1_MOUSE,Mus musculus,17353278,true positive,27,0,disordered
ELME000063,MOD_CK1_1,Casein kinase 1 (CK1) Phosphorylation site,MOD,CK1 phosphorylation site,PF00069,Pkinase,Protein kinase domain,S..([ST])...,SCDSTSD,466,472,CRY2_ARATH,Arabidopsis thaliana,23897926,true positive,27,0,disordered
ELME000063,MOD_CK1_1,Casein kinase 1 (CK1) Phosphorylation site,MOD,CK1 phosphorylation site,PF00069,Pkinase,Protein kinase domain,S..([ST])...,SCDSTSD,466,472,DNMT1_MOUSE,Mus musculus,20192920,true positive,27,0,disordered
ELME000063,MOD_CK1_1,Casein kinase 1 (CK1) Phosphorylation site,MOD,CK1 phosphorylation site,PF00069,Pkinase,Protein kinase domain,S..([ST])...,SCDSTSD,466,472,DVL1_MOUSE,Mus musculus,16965538,true positive,27,0,disordered
ELME000063,MOD_CK1_1,Casein kinase 1 (CK1) Phosphorylation site,MOD,CK1 phosphorylation site,PF00069,Pkinase,Protein kinase domain,S..([ST])...,SCDSTSD,466,472,EPAS1_HUMAN,Homo sapiens,27686097,true positive,27,0,disordered
ELME000063,MOD_CK1_1,Casein kinase 1 (CK1) Phosphorylation site,MOD,CK1 phosphorylation site,PF00069,Pkinase,Protein kinase domain,S..([ST])...,SCDSTSD,466,472,FADD_HUMAN,Homo sapiens,16061179,true positive,27,0,disordered
ELME000063,MOD_CK1_1,Casein kinase 1 (CK1) Phosphorylation site,MOD,CK1 phosphorylation site,PF00069,Pkinase,Protein kinase domain,S..([ST])...,SCDSTSD,466,472,FOXO1_HUMAN,Homo sapiens,14710188 11980723,true positive,27,0,disordered
ELME000063,MOD_CK1_1,Casein kinase 1 (CK1) Phosphorylation site,MOD,CK1 phosphorylation site,PF00069,Pkinase,Protein kinase domain,S..([ST])...,SCDSTSD,466,472,HIF1A_HUMAN,Homo sapiens,20699359,true positive,27,0,disordered
ELME000063,MOD_CK1_1,Casein kinase 1 (CK1) Phosphorylation site,MOD,CK1 phosphorylation site,PF00069,Pkinase,Protein kinase domain,S..([ST])...,SCDSTSD,466,472,JADE1_HUMAN,Homo sapiens,25100726,true positive,27,0,disordered
ELME000063,MOD_CK1_1,Casein kinase 1 (CK1) Phosphorylation site,MOD,CK1 phosphorylation site,PF00069,Pkinase,Protein kinase domain,S..([ST])...,SCDSTSD,466,472,KPCD2_HUMAN,Homo sapiens,17962809,true positive,27,0,disordered
ELME000063,MOD_CK1_1,Casein kinase 1 (CK1) Phosphorylation site,MOD,CK1 phosphorylation site,PF00069,Pkinase,Protein kinase domain,S..([ST])...,SCDSTSD,466,472,LRRK2_MOUSE,Mus musculus,25500533,true positive,27,0,disordered
ELME000063,MOD_CK1_1,Casein kinase 1 (CK1) Phosphorylation site,MOD,CK1 phosphorylation site,PF00069,Pkinase,Protein kinase domain,S..([ST])...,SCDSTSD,466,472,MDM2_HUMAN,Homo sapiens,20708156,true positive,27,0,disordered
ELME000063,MOD_CK1_1,Casein kinase 1 (CK1) Phosphorylation site,MOD,CK1 phosphorylation site,PF00069,Pkinase,Protein kinase domain,S..([ST])...,SCDSTSD,466,472,MDM4_HUMAN,Homo sapiens,16024788,true positive,27,0,disordered
ELME000063,MOD_CK1_1,Casein kinase 1 (CK1) Phosphorylation site,MOD,CK1 phosphorylation site,PF00069,Pkinase,Protein kinase domain,S..([ST])...,SCDSTSD,466,472,MPIP1_HUMAN,Homo sapiens,20348946,true positive,27,0,disordered
ELME000063,MOD_CK1_1,Casein kinase 1 (CK1) Phosphorylation site,MOD,CK1 phosphorylation site,PF00069,Pkinase,Protein kinase domain,S..([ST])...,SCDSTSD,466,472,MTSS1_HUMAN,Homo sapiens,24318128,true positive,27,0,disordered
ELME000063,MOD_CK1_1,Casein kinase 1 (CK1) Phosphorylation site,MOD,CK1 phosphorylation site,PF00069,Pkinase,Protein kinase domain,S..([ST])...,SCDSTSD,466,472,NCOA3_HUMAN,Homo sapiens,19339517,true positive,27,0,disordered
ELME000063,MOD_CK1_1,Casein kinase 1 (CK1) Phosphorylation site,MOD,CK1 phosphorylation site,PF00069,Pkinase,Protein kinase domain,S..([ST])...,SCDSTSD,466,472,NFAT5_HUMAN,Homo sapiens,18411282,true positive,27,0,disordered
ELME000063,MOD_CK1_1,Casein kinase 1 (CK1) Phosphorylation site,MOD,CK1 phosphorylation site,PF00069,Pkinase,Protein kinase domain,S..([ST])...,SCDSTSD,466,472,P53_HUMAN,Homo sapiens,10734067 10606744,true positive,27,0,disordered
ELME000063,MOD_CK1_1,Casein kinase 1 (CK1) Phosphorylation site,MOD,CK1 phosphorylation site,PF00069,Pkinase,Protein kinase domain,S..([ST])...,SCDSTSD,466,472,PER2_HUMAN,Homo sapiens,21324900,true positive,27,0,disordered
ELME000063,MOD_CK1_1,Casein kinase 1 (CK1) Phosphorylation site,MOD,CK1 phosphorylation site,PF00069,Pkinase,Protein kinase domain,S..([ST])...,SCDSTSD,466,472,PYRG2_HUMAN,Homo sapiens,20739275,true positive,27,0,disordered
ELME000063,MOD_CK1_1,Casein kinase 1 (CK1) Phosphorylation site,MOD,CK1 phosphorylation site,PF00069,Pkinase,Protein kinase domain,S..([ST])...,SCDSTSD,466,472,TRAF3_HUMAN,Homo sapiens,26928339,true positive,27,0,disordered
ELME000063,MOD_CK1_1,Casein kinase 1 (CK1) Phosphorylation site,MOD,CK1 phosphorylation site,PF00069,Pkinase,Protein kinase domain,S..([ST])...,SCDSTSD,466,472,TRPM4_HUMAN,Homo sapiens,25231975,true positive,27,0,disordered
ELME000063,MOD_CK1_1,Casein kinase 1 (CK1) Phosphorylation site,MOD,CK1 phosphorylation site,PF00069,Pkinase,Protein kinase domain,S..([ST])...,SCDSTSD,466,472,YAP1_HUMAN,Homo sapiens,20048001,true positive,27,0,disordered
ELME000063,MOD_CK1_1,Casein kinase 1 (CK1) Phosphorylation site,MOD,CK1 phosphorylation site,PF00069,Pkinase,Protein kinase domain,S..([ST])...,SIGSSSD,475,481,APC_HUMAN,Homo sapiens,17910481,true positive,27,0,disordered
ELME000063,MOD_CK1_1,Casein kinase 1 (CK1) Phosphorylation site,MOD,CK1 phosphorylation site,PF00069,Pkinase,Protein kinase domain,S..([ST])...,SIGSSSD,475,481,ATOH1_HUMAN,Homo sapiens,27542412,true positive,27,0,disordered
ELME000063,MOD_CK1_1,Casein kinase 1 (CK1) Phosphorylation site,MOD,CK1 phosphorylation site,PF00069,Pkinase,Protein kinase domain,S..([ST])...,SIGSSSD,475,481,BECN1_HUMAN,Homo sapiens,26008601,true positive,27,0,disordered
ELME000063,MOD_CK1_1,Casein kinase 1 (CK1) Phosphorylation site,MOD,CK1 phosphorylation site,PF00069,Pkinase,Protein kinase domain,S..([ST])...,SIGSSSD,475,481,BID_MOUSE,Mus musculus,11583622,true positive,27,0,disordered
ELME000063,MOD_CK1_1,Casein kinase 1 (CK1) Phosphorylation site,MOD,CK1 phosphorylation site,PF00069,Pkinase,Protein kinase domain,S..([ST])...,SIGSSSD,475,481,CADH1_MOUSE,Mus musculus,17353278,true positive,27,0,disordered
ELME000063,MOD_CK1_1,Casein kinase 1 (CK1) Phosphorylation site,MOD,CK1 phosphorylation site,PF00069,Pkinase,Protein kinase domain,S..([ST])...,SIGSSSD,475,481,CRY2_ARATH,Arabidopsis thaliana,23897926,true positive,27,0,disordered
ELME000063,MOD_CK1_1,Casein kinase 1 (CK1) Phosphorylation site,MOD,CK1 phosphorylation site,PF00069,Pkinase,Protein kinase domain,S..([ST])...,SIGSSSD,475,481,DNMT1_MOUSE,Mus musculus,20192920,true positive,27,0,disordered
ELME000063,MOD_CK1_1,Casein kinase 1 (CK1) Phosphorylation site,MOD,CK1 phosphorylation site,PF00069,Pkinase,Protein kinase domain,S..([ST])...,SIGSSSD,475,481,DVL1_MOUSE,Mus musculus,16965538,true positive,27,0,disordered
ELME000063,MOD_CK1_1,Casein kinase 1 (CK1) Phosphorylation site,MOD,CK1 phosphorylation site,PF00069,Pkinase,Protein kinase domain,S..([ST])...,SIGSSSD,475,481,EPAS1_HUMAN,Homo sapiens,27686097,true positive,27,0,disordered
ELME000063,MOD_CK1_1,Casein kinase 1 (CK1) Phosphorylation site,MOD,CK1 phosphorylation site,PF00069,Pkinase,Protein kinase domain,S..([ST])...,SIGSSSD,475,481,FADD_HUMAN,Homo sapiens,16061179,true positive,27,0,disordered
ELME000063,MOD_CK1_1,Casein kinase 1 (CK1) Phosphorylation site,MOD,CK1 phosphorylation site,PF00069,Pkinase,Protein kinase domain,S..([ST])...,SIGSSSD,475,481,FOXO1_HUMAN,Homo sapiens,14710188 11980723,true positive,27,0,disordered
ELME000063,MOD_CK1_1,Casein kinase 1 (CK1) Phosphorylation site,MOD,CK1 phosphorylation site,PF00069,Pkinase,Protein kinase domain,S..([ST])...,SIGSSSD,475,481,HIF1A_HUMAN,Homo sapiens,20699359,true positive,27,0,disordered
ELME000063,MOD_CK1_1,Casein kinase 1 (CK1) Phosphorylation site,MOD,CK1 phosphorylation site,PF00069,Pkinase,Protein kinase domain,S..([ST])...,SIGSSSD,475,481,JADE1_HUMAN,Homo sapiens,25100726,true positive,27,0,disordered
ELME000063,MOD_CK1_1,Casein kinase 1 (CK1) Phosphorylation site,MOD,CK1 phosphorylation site,PF00069,Pkinase,Protein kinase domain,S..([ST])...,SIGSSSD,475,481,KPCD2_HUMAN,Homo sapiens,17962809,true positive,27,0,disordered
ELME000063,MOD_CK1_1,Casein kinase 1 (CK1) Phosphorylation site,MOD,CK1 phosphorylation site,PF00069,Pkinase,Protein kinase domain,S..([ST])...,SIGSSSD,475,481,LRRK2_MOUSE,Mus musculus,25500533,true positive,27,0,disordered
ELME000063,MOD_CK1_1,Casein kinase 1 (CK1) Phosphorylation site,MOD,CK1 phosphorylation site,PF00069,Pkinase,Protein kinase domain,S..([ST])...,SIGSSSD,475,481,MDM2_HUMAN,Homo sapiens,20708156,true positive,27,0,disordered
ELME000063,MOD_CK1_1,Casein kinase 1 (CK1) Phosphorylation site,MOD,CK1 phosphorylation site,PF00069,Pkinase,Protein kinase domain,S..([ST])...,SIGSSSD,475,481,MDM4_HUMAN,Homo sapiens,16024788,true positive,27,0,disordered
ELME000063,MOD_CK1_1,Casein kinase 1 (CK1) Phosphorylation site,MOD,CK1 phosphorylation site,PF00069,Pkinase,Protein kinase domain,S..([ST])...,SIGSSSD,475,481,MPIP1_HUMAN,Homo sapiens,20348946,true positive,27,0,disordered
ELME000063,MOD_CK1_1,Casein kinase 1 (CK1) Phosphorylation site,MOD,CK1 phosphorylation site,PF00069,Pkinase,Protein kinase domain,S..([ST])...,SIGSSSD,475,481,MTSS1_HUMAN,Homo sapiens,24318128,true positive,27,0,disordered
ELME000063,MOD_CK1_1,Casein kinase 1 (CK1) Phosphorylation site,MOD,CK1 phosphorylation site,PF00069,Pkinase,Protein kinase domain,S..([ST])...,SIGSSSD,475,481,NCOA3_HUMAN,Homo sapiens,19339517,true positive,27,0,disordered
ELME000063,MOD_CK1_1,Casein kinase 1 (CK1) Phosphorylation site,MOD,CK1 phosphorylation site,PF00069,Pkinase,Protein kinase domain,S..([ST])...,SIGSSSD,475,481,NFAT5_HUMAN,Homo sapiens,18411282,true positive,27,0,disordered
ELME000063,MOD_CK1_1,Casein kinase 1 (CK1) Phosphorylation site,MOD,CK1 phosphorylation site,PF00069,Pkinase,Protein kinase domain,S..([ST])...,SIGSSSD,475,481,P53_HUMAN,Homo sapiens,10734067 10606744,true positive,27,0,disordered
ELME000063,MOD_CK1_1,Casein kinase 1 (CK1) Phosphorylation site,MOD,CK1 phosphorylation site,PF00069,Pkinase,Protein kinase domain,S..([ST])...,SIGSSSD,475,481,PER2_HUMAN,Homo sapiens,21324900,true positive,27,0,disordered
ELME000063,MOD_CK1_1,Casein kinase 1 (CK1) Phosphorylation site,MOD,CK1 phosphorylation site,PF00069,Pkinase,Protein kinase domain,S..([ST])...,SIGSSSD,475,481,PYRG2_HUMAN,Homo sapiens,20739275,true positive,27,0,disordered
ELME000063,MOD_CK1_1,Casein kinase 1 (CK1) Phosphorylation site,MOD,CK1 phosphorylation site,PF00069,Pkinase,Protein kinase domain,S..([ST])...,SIGSSSD,475,481,TRAF3_HUMAN,Homo sapiens,26928339,true positive,27,0,disordered
ELME000063,MOD_CK1_1,Casein kinase 1 (CK1) Phosphorylation site,MOD,CK1 phosphorylation site,PF00069,Pkinase,Protein kinase domain,S..([ST])...,SIGSSSD,475,481,TRPM4_HUMAN,Homo sapiens,25231975,true positive,27,0,disordered
ELME000063,MOD_CK1_1,Casein kinase 1 (CK1) Phosphorylation site,MOD,CK1 phosphorylation site,PF00069,Pkinase,Protein kinase domain,S..([ST])...,SIGSSSD,475,481,YAP1_HUMAN,Homo sapiens,20048001,true positive,27,0,disordered
ELME000063,MOD_CK1_1,Casein kinase 1 (CK1) Phosphorylation site,MOD,CK1 phosphorylation site,PF00069,Pkinase,Protein kinase domain,S..([ST])...,SSRSSSR,524,530,APC_HUMAN,Homo sapiens,17910481,true positive,27,0,disordered
ELME000063,MOD_CK1_1,Casein kinase 1 (CK1) Phosphorylation site,MOD,CK1 phosphorylation site,PF00069,Pkinase,Protein kinase domain,S..([ST])...,SSRSSSR,524,530,ATOH1_HUMAN,Homo sapiens,27542412,true positive,27,0,disordered
ELME000063,MOD_CK1_1,Casein kinase 1 (CK1) Phosphorylation site,MOD,CK1 phosphorylation site,PF00069,Pkinase,Protein kinase domain,S..([ST])...,SSRSSSR,524,530,BECN1_HUMAN,Homo sapiens,26008601,true positive,27,0,disordered
ELME000063,MOD_CK1_1,Casein kinase 1 (CK1) Phosphorylation site,MOD,CK1 phosphorylation site,PF00069,Pkinase,Protein kinase domain,S..([ST])...,SSRSSSR,524,530,BID_MOUSE,Mus musculus,11583622,true positive,27,0,disordered
ELME000063,MOD_CK1_1,Casein kinase 1 (CK1) Phosphorylation site,MOD,CK1 phosphorylation site,PF00069,Pkinase,Protein kinase domain,S..([ST])...,SSRSSSR,524,530,CADH1_MOUSE,Mus musculus,17353278,true positive,27,0,disordered
ELME000063,MOD_CK1_1,Casein kinase 1 (CK1) Phosphorylation site,MOD,CK1 phosphorylation site,PF00069,Pkinase,Protein kinase domain,S..([ST])...,SSRSSSR,524,530,CRY2_ARATH,Arabidopsis thaliana,23897926,true positive,27,0,disordered
ELME000063,MOD_CK1_1,Casein kinase 1 (CK1) Phosphorylation site,MOD,CK1 phosphorylation site,PF00069,Pkinase,Protein kinase domain,S..([ST])...,SSRSSSR,524,530,DNMT1_MOUSE,Mus musculus,20192920,true positive,27,0,disordered
ELME000063,MOD_CK1_1,Casein kinase 1 (CK1) Phosphorylation site,MOD,CK1 phosphorylation site,PF00069,Pkinase,Protein kinase domain,S..([ST])...,SSRSSSR,524,530,DVL1_MOUSE,Mus musculus,16965538,true positive,27,0,disordered
ELME000063,MOD_CK1_1,Casein kinase 1 (CK1) Phosphorylation site,MOD,CK1 phosphorylation site,PF00069,Pkinase,Protein kinase domain,S..([ST])...,SSRSSSR,524,530,EPAS1_HUMAN,Homo sapiens,27686097,true positive,27,0,disordered
ELME000063,MOD_CK1_1,Casein kinase 1 (CK1) Phosphorylation site,MOD,CK1 phosphorylation site,PF00069,Pkinase,Protein kinase domain,S..([ST])...,SSRSSSR,524,530,FADD_HUMAN,Homo sapiens,16061179,true positive,27,0,disordered
ELME000063,MOD_CK1_1,Casein kinase 1 (CK1) Phosphorylation site,MOD,CK1 phosphorylation site,PF00069,Pkinase,Protein kinase domain,S..([ST])...,SSRSSSR,524,530,FOXO1_HUMAN,Homo sapiens,14710188 11980723,true positive,27,0,disordered
ELME000063,MOD_CK1_1,Casein kinase 1 (CK1) Phosphorylation site,MOD,CK1 phosphorylation site,PF00069,Pkinase,Protein kinase domain,S..([ST])...,SSRSSSR,524,530,HIF1A_HUMAN,Homo sapiens,20699359,true positive,27,0,disordered
ELME000063,MOD_CK1_1,Casein kinase 1 (CK1) Phosphorylation site,MOD,CK1 phosphorylation site,PF00069,Pkinase,Protein kinase domain,S..([ST])...,SSRSSSR,524,530,JADE1_HUMAN,Homo sapiens,25100726,true positive,27,0,disordered
ELME000063,MOD_CK1_1,Casein kinase 1 (CK1) Phosphorylation site,MOD,CK1 phosphorylation site,PF00069,Pkinase,Protein kinase domain,S..([ST])...,SSRSSSR,524,530,KPCD2_HUMAN,Homo sapiens,17962809,true positive,27,0,disordered
ELME000063,MOD_CK1_1,Casein kinase 1 (CK1) Phosphorylation site,MOD,CK1 phosphorylation site,PF00069,Pkinase,Protein kinase domain,S..([ST])...,SSRSSSR,524,530,LRRK2_MOUSE,Mus musculus,25500533,true positive,27,0,disordered
ELME000063,MOD_CK1_1,Casein kinase 1 (CK1) Phosphorylation site,MOD,CK1 phosphorylation site,PF00069,Pkinase,Protein kinase domain,S..([ST])...,SSRSSSR,524,530,MDM2_HUMAN,Homo sapiens,20708156,true positive,27,0,disordered
ELME000063,MOD_CK1_1,Casein kinase 1 (CK1) Phosphorylation site,MOD,CK1 phosphorylation site,PF00069,Pkinase,Protein kinase domain,S..([ST])...,SSRSSSR,524,530,MDM4_HUMAN,Homo sapiens,16024788,true positive,27,0,disordered
ELME000063,MOD_CK1_1,Casein kinase 1 (CK1) Phosphorylation site,MOD,CK1 phosphorylation site,PF00069,Pkinase,Protein kinase domain,S..([ST])...,SSRSSSR,524,530,MPIP1_HUMAN,Homo sapiens,20348946,true positive,27,0,disordered
ELME000063,MOD_CK1_1,Casein kinase 1 (CK1) Phosphorylation site,MOD,CK1 phosphorylation site,PF00069,Pkinase,Protein kinase domain,S..([ST])...,SSRSSSR,524,530,MTSS1_HUMAN,Homo sapiens,24318128,true positive,27,0,disordered
ELME000063,MOD_CK1_1,Casein kinase 1 (CK1) Phosphorylation site,MOD,CK1 phosphorylation site,PF00069,Pkinase,Protein kinase domain,S..([ST])...,SSRSSSR,524,530,NCOA3_HUMAN,Homo sapiens,19339517,true positive,27,0,disordered
ELME000063,MOD_CK1_1,Casein kinase 1 (CK1) Phosphorylation site,MOD,CK1 phosphorylation site,PF00069,Pkinase,Protein kinase domain,S..([ST])...,SSRSSSR,524,530,NFAT5_HUMAN,Homo sapiens,18411282,true positive,27,0,disordered
ELME000063,MOD_CK1_1,Casein kinase 1 (CK1) Phosphorylation site,MOD,CK1 phosphorylation site,PF00069,Pkinase,Protein kinase domain,S..([ST])...,SSRSSSR,524,530,P53_HUMAN,Homo sapiens,10734067 10606744,true positive,27,0,disordered
ELME000063,MOD_CK1_1,Casein kinase 1 (CK1) Phosphorylation site,MOD,CK1 phosphorylation site,PF00069,Pkinase,Protein kinase domain,S..([ST])...,SSRSSSR,524,530,PER2_HUMAN,Homo sapiens,21324900,true positive,27,0,disordered
ELME000063,MOD_CK1_1,Casein kinase 1 (CK1) Phosphorylation site,MOD,CK1 phosphorylation site,PF00069,Pkinase,Protein kinase domain,S..([ST])...,SSRSSSR,524,530,PYRG2_HUMAN,Homo sapiens,20739275,true positive,27,0,disordered
ELME000063,MOD_CK1_1,Casein kinase 1 (CK1) Phosphorylation site,MOD,CK1 phosphorylation site,PF00069,Pkinase,Protein kinase domain,S..([ST])...,SSRSSSR,524,530,TRAF3_HUMAN,Homo sapiens,26928339,true positive,27,0,disordered
ELME000063,MOD_CK1_1,Casein kinase 1 (CK1) Phosphorylation site,MOD,CK1 phosphorylation site,PF00069,Pkinase,Protein kinase domain,S..([ST])...,SSRSSSR,524,530,TRPM4_HUMAN,Homo sapiens,25231975,true positive,27,0,disordered
ELME000063,MOD_CK1_1,Casein kinase 1 (CK1) Phosphorylation site,MOD,CK1 phosphorylation site,PF00069,Pkinase,Protein kinase domain,S..([ST])...,SSRSSSR,524,530,YAP1_HUMAN,Homo sapiens,20048001,true positive,27,0,disordered
ELME000063,MOD_CK1_1,Casein kinase 1 (CK1) Phosphorylation site,MOD,CK1 phosphorylation site,PF00069,Pkinase,Protein kinase domain,S..([ST])...,SRSSSRS,525,531,APC_HUMAN,Homo sapiens,17910481,true positive,27,0,disordered
ELME000063,MOD_CK1_1,Casein kinase 1 (CK1) Phosphorylation site,MOD,CK1 phosphorylation site,PF00069,Pkinase,Protein kinase domain,S..([ST])...,SRSSSRS,525,531,ATOH1_HUMAN,Homo sapiens,27542412,true positive,27,0,disordered
ELME000063,MOD_CK1_1,Casein kinase 1 (CK1) Phosphorylation site,MOD,CK1 phosphorylation site,PF00069,Pkinase,Protein kinase domain,S..([ST])...,SRSSSRS,525,531,BECN1_HUMAN,Homo sapiens,26008601,true positive,27,0,disordered
ELME000063,MOD_CK1_1,Casein kinase 1 (CK1) Phosphorylation site,MOD,CK1 phosphorylation site,PF00069,Pkinase,Protein kinase domain,S..([ST])...,SRSSSRS,525,531,BID_MOUSE,Mus musculus,11583622,true positive,27,0,disordered
ELME000063,MOD_CK1_1,Casein kinase 1 (CK1) Phosphorylation site,MOD,CK1 phosphorylation site,PF00069,Pkinase,Protein kinase domain,S..([ST])...,SRSSSRS,525,531,CADH1_MOUSE,Mus musculus,17353278,true positive,27,0,disordered
ELME000063,MOD_CK1_1,Casein kinase 1 (CK1) Phosphorylation site,MOD,CK1 phosphorylation site,PF00069,Pkinase,Protein kinase domain,S..([ST])...,SRSSSRS,525,531,CRY2_ARATH,Arabidopsis thaliana,23897926,true positive,27,0,disordered
ELME000063,MOD_CK1_1,Casein kinase 1 (CK1) Phosphorylation site,MOD,CK1 phosphorylation site,PF00069,Pkinase,Protein kinase domain,S..([ST])...,SRSSSRS,525,531,DNMT1_MOUSE,Mus musculus,20192920,true positive,27,0,disordered
ELME000063,MOD_CK1_1,Casein kinase 1 (CK1) Phosphorylation site,MOD,CK1 phosphorylation site,PF00069,Pkinase,Protein kinase domain,S..([ST])...,SRSSSRS,525,531,DVL1_MOUSE,Mus musculus,16965538,true positive,27,0,disordered
ELME000063,MOD_CK1_1,Casein kinase 1 (CK1) Phosphorylation site,MOD,CK1 phosphorylation site,PF00069,Pkinase,Protein kinase domain,S..([ST])...,SRSSSRS,525,531,EPAS1_HUMAN,Homo sapiens,27686097,true positive,27,0,disordered
ELME000063,MOD_CK1_1,Casein kinase 1 (CK1) Phosphorylation site,MOD,CK1 phosphorylation site,PF00069,Pkinase,Protein kinase domain,S..([ST])...,SRSSSRS,525,531,FADD_HUMAN,Homo sapiens,16061179,true positive,27,0,disordered
ELME000063,MOD_CK1_1,Casein kinase 1 (CK1) Phosphorylation site,MOD,CK1 phosphorylation site,PF00069,Pkinase,Protein kinase domain,S..([ST])...,SRSSSRS,525,531,FOXO1_HUMAN,Homo sapiens,14710188 11980723,true positive,27,0,disordered
ELME000063,MOD_CK1_1,Casein kinase 1 (CK1) Phosphorylation site,MOD,CK1 phosphorylation site,PF00069,Pkinase,Protein kinase domain,S..([ST])...,SRSSSRS,525,531,HIF1A_HUMAN,Homo sapiens,20699359,true positive,27,0,disordered
ELME000063,MOD_CK1_1,Casein kinase 1 (CK1) Phosphorylation site,MOD,CK1 phosphorylation site,PF00069,Pkinase,Protein kinase domain,S..([ST])...,SRSSSRS,525,531,JADE1_HUMAN,Homo sapiens,25100726,true positive,27,0,disordered
ELME000063,MOD_CK1_1,Casein kinase 1 (CK1) Phosphorylation site,MOD,CK1 phosphorylation site,PF00069,Pkinase,Protein kinase domain,S..([ST])...,SRSSSRS,525,531,KPCD2_HUMAN,Homo sapiens,17962809,true positive,27,0,disordered
ELME000063,MOD_CK1_1,Casein kinase 1 (CK1) Phosphorylation site,MOD,CK1 phosphorylation site,PF00069,Pkinase,Protein kinase domain,S..([ST])...,SRSSSRS,525,531,LRRK2_MOUSE,Mus musculus,25500533,true positive,27,0,disordered
ELME000063,MOD_CK1_1,Casein kinase 1 (CK1) Phosphorylation site,MOD,CK1 phosphorylation site,PF00069,Pkinase,Protein kinase domain,S..([ST])...,SRSSSRS,525,531,MDM2_HUMAN,Homo sapiens,20708156,true positive,27,0,disordered
ELME000063,MOD_CK1_1,Casein kinase 1 (CK1) Phosphorylation site,MOD,CK1 phosphorylation site,PF00069,Pkinase,Protein kinase domain,S..([ST])...,SRSSSRS,525,531,MDM4_HUMAN,Homo sapiens,16024788,true positive,27,0,disordered
ELME000063,MOD_CK1_1,Casein kinase 1 (CK1) Phosphorylation site,MOD,CK1 phosphorylation site,PF00069,Pkinase,Protein kinase domain,S..([ST])...,SRSSSRS,525,531,MPIP1_HUMAN,Homo sapiens,20348946,true positive,27,0,disordered
ELME000063,MOD_CK1_1,Casein kinase 1 (CK1) Phosphorylation site,MOD,CK1 phosphorylation site,PF00069,Pkinase,Protein kinase domain,S..([ST])...,SRSSSRS,525,531,MTSS1_HUMAN,Homo sapiens,24318128,true positive,27,0,disordered
ELME000063,MOD_CK1_1,Casein kinase 1 (CK1) Phosphorylation site,MOD,CK1 phosphorylation site,PF00069,Pkinase,Protein kinase domain,S..([ST])...,SRSSSRS,525,531,NCOA3_HUMAN,Homo sapiens,19339517,true positive,27,0,disordered
ELME000063,MOD_CK1_1,Casein kinase 1 (CK1) Phosphorylation site,MOD,CK1 phosphorylation site,PF00069,Pkinase,Protein kinase domain,S..([ST])...,SRSSSRS,525,531,NFAT5_HUMAN,Homo sapiens,18411282,true positive,27,0,disordered
ELME000063,MOD_CK1_1,Casein kinase 1 (CK1) Phosphorylation site,MOD,CK1 phosphorylation site,PF00069,Pkinase,Protein kinase domain,S..([ST])...,SRSSSRS,525,531,P53_HUMAN,Homo sapiens,10734067 10606744,true positive,27,0,disordered
ELME000063,MOD_CK1_1,Casein kinase 1 (CK1) Phosphorylation site,MOD,CK1 phosphorylation site,PF00069,Pkinase,Protein kinase domain,S..([ST])...,SRSSSRS,525,531,PER2_HUMAN,Homo sapiens,21324900,true positive,27,0,disordered
ELME000063,MOD_CK1_1,Casein kinase 1 (CK1) Phosphorylation site,MOD,CK1 phosphorylation site,PF00069,Pkinase,Protein kinase domain,S..([ST])...,SRSSSRS,525,531,PYRG2_HUMAN,Homo sapiens,20739275,true positive,27,0,disordered
ELME000063,MOD_CK1_1,Casein kinase 1 (CK1) Phosphorylation site,MOD,CK1 phosphorylation site,PF00069,Pkinase,Protein kinase domain,S..([ST])...,SRSSSRS,525,531,TRAF3_HUMAN,Homo sapiens,26928339,true positive,27,0,disordered
ELME000063,MOD_CK1_1,Casein kinase 1 (CK1) Phosphorylation site,MOD,CK1 phosphorylation site,PF00069,Pkinase,Protein kinase domain,S..([ST])...,SRSSSRS,525,531,TRPM4_HUMAN,Homo sapiens,25231975,true positive,27,0,disordered
ELME000063,MOD_CK1_1,Casein kinase 1 (CK1) Phosphorylation site,MOD,CK1 phosphorylation site,PF00069,Pkinase,Protein kinase domain,S..([ST])...,SRSSSRS,525,531,YAP1_HUMAN,Homo sapiens,20048001,true positive,27,0,disordered
ELME000063,MOD_CK1_1,Casein kinase 1 (CK1) Phosphorylation site,MOD,CK1 phosphorylation site,PF00069,Pkinase,Protein kinase domain,S..([ST])...,SSRSSLA,528,534,APC_HUMAN,Homo sapiens,17910481,true positive,27,0,disordered
ELME000063,MOD_CK1_1,Casein kinase 1 (CK1) Phosphorylation site,MOD,CK1 phosphorylation site,PF00069,Pkinase,Protein kinase domain,S..([ST])...,SSRSSLA,528,534,ATOH1_HUMAN,Homo sapiens,27542412,true positive,27,0,disordered
ELME000063,MOD_CK1_1,Casein kinase 1 (CK1) Phosphorylation site,MOD,CK1 phosphorylation site,PF00069,Pkinase,Protein kinase domain,S..([ST])...,SSRSSLA,528,534,BECN1_HUMAN,Homo sapiens,26008601,true positive,27,0,disordered
ELME000063,MOD_CK1_1,Casein kinase 1 (CK1) Phosphorylation site,MOD,CK1 phosphorylation site,PF00069,Pkinase,Protein kinase domain,S..([ST])...,SSRSSLA,528,534,BID_MOUSE,Mus musculus,11583622,true positive,27,0,disordered
ELME000063,MOD_CK1_1,Casein kinase 1 (CK1) Phosphorylation site,MOD,CK1 phosphorylation site,PF00069,Pkinase,Protein kinase domain,S..([ST])...,SSRSSLA,528,534,CADH1_MOUSE,Mus musculus,17353278,true positive,27,0,disordered
ELME000063,MOD_CK1_1,Casein kinase 1 (CK1) Phosphorylation site,MOD,CK1 phosphorylation site,PF00069,Pkinase,Protein kinase domain,S..([ST])...,SSRSSLA,528,534,CRY2_ARATH,Arabidopsis thaliana,23897926,true positive,27,0,disordered
ELME000063,MOD_CK1_1,Casein kinase 1 (CK1) Phosphorylation site,MOD,CK1 phosphorylation site,PF00069,Pkinase,Protein kinase domain,S..([ST])...,SSRSSLA,528,534,DNMT1_MOUSE,Mus musculus,20192920,true positive,27,0,disordered
ELME000063,MOD_CK1_1,Casein kinase 1 (CK1) Phosphorylation site,MOD,CK1 phosphorylation site,PF00069,Pkinase,Protein kinase domain,S..([ST])...,SSRSSLA,528,534,DVL1_MOUSE,Mus musculus,16965538,true positive,27,0,disordered
ELME000063,MOD_CK1_1,Casein kinase 1 (CK1) Phosphorylation site,MOD,CK1 phosphorylation site,PF00069,Pkinase,Protein kinase domain,S..([ST])...,SSRSSLA,528,534,EPAS1_HUMAN,Homo sapiens,27686097,true positive,27,0,disordered
ELME000063,MOD_CK1_1,Casein kinase 1 (CK1) Phosphorylation site,MOD,CK1 phosphorylation site,PF00069,Pkinase,Protein kinase domain,S..([ST])...,SSRSSLA,528,534,FADD_HUMAN,Homo sapiens,16061179,true positive,27,0,disordered
ELME000063,MOD_CK1_1,Casein kinase 1 (CK1) Phosphorylation site,MOD,CK1 phosphorylation site,PF00069,Pkinase,Protein kinase domain,S..([ST])...,SSRSSLA,528,534,FOXO1_HUMAN,Homo sapiens,14710188 11980723,true positive,27,0,disordered
ELME000063,MOD_CK1_1,Casein kinase 1 (CK1) Phosphorylation site,MOD,CK1 phosphorylation site,PF00069,Pkinase,Protein kinase domain,S..([ST])...,SSRSSLA,528,534,HIF1A_HUMAN,Homo sapiens,20699359,true positive,27,0,disordered
ELME000063,MOD_CK1_1,Casein kinase 1 (CK1) Phosphorylation site,MOD,CK1 phosphorylation site,PF00069,Pkinase,Protein kinase domain,S..([ST])...,SSRSSLA,528,534,JADE1_HUMAN,Homo sapiens,25100726,true positive,27,0,disordered
ELME000063,MOD_CK1_1,Casein kinase 1 (CK1) Phosphorylation site,MOD,CK1 phosphorylation site,PF00069,Pkinase,Protein kinase domain,S..([ST])...,SSRSSLA,528,534,KPCD2_HUMAN,Homo sapiens,17962809,true positive,27,0,disordered
ELME000063,MOD_CK1_1,Casein kinase 1 (CK1) Phosphorylation site,MOD,CK1 phosphorylation site,PF00069,Pkinase,Protein kinase domain,S..([ST])...,SSRSSLA,528,534,LRRK2_MOUSE,Mus musculus,25500533,true positive,27,0,disordered
ELME000063,MOD_CK1_1,Casein kinase 1 (CK1) Phosphorylation site,MOD,CK1 phosphorylation site,PF00069,Pkinase,Protein kinase domain,S..([ST])...,SSRSSLA,528,534,MDM2_HUMAN,Homo sapiens,20708156,true positive,27,0,disordered
ELME000063,MOD_CK1_1,Casein kinase 1 (CK1) Phosphorylation site,MOD,CK1 phosphorylation site,PF00069,Pkinase,Protein kinase domain,S..([ST])...,SSRSSLA,528,534,MDM4_HUMAN,Homo sapiens,16024788,true positive,27,0,disordered
ELME000063,MOD_CK1_1,Casein kinase 1 (CK1) Phosphorylation site,MOD,CK1 phosphorylation site,PF00069,Pkinase,Protein kinase domain,S..([ST])...,SSRSSLA,528,534,MPIP1_HUMAN,Homo sapiens,20348946,true positive,27,0,disordered
ELME000063,MOD_CK1_1,Casein kinase 1 (CK1) Phosphorylation site,MOD,CK1 phosphorylation site,PF00069,Pkinase,Protein kinase domain,S..([ST])...,SSRSSLA,528,534,MTSS1_HUMAN,Homo sapiens,24318128,true positive,27,0,disordered
ELME000063,MOD_CK1_1,Casein kinase 1 (CK1) Phosphorylation site,MOD,CK1 phosphorylation site,PF00069,Pkinase,Protein kinase domain,S..([ST])...,SSRSSLA,528,534,NCOA3_HUMAN,Homo sapiens,19339517,true positive,27,0,disordered
ELME000063,MOD_CK1_1,Casein kinase 1 (CK1) Phosphorylation site,MOD,CK1 phosphorylation site,PF00069,Pkinase,Protein kinase domain,S..([ST])...,SSRSSLA,528,534,NFAT5_HUMAN,Homo sapiens,18411282,true positive,27,0,disordered
ELME000063,MOD_CK1_1,Casein kinase 1 (CK1) Phosphorylation site,MOD,CK1 phosphorylation site,PF00069,Pkinase,Protein kinase domain,S..([ST])...,SSRSSLA,528,534,P53_HUMAN,Homo sapiens,10734067 10606744,true positive,27,0,disordered
ELME000063,MOD_CK1_1,Casein kinase 1 (CK1) Phosphorylation site,MOD,CK1 phosphorylation site,PF00069,Pkinase,Protein kinase domain,S..([ST])...,SSRSSLA,528,534,PER2_HUMAN,Homo sapiens,21324900,true positive,27,0,disordered
ELME000063,MOD_CK1_1,Casein kinase 1 (CK1) Phosphorylation site,MOD,CK1 phosphorylation site,PF00069,Pkinase,Protein kinase domain,S..([ST])...,SSRSSLA,528,534,PYRG2_HUMAN,Homo sapiens,20739275,true positive,27,0,disordered
ELME000063,MOD_CK1_1,Casein kinase 1 (CK1) Phosphorylation site,MOD,CK1 phosphorylation site,PF00069,Pkinase,Protein kinase domain,S..([ST])...,SSRSSLA,528,534,TRAF3_HUMAN,Homo sapiens,26928339,true positive,27,0,disordered
ELME000063,MOD_CK1_1,Casein kinase 1 (CK1) Phosphorylation site,MOD,CK1 phosphorylation site,PF00069,Pkinase,Protein kinase domain,S..([ST])...,SSRSSLA,528,534,TRPM4_HUMAN,Homo sapiens,25231975,true positive,27,0,disordered
ELME000063,MOD_CK1_1,Casein kinase 1 (CK1) Phosphorylation site,MOD,CK1 phosphorylation site,PF00069,Pkinase,Protein kinase domain,S..([ST])...,SSRSSLA,528,534,YAP1_HUMAN,Homo sapiens,20048001,true positive,27,0,disordered
ELME000063,MOD_CK1_1,Casein kinase 1 (CK1) Phosphorylation site,MOD,CK1 phosphorylation site,PF00069,Pkinase,Protein kinase domain,S..([ST])...,SRSSLAS,529,535,APC_HUMAN,Homo sapiens,17910481,true positive,27,0,disordered
ELME000063,MOD_CK1_1,Casein kinase 1 (CK1) Phosphorylation site,MOD,CK1 phosphorylation site,PF00069,Pkinase,Protein kinase domain,S..([ST])...,SRSSLAS,529,535,ATOH1_HUMAN,Homo sapiens,27542412,true positive,27,0,disordered
ELME000063,MOD_CK1_1,Casein kinase 1 (CK1) Phosphorylation site,MOD,CK1 phosphorylation site,PF00069,Pkinase,Protein kinase domain,S..([ST])...,SRSSLAS,529,535,BECN1_HUMAN,Homo sapiens,26008601,true positive,27,0,disordered
ELME000063,MOD_CK1_1,Casein kinase 1 (CK1) Phosphorylation site,MOD,CK1 phosphorylation site,PF00069,Pkinase,Protein kinase domain,S..([ST])...,SRSSLAS,529,535,BID_MOUSE,Mus musculus,11583622,true positive,27,0,disordered
ELME000063,MOD_CK1_1,Casein kinase 1 (CK1) Phosphorylation site,MOD,CK1 phosphorylation site,PF00069,Pkinase,Protein kinase domain,S..([ST])...,SRSSLAS,529,535,CADH1_MOUSE,Mus musculus,17353278,true positive,27,0,disordered
ELME000063,MOD_CK1_1,Casein kinase 1 (CK1) Phosphorylation site,MOD,CK1 phosphorylation site,PF00069,Pkinase,Protein kinase domain,S..([ST])...,SRSSLAS,529,535,CRY2_ARATH,Arabidopsis thaliana,23897926,true positive,27,0,disordered
ELME000063,MOD_CK1_1,Casein kinase 1 (CK1) Phosphorylation site,MOD,CK1 phosphorylation site,PF00069,Pkinase,Protein kinase domain,S..([ST])...,SRSSLAS,529,535,DNMT1_MOUSE,Mus musculus,20192920,true positive,27,0,disordered
ELME000063,MOD_CK1_1,Casein kinase 1 (CK1) Phosphorylation site,MOD,CK1 phosphorylation site,PF00069,Pkinase,Protein kinase domain,S..([ST])...,SRSSLAS,529,535,DVL1_MOUSE,Mus musculus,16965538,true positive,27,0,disordered
ELME000063,MOD_CK1_1,Casein kinase 1 (CK1) Phosphorylation site,MOD,CK1 phosphorylation site,PF00069,Pkinase,Protein kinase domain,S..([ST])...,SRSSLAS,529,535,EPAS1_HUMAN,Homo sapiens,27686097,true positive,27,0,disordered
ELME000063,MOD_CK1_1,Casein kinase 1 (CK1) Phosphorylation site,MOD,CK1 phosphorylation site,PF00069,Pkinase,Protein kinase domain,S..([ST])...,SRSSLAS,529,535,FADD_HUMAN,Homo sapiens,16061179,true positive,27,0,disordered
ELME000063,MOD_CK1_1,Casein kinase 1 (CK1) Phosphorylation site,MOD,CK1 phosphorylation site,PF00069,Pkinase,Protein kinase domain,S..([ST])...,SRSSLAS,529,535,FOXO1_HUMAN,Homo sapiens,14710188 11980723,true positive,27,0,disordered
ELME000063,MOD_CK1_1,Casein kinase 1 (CK1) Phosphorylation site,MOD,CK1 phosphorylation site,PF00069,Pkinase,Protein kinase domain,S..([ST])...,SRSSLAS,529,535,HIF1A_HUMAN,Homo sapiens,20699359,true positive,27,0,disordered
ELME000063,MOD_CK1_1,Casein kinase 1 (CK1) Phosphorylation site,MOD,CK1 phosphorylation site,PF00069,Pkinase,Protein kinase domain,S..([ST])...,SRSSLAS,529,535,JADE1_HUMAN,Homo sapiens,25100726,true positive,27,0,disordered
ELME000063,MOD_CK1_1,Casein kinase 1 (CK1) Phosphorylation site,MOD,CK1 phosphorylation site,PF00069,Pkinase,Protein kinase domain,S..([ST])...,SRSSLAS,529,535,KPCD2_HUMAN,Homo sapiens,17962809,true positive,27,0,disordered
ELME000063,MOD_CK1_1,Casein kinase 1 (CK1) Phosphorylation site,MOD,CK1 phosphorylation site,PF00069,Pkinase,Protein kinase domain,S..([ST])...,SRSSLAS,529,535,LRRK2_MOUSE,Mus musculus,25500533,true positive,27,0,disordered
ELME000063,MOD_CK1_1,Casein kinase 1 (CK1) Phosphorylation site,MOD,CK1 phosphorylation site,PF00069,Pkinase,Protein kinase domain,S..([ST])...,SRSSLAS,529,535,MDM2_HUMAN,Homo sapiens,20708156,true positive,27,0,disordered
ELME000063,MOD_CK1_1,Casein kinase 1 (CK1) Phosphorylation site,MOD,CK1 phosphorylation site,PF00069,Pkinase,Protein kinase domain,S..([ST])...,SRSSLAS,529,535,MDM4_HUMAN,Homo sapiens,16024788,true positive,27,0,disordered
ELME000063,MOD_CK1_1,Casein kinase 1 (CK1) Phosphorylation site,MOD,CK1 phosphorylation site,PF00069,Pkinase,Protein kinase domain,S..([ST])...,SRSSLAS,529,535,MPIP1_HUMAN,Homo sapiens,20348946,true positive,27,0,disordered
ELME000063,MOD_CK1_1,Casein kinase 1 (CK1) Phosphorylation site,MOD,CK1 phosphorylation site,PF00069,Pkinase,Protein kinase domain,S..([ST])...,SRSSLAS,529,535,MTSS1_HUMAN,Homo sapiens,24318128,true positive,27,0,disordered
ELME000063,MOD_CK1_1,Casein kinase 1 (CK1) Phosphorylation site,MOD,CK1 phosphorylation site,PF00069,Pkinase,Protein kinase domain,S..([ST])...,SRSSLAS,529,535,NCOA3_HUMAN,Homo sapiens,19339517,true positive,27,0,disordered
ELME000063,MOD_CK1_1,Casein kinase 1 (CK1) Phosphorylation site,MOD,CK1 phosphorylation site,PF00069,Pkinase,Protein kinase domain,S..([ST])...,SRSSLAS,529,535,NFAT5_HUMAN,Homo sapiens,18411282,true positive,27,0,disordered
ELME000063,MOD_CK1_1,Casein kinase 1 (CK1) Phosphorylation site,MOD,CK1 phosphorylation site,PF00069,Pkinase,Protein kinase domain,S..([ST])...,SRSSLAS,529,535,P53_HUMAN,Homo sapiens,10734067 10606744,true positive,27,0,disordered
ELME000063,MOD_CK1_1,Casein kinase 1 (CK1) Phosphorylation site,MOD,CK1 phosphorylation site,PF00069,Pkinase,Protein kinase domain,S..([ST])...,SRSSLAS,529,535,PER2_HUMAN,Homo sapiens,21324900,true positive,27,0,disordered
ELME000063,MOD_CK1_1,Casein kinase 1 (CK1) Phosphorylation site,MOD,CK1 phosphorylation site,PF00069,Pkinase,Protein kinase domain,S..([ST])...,SRSSLAS,529,535,PYRG2_HUMAN,Homo sapiens,20739275,true positive,27,0,disordered
ELME000063,MOD_CK1_1,Casein kinase 1 (CK1) Phosphorylation site,MOD,CK1 phosphorylation site,PF00069,Pkinase,Protein kinase domain,S..([ST])...,SRSSLAS,529,535,TRAF3_HUMAN,Homo sapiens,26928339,true positive,27,0,disordered
ELME000063,MOD_CK1_1,Casein kinase 1 (CK1) Phosphorylation site,MOD,CK1 phosphorylation site,PF00069,Pkinase,Protein kinase domain,S..([ST])...,SRSSLAS,529,535,TRPM4_HUMAN,Homo sapiens,25231975,true positive,27,0,disordered
ELME000063,MOD_CK1_1,Casein kinase 1 (CK1) Phosphorylation site,MOD,CK1 phosphorylation site,PF00069,Pkinase,Protein kinase domain,S..([ST])...,SRSSLAS,529,535,YAP1_HUMAN,Homo sapiens,20048001,true positive,27,0,disordered
ELME000063,MOD_CK1_1,Casein kinase 1 (CK1) Phosphorylation site,MOD,CK1 phosphorylation site,PF00069,Pkinase,Protein kinase domain,S..([ST])...,SLASNPP,532,538,APC_HUMAN,Homo sapiens,17910481,true positive,27,0,disordered
ELME000063,MOD_CK1_1,Casein kinase 1 (CK1) Phosphorylation site,MOD,CK1 phosphorylation site,PF00069,Pkinase,Protein kinase domain,S..([ST])...,SLASNPP,532,538,ATOH1_HUMAN,Homo sapiens,27542412,true positive,27,0,disordered
ELME000063,MOD_CK1_1,Casein kinase 1 (CK1) Phosphorylation site,MOD,CK1 phosphorylation site,PF00069,Pkinase,Protein kinase domain,S..([ST])...,SLASNPP,532,538,BECN1_HUMAN,Homo sapiens,26008601,true positive,27,0,disordered
ELME000063,MOD_CK1_1,Casein kinase 1 (CK1) Phosphorylation site,MOD,CK1 phosphorylation site,PF00069,Pkinase,Protein kinase domain,S..([ST])...,SLASNPP,532,538,BID_MOUSE,Mus musculus,11583622,true positive,27,0,disordered
ELME000063,MOD_CK1_1,Casein kinase 1 (CK1) Phosphorylation site,MOD,CK1 phosphorylation site,PF00069,Pkinase,Protein kinase domain,S..([ST])...,SLASNPP,532,538,CADH1_MOUSE,Mus musculus,17353278,true positive,27,0,disordered
ELME000063,MOD_CK1_1,Casein kinase 1 (CK1) Phosphorylation site,MOD,CK1 phosphorylation site,PF00069,Pkinase,Protein kinase domain,S..([ST])...,SLASNPP,532,538,CRY2_ARATH,Arabidopsis thaliana,23897926,true positive,27,0,disordered
ELME000063,MOD_CK1_1,Casein kinase 1 (CK1) Phosphorylation site,MOD,CK1 phosphorylation site,PF00069,Pkinase,Protein kinase domain,S..([ST])...,SLASNPP,532,538,DNMT1_MOUSE,Mus musculus,20192920,true positive,27,0,disordered
ELME000063,MOD_CK1_1,Casein kinase 1 (CK1) Phosphorylation site,MOD,CK1 phosphorylation site,PF00069,Pkinase,Protein kinase domain,S..([ST])...,SLASNPP,532,538,DVL1_MOUSE,Mus musculus,16965538,true positive,27,0,disordered
ELME000063,MOD_CK1_1,Casein kinase 1 (CK1) Phosphorylation site,MOD,CK1 phosphorylation site,PF00069,Pkinase,Protein kinase domain,S..([ST])...,SLASNPP,532,538,EPAS1_HUMAN,Homo sapiens,27686097,true positive,27,0,disordered
ELME000063,MOD_CK1_1,Casein kinase 1 (CK1) Phosphorylation site,MOD,CK1 phosphorylation site,PF00069,Pkinase,Protein kinase domain,S..([ST])...,SLASNPP,532,538,FADD_HUMAN,Homo sapiens,16061179,true positive,27,0,disordered
ELME000063,MOD_CK1_1,Casein kinase 1 (CK1) Phosphorylation site,MOD,CK1 phosphorylation site,PF00069,Pkinase,Protein kinase domain,S..([ST])...,SLASNPP,532,538,FOXO1_HUMAN,Homo sapiens,14710188 11980723,true positive,27,0,disordered
ELME000063,MOD_CK1_1,Casein kinase 1 (CK1) Phosphorylation site,MOD,CK1 phosphorylation site,PF00069,Pkinase,Protein kinase domain,S..([ST])...,SLASNPP,532,538,HIF1A_HUMAN,Homo sapiens,20699359,true positive,27,0,disordered
ELME000063,MOD_CK1_1,Casein kinase 1 (CK1) Phosphorylation site,MOD,CK1 phosphorylation site,PF00069,Pkinase,Protein kinase domain,S..([ST])...,SLASNPP,532,538,JADE1_HUMAN,Homo sapiens,25100726,true positive,27,0,disordered
ELME000063,MOD_CK1_1,Casein kinase 1 (CK1) Phosphorylation site,MOD,CK1 phosphorylation site,PF00069,Pkinase,Protein kinase domain,S..([ST])...,SLASNPP,532,538,KPCD2_HUMAN,Homo sapiens,17962809,true positive,27,0,disordered
ELME000063,MOD_CK1_1,Casein kinase 1 (CK1) Phosphorylation site,MOD,CK1 phosphorylation site,PF00069,Pkinase,Protein kinase domain,S..([ST])...,SLASNPP,532,538,LRRK2_MOUSE,Mus musculus,25500533,true positive,27,0,disordered
ELME000063,MOD_CK1_1,Casein kinase 1 (CK1) Phosphorylation site,MOD,CK1 phosphorylation site,PF00069,Pkinase,Protein kinase domain,S..([ST])...,SLASNPP,532,538,MDM2_HUMAN,Homo sapiens,20708156,true positive,27,0,disordered
ELME000063,MOD_CK1_1,Casein kinase 1 (CK1) Phosphorylation site,MOD,CK1 phosphorylation site,PF00069,Pkinase,Protein kinase domain,S..([ST])...,SLASNPP,532,538,MDM4_HUMAN,Homo sapiens,16024788,true positive,27,0,disordered
ELME000063,MOD_CK1_1,Casein kinase 1 (CK1) Phosphorylation site,MOD,CK1 phosphorylation site,PF00069,Pkinase,Protein kinase domain,S..([ST])...,SLASNPP,532,538,MPIP1_HUMAN,Homo sapiens,20348946,true positive,27,0,disordered
ELME000063,MOD_CK1_1,Casein kinase 1 (CK1) Phosphorylation site,MOD,CK1 phosphorylation site,PF00069,Pkinase,Protein kinase domain,S..([ST])...,SLASNPP,532,538,MTSS1_HUMAN,Homo sapiens,24318128,true positive,27,0,disordered
ELME000063,MOD_CK1_1,Casein kinase 1 (CK1) Phosphorylation site,MOD,CK1 phosphorylation site,PF00069,Pkinase,Protein kinase domain,S..([ST])...,SLASNPP,532,538,NCOA3_HUMAN,Homo sapiens,19339517,true positive,27,0,disordered
ELME000063,MOD_CK1_1,Casein kinase 1 (CK1) Phosphorylation site,MOD,CK1 phosphorylation site,PF00069,Pkinase,Protein kinase domain,S..([ST])...,SLASNPP,532,538,NFAT5_HUMAN,Homo sapiens,18411282,true positive,27,0,disordered
ELME000063,MOD_CK1_1,Casein kinase 1 (CK1) Phosphorylation site,MOD,CK1 phosphorylation site,PF00069,Pkinase,Protein kinase domain,S..([ST])...,SLASNPP,532,538,P53_HUMAN,Homo sapiens,10734067 10606744,true positive,27,0,disordered
ELME000063,MOD_CK1_1,Casein kinase 1 (CK1) Phosphorylation site,MOD,CK1 phosphorylation site,PF00069,Pkinase,Protein kinase domain,S..([ST])...,SLASNPP,532,538,PER2_HUMAN,Homo sapiens,21324900,true positive,27,0,disordered
ELME000063,MOD_CK1_1,Casein kinase 1 (CK1) Phosphorylation site,MOD,CK1 phosphorylation site,PF00069,Pkinase,Protein kinase domain,S..([ST])...,SLASNPP,532,538,PYRG2_HUMAN,Homo sapiens,20739275,true positive,27,0,disordered
ELME000063,MOD_CK1_1,Casein kinase 1 (CK1) Phosphorylation site,MOD,CK1 phosphorylation site,PF00069,Pkinase,Protein kinase domain,S..([ST])...,SLASNPP,532,538,TRAF3_HUMAN,Homo sapiens,26928339,true positive,27,0,disordered
ELME000063,MOD_CK1_1,Casein kinase 1 (CK1) Phosphorylation site,MOD,CK1 phosphorylation site,PF00069,Pkinase,Protein kinase domain,S..([ST])...,SLASNPP,532,538,TRPM4_HUMAN,Homo sapiens,25231975,true positive,27,0,disordered
ELME000063,MOD_CK1_1,Casein kinase 1 (CK1) Phosphorylation site,MOD,CK1 phosphorylation site,PF00069,Pkinase,Protein kinase domain,S..([ST])...,SLASNPP,532,538,YAP1_HUMAN,Homo sapiens,20048001,true positive,27,0,disordered
ELME000064,MOD_CK2_1,Casein kinase 2 (CK2) Phosphorylation site,MOD,Casein kinase 2 (CK2) phosphorylation site,PF00069,Pkinase,Protein kinase domain,...([ST])..E,MESSSNE,426,432,AKT1_HUMAN,Homo sapiens,15818404,true positive,34,0,disordered
ELME000064,MOD_CK2_1,Casein kinase 2 (CK2) Phosphorylation site,MOD,Casein kinase 2 (CK2) phosphorylation site,PF00069,Pkinase,Protein kinase domain,...([ST])..E,MESSSNE,426,432,AP2A_HUMAN,Homo sapiens,21777522,true positive,34,0,disordered
ELME000064,MOD_CK2_1,Casein kinase 2 (CK2) Phosphorylation site,MOD,Casein kinase 2 (CK2) phosphorylation site,PF00069,Pkinase,Protein kinase domain,...([ST])..E,MESSSNE,426,432,BRMS1_HUMAN,Homo sapiens,26980766,true positive,34,0,disordered
ELME000064,MOD_CK2_1,Casein kinase 2 (CK2) Phosphorylation site,MOD,Casein kinase 2 (CK2) phosphorylation site,PF00069,Pkinase,Protein kinase domain,...([ST])..E,MESSSNE,426,432,CASP9_MOUSE,Mus musculus,18467326,true positive,34,0,disordered
ELME000064,MOD_CK2_1,Casein kinase 2 (CK2) Phosphorylation site,MOD,Casein kinase 2 (CK2) phosphorylation site,PF00069,Pkinase,Protein kinase domain,...([ST])..E,MESSSNE,426,432,COR1C_HUMAN,Homo sapiens,22355754,true positive,34,0,disordered
ELME000064,MOD_CK2_1,Casein kinase 2 (CK2) Phosphorylation site,MOD,Casein kinase 2 (CK2) phosphorylation site,PF00069,Pkinase,Protein kinase domain,...([ST])..E,MESSSNE,426,432,DNJB2_HUMAN,Homo sapiens,28031292,true positive,34,0,disordered
ELME000064,MOD_CK2_1,Casein kinase 2 (CK2) Phosphorylation site,MOD,Casein kinase 2 (CK2) phosphorylation site,PF00069,Pkinase,Protein kinase domain,...([ST])..E,MESSSNE,426,432,DOK7_MOUSE,Mus musculus,26198629,true positive,34,0,disordered
ELME000064,MOD_CK2_1,Casein kinase 2 (CK2) Phosphorylation site,MOD,Casein kinase 2 (CK2) phosphorylation site,PF00069,Pkinase,Protein kinase domain,...([ST])..E,MESSSNE,426,432,EIF3J_HUMAN,Homo sapiens,25887626,true positive,34,0,disordered
ELME000064,MOD_CK2_1,Casein kinase 2 (CK2) Phosphorylation site,MOD,Casein kinase 2 (CK2) phosphorylation site,PF00069,Pkinase,Protein kinase domain,...([ST])..E,MESSSNE,426,432,FADD_HUMAN,Homo sapiens,26253696,unknown,34,0,disordered
ELME000064,MOD_CK2_1,Casein kinase 2 (CK2) Phosphorylation site,MOD,Casein kinase 2 (CK2) phosphorylation site,PF00069,Pkinase,Protein kinase domain,...([ST])..E,MESSSNE,426,432,FMR1_MOUSE,Mus musculus,27957526,true positive,34,0,disordered
ELME000064,MOD_CK2_1,Casein kinase 2 (CK2) Phosphorylation site,MOD,Casein kinase 2 (CK2) phosphorylation site,PF00069,Pkinase,Protein kinase domain,...([ST])..E,MESSSNE,426,432,HS90B_HUMAN,Homo sapiens,25995454,true positive,34,0,disordered
ELME000064,MOD_CK2_1,Casein kinase 2 (CK2) Phosphorylation site,MOD,Casein kinase 2 (CK2) phosphorylation site,PF00069,Pkinase,Protein kinase domain,...([ST])..E,MESSSNE,426,432,IRS1_HUMAN,Homo sapiens,,unknown,34,0,disordered
ELME000064,MOD_CK2_1,Casein kinase 2 (CK2) Phosphorylation site,MOD,Casein kinase 2 (CK2) phosphorylation site,PF00069,Pkinase,Protein kinase domain,...([ST])..E,MESSSNE,426,432,IRS1_RAT,Rattus norvegicus,8349691,true positive,34,0,disordered
ELME000064,MOD_CK2_1,Casein kinase 2 (CK2) Phosphorylation site,MOD,Casein kinase 2 (CK2) phosphorylation site,PF00069,Pkinase,Protein kinase domain,...([ST])..E,MESSSNE,426,432,KDM1A_HUMAN,Homo sapiens,25999347,true positive,34,0,disordered
ELME000064,MOD_CK2_1,Casein kinase 2 (CK2) Phosphorylation site,MOD,Casein kinase 2 (CK2) phosphorylation site,PF00069,Pkinase,Protein kinase domain,...([ST])..E,MESSSNE,426,432,KS6B1_RAT,Rattus norvegicus,16895915,true positive,34,0,disordered
ELME000064,MOD_CK2_1,Casein kinase 2 (CK2) Phosphorylation site,MOD,Casein kinase 2 (CK2) phosphorylation site,PF00069,Pkinase,Protein kinase domain,...([ST])..E,MESSSNE,426,432,MUSK_RAT,Rattus norvegicus,16818610,true positive,34,0,disordered
ELME000064,MOD_CK2_1,Casein kinase 2 (CK2) Phosphorylation site,MOD,Casein kinase 2 (CK2) phosphorylation site,PF00069,Pkinase,Protein kinase domain,...([ST])..E,MESSSNE,426,432,NKX31_HUMAN,Homo sapiens,16581776,true positive,34,0,disordered
ELME000064,MOD_CK2_1,Casein kinase 2 (CK2) Phosphorylation site,MOD,Casein kinase 2 (CK2) phosphorylation site,PF00069,Pkinase,Protein kinase domain,...([ST])..E,MESSSNE,426,432,NOL3_RAT,Rattus norvegicus,12191471,true positive,34,0,disordered
ELME000064,MOD_CK2_1,Casein kinase 2 (CK2) Phosphorylation site,MOD,Casein kinase 2 (CK2) phosphorylation site,PF00069,Pkinase,Protein kinase domain,...([ST])..E,MESSSNE,426,432,OLIG2_HUMAN,Homo sapiens,28355568,true positive,34,0,disordered
ELME000064,MOD_CK2_1,Casein kinase 2 (CK2) Phosphorylation site,MOD,Casein kinase 2 (CK2) phosphorylation site,PF00069,Pkinase,Protein kinase domain,...([ST])..E,MESSSNE,426,432,OTUB1_HUMAN,Homo sapiens,25872870,true positive,34,0,disordered
ELME000064,MOD_CK2_1,Casein kinase 2 (CK2) Phosphorylation site,MOD,Casein kinase 2 (CK2) phosphorylation site,PF00069,Pkinase,Protein kinase domain,...([ST])..E,MESSSNE,426,432,PAWR_HUMAN,Homo sapiens,24457960,true positive,34,0,disordered
ELME000064,MOD_CK2_1,Casein kinase 2 (CK2) Phosphorylation site,MOD,Casein kinase 2 (CK2) phosphorylation site,PF00069,Pkinase,Protein kinase domain,...([ST])..E,MESSSNE,426,432,PAWR_RAT,Rattus norvegicus,24457960,true positive,34,0,disordered
ELME000064,MOD_CK2_1,Casein kinase 2 (CK2) Phosphorylation site,MOD,Casein kinase 2 (CK2) phosphorylation site,PF00069,Pkinase,Protein kinase domain,...([ST])..E,MESSSNE,426,432,PDX1_MOUSE,Mus musculus,28036027,true positive,34,0,disordered
ELME000064,MOD_CK2_1,Casein kinase 2 (CK2) Phosphorylation site,MOD,Casein kinase 2 (CK2) phosphorylation site,PF00069,Pkinase,Protein kinase domain,...([ST])..E,MESSSNE,426,432,PTEN_HUMAN,Homo sapiens,12788938,true positive,34,0,disordered
ELME000064,MOD_CK2_1,Casein kinase 2 (CK2) Phosphorylation site,MOD,Casein kinase 2 (CK2) phosphorylation site,PF00069,Pkinase,Protein kinase domain,...([ST])..E,MESSSNE,426,432,VPU_HV1BR,Human immunodeficiency virus type 1 (BRU ISOLATE),8139011,true positive,34,0,disordered
ELME000064,MOD_CK2_1,Casein kinase 2 (CK2) Phosphorylation site,MOD,Casein kinase 2 (CK2) phosphorylation site,PF00069,Pkinase,Protein kinase domain,...([ST])..E,MESSSNE,426,432,XRCC1_HUMAN,Homo sapiens,19155274,true positive,34,0,disordered
ELME000064,MOD_CK2_1,Casein kinase 2 (CK2) Phosphorylation site,MOD,Casein kinase 2 (CK2) phosphorylation site,PF00069,Pkinase,Protein kinase domain,...([ST])..E,MESSSNE,426,432,XRCC1_HUMAN,Homo sapiens,19155274 15066279,true positive,34,0,disordered
ELME000064,MOD_CK2_1,Casein kinase 2 (CK2) Phosphorylation site,MOD,Casein kinase 2 (CK2) phosphorylation site,PF00069,Pkinase,Protein kinase domain,...([ST])..E,DSISALE,459,465,AKT1_HUMAN,Homo sapiens,15818404,true positive,34,0,disordered
ELME000064,MOD_CK2_1,Casein kinase 2 (CK2) Phosphorylation site,MOD,Casein kinase 2 (CK2) phosphorylation site,PF00069,Pkinase,Protein kinase domain,...([ST])..E,DSISALE,459,465,AP2A_HUMAN,Homo sapiens,21777522,true positive,34,0,disordered
ELME000064,MOD_CK2_1,Casein kinase 2 (CK2) Phosphorylation site,MOD,Casein kinase 2 (CK2) phosphorylation site,PF00069,Pkinase,Protein kinase domain,...([ST])..E,DSISALE,459,465,BRMS1_HUMAN,Homo sapiens,26980766,true positive,34,0,disordered
ELME000064,MOD_CK2_1,Casein kinase 2 (CK2) Phosphorylation site,MOD,Casein kinase 2 (CK2) phosphorylation site,PF00069,Pkinase,Protein kinase domain,...([ST])..E,DSISALE,459,465,CASP9_MOUSE,Mus musculus,18467326,true positive,34,0,disordered
ELME000064,MOD_CK2_1,Casein kinase 2 (CK2) Phosphorylation site,MOD,Casein kinase 2 (CK2) phosphorylation site,PF00069,Pkinase,Protein kinase domain,...([ST])..E,DSISALE,459,465,COR1C_HUMAN,Homo sapiens,22355754,true positive,34,0,disordered
ELME000064,MOD_CK2_1,Casein kinase 2 (CK2) Phosphorylation site,MOD,Casein kinase 2 (CK2) phosphorylation site,PF00069,Pkinase,Protein kinase domain,...([ST])..E,DSISALE,459,465,DNJB2_HUMAN,Homo sapiens,28031292,true positive,34,0,disordered
ELME000064,MOD_CK2_1,Casein kinase 2 (CK2) Phosphorylation site,MOD,Casein kinase 2 (CK2) phosphorylation site,PF00069,Pkinase,Protein kinase domain,...([ST])..E,DSISALE,459,465,DOK7_MOUSE,Mus musculus,26198629,true positive,34,0,disordered
ELME000064,MOD_CK2_1,Casein kinase 2 (CK2) Phosphorylation site,MOD,Casein kinase 2 (CK2) phosphorylation site,PF00069,Pkinase,Protein kinase domain,...([ST])..E,DSISALE,459,465,EIF3J_HUMAN,Homo sapiens,25887626,true positive,34,0,disordered
ELME000064,MOD_CK2_1,Casein kinase 2 (CK2) Phosphorylation site,MOD,Casein kinase 2 (CK2) phosphorylation site,PF00069,Pkinase,Protein kinase domain,...([ST])..E,DSISALE,459,465,FADD_HUMAN,Homo sapiens,26253696,unknown,34,0,disordered
ELME000064,MOD_CK2_1,Casein kinase 2 (CK2) Phosphorylation site,MOD,Casein kinase 2 (CK2) phosphorylation site,PF00069,Pkinase,Protein kinase domain,...([ST])..E,DSISALE,459,465,FMR1_MOUSE,Mus musculus,27957526,true positive,34,0,disordered
ELME000064,MOD_CK2_1,Casein kinase 2 (CK2) Phosphorylation site,MOD,Casein kinase 2 (CK2) phosphorylation site,PF00069,Pkinase,Protein kinase domain,...([ST])..E,DSISALE,459,465,HS90B_HUMAN,Homo sapiens,25995454,true positive,34,0,disordered
ELME000064,MOD_CK2_1,Casein kinase 2 (CK2) Phosphorylation site,MOD,Casein kinase 2 (CK2) phosphorylation site,PF00069,Pkinase,Protein kinase domain,...([ST])..E,DSISALE,459,465,IRS1_HUMAN,Homo sapiens,,unknown,34,0,disordered
ELME000064,MOD_CK2_1,Casein kinase 2 (CK2) Phosphorylation site,MOD,Casein kinase 2 (CK2) phosphorylation site,PF00069,Pkinase,Protein kinase domain,...([ST])..E,DSISALE,459,465,IRS1_RAT,Rattus norvegicus,8349691,true positive,34,0,disordered
ELME000064,MOD_CK2_1,Casein kinase 2 (CK2) Phosphorylation site,MOD,Casein kinase 2 (CK2) phosphorylation site,PF00069,Pkinase,Protein kinase domain,...([ST])..E,DSISALE,459,465,KDM1A_HUMAN,Homo sapiens,25999347,true positive,34,0,disordered
ELME000064,MOD_CK2_1,Casein kinase 2 (CK2) Phosphorylation site,MOD,Casein kinase 2 (CK2) phosphorylation site,PF00069,Pkinase,Protein kinase domain,...([ST])..E,DSISALE,459,465,KS6B1_RAT,Rattus norvegicus,16895915,true positive,34,0,disordered
ELME000064,MOD_CK2_1,Casein kinase 2 (CK2) Phosphorylation site,MOD,Casein kinase 2 (CK2) phosphorylation site,PF00069,Pkinase,Protein kinase domain,...([ST])..E,DSISALE,459,465,MUSK_RAT,Rattus norvegicus,16818610,true positive,34,0,disordered
ELME000064,MOD_CK2_1,Casein kinase 2 (CK2) Phosphorylation site,MOD,Casein kinase 2 (CK2) phosphorylation site,PF00069,Pkinase,Protein kinase domain,...([ST])..E,DSISALE,459,465,NKX31_HUMAN,Homo sapiens,16581776,true positive,34,0,disordered
ELME000064,MOD_CK2_1,Casein kinase 2 (CK2) Phosphorylation site,MOD,Casein kinase 2 (CK2) phosphorylation site,PF00069,Pkinase,Protein kinase domain,...([ST])..E,DSISALE,459,465,NOL3_RAT,Rattus norvegicus,12191471,true positive,34,0,disordered
ELME000064,MOD_CK2_1,Casein kinase 2 (CK2) Phosphorylation site,MOD,Casein kinase 2 (CK2) phosphorylation site,PF00069,Pkinase,Protein kinase domain,...([ST])..E,DSISALE,459,465,OLIG2_HUMAN,Homo sapiens,28355568,true positive,34,0,disordered
ELME000064,MOD_CK2_1,Casein kinase 2 (CK2) Phosphorylation site,MOD,Casein kinase 2 (CK2) phosphorylation site,PF00069,Pkinase,Protein kinase domain,...([ST])..E,DSISALE,459,465,OTUB1_HUMAN,Homo sapiens,25872870,true positive,34,0,disordered
ELME000064,MOD_CK2_1,Casein kinase 2 (CK2) Phosphorylation site,MOD,Casein kinase 2 (CK2) phosphorylation site,PF00069,Pkinase,Protein kinase domain,...([ST])..E,DSISALE,459,465,PAWR_HUMAN,Homo sapiens,24457960,true positive,34,0,disordered
ELME000064,MOD_CK2_1,Casein kinase 2 (CK2) Phosphorylation site,MOD,Casein kinase 2 (CK2) phosphorylation site,PF00069,Pkinase,Protein kinase domain,...([ST])..E,DSISALE,459,465,PAWR_RAT,Rattus norvegicus,24457960,true positive,34,0,disordered
ELME000064,MOD_CK2_1,Casein kinase 2 (CK2) Phosphorylation site,MOD,Casein kinase 2 (CK2) phosphorylation site,PF00069,Pkinase,Protein kinase domain,...([ST])..E,DSISALE,459,465,PDX1_MOUSE,Mus musculus,28036027,true positive,34,0,disordered
ELME000064,MOD_CK2_1,Casein kinase 2 (CK2) Phosphorylation site,MOD,Casein kinase 2 (CK2) phosphorylation site,PF00069,Pkinase,Protein kinase domain,...([ST])..E,DSISALE,459,465,PTEN_HUMAN,Homo sapiens,12788938,true positive,34,0,disordered
ELME000064,MOD_CK2_1,Casein kinase 2 (CK2) Phosphorylation site,MOD,Casein kinase 2 (CK2) phosphorylation site,PF00069,Pkinase,Protein kinase domain,...([ST])..E,DSISALE,459,465,VPU_HV1BR,Human immunodeficiency virus type 1 (BRU ISOLATE),8139011,true positive,34,0,disordered
ELME000064,MOD_CK2_1,Casein kinase 2 (CK2) Phosphorylation site,MOD,Casein kinase 2 (CK2) phosphorylation site,PF00069,Pkinase,Protein kinase domain,...([ST])..E,DSISALE,459,465,XRCC1_HUMAN,Homo sapiens,19155274,true positive,34,0,disordered
ELME000064,MOD_CK2_1,Casein kinase 2 (CK2) Phosphorylation site,MOD,Casein kinase 2 (CK2) phosphorylation site,PF00069,Pkinase,Protein kinase domain,...([ST])..E,DSISALE,459,465,XRCC1_HUMAN,Homo sapiens,19155274 15066279,true positive,34,0,disordered
ELME000085,MOD_GlcNHglycan,Glycosaminoglycan attachment site,MOD,Glycosaminoglycan attachment site,PF02485,Branch,Core-2/I-Branching enzyme,"[ED]{0,3}.(S)[GA].",ISAL,461,464,SDC1_MOUSE,Mus musculus,8163535,true positive,6,0,disordered
ELME000085,MOD_GlcNHglycan,Glycosaminoglycan attachment site,MOD,Glycosaminoglycan attachment site,PF01048,PNP_UDP_1,Phosphorylase superfamily,"[ED]{0,3}.(S)[GA].",ISAL,461,464,SDC1_MOUSE,Mus musculus,8163535,true positive,6,0,disordered
ELME000085,MOD_GlcNHglycan,Glycosaminoglycan attachment site,MOD,Glycosaminoglycan attachment site,PF02485,Branch,Core-2/I-Branching enzyme,"[ED]{0,3}.(S)[GA].",ISAL,461,464,SDC_CAEEL,Caenorhabditis elegans,17369258,true positive,6,0,disordered
ELME000085,MOD_GlcNHglycan,Glycosaminoglycan attachment site,MOD,Glycosaminoglycan attachment site,PF01048,PNP_UDP_1,Phosphorylase superfamily,"[ED]{0,3}.(S)[GA].",ISAL,461,464,SDC_CAEEL,Caenorhabditis elegans,17369258,true positive,6,0,disordered
ELME000053,MOD_GSK3_1,GSK3 phosphorylation site,MOD,GSK3 phosphorylation recognition site,PF00069,Pkinase,Protein kinase domain,...([ST])...[ST],LEESPENT,352,359,ATX3_HUMAN,Homo sapiens,17434145,true positive,22,0,disordered
ELME000053,MOD_GSK3_1,GSK3 phosphorylation site,MOD,GSK3 phosphorylation recognition site,PF00069,Pkinase,Protein kinase domain,...([ST])...[ST],LEESPENT,352,359,CCNE1_HUMAN,Homo sapiens,14536078,true positive,22,0,disordered
ELME000053,MOD_GSK3_1,GSK3 phosphorylation site,MOD,GSK3 phosphorylation recognition site,PF00069,Pkinase,Protein kinase domain,...([ST])...[ST],LEESPENT,352,359,CTNB1_HUMAN,Homo sapiens,11955436 19061640 10074433,true positive,22,0,disordered
ELME000053,MOD_GSK3_1,GSK3 phosphorylation site,MOD,GSK3 phosphorylation recognition site,PF00069,Pkinase,Protein kinase domain,...([ST])...[ST],LEESPENT,352,359,CTNB1_MOUSE,Mus musculus,12417018,true positive,22,0,disordered
ELME000053,MOD_GSK3_1,GSK3 phosphorylation site,MOD,GSK3 phosphorylation recognition site,PF00069,Pkinase,Protein kinase domain,...([ST])...[ST],LEESPENT,352,359,ESR2_HUMAN,Homo sapiens,22586270,true positive,22,0,disordered
ELME000053,MOD_GSK3_1,GSK3 phosphorylation site,MOD,GSK3 phosphorylation recognition site,PF00069,Pkinase,Protein kinase domain,...([ST])...[ST],LEESPENT,352,359,FGD1_HUMAN,Homo sapiens,15743413,true positive,22,0,disordered
ELME000053,MOD_GSK3_1,GSK3 phosphorylation site,MOD,GSK3 phosphorylation recognition site,PF00069,Pkinase,Protein kinase domain,...([ST])...[ST],LEESPENT,352,359,FGD3_HUMAN,Homo sapiens,18363964,true positive,22,0,disordered
ELME000053,MOD_GSK3_1,GSK3 phosphorylation site,MOD,GSK3 phosphorylation recognition site,PF00069,Pkinase,Protein kinase domain,...([ST])...[ST],LEESPENT,352,359,HSF1_HUMAN,Homo sapiens,8940068,true positive,22,0,disordered
ELME000053,MOD_GSK3_1,GSK3 phosphorylation site,MOD,GSK3 phosphorylation recognition site,PF00069,Pkinase,Protein kinase domain,...([ST])...[ST],LEESPENT,352,359,JUN_HUMAN,Homo sapiens,1846781,true positive,22,0,disordered
ELME000053,MOD_GSK3_1,GSK3 phosphorylation site,MOD,GSK3 phosphorylation recognition site,PF00069,Pkinase,Protein kinase domain,...([ST])...[ST],LEESPENT,352,359,MK67I_HUMAN,Homo sapiens,16244663,true positive,22,0,disordered
ELME000053,MOD_GSK3_1,GSK3 phosphorylation site,MOD,GSK3 phosphorylation recognition site,PF00069,Pkinase,Protein kinase domain,...([ST])...[ST],LEESPENT,352,359,MYC_HUMAN,Homo sapiens,14563837,true positive,22,0,disordered
ELME000053,MOD_GSK3_1,GSK3 phosphorylation site,MOD,GSK3 phosphorylation recognition site,PF00069,Pkinase,Protein kinase domain,...([ST])...[ST],LEESPENT,352,359,NFAC1_HUMAN,Homo sapiens,12351631,true positive,22,0,disordered
ELME000053,MOD_GSK3_1,GSK3 phosphorylation site,MOD,GSK3 phosphorylation recognition site,PF00069,Pkinase,Protein kinase domain,...([ST])...[ST],LEESPENT,352,359,P53_HUMAN,Homo sapiens,11483158,true positive,22,0,disordered
ELME000053,MOD_GSK3_1,GSK3 phosphorylation site,MOD,GSK3 phosphorylation recognition site,PF00069,Pkinase,Protein kinase domain,...([ST])...[ST],LEESPENT,352,359,SMAD1_HUMAN,Homo sapiens,17289590,true positive,22,0,disordered
ELME000053,MOD_GSK3_1,GSK3 phosphorylation site,MOD,GSK3 phosphorylation recognition site,PF00069,Pkinase,Protein kinase domain,...([ST])...[ST],LEESPENT,352,359,SMAD1_HUMAN,Homo sapiens,18045539,true positive,22,0,disordered
ELME000053,MOD_GSK3_1,GSK3 phosphorylation site,MOD,GSK3 phosphorylation recognition site,PF00069,Pkinase,Protein kinase domain,...([ST])...[ST],LEESPENT,352,359,SMAD3_HUMAN,Homo sapiens,19218245,true positive,22,0,disordered
ELME000053,MOD_GSK3_1,GSK3 phosphorylation site,MOD,GSK3 phosphorylation recognition site,PF00069,Pkinase,Protein kinase domain,...([ST])...[ST],LEESPENT,352,359,SNAI1_HUMAN,Homo sapiens,15448698,true positive,22,0,disordered
ELME000053,MOD_GSK3_1,GSK3 phosphorylation site,MOD,GSK3 phosphorylation recognition site,PF00069,Pkinase,Protein kinase domain,...([ST])...[ST],DTISMESS,422,429,ATX3_HUMAN,Homo sapiens,17434145,true positive,22,0,disordered
ELME000053,MOD_GSK3_1,GSK3 phosphorylation site,MOD,GSK3 phosphorylation recognition site,PF00069,Pkinase,Protein kinase domain,...([ST])...[ST],DTISMESS,422,429,CCNE1_HUMAN,Homo sapiens,14536078,true positive,22,0,disordered
ELME000053,MOD_GSK3_1,GSK3 phosphorylation site,MOD,GSK3 phosphorylation recognition site,PF00069,Pkinase,Protein kinase domain,...([ST])...[ST],DTISMESS,422,429,CTNB1_HUMAN,Homo sapiens,11955436 19061640 10074433,true positive,22,0,disordered
ELME000053,MOD_GSK3_1,GSK3 phosphorylation site,MOD,GSK3 phosphorylation recognition site,PF00069,Pkinase,Protein kinase domain,...([ST])...[ST],DTISMESS,422,429,CTNB1_MOUSE,Mus musculus,12417018,true positive,22,0,disordered
ELME000053,MOD_GSK3_1,GSK3 phosphorylation site,MOD,GSK3 phosphorylation recognition site,PF00069,Pkinase,Protein kinase domain,...([ST])...[ST],DTISMESS,422,429,ESR2_HUMAN,Homo sapiens,22586270,true positive,22,0,disordered
ELME000053,MOD_GSK3_1,GSK3 phosphorylation site,MOD,GSK3 phosphorylation recognition site,PF00069,Pkinase,Protein kinase domain,...([ST])...[ST],DTISMESS,422,429,FGD1_HUMAN,Homo sapiens,15743413,true positive,22,0,disordered
ELME000053,MOD_GSK3_1,GSK3 phosphorylation site,MOD,GSK3 phosphorylation recognition site,PF00069,Pkinase,Protein kinase domain,...([ST])...[ST],DTISMESS,422,429,FGD3_HUMAN,Homo sapiens,18363964,true positive,22,0,disordered
ELME000053,MOD_GSK3_1,GSK3 phosphorylation site,MOD,GSK3 phosphorylation recognition site,PF00069,Pkinase,Protein kinase domain,...([ST])...[ST],DTISMESS,422,429,HSF1_HUMAN,Homo sapiens,8940068,true positive,22,0,disordered
ELME000053,MOD_GSK3_1,GSK3 phosphorylation site,MOD,GSK3 phosphorylation recognition site,PF00069,Pkinase,Protein kinase domain,...([ST])...[ST],DTISMESS,422,429,JUN_HUMAN,Homo sapiens,1846781,true positive,22,0,disordered
ELME000053,MOD_GSK3_1,GSK3 phosphorylation site,MOD,GSK3 phosphorylation recognition site,PF00069,Pkinase,Protein kinase domain,...([ST])...[ST],DTISMESS,422,429,MK67I_HUMAN,Homo sapiens,16244663,true positive,22,0,disordered
ELME000053,MOD_GSK3_1,GSK3 phosphorylation site,MOD,GSK3 phosphorylation recognition site,PF00069,Pkinase,Protein kinase domain,...([ST])...[ST],DTISMESS,422,429,MYC_HUMAN,Homo sapiens,14563837,true positive,22,0,disordered
ELME000053,MOD_GSK3_1,GSK3 phosphorylation site,MOD,GSK3 phosphorylation recognition site,PF00069,Pkinase,Protein kinase domain,...([ST])...[ST],DTISMESS,422,429,NFAC1_HUMAN,Homo sapiens,12351631,true positive,22,0,disordered
ELME000053,MOD_GSK3_1,GSK3 phosphorylation site,MOD,GSK3 phosphorylation recognition site,PF00069,Pkinase,Protein kinase domain,...([ST])...[ST],DTISMESS,422,429,P53_HUMAN,Homo sapiens,11483158,true positive,22,0,disordered
ELME000053,MOD_GSK3_1,GSK3 phosphorylation site,MOD,GSK3 phosphorylation recognition site,PF00069,Pkinase,Protein kinase domain,...([ST])...[ST],DTISMESS,422,429,SMAD1_HUMAN,Homo sapiens,17289590,true positive,22,0,disordered
ELME000053,MOD_GSK3_1,GSK3 phosphorylation site,MOD,GSK3 phosphorylation recognition site,PF00069,Pkinase,Protein kinase domain,...([ST])...[ST],DTISMESS,422,429,SMAD1_HUMAN,Homo sapiens,18045539,true positive,22,0,disordered
ELME000053,MOD_GSK3_1,GSK3 phosphorylation site,MOD,GSK3 phosphorylation recognition site,PF00069,Pkinase,Protein kinase domain,...([ST])...[ST],DTISMESS,422,429,SMAD3_HUMAN,Homo sapiens,19218245,true positive,22,0,disordered
ELME000053,MOD_GSK3_1,GSK3 phosphorylation site,MOD,GSK3 phosphorylation recognition site,PF00069,Pkinase,Protein kinase domain,...([ST])...[ST],DTISMESS,422,429,SNAI1_HUMAN,Homo sapiens,15448698,true positive,22,0,disordered
ELME000053,MOD_GSK3_1,GSK3 phosphorylation site,MOD,GSK3 phosphorylation recognition site,PF00069,Pkinase,Protein kinase domain,...([ST])...[ST],MESSSNET,426,433,ATX3_HUMAN,Homo sapiens,17434145,true positive,22,0,disordered
ELME000053,MOD_GSK3_1,GSK3 phosphorylation site,MOD,GSK3 phosphorylation recognition site,PF00069,Pkinase,Protein kinase domain,...([ST])...[ST],MESSSNET,426,433,CCNE1_HUMAN,Homo sapiens,14536078,true positive,22,0,disordered
ELME000053,MOD_GSK3_1,GSK3 phosphorylation site,MOD,GSK3 phosphorylation recognition site,PF00069,Pkinase,Protein kinase domain,...([ST])...[ST],MESSSNET,426,433,CTNB1_HUMAN,Homo sapiens,11955436 19061640 10074433,true positive,22,0,disordered
ELME000053,MOD_GSK3_1,GSK3 phosphorylation site,MOD,GSK3 phosphorylation recognition site,PF00069,Pkinase,Protein kinase domain,...([ST])...[ST],MESSSNET,426,433,CTNB1_MOUSE,Mus musculus,12417018,true positive,22,0,disordered
ELME000053,MOD_GSK3_1,GSK3 phosphorylation site,MOD,GSK3 phosphorylation recognition site,PF00069,Pkinase,Protein kinase domain,...([ST])...[ST],MESSSNET,426,433,ESR2_HUMAN,Homo sapiens,22586270,true positive,22,0,disordered
ELME000053,MOD_GSK3_1,GSK3 phosphorylation site,MOD,GSK3 phosphorylation recognition site,PF00069,Pkinase,Protein kinase domain,...([ST])...[ST],MESSSNET,426,433,FGD1_HUMAN,Homo sapiens,15743413,true positive,22,0,disordered
ELME000053,MOD_GSK3_1,GSK3 phosphorylation site,MOD,GSK3 phosphorylation recognition site,PF00069,Pkinase,Protein kinase domain,...([ST])...[ST],MESSSNET,426,433,FGD3_HUMAN,Homo sapiens,18363964,true positive,22,0,disordered
ELME000053,MOD_GSK3_1,GSK3 phosphorylation site,MOD,GSK3 phosphorylation recognition site,PF00069,Pkinase,Protein kinase domain,...([ST])...[ST],MESSSNET,426,433,HSF1_HUMAN,Homo sapiens,8940068,true positive,22,0,disordered
ELME000053,MOD_GSK3_1,GSK3 phosphorylation site,MOD,GSK3 phosphorylation recognition site,PF00069,Pkinase,Protein kinase domain,...([ST])...[ST],MESSSNET,426,433,JUN_HUMAN,Homo sapiens,1846781,true positive,22,0,disordered
ELME000053,MOD_GSK3_1,GSK3 phosphorylation site,MOD,GSK3 phosphorylation recognition site,PF00069,Pkinase,Protein kinase domain,...([ST])...[ST],MESSSNET,426,433,MK67I_HUMAN,Homo sapiens,16244663,true positive,22,0,disordered
ELME000053,MOD_GSK3_1,GSK3 phosphorylation site,MOD,GSK3 phosphorylation recognition site,PF00069,Pkinase,Protein kinase domain,...([ST])...[ST],MESSSNET,426,433,MYC_HUMAN,Homo sapiens,14563837,true positive,22,0,disordered
ELME000053,MOD_GSK3_1,GSK3 phosphorylation site,MOD,GSK3 phosphorylation recognition site,PF00069,Pkinase,Protein kinase domain,...([ST])...[ST],MESSSNET,426,433,NFAC1_HUMAN,Homo sapiens,12351631,true positive,22,0,disordered
ELME000053,MOD_GSK3_1,GSK3 phosphorylation site,MOD,GSK3 phosphorylation recognition site,PF00069,Pkinase,Protein kinase domain,...([ST])...[ST],MESSSNET,426,433,P53_HUMAN,Homo sapiens,11483158,true positive,22,0,disordered
ELME000053,MOD_GSK3_1,GSK3 phosphorylation site,MOD,GSK3 phosphorylation recognition site,PF00069,Pkinase,Protein kinase domain,...([ST])...[ST],MESSSNET,426,433,SMAD1_HUMAN,Homo sapiens,17289590,true positive,22,0,disordered
ELME000053,MOD_GSK3_1,GSK3 phosphorylation site,MOD,GSK3 phosphorylation recognition site,PF00069,Pkinase,Protein kinase domain,...([ST])...[ST],MESSSNET,426,433,SMAD1_HUMAN,Homo sapiens,18045539,true positive,22,0,disordered
ELME000053,MOD_GSK3_1,GSK3 phosphorylation site,MOD,GSK3 phosphorylation recognition site,PF00069,Pkinase,Protein kinase domain,...([ST])...[ST],MESSSNET,426,433,SMAD3_HUMAN,Homo sapiens,19218245,true positive,22,0,disordered
ELME000053,MOD_GSK3_1,GSK3 phosphorylation site,MOD,GSK3 phosphorylation recognition site,PF00069,Pkinase,Protein kinase domain,...([ST])...[ST],MESSSNET,426,433,SNAI1_HUMAN,Homo sapiens,15448698,true positive,22,0,disordered
ELME000053,MOD_GSK3_1,GSK3 phosphorylation site,MOD,GSK3 phosphorylation recognition site,PF00069,Pkinase,Protein kinase domain,...([ST])...[ST],ALRTIFRT,436,443,ATX3_HUMAN,Homo sapiens,17434145,true positive,22,0,disordered
ELME000053,MOD_GSK3_1,GSK3 phosphorylation site,MOD,GSK3 phosphorylation recognition site,PF00069,Pkinase,Protein kinase domain,...([ST])...[ST],ALRTIFRT,436,443,CCNE1_HUMAN,Homo sapiens,14536078,true positive,22,0,disordered
ELME000053,MOD_GSK3_1,GSK3 phosphorylation site,MOD,GSK3 phosphorylation recognition site,PF00069,Pkinase,Protein kinase domain,...([ST])...[ST],ALRTIFRT,436,443,CTNB1_HUMAN,Homo sapiens,11955436 19061640 10074433,true positive,22,0,disordered
ELME000053,MOD_GSK3_1,GSK3 phosphorylation site,MOD,GSK3 phosphorylation recognition site,PF00069,Pkinase,Protein kinase domain,...([ST])...[ST],ALRTIFRT,436,443,CTNB1_MOUSE,Mus musculus,12417018,true positive,22,0,disordered
ELME000053,MOD_GSK3_1,GSK3 phosphorylation site,MOD,GSK3 phosphorylation recognition site,PF00069,Pkinase,Protein kinase domain,...([ST])...[ST],ALRTIFRT,436,443,ESR2_HUMAN,Homo sapiens,22586270,true positive,22,0,disordered
ELME000053,MOD_GSK3_1,GSK3 phosphorylation site,MOD,GSK3 phosphorylation recognition site,PF00069,Pkinase,Protein kinase domain,...([ST])...[ST],ALRTIFRT,436,443,FGD1_HUMAN,Homo sapiens,15743413,true positive,22,0,disordered
ELME000053,MOD_GSK3_1,GSK3 phosphorylation site,MOD,GSK3 phosphorylation recognition site,PF00069,Pkinase,Protein kinase domain,...([ST])...[ST],ALRTIFRT,436,443,FGD3_HUMAN,Homo sapiens,18363964,true positive,22,0,disordered
ELME000053,MOD_GSK3_1,GSK3 phosphorylation site,MOD,GSK3 phosphorylation recognition site,PF00069,Pkinase,Protein kinase domain,...([ST])...[ST],ALRTIFRT,436,443,HSF1_HUMAN,Homo sapiens,8940068,true positive,22,0,disordered
ELME000053,MOD_GSK3_1,GSK3 phosphorylation site,MOD,GSK3 phosphorylation recognition site,PF00069,Pkinase,Protein kinase domain,...([ST])...[ST],ALRTIFRT,436,443,JUN_HUMAN,Homo sapiens,1846781,true positive,22,0,disordered
ELME000053,MOD_GSK3_1,GSK3 phosphorylation site,MOD,GSK3 phosphorylation recognition site,PF00069,Pkinase,Protein kinase domain,...([ST])...[ST],ALRTIFRT,436,443,MK67I_HUMAN,Homo sapiens,16244663,true positive,22,0,disordered
ELME000053,MOD_GSK3_1,GSK3 phosphorylation site,MOD,GSK3 phosphorylation recognition site,PF00069,Pkinase,Protein kinase domain,...([ST])...[ST],ALRTIFRT,436,443,MYC_HUMAN,Homo sapiens,14563837,true positive,22,0,disordered
ELME000053,MOD_GSK3_1,GSK3 phosphorylation site,MOD,GSK3 phosphorylation recognition site,PF00069,Pkinase,Protein kinase domain,...([ST])...[ST],ALRTIFRT,436,443,NFAC1_HUMAN,Homo sapiens,12351631,true positive,22,0,disordered
ELME000053,MOD_GSK3_1,GSK3 phosphorylation site,MOD,GSK3 phosphorylation recognition site,PF00069,Pkinase,Protein kinase domain,...([ST])...[ST],ALRTIFRT,436,443,P53_HUMAN,Homo sapiens,11483158,true positive,22,0,disordered
ELME000053,MOD_GSK3_1,GSK3 phosphorylation site,MOD,GSK3 phosphorylation recognition site,PF00069,Pkinase,Protein kinase domain,...([ST])...[ST],ALRTIFRT,436,443,SMAD1_HUMAN,Homo sapiens,17289590,true positive,22,0,disordered
ELME000053,MOD_GSK3_1,GSK3 phosphorylation site,MOD,GSK3 phosphorylation recognition site,PF00069,Pkinase,Protein kinase domain,...([ST])...[ST],ALRTIFRT,436,443,SMAD1_HUMAN,Homo sapiens,18045539,true positive,22,0,disordered
ELME000053,MOD_GSK3_1,GSK3 phosphorylation site,MOD,GSK3 phosphorylation recognition site,PF00069,Pkinase,Protein kinase domain,...([ST])...[ST],ALRTIFRT,436,443,SMAD3_HUMAN,Homo sapiens,19218245,true positive,22,0,disordered
ELME000053,MOD_GSK3_1,GSK3 phosphorylation site,MOD,GSK3 phosphorylation recognition site,PF00069,Pkinase,Protein kinase domain,...([ST])...[ST],ALRTIFRT,436,443,SNAI1_HUMAN,Homo sapiens,15448698,true positive,22,0,disordered
ELME000053,MOD_GSK3_1,GSK3 phosphorylation site,MOD,GSK3 phosphorylation recognition site,PF00069,Pkinase,Protein kinase domain,...([ST])...[ST],STSTDVDS,453,460,ATX3_HUMAN,Homo sapiens,17434145,true positive,22,0,disordered
ELME000053,MOD_GSK3_1,GSK3 phosphorylation site,MOD,GSK3 phosphorylation recognition site,PF00069,Pkinase,Protein kinase domain,...([ST])...[ST],STSTDVDS,453,460,CCNE1_HUMAN,Homo sapiens,14536078,true positive,22,0,disordered
ELME000053,MOD_GSK3_1,GSK3 phosphorylation site,MOD,GSK3 phosphorylation recognition site,PF00069,Pkinase,Protein kinase domain,...([ST])...[ST],STSTDVDS,453,460,CTNB1_HUMAN,Homo sapiens,11955436 19061640 10074433,true positive,22,0,disordered
ELME000053,MOD_GSK3_1,GSK3 phosphorylation site,MOD,GSK3 phosphorylation recognition site,PF00069,Pkinase,Protein kinase domain,...([ST])...[ST],STSTDVDS,453,460,CTNB1_MOUSE,Mus musculus,12417018,true positive,22,0,disordered
ELME000053,MOD_GSK3_1,GSK3 phosphorylation site,MOD,GSK3 phosphorylation recognition site,PF00069,Pkinase,Protein kinase domain,...([ST])...[ST],STSTDVDS,453,460,ESR2_HUMAN,Homo sapiens,22586270,true positive,22,0,disordered
ELME000053,MOD_GSK3_1,GSK3 phosphorylation site,MOD,GSK3 phosphorylation recognition site,PF00069,Pkinase,Protein kinase domain,...([ST])...[ST],STSTDVDS,453,460,FGD1_HUMAN,Homo sapiens,15743413,true positive,22,0,disordered
ELME000053,MOD_GSK3_1,GSK3 phosphorylation site,MOD,GSK3 phosphorylation recognition site,PF00069,Pkinase,Protein kinase domain,...([ST])...[ST],STSTDVDS,453,460,FGD3_HUMAN,Homo sapiens,18363964,true positive,22,0,disordered
ELME000053,MOD_GSK3_1,GSK3 phosphorylation site,MOD,GSK3 phosphorylation recognition site,PF00069,Pkinase,Protein kinase domain,...([ST])...[ST],STSTDVDS,453,460,HSF1_HUMAN,Homo sapiens,8940068,true positive,22,0,disordered
ELME000053,MOD_GSK3_1,GSK3 phosphorylation site,MOD,GSK3 phosphorylation recognition site,PF00069,Pkinase,Protein kinase domain,...([ST])...[ST],STSTDVDS,453,460,JUN_HUMAN,Homo sapiens,1846781,true positive,22,0,disordered
ELME000053,MOD_GSK3_1,GSK3 phosphorylation site,MOD,GSK3 phosphorylation recognition site,PF00069,Pkinase,Protein kinase domain,...([ST])...[ST],STSTDVDS,453,460,MK67I_HUMAN,Homo sapiens,16244663,true positive,22,0,disordered
ELME000053,MOD_GSK3_1,GSK3 phosphorylation site,MOD,GSK3 phosphorylation recognition site,PF00069,Pkinase,Protein kinase domain,...([ST])...[ST],STSTDVDS,453,460,MYC_HUMAN,Homo sapiens,14563837,true positive,22,0,disordered
ELME000053,MOD_GSK3_1,GSK3 phosphorylation site,MOD,GSK3 phosphorylation recognition site,PF00069,Pkinase,Protein kinase domain,...([ST])...[ST],STSTDVDS,453,460,NFAC1_HUMAN,Homo sapiens,12351631,true positive,22,0,disordered
ELME000053,MOD_GSK3_1,GSK3 phosphorylation site,MOD,GSK3 phosphorylation recognition site,PF00069,Pkinase,Protein kinase domain,...([ST])...[ST],STSTDVDS,453,460,P53_HUMAN,Homo sapiens,11483158,true positive,22,0,disordered
ELME000053,MOD_GSK3_1,GSK3 phosphorylation site,MOD,GSK3 phosphorylation recognition site,PF00069,Pkinase,Protein kinase domain,...([ST])...[ST],STSTDVDS,453,460,SMAD1_HUMAN,Homo sapiens,17289590,true positive,22,0,disordered
ELME000053,MOD_GSK3_1,GSK3 phosphorylation site,MOD,GSK3 phosphorylation recognition site,PF00069,Pkinase,Protein kinase domain,...([ST])...[ST],STSTDVDS,453,460,SMAD1_HUMAN,Homo sapiens,18045539,true positive,22,0,disordered
ELME000053,MOD_GSK3_1,GSK3 phosphorylation site,MOD,GSK3 phosphorylation recognition site,PF00069,Pkinase,Protein kinase domain,...([ST])...[ST],STSTDVDS,453,460,SMAD3_HUMAN,Homo sapiens,19218245,true positive,22,0,disordered
ELME000053,MOD_GSK3_1,GSK3 phosphorylation site,MOD,GSK3 phosphorylation recognition site,PF00069,Pkinase,Protein kinase domain,...([ST])...[ST],STSTDVDS,453,460,SNAI1_HUMAN,Homo sapiens,15448698,true positive,22,0,disordered
ELME000053,MOD_GSK3_1,GSK3 phosphorylation site,MOD,GSK3 phosphorylation recognition site,PF00069,Pkinase,Protein kinase domain,...([ST])...[ST],DSISALES,459,466,ATX3_HUMAN,Homo sapiens,17434145,true positive,22,0,disordered
ELME000053,MOD_GSK3_1,GSK3 phosphorylation site,MOD,GSK3 phosphorylation recognition site,PF00069,Pkinase,Protein kinase domain,...([ST])...[ST],DSISALES,459,466,CCNE1_HUMAN,Homo sapiens,14536078,true positive,22,0,disordered
ELME000053,MOD_GSK3_1,GSK3 phosphorylation site,MOD,GSK3 phosphorylation recognition site,PF00069,Pkinase,Protein kinase domain,...([ST])...[ST],DSISALES,459,466,CTNB1_HUMAN,Homo sapiens,11955436 19061640 10074433,true positive,22,0,disordered
ELME000053,MOD_GSK3_1,GSK3 phosphorylation site,MOD,GSK3 phosphorylation recognition site,PF00069,Pkinase,Protein kinase domain,...([ST])...[ST],DSISALES,459,466,CTNB1_MOUSE,Mus musculus,12417018,true positive,22,0,disordered
ELME000053,MOD_GSK3_1,GSK3 phosphorylation site,MOD,GSK3 phosphorylation recognition site,PF00069,Pkinase,Protein kinase domain,...([ST])...[ST],DSISALES,459,466,ESR2_HUMAN,Homo sapiens,22586270,true positive,22,0,disordered
ELME000053,MOD_GSK3_1,GSK3 phosphorylation site,MOD,GSK3 phosphorylation recognition site,PF00069,Pkinase,Protein kinase domain,...([ST])...[ST],DSISALES,459,466,FGD1_HUMAN,Homo sapiens,15743413,true positive,22,0,disordered
ELME000053,MOD_GSK3_1,GSK3 phosphorylation site,MOD,GSK3 phosphorylation recognition site,PF00069,Pkinase,Protein kinase domain,...([ST])...[ST],DSISALES,459,466,FGD3_HUMAN,Homo sapiens,18363964,true positive,22,0,disordered
ELME000053,MOD_GSK3_1,GSK3 phosphorylation site,MOD,GSK3 phosphorylation recognition site,PF00069,Pkinase,Protein kinase domain,...([ST])...[ST],DSISALES,459,466,HSF1_HUMAN,Homo sapiens,8940068,true positive,22,0,disordered
ELME000053,MOD_GSK3_1,GSK3 phosphorylation site,MOD,GSK3 phosphorylation recognition site,PF00069,Pkinase,Protein kinase domain,...([ST])...[ST],DSISALES,459,466,JUN_HUMAN,Homo sapiens,1846781,true positive,22,0,disordered
ELME000053,MOD_GSK3_1,GSK3 phosphorylation site,MOD,GSK3 phosphorylation recognition site,PF00069,Pkinase,Protein kinase domain,...([ST])...[ST],DSISALES,459,466,MK67I_HUMAN,Homo sapiens,16244663,true positive,22,0,disordered
ELME000053,MOD_GSK3_1,GSK3 phosphorylation site,MOD,GSK3 phosphorylation recognition site,PF00069,Pkinase,Protein kinase domain,...([ST])...[ST],DSISALES,459,466,MYC_HUMAN,Homo sapiens,14563837,true positive,22,0,disordered
ELME000053,MOD_GSK3_1,GSK3 phosphorylation site,MOD,GSK3 phosphorylation recognition site,PF00069,Pkinase,Protein kinase domain,...([ST])...[ST],DSISALES,459,466,NFAC1_HUMAN,Homo sapiens,12351631,true positive,22,0,disordered
ELME000053,MOD_GSK3_1,GSK3 phosphorylation site,MOD,GSK3 phosphorylation recognition site,PF00069,Pkinase,Protein kinase domain,...([ST])...[ST],DSISALES,459,466,P53_HUMAN,Homo sapiens,11483158,true positive,22,0,disordered
ELME000053,MOD_GSK3_1,GSK3 phosphorylation site,MOD,GSK3 phosphorylation recognition site,PF00069,Pkinase,Protein kinase domain,...([ST])...[ST],DSISALES,459,466,SMAD1_HUMAN,Homo sapiens,17289590,true positive,22,0,disordered
ELME000053,MOD_GSK3_1,GSK3 phosphorylation site,MOD,GSK3 phosphorylation recognition site,PF00069,Pkinase,Protein kinase domain,...([ST])...[ST],DSISALES,459,466,SMAD1_HUMAN,Homo sapiens,18045539,true positive,22,0,disordered
ELME000053,MOD_GSK3_1,GSK3 phosphorylation site,MOD,GSK3 phosphorylation recognition site,PF00069,Pkinase,Protein kinase domain,...([ST])...[ST],DSISALES,459,466,SMAD3_HUMAN,Homo sapiens,19218245,true positive,22,0,disordered
ELME000053,MOD_GSK3_1,GSK3 phosphorylation site,MOD,GSK3 phosphorylation recognition site,PF00069,Pkinase,Protein kinase domain,...([ST])...[ST],DSISALES,459,466,SNAI1_HUMAN,Homo sapiens,15448698,true positive,22,0,disordered
ELME000053,MOD_GSK3_1,GSK3 phosphorylation site,MOD,GSK3 phosphorylation recognition site,PF00069,Pkinase,Protein kinase domain,...([ST])...[ST],ALESCDST,463,470,ATX3_HUMAN,Homo sapiens,17434145,true positive,22,0,disordered
ELME000053,MOD_GSK3_1,GSK3 phosphorylation site,MOD,GSK3 phosphorylation recognition site,PF00069,Pkinase,Protein kinase domain,...([ST])...[ST],ALESCDST,463,470,CCNE1_HUMAN,Homo sapiens,14536078,true positive,22,0,disordered
ELME000053,MOD_GSK3_1,GSK3 phosphorylation site,MOD,GSK3 phosphorylation recognition site,PF00069,Pkinase,Protein kinase domain,...([ST])...[ST],ALESCDST,463,470,CTNB1_HUMAN,Homo sapiens,11955436 19061640 10074433,true positive,22,0,disordered
ELME000053,MOD_GSK3_1,GSK3 phosphorylation site,MOD,GSK3 phosphorylation recognition site,PF00069,Pkinase,Protein kinase domain,...([ST])...[ST],ALESCDST,463,470,CTNB1_MOUSE,Mus musculus,12417018,true positive,22,0,disordered
ELME000053,MOD_GSK3_1,GSK3 phosphorylation site,MOD,GSK3 phosphorylation recognition site,PF00069,Pkinase,Protein kinase domain,...([ST])...[ST],ALESCDST,463,470,ESR2_HUMAN,Homo sapiens,22586270,true positive,22,0,disordered
ELME000053,MOD_GSK3_1,GSK3 phosphorylation site,MOD,GSK3 phosphorylation recognition site,PF00069,Pkinase,Protein kinase domain,...([ST])...[ST],ALESCDST,463,470,FGD1_HUMAN,Homo sapiens,15743413,true positive,22,0,disordered
ELME000053,MOD_GSK3_1,GSK3 phosphorylation site,MOD,GSK3 phosphorylation recognition site,PF00069,Pkinase,Protein kinase domain,...([ST])...[ST],ALESCDST,463,470,FGD3_HUMAN,Homo sapiens,18363964,true positive,22,0,disordered
ELME000053,MOD_GSK3_1,GSK3 phosphorylation site,MOD,GSK3 phosphorylation recognition site,PF00069,Pkinase,Protein kinase domain,...([ST])...[ST],ALESCDST,463,470,HSF1_HUMAN,Homo sapiens,8940068,true positive,22,0,disordered
ELME000053,MOD_GSK3_1,GSK3 phosphorylation site,MOD,GSK3 phosphorylation recognition site,PF00069,Pkinase,Protein kinase domain,...([ST])...[ST],ALESCDST,463,470,JUN_HUMAN,Homo sapiens,1846781,true positive,22,0,disordered
ELME000053,MOD_GSK3_1,GSK3 phosphorylation site,MOD,GSK3 phosphorylation recognition site,PF00069,Pkinase,Protein kinase domain,...([ST])...[ST],ALESCDST,463,470,MK67I_HUMAN,Homo sapiens,16244663,true positive,22,0,disordered
ELME000053,MOD_GSK3_1,GSK3 phosphorylation site,MOD,GSK3 phosphorylation recognition site,PF00069,Pkinase,Protein kinase domain,...([ST])...[ST],ALESCDST,463,470,MYC_HUMAN,Homo sapiens,14563837,true positive,22,0,disordered
ELME000053,MOD_GSK3_1,GSK3 phosphorylation site,MOD,GSK3 phosphorylation recognition site,PF00069,Pkinase,Protein kinase domain,...([ST])...[ST],ALESCDST,463,470,NFAC1_HUMAN,Homo sapiens,12351631,true positive,22,0,disordered
ELME000053,MOD_GSK3_1,GSK3 phosphorylation site,MOD,GSK3 phosphorylation recognition site,PF00069,Pkinase,Protein kinase domain,...([ST])...[ST],ALESCDST,463,470,P53_HUMAN,Homo sapiens,11483158,true positive,22,0,disordered
ELME000053,MOD_GSK3_1,GSK3 phosphorylation site,MOD,GSK3 phosphorylation recognition site,PF00069,Pkinase,Protein kinase domain,...([ST])...[ST],ALESCDST,463,470,SMAD1_HUMAN,Homo sapiens,17289590,true positive,22,0,disordered
ELME000053,MOD_GSK3_1,GSK3 phosphorylation site,MOD,GSK3 phosphorylation recognition site,PF00069,Pkinase,Protein kinase domain,...([ST])...[ST],ALESCDST,463,470,SMAD1_HUMAN,Homo sapiens,18045539,true positive,22,0,disordered
ELME000053,MOD_GSK3_1,GSK3 phosphorylation site,MOD,GSK3 phosphorylation recognition site,PF00069,Pkinase,Protein kinase domain,...([ST])...[ST],ALESCDST,463,470,SMAD3_HUMAN,Homo sapiens,19218245,true positive,22,0,disordered
ELME000053,MOD_GSK3_1,GSK3 phosphorylation site,MOD,GSK3 phosphorylation recognition site,PF00069,Pkinase,Protein kinase domain,...([ST])...[ST],ALESCDST,463,470,SNAI1_HUMAN,Homo sapiens,15448698,true positive,22,0,disordered
ELME000053,MOD_GSK3_1,GSK3 phosphorylation site,MOD,GSK3 phosphorylation recognition site,PF00069,Pkinase,Protein kinase domain,...([ST])...[ST],DSTSDARS,468,475,ATX3_HUMAN,Homo sapiens,17434145,true positive,22,0,disordered
ELME000053,MOD_GSK3_1,GSK3 phosphorylation site,MOD,GSK3 phosphorylation recognition site,PF00069,Pkinase,Protein kinase domain,...([ST])...[ST],DSTSDARS,468,475,CCNE1_HUMAN,Homo sapiens,14536078,true positive,22,0,disordered
ELME000053,MOD_GSK3_1,GSK3 phosphorylation site,MOD,GSK3 phosphorylation recognition site,PF00069,Pkinase,Protein kinase domain,...([ST])...[ST],DSTSDARS,468,475,CTNB1_HUMAN,Homo sapiens,11955436 19061640 10074433,true positive,22,0,disordered
ELME000053,MOD_GSK3_1,GSK3 phosphorylation site,MOD,GSK3 phosphorylation recognition site,PF00069,Pkinase,Protein kinase domain,...([ST])...[ST],DSTSDARS,468,475,CTNB1_MOUSE,Mus musculus,12417018,true positive,22,0,disordered
ELME000053,MOD_GSK3_1,GSK3 phosphorylation site,MOD,GSK3 phosphorylation recognition site,PF00069,Pkinase,Protein kinase domain,...([ST])...[ST],DSTSDARS,468,475,ESR2_HUMAN,Homo sapiens,22586270,true positive,22,0,disordered
ELME000053,MOD_GSK3_1,GSK3 phosphorylation site,MOD,GSK3 phosphorylation recognition site,PF00069,Pkinase,Protein kinase domain,...([ST])...[ST],DSTSDARS,468,475,FGD1_HUMAN,Homo sapiens,15743413,true positive,22,0,disordered
ELME000053,MOD_GSK3_1,GSK3 phosphorylation site,MOD,GSK3 phosphorylation recognition site,PF00069,Pkinase,Protein kinase domain,...([ST])...[ST],DSTSDARS,468,475,FGD3_HUMAN,Homo sapiens,18363964,true positive,22,0,disordered
ELME000053,MOD_GSK3_1,GSK3 phosphorylation site,MOD,GSK3 phosphorylation recognition site,PF00069,Pkinase,Protein kinase domain,...([ST])...[ST],DSTSDARS,468,475,HSF1_HUMAN,Homo sapiens,8940068,true positive,22,0,disordered
ELME000053,MOD_GSK3_1,GSK3 phosphorylation site,MOD,GSK3 phosphorylation recognition site,PF00069,Pkinase,Protein kinase domain,...([ST])...[ST],DSTSDARS,468,475,JUN_HUMAN,Homo sapiens,1846781,true positive,22,0,disordered
ELME000053,MOD_GSK3_1,GSK3 phosphorylation site,MOD,GSK3 phosphorylation recognition site,PF00069,Pkinase,Protein kinase domain,...([ST])...[ST],DSTSDARS,468,475,MK67I_HUMAN,Homo sapiens,16244663,true positive,22,0,disordered
ELME000053,MOD_GSK3_1,GSK3 phosphorylation site,MOD,GSK3 phosphorylation recognition site,PF00069,Pkinase,Protein kinase domain,...([ST])...[ST],DSTSDARS,468,475,MYC_HUMAN,Homo sapiens,14563837,true positive,22,0,disordered
ELME000053,MOD_GSK3_1,GSK3 phosphorylation site,MOD,GSK3 phosphorylation recognition site,PF00069,Pkinase,Protein kinase domain,...([ST])...[ST],DSTSDARS,468,475,NFAC1_HUMAN,Homo sapiens,12351631,true positive,22,0,disordered
ELME000053,MOD_GSK3_1,GSK3 phosphorylation site,MOD,GSK3 phosphorylation recognition site,PF00069,Pkinase,Protein kinase domain,...([ST])...[ST],DSTSDARS,468,475,P53_HUMAN,Homo sapiens,11483158,true positive,22,0,disordered
ELME000053,MOD_GSK3_1,GSK3 phosphorylation site,MOD,GSK3 phosphorylation recognition site,PF00069,Pkinase,Protein kinase domain,...([ST])...[ST],DSTSDARS,468,475,SMAD1_HUMAN,Homo sapiens,17289590,true positive,22,0,disordered
ELME000053,MOD_GSK3_1,GSK3 phosphorylation site,MOD,GSK3 phosphorylation recognition site,PF00069,Pkinase,Protein kinase domain,...([ST])...[ST],DSTSDARS,468,475,SMAD1_HUMAN,Homo sapiens,18045539,true positive,22,0,disordered
ELME000053,MOD_GSK3_1,GSK3 phosphorylation site,MOD,GSK3 phosphorylation recognition site,PF00069,Pkinase,Protein kinase domain,...([ST])...[ST],DSTSDARS,468,475,SMAD3_HUMAN,Homo sapiens,19218245,true positive,22,0,disordered
ELME000053,MOD_GSK3_1,GSK3 phosphorylation site,MOD,GSK3 phosphorylation recognition site,PF00069,Pkinase,Protein kinase domain,...([ST])...[ST],DSTSDARS,468,475,SNAI1_HUMAN,Homo sapiens,15448698,true positive,22,0,disordered
ELME000053,MOD_GSK3_1,GSK3 phosphorylation site,MOD,GSK3 phosphorylation recognition site,PF00069,Pkinase,Protein kinase domain,...([ST])...[ST],DARSIGSS,472,479,ATX3_HUMAN,Homo sapiens,17434145,true positive,22,0,disordered
ELME000053,MOD_GSK3_1,GSK3 phosphorylation site,MOD,GSK3 phosphorylation recognition site,PF00069,Pkinase,Protein kinase domain,...([ST])...[ST],DARSIGSS,472,479,CCNE1_HUMAN,Homo sapiens,14536078,true positive,22,0,disordered
ELME000053,MOD_GSK3_1,GSK3 phosphorylation site,MOD,GSK3 phosphorylation recognition site,PF00069,Pkinase,Protein kinase domain,...([ST])...[ST],DARSIGSS,472,479,CTNB1_HUMAN,Homo sapiens,11955436 19061640 10074433,true positive,22,0,disordered
ELME000053,MOD_GSK3_1,GSK3 phosphorylation site,MOD,GSK3 phosphorylation recognition site,PF00069,Pkinase,Protein kinase domain,...([ST])...[ST],DARSIGSS,472,479,CTNB1_MOUSE,Mus musculus,12417018,true positive,22,0,disordered
ELME000053,MOD_GSK3_1,GSK3 phosphorylation site,MOD,GSK3 phosphorylation recognition site,PF00069,Pkinase,Protein kinase domain,...([ST])...[ST],DARSIGSS,472,479,ESR2_HUMAN,Homo sapiens,22586270,true positive,22,0,disordered
ELME000053,MOD_GSK3_1,GSK3 phosphorylation site,MOD,GSK3 phosphorylation recognition site,PF00069,Pkinase,Protein kinase domain,...([ST])...[ST],DARSIGSS,472,479,FGD1_HUMAN,Homo sapiens,15743413,true positive,22,0,disordered
ELME000053,MOD_GSK3_1,GSK3 phosphorylation site,MOD,GSK3 phosphorylation recognition site,PF00069,Pkinase,Protein kinase domain,...([ST])...[ST],DARSIGSS,472,479,FGD3_HUMAN,Homo sapiens,18363964,true positive,22,0,disordered
ELME000053,MOD_GSK3_1,GSK3 phosphorylation site,MOD,GSK3 phosphorylation recognition site,PF00069,Pkinase,Protein kinase domain,...([ST])...[ST],DARSIGSS,472,479,HSF1_HUMAN,Homo sapiens,8940068,true positive,22,0,disordered
ELME000053,MOD_GSK3_1,GSK3 phosphorylation site,MOD,GSK3 phosphorylation recognition site,PF00069,Pkinase,Protein kinase domain,...([ST])...[ST],DARSIGSS,472,479,JUN_HUMAN,Homo sapiens,1846781,true positive,22,0,disordered
ELME000053,MOD_GSK3_1,GSK3 phosphorylation site,MOD,GSK3 phosphorylation recognition site,PF00069,Pkinase,Protein kinase domain,...([ST])...[ST],DARSIGSS,472,479,MK67I_HUMAN,Homo sapiens,16244663,true positive,22,0,disordered
ELME000053,MOD_GSK3_1,GSK3 phosphorylation site,MOD,GSK3 phosphorylation recognition site,PF00069,Pkinase,Protein kinase domain,...([ST])...[ST],DARSIGSS,472,479,MYC_HUMAN,Homo sapiens,14563837,true positive,22,0,disordered
ELME000053,MOD_GSK3_1,GSK3 phosphorylation site,MOD,GSK3 phosphorylation recognition site,PF00069,Pkinase,Protein kinase domain,...([ST])...[ST],DARSIGSS,472,479,NFAC1_HUMAN,Homo sapiens,12351631,true positive,22,0,disordered
ELME000053,MOD_GSK3_1,GSK3 phosphorylation site,MOD,GSK3 phosphorylation recognition site,PF00069,Pkinase,Protein kinase domain,...([ST])...[ST],DARSIGSS,472,479,P53_HUMAN,Homo sapiens,11483158,true positive,22,0,disordered
ELME000053,MOD_GSK3_1,GSK3 phosphorylation site,MOD,GSK3 phosphorylation recognition site,PF00069,Pkinase,Protein kinase domain,...([ST])...[ST],DARSIGSS,472,479,SMAD1_HUMAN,Homo sapiens,17289590,true positive,22,0,disordered
ELME000053,MOD_GSK3_1,GSK3 phosphorylation site,MOD,GSK3 phosphorylation recognition site,PF00069,Pkinase,Protein kinase domain,...([ST])...[ST],DARSIGSS,472,479,SMAD1_HUMAN,Homo sapiens,18045539,true positive,22,0,disordered
ELME000053,MOD_GSK3_1,GSK3 phosphorylation site,MOD,GSK3 phosphorylation recognition site,PF00069,Pkinase,Protein kinase domain,...([ST])...[ST],DARSIGSS,472,479,SMAD3_HUMAN,Homo sapiens,19218245,true positive,22,0,disordered
ELME000053,MOD_GSK3_1,GSK3 phosphorylation site,MOD,GSK3 phosphorylation recognition site,PF00069,Pkinase,Protein kinase domain,...([ST])...[ST],DARSIGSS,472,479,SNAI1_HUMAN,Homo sapiens,15448698,true positive,22,0,disordered
ELME000053,MOD_GSK3_1,GSK3 phosphorylation site,MOD,GSK3 phosphorylation recognition site,PF00069,Pkinase,Protein kinase domain,...([ST])...[ST],HPLSSRSS,521,528,ATX3_HUMAN,Homo sapiens,17434145,true positive,22,0,disordered
ELME000053,MOD_GSK3_1,GSK3 phosphorylation site,MOD,GSK3 phosphorylation recognition site,PF00069,Pkinase,Protein kinase domain,...([ST])...[ST],HPLSSRSS,521,528,CCNE1_HUMAN,Homo sapiens,14536078,true positive,22,0,disordered
ELME000053,MOD_GSK3_1,GSK3 phosphorylation site,MOD,GSK3 phosphorylation recognition site,PF00069,Pkinase,Protein kinase domain,...([ST])...[ST],HPLSSRSS,521,528,CTNB1_HUMAN,Homo sapiens,11955436 19061640 10074433,true positive,22,0,disordered
ELME000053,MOD_GSK3_1,GSK3 phosphorylation site,MOD,GSK3 phosphorylation recognition site,PF00069,Pkinase,Protein kinase domain,...([ST])...[ST],HPLSSRSS,521,528,CTNB1_MOUSE,Mus musculus,12417018,true positive,22,0,disordered
ELME000053,MOD_GSK3_1,GSK3 phosphorylation site,MOD,GSK3 phosphorylation recognition site,PF00069,Pkinase,Protein kinase domain,...([ST])...[ST],HPLSSRSS,521,528,ESR2_HUMAN,Homo sapiens,22586270,true positive,22,0,disordered
ELME000053,MOD_GSK3_1,GSK3 phosphorylation site,MOD,GSK3 phosphorylation recognition site,PF00069,Pkinase,Protein kinase domain,...([ST])...[ST],HPLSSRSS,521,528,FGD1_HUMAN,Homo sapiens,15743413,true positive,22,0,disordered
ELME000053,MOD_GSK3_1,GSK3 phosphorylation site,MOD,GSK3 phosphorylation recognition site,PF00069,Pkinase,Protein kinase domain,...([ST])...[ST],HPLSSRSS,521,528,FGD3_HUMAN,Homo sapiens,18363964,true positive,22,0,disordered
ELME000053,MOD_GSK3_1,GSK3 phosphorylation site,MOD,GSK3 phosphorylation recognition site,PF00069,Pkinase,Protein kinase domain,...([ST])...[ST],HPLSSRSS,521,528,HSF1_HUMAN,Homo sapiens,8940068,true positive,22,0,disordered
ELME000053,MOD_GSK3_1,GSK3 phosphorylation site,MOD,GSK3 phosphorylation recognition site,PF00069,Pkinase,Protein kinase domain,...([ST])...[ST],HPLSSRSS,521,528,JUN_HUMAN,Homo sapiens,1846781,true positive,22,0,disordered
ELME000053,MOD_GSK3_1,GSK3 phosphorylation site,MOD,GSK3 phosphorylation recognition site,PF00069,Pkinase,Protein kinase domain,...([ST])...[ST],HPLSSRSS,521,528,MK67I_HUMAN,Homo sapiens,16244663,true positive,22,0,disordered
ELME000053,MOD_GSK3_1,GSK3 phosphorylation site,MOD,GSK3 phosphorylation recognition site,PF00069,Pkinase,Protein kinase domain,...([ST])...[ST],HPLSSRSS,521,528,MYC_HUMAN,Homo sapiens,14563837,true positive,22,0,disordered
ELME000053,MOD_GSK3_1,GSK3 phosphorylation site,MOD,GSK3 phosphorylation recognition site,PF00069,Pkinase,Protein kinase domain,...([ST])...[ST],HPLSSRSS,521,528,NFAC1_HUMAN,Homo sapiens,12351631,true positive,22,0,disordered
ELME000053,MOD_GSK3_1,GSK3 phosphorylation site,MOD,GSK3 phosphorylation recognition site,PF00069,Pkinase,Protein kinase domain,...([ST])...[ST],HPLSSRSS,521,528,P53_HUMAN,Homo sapiens,11483158,true positive,22,0,disordered
ELME000053,MOD_GSK3_1,GSK3 phosphorylation site,MOD,GSK3 phosphorylation recognition site,PF00069,Pkinase,Protein kinase domain,...([ST])...[ST],HPLSSRSS,521,528,SMAD1_HUMAN,Homo sapiens,17289590,true positive,22,0,disordered
ELME000053,MOD_GSK3_1,GSK3 phosphorylation site,MOD,GSK3 phosphorylation recognition site,PF00069,Pkinase,Protein kinase domain,...([ST])...[ST],HPLSSRSS,521,528,SMAD1_HUMAN,Homo sapiens,18045539,true positive,22,0,disordered
ELME000053,MOD_GSK3_1,GSK3 phosphorylation site,MOD,GSK3 phosphorylation recognition site,PF00069,Pkinase,Protein kinase domain,...([ST])...[ST],HPLSSRSS,521,528,SMAD3_HUMAN,Homo sapiens,19218245,true positive,22,0,disordered
ELME000053,MOD_GSK3_1,GSK3 phosphorylation site,MOD,GSK3 phosphorylation recognition site,PF00069,Pkinase,Protein kinase domain,...([ST])...[ST],HPLSSRSS,521,528,SNAI1_HUMAN,Homo sapiens,15448698,true positive,22,0,disordered
ELME000053,MOD_GSK3_1,GSK3 phosphorylation site,MOD,GSK3 phosphorylation recognition site,PF00069,Pkinase,Protein kinase domain,...([ST])...[ST],PLSSRSSS,522,529,ATX3_HUMAN,Homo sapiens,17434145,true positive,22,0,disordered
ELME000053,MOD_GSK3_1,GSK3 phosphorylation site,MOD,GSK3 phosphorylation recognition site,PF00069,Pkinase,Protein kinase domain,...([ST])...[ST],PLSSRSSS,522,529,CCNE1_HUMAN,Homo sapiens,14536078,true positive,22,0,disordered
ELME000053,MOD_GSK3_1,GSK3 phosphorylation site,MOD,GSK3 phosphorylation recognition site,PF00069,Pkinase,Protein kinase domain,...([ST])...[ST],PLSSRSSS,522,529,CTNB1_HUMAN,Homo sapiens,11955436 19061640 10074433,true positive,22,0,disordered
ELME000053,MOD_GSK3_1,GSK3 phosphorylation site,MOD,GSK3 phosphorylation recognition site,PF00069,Pkinase,Protein kinase domain,...([ST])...[ST],PLSSRSSS,522,529,CTNB1_MOUSE,Mus musculus,12417018,true positive,22,0,disordered
ELME000053,MOD_GSK3_1,GSK3 phosphorylation site,MOD,GSK3 phosphorylation recognition site,PF00069,Pkinase,Protein kinase domain,...([ST])...[ST],PLSSRSSS,522,529,ESR2_HUMAN,Homo sapiens,22586270,true positive,22,0,disordered
ELME000053,MOD_GSK3_1,GSK3 phosphorylation site,MOD,GSK3 phosphorylation recognition site,PF00069,Pkinase,Protein kinase domain,...([ST])...[ST],PLSSRSSS,522,529,FGD1_HUMAN,Homo sapiens,15743413,true positive,22,0,disordered
ELME000053,MOD_GSK3_1,GSK3 phosphorylation site,MOD,GSK3 phosphorylation recognition site,PF00069,Pkinase,Protein kinase domain,...([ST])...[ST],PLSSRSSS,522,529,FGD3_HUMAN,Homo sapiens,18363964,true positive,22,0,disordered
ELME000053,MOD_GSK3_1,GSK3 phosphorylation site,MOD,GSK3 phosphorylation recognition site,PF00069,Pkinase,Protein kinase domain,...([ST])...[ST],PLSSRSSS,522,529,HSF1_HUMAN,Homo sapiens,8940068,true positive,22,0,disordered
ELME000053,MOD_GSK3_1,GSK3 phosphorylation site,MOD,GSK3 phosphorylation recognition site,PF00069,Pkinase,Protein kinase domain,...([ST])...[ST],PLSSRSSS,522,529,JUN_HUMAN,Homo sapiens,1846781,true positive,22,0,disordered
ELME000053,MOD_GSK3_1,GSK3 phosphorylation site,MOD,GSK3 phosphorylation recognition site,PF00069,Pkinase,Protein kinase domain,...([ST])...[ST],PLSSRSSS,522,529,MK67I_HUMAN,Homo sapiens,16244663,true positive,22,0,disordered
ELME000053,MOD_GSK3_1,GSK3 phosphorylation site,MOD,GSK3 phosphorylation recognition site,PF00069,Pkinase,Protein kinase domain,...([ST])...[ST],PLSSRSSS,522,529,MYC_HUMAN,Homo sapiens,14563837,true positive,22,0,disordered
ELME000053,MOD_GSK3_1,GSK3 phosphorylation site,MOD,GSK3 phosphorylation recognition site,PF00069,Pkinase,Protein kinase domain,...([ST])...[ST],PLSSRSSS,522,529,NFAC1_HUMAN,Homo sapiens,12351631,true positive,22,0,disordered
ELME000053,MOD_GSK3_1,GSK3 phosphorylation site,MOD,GSK3 phosphorylation recognition site,PF00069,Pkinase,Protein kinase domain,...([ST])...[ST],PLSSRSSS,522,529,P53_HUMAN,Homo sapiens,11483158,true positive,22,0,disordered
ELME000053,MOD_GSK3_1,GSK3 phosphorylation site,MOD,GSK3 phosphorylation recognition site,PF00069,Pkinase,Protein kinase domain,...([ST])...[ST],PLSSRSSS,522,529,SMAD1_HUMAN,Homo sapiens,17289590,true positive,22,0,disordered
ELME000053,MOD_GSK3_1,GSK3 phosphorylation site,MOD,GSK3 phosphorylation recognition site,PF00069,Pkinase,Protein kinase domain,...([ST])...[ST],PLSSRSSS,522,529,SMAD1_HUMAN,Homo sapiens,18045539,true positive,22,0,disordered
ELME000053,MOD_GSK3_1,GSK3 phosphorylation site,MOD,GSK3 phosphorylation recognition site,PF00069,Pkinase,Protein kinase domain,...([ST])...[ST],PLSSRSSS,522,529,SMAD3_HUMAN,Homo sapiens,19218245,true positive,22,0,disordered
ELME000053,MOD_GSK3_1,GSK3 phosphorylation site,MOD,GSK3 phosphorylation recognition site,PF00069,Pkinase,Protein kinase domain,...([ST])...[ST],PLSSRSSS,522,529,SNAI1_HUMAN,Homo sapiens,15448698,true positive,22,0,disordered
ELME000053,MOD_GSK3_1,GSK3 phosphorylation site,MOD,GSK3 phosphorylation recognition site,PF00069,Pkinase,Protein kinase domain,...([ST])...[ST],SSRSSSRS,524,531,ATX3_HUMAN,Homo sapiens,17434145,true positive,22,0,disordered
ELME000053,MOD_GSK3_1,GSK3 phosphorylation site,MOD,GSK3 phosphorylation recognition site,PF00069,Pkinase,Protein kinase domain,...([ST])...[ST],SSRSSSRS,524,531,CCNE1_HUMAN,Homo sapiens,14536078,true positive,22,0,disordered
ELME000053,MOD_GSK3_1,GSK3 phosphorylation site,MOD,GSK3 phosphorylation recognition site,PF00069,Pkinase,Protein kinase domain,...([ST])...[ST],SSRSSSRS,524,531,CTNB1_HUMAN,Homo sapiens,11955436 19061640 10074433,true positive,22,0,disordered
ELME000053,MOD_GSK3_1,GSK3 phosphorylation site,MOD,GSK3 phosphorylation recognition site,PF00069,Pkinase,Protein kinase domain,...([ST])...[ST],SSRSSSRS,524,531,CTNB1_MOUSE,Mus musculus,12417018,true positive,22,0,disordered
ELME000053,MOD_GSK3_1,GSK3 phosphorylation site,MOD,GSK3 phosphorylation recognition site,PF00069,Pkinase,Protein kinase domain,...([ST])...[ST],SSRSSSRS,524,531,ESR2_HUMAN,Homo sapiens,22586270,true positive,22,0,disordered
ELME000053,MOD_GSK3_1,GSK3 phosphorylation site,MOD,GSK3 phosphorylation recognition site,PF00069,Pkinase,Protein kinase domain,...([ST])...[ST],SSRSSSRS,524,531,FGD1_HUMAN,Homo sapiens,15743413,true positive,22,0,disordered
ELME000053,MOD_GSK3_1,GSK3 phosphorylation site,MOD,GSK3 phosphorylation recognition site,PF00069,Pkinase,Protein kinase domain,...([ST])...[ST],SSRSSSRS,524,531,FGD3_HUMAN,Homo sapiens,18363964,true positive,22,0,disordered
ELME000053,MOD_GSK3_1,GSK3 phosphorylation site,MOD,GSK3 phosphorylation recognition site,PF00069,Pkinase,Protein kinase domain,...([ST])...[ST],SSRSSSRS,524,531,HSF1_HUMAN,Homo sapiens,8940068,true positive,22,0,disordered
ELME000053,MOD_GSK3_1,GSK3 phosphorylation site,MOD,GSK3 phosphorylation recognition site,PF00069,Pkinase,Protein kinase domain,...([ST])...[ST],SSRSSSRS,524,531,JUN_HUMAN,Homo sapiens,1846781,true positive,22,0,disordered
ELME000053,MOD_GSK3_1,GSK3 phosphorylation site,MOD,GSK3 phosphorylation recognition site,PF00069,Pkinase,Protein kinase domain,...([ST])...[ST],SSRSSSRS,524,531,MK67I_HUMAN,Homo sapiens,16244663,true positive,22,0,disordered
ELME000053,MOD_GSK3_1,GSK3 phosphorylation site,MOD,GSK3 phosphorylation recognition site,PF00069,Pkinase,Protein kinase domain,...([ST])...[ST],SSRSSSRS,524,531,MYC_HUMAN,Homo sapiens,14563837,true positive,22,0,disordered
ELME000053,MOD_GSK3_1,GSK3 phosphorylation site,MOD,GSK3 phosphorylation recognition site,PF00069,Pkinase,Protein kinase domain,...([ST])...[ST],SSRSSSRS,524,531,NFAC1_HUMAN,Homo sapiens,12351631,true positive,22,0,disordered
ELME000053,MOD_GSK3_1,GSK3 phosphorylation site,MOD,GSK3 phosphorylation recognition site,PF00069,Pkinase,Protein kinase domain,...([ST])...[ST],SSRSSSRS,524,531,P53_HUMAN,Homo sapiens,11483158,true positive,22,0,disordered
ELME000053,MOD_GSK3_1,GSK3 phosphorylation site,MOD,GSK3 phosphorylation recognition site,PF00069,Pkinase,Protein kinase domain,...([ST])...[ST],SSRSSSRS,524,531,SMAD1_HUMAN,Homo sapiens,17289590,true positive,22,0,disordered
ELME000053,MOD_GSK3_1,GSK3 phosphorylation site,MOD,GSK3 phosphorylation recognition site,PF00069,Pkinase,Protein kinase domain,...([ST])...[ST],SSRSSSRS,524,531,SMAD1_HUMAN,Homo sapiens,18045539,true positive,22,0,disordered
ELME000053,MOD_GSK3_1,GSK3 phosphorylation site,MOD,GSK3 phosphorylation recognition site,PF00069,Pkinase,Protein kinase domain,...([ST])...[ST],SSRSSSRS,524,531,SMAD3_HUMAN,Homo sapiens,19218245,true positive,22,0,disordered
ELME000053,MOD_GSK3_1,GSK3 phosphorylation site,MOD,GSK3 phosphorylation recognition site,PF00069,Pkinase,Protein kinase domain,...([ST])...[ST],SSRSSSRS,524,531,SNAI1_HUMAN,Homo sapiens,15448698,true positive,22,0,disordered
ELME000053,MOD_GSK3_1,GSK3 phosphorylation site,MOD,GSK3 phosphorylation recognition site,PF00069,Pkinase,Protein kinase domain,...([ST])...[ST],SRSSSRSS,525,532,ATX3_HUMAN,Homo sapiens,17434145,true positive,22,0,disordered
ELME000053,MOD_GSK3_1,GSK3 phosphorylation site,MOD,GSK3 phosphorylation recognition site,PF00069,Pkinase,Protein kinase domain,...([ST])...[ST],SRSSSRSS,525,532,CCNE1_HUMAN,Homo sapiens,14536078,true positive,22,0,disordered
ELME000053,MOD_GSK3_1,GSK3 phosphorylation site,MOD,GSK3 phosphorylation recognition site,PF00069,Pkinase,Protein kinase domain,...([ST])...[ST],SRSSSRSS,525,532,CTNB1_HUMAN,Homo sapiens,11955436 19061640 10074433,true positive,22,0,disordered
ELME000053,MOD_GSK3_1,GSK3 phosphorylation site,MOD,GSK3 phosphorylation recognition site,PF00069,Pkinase,Protein kinase domain,...([ST])...[ST],SRSSSRSS,525,532,CTNB1_MOUSE,Mus musculus,12417018,true positive,22,0,disordered
ELME000053,MOD_GSK3_1,GSK3 phosphorylation site,MOD,GSK3 phosphorylation recognition site,PF00069,Pkinase,Protein kinase domain,...([ST])...[ST],SRSSSRSS,525,532,ESR2_HUMAN,Homo sapiens,22586270,true positive,22,0,disordered
ELME000053,MOD_GSK3_1,GSK3 phosphorylation site,MOD,GSK3 phosphorylation recognition site,PF00069,Pkinase,Protein kinase domain,...([ST])...[ST],SRSSSRSS,525,532,FGD1_HUMAN,Homo sapiens,15743413,true positive,22,0,disordered
ELME000053,MOD_GSK3_1,GSK3 phosphorylation site,MOD,GSK3 phosphorylation recognition site,PF00069,Pkinase,Protein kinase domain,...([ST])...[ST],SRSSSRSS,525,532,FGD3_HUMAN,Homo sapiens,18363964,true positive,22,0,disordered
ELME000053,MOD_GSK3_1,GSK3 phosphorylation site,MOD,GSK3 phosphorylation recognition site,PF00069,Pkinase,Protein kinase domain,...([ST])...[ST],SRSSSRSS,525,532,HSF1_HUMAN,Homo sapiens,8940068,true positive,22,0,disordered
ELME000053,MOD_GSK3_1,GSK3 phosphorylation site,MOD,GSK3 phosphorylation recognition site,PF00069,Pkinase,Protein kinase domain,...([ST])...[ST],SRSSSRSS,525,532,JUN_HUMAN,Homo sapiens,1846781,true positive,22,0,disordered
ELME000053,MOD_GSK3_1,GSK3 phosphorylation site,MOD,GSK3 phosphorylation recognition site,PF00069,Pkinase,Protein kinase domain,...([ST])...[ST],SRSSSRSS,525,532,MK67I_HUMAN,Homo sapiens,16244663,true positive,22,0,disordered
ELME000053,MOD_GSK3_1,GSK3 phosphorylation site,MOD,GSK3 phosphorylation recognition site,PF00069,Pkinase,Protein kinase domain,...([ST])...[ST],SRSSSRSS,525,532,MYC_HUMAN,Homo sapiens,14563837,true positive,22,0,disordered
ELME000053,MOD_GSK3_1,GSK3 phosphorylation site,MOD,GSK3 phosphorylation recognition site,PF00069,Pkinase,Protein kinase domain,...([ST])...[ST],SRSSSRSS,525,532,NFAC1_HUMAN,Homo sapiens,12351631,true positive,22,0,disordered
ELME000053,MOD_GSK3_1,GSK3 phosphorylation site,MOD,GSK3 phosphorylation recognition site,PF00069,Pkinase,Protein kinase domain,...([ST])...[ST],SRSSSRSS,525,532,P53_HUMAN,Homo sapiens,11483158,true positive,22,0,disordered
ELME000053,MOD_GSK3_1,GSK3 phosphorylation site,MOD,GSK3 phosphorylation recognition site,PF00069,Pkinase,Protein kinase domain,...([ST])...[ST],SRSSSRSS,525,532,SMAD1_HUMAN,Homo sapiens,17289590,true positive,22,0,disordered
ELME000053,MOD_GSK3_1,GSK3 phosphorylation site,MOD,GSK3 phosphorylation recognition site,PF00069,Pkinase,Protein kinase domain,...([ST])...[ST],SRSSSRSS,525,532,SMAD1_HUMAN,Homo sapiens,18045539,true positive,22,0,disordered
ELME000053,MOD_GSK3_1,GSK3 phosphorylation site,MOD,GSK3 phosphorylation recognition site,PF00069,Pkinase,Protein kinase domain,...([ST])...[ST],SRSSSRSS,525,532,SMAD3_HUMAN,Homo sapiens,19218245,true positive,22,0,disordered
ELME000053,MOD_GSK3_1,GSK3 phosphorylation site,MOD,GSK3 phosphorylation recognition site,PF00069,Pkinase,Protein kinase domain,...([ST])...[ST],SRSSSRSS,525,532,SNAI1_HUMAN,Homo sapiens,15448698,true positive,22,0,disordered
ELME000053,MOD_GSK3_1,GSK3 phosphorylation site,MOD,GSK3 phosphorylation recognition site,PF00069,Pkinase,Protein kinase domain,...([ST])...[ST],SSRSSLAS,528,535,ATX3_HUMAN,Homo sapiens,17434145,true positive,22,0,disordered
ELME000053,MOD_GSK3_1,GSK3 phosphorylation site,MOD,GSK3 phosphorylation recognition site,PF00069,Pkinase,Protein kinase domain,...([ST])...[ST],SSRSSLAS,528,535,CCNE1_HUMAN,Homo sapiens,14536078,true positive,22,0,disordered
ELME000053,MOD_GSK3_1,GSK3 phosphorylation site,MOD,GSK3 phosphorylation recognition site,PF00069,Pkinase,Protein kinase domain,...([ST])...[ST],SSRSSLAS,528,535,CTNB1_HUMAN,Homo sapiens,11955436 19061640 10074433,true positive,22,0,disordered
ELME000053,MOD_GSK3_1,GSK3 phosphorylation site,MOD,GSK3 phosphorylation recognition site,PF00069,Pkinase,Protein kinase domain,...([ST])...[ST],SSRSSLAS,528,535,CTNB1_MOUSE,Mus musculus,12417018,true positive,22,0,disordered
ELME000053,MOD_GSK3_1,GSK3 phosphorylation site,MOD,GSK3 phosphorylation recognition site,PF00069,Pkinase,Protein kinase domain,...([ST])...[ST],SSRSSLAS,528,535,ESR2_HUMAN,Homo sapiens,22586270,true positive,22,0,disordered
ELME000053,MOD_GSK3_1,GSK3 phosphorylation site,MOD,GSK3 phosphorylation recognition site,PF00069,Pkinase,Protein kinase domain,...([ST])...[ST],SSRSSLAS,528,535,FGD1_HUMAN,Homo sapiens,15743413,true positive,22,0,disordered
ELME000053,MOD_GSK3_1,GSK3 phosphorylation site,MOD,GSK3 phosphorylation recognition site,PF00069,Pkinase,Protein kinase domain,...([ST])...[ST],SSRSSLAS,528,535,FGD3_HUMAN,Homo sapiens,18363964,true positive,22,0,disordered
ELME000053,MOD_GSK3_1,GSK3 phosphorylation site,MOD,GSK3 phosphorylation recognition site,PF00069,Pkinase,Protein kinase domain,...([ST])...[ST],SSRSSLAS,528,535,HSF1_HUMAN,Homo sapiens,8940068,true positive,22,0,disordered
ELME000053,MOD_GSK3_1,GSK3 phosphorylation site,MOD,GSK3 phosphorylation recognition site,PF00069,Pkinase,Protein kinase domain,...([ST])...[ST],SSRSSLAS,528,535,JUN_HUMAN,Homo sapiens,1846781,true positive,22,0,disordered
ELME000053,MOD_GSK3_1,GSK3 phosphorylation site,MOD,GSK3 phosphorylation recognition site,PF00069,Pkinase,Protein kinase domain,...([ST])...[ST],SSRSSLAS,528,535,MK67I_HUMAN,Homo sapiens,16244663,true positive,22,0,disordered
ELME000053,MOD_GSK3_1,GSK3 phosphorylation site,MOD,GSK3 phosphorylation recognition site,PF00069,Pkinase,Protein kinase domain,...([ST])...[ST],SSRSSLAS,528,535,MYC_HUMAN,Homo sapiens,14563837,true positive,22,0,disordered
ELME000053,MOD_GSK3_1,GSK3 phosphorylation site,MOD,GSK3 phosphorylation recognition site,PF00069,Pkinase,Protein kinase domain,...([ST])...[ST],SSRSSLAS,528,535,NFAC1_HUMAN,Homo sapiens,12351631,true positive,22,0,disordered
ELME000053,MOD_GSK3_1,GSK3 phosphorylation site,MOD,GSK3 phosphorylation recognition site,PF00069,Pkinase,Protein kinase domain,...([ST])...[ST],SSRSSLAS,528,535,P53_HUMAN,Homo sapiens,11483158,true positive,22,0,disordered
ELME000053,MOD_GSK3_1,GSK3 phosphorylation site,MOD,GSK3 phosphorylation recognition site,PF00069,Pkinase,Protein kinase domain,...([ST])...[ST],SSRSSLAS,528,535,SMAD1_HUMAN,Homo sapiens,17289590,true positive,22,0,disordered
ELME000053,MOD_GSK3_1,GSK3 phosphorylation site,MOD,GSK3 phosphorylation recognition site,PF00069,Pkinase,Protein kinase domain,...([ST])...[ST],SSRSSLAS,528,535,SMAD1_HUMAN,Homo sapiens,18045539,true positive,22,0,disordered
ELME000053,MOD_GSK3_1,GSK3 phosphorylation site,MOD,GSK3 phosphorylation recognition site,PF00069,Pkinase,Protein kinase domain,...([ST])...[ST],SSRSSLAS,528,535,SMAD3_HUMAN,Homo sapiens,19218245,true positive,22,0,disordered
ELME000053,MOD_GSK3_1,GSK3 phosphorylation site,MOD,GSK3 phosphorylation recognition site,PF00069,Pkinase,Protein kinase domain,...([ST])...[ST],SSRSSLAS,528,535,SNAI1_HUMAN,Homo sapiens,15448698,true positive,22,0,disordered
ELME000070,MOD_N-GLC_1,N-glycosylation site,MOD,"Generic motif for N-glycosylation. It was shown that Trp, Asp, and Glu are uncommon before the Ser/Thr position. Efficient glycosylation usually occurs when ~60 residues or more separate the glycosylation acceptor site from the C-terminus.",PF02516,STT3,Oligosaccharyl transferase STT3 subunit,.(N)[^P][ST]..,ANDTIS,420,425,ABCA4_HUMAN,Homo sapiens,11320094,true positive,156,1,disordered
ELME000070,MOD_N-GLC_1,N-glycosylation site,MOD,"Generic motif for N-glycosylation. It was shown that Trp, Asp, and Glu are uncommon before the Ser/Thr position. Efficient glycosylation usually occurs when ~60 residues or more separate the glycosylation acceptor site from the C-terminus.",PF02516,STT3,Oligosaccharyl transferase STT3 subunit,.(N)[^P][ST]..,ANDTIS,420,425,ACES_HUMAN,Homo sapiens,8280063,true positive,156,1,disordered
ELME000070,MOD_N-GLC_1,N-glycosylation site,MOD,"Generic motif for N-glycosylation. It was shown that Trp, Asp, and Glu are uncommon before the Ser/Thr position. Efficient glycosylation usually occurs when ~60 residues or more separate the glycosylation acceptor site from the C-terminus.",PF02516,STT3,Oligosaccharyl transferase STT3 subunit,.(N)[^P][ST]..,ANDTIS,420,425,B3AT_HUMAN,Homo sapiens,10364201,true positive,156,1,disordered
ELME000070,MOD_N-GLC_1,N-glycosylation site,MOD,"Generic motif for N-glycosylation. It was shown that Trp, Asp, and Glu are uncommon before the Ser/Thr position. Efficient glycosylation usually occurs when ~60 residues or more separate the glycosylation acceptor site from the C-terminus.",PF02516,STT3,Oligosaccharyl transferase STT3 subunit,.(N)[^P][ST]..,ANDTIS,420,425,BMP1_HUMAN,Homo sapiens,12218058,true positive,156,1,disordered
ELME000070,MOD_N-GLC_1,N-glycosylation site,MOD,"Generic motif for N-glycosylation. It was shown that Trp, Asp, and Glu are uncommon before the Ser/Thr position. Efficient glycosylation usually occurs when ~60 residues or more separate the glycosylation acceptor site from the C-terminus.",PF02516,STT3,Oligosaccharyl transferase STT3 subunit,.(N)[^P][ST]..,ANDTIS,420,425,CASR_HUMAN,Homo sapiens,9852126,true positive,156,1,disordered
ELME000070,MOD_N-GLC_1,N-glycosylation site,MOD,"Generic motif for N-glycosylation. It was shown that Trp, Asp, and Glu are uncommon before the Ser/Thr position. Efficient glycosylation usually occurs when ~60 residues or more separate the glycosylation acceptor site from the C-terminus.",PF02516,STT3,Oligosaccharyl transferase STT3 subunit,.(N)[^P][ST]..,ANDTIS,420,425,CO6_HUMAN,Homo sapiens,2468158,true positive,156,1,disordered
ELME000070,MOD_N-GLC_1,N-glycosylation site,MOD,"Generic motif for N-glycosylation. It was shown that Trp, Asp, and Glu are uncommon before the Ser/Thr position. Efficient glycosylation usually occurs when ~60 residues or more separate the glycosylation acceptor site from the C-terminus.",PF02516,STT3,Oligosaccharyl transferase STT3 subunit,.(N)[^P][ST]..,ANDTIS,420,425,ENV_HV1B1,Human immunodeficiency virus type 1 BH10,2355006,true positive,156,1,disordered
ELME000070,MOD_N-GLC_1,N-glycosylation site,MOD,"Generic motif for N-glycosylation. It was shown that Trp, Asp, and Glu are uncommon before the Ser/Thr position. Efficient glycosylation usually occurs when ~60 residues or more separate the glycosylation acceptor site from the C-terminus.",PF02516,STT3,Oligosaccharyl transferase STT3 subunit,.(N)[^P][ST]..,ANDTIS,420,425,ENV_HV1H2,HIV-1 M:B_HXB2R,12072528,true positive,156,1,disordered
ELME000070,MOD_N-GLC_1,N-glycosylation site,MOD,"Generic motif for N-glycosylation. It was shown that Trp, Asp, and Glu are uncommon before the Ser/Thr position. Efficient glycosylation usually occurs when ~60 residues or more separate the glycosylation acceptor site from the C-terminus.",PF02516,STT3,Oligosaccharyl transferase STT3 subunit,.(N)[^P][ST]..,ANDTIS,420,425,FA9_HUMAN,Homo sapiens,11133752,true positive,156,1,disordered
ELME000070,MOD_N-GLC_1,N-glycosylation site,MOD,"Generic motif for N-glycosylation. It was shown that Trp, Asp, and Glu are uncommon before the Ser/Thr position. Efficient glycosylation usually occurs when ~60 residues or more separate the glycosylation acceptor site from the C-terminus.",PF02516,STT3,Oligosaccharyl transferase STT3 subunit,.(N)[^P][ST]..,ANDTIS,420,425,FSHB_HUMAN,Homo sapiens,11502795,true positive,156,1,disordered
ELME000070,MOD_N-GLC_1,N-glycosylation site,MOD,"Generic motif for N-glycosylation. It was shown that Trp, Asp, and Glu are uncommon before the Ser/Thr position. Efficient glycosylation usually occurs when ~60 residues or more separate the glycosylation acceptor site from the C-terminus.",PF02516,STT3,Oligosaccharyl transferase STT3 subunit,.(N)[^P][ST]..,ANDTIS,420,425,FUS_NIPAV,Nipah virus,15194804,true positive,156,1,disordered
ELME000070,MOD_N-GLC_1,N-glycosylation site,MOD,"Generic motif for N-glycosylation. It was shown that Trp, Asp, and Glu are uncommon before the Ser/Thr position. Efficient glycosylation usually occurs when ~60 residues or more separate the glycosylation acceptor site from the C-terminus.",PF02516,STT3,Oligosaccharyl transferase STT3 subunit,.(N)[^P][ST]..,ANDTIS,420,425,HEXB_HUMAN,Homo sapiens,,true positive,156,1,disordered
ELME000070,MOD_N-GLC_1,N-glycosylation site,MOD,"Generic motif for N-glycosylation. It was shown that Trp, Asp, and Glu are uncommon before the Ser/Thr position. Efficient glycosylation usually occurs when ~60 residues or more separate the glycosylation acceptor site from the C-terminus.",PF02516,STT3,Oligosaccharyl transferase STT3 subunit,.(N)[^P][ST]..,ANDTIS,420,425,IL3RB_HUMAN,Homo sapiens,10828016,true positive,156,1,disordered
ELME000070,MOD_N-GLC_1,N-glycosylation site,MOD,"Generic motif for N-glycosylation. It was shown that Trp, Asp, and Glu are uncommon before the Ser/Thr position. Efficient glycosylation usually occurs when ~60 residues or more separate the glycosylation acceptor site from the C-terminus.",PF02516,STT3,Oligosaccharyl transferase STT3 subunit,.(N)[^P][ST]..,ANDTIS,420,425,IL6RA_HUMAN,Homo sapiens,10066782,true positive,156,1,disordered
ELME000070,MOD_N-GLC_1,N-glycosylation site,MOD,"Generic motif for N-glycosylation. It was shown that Trp, Asp, and Glu are uncommon before the Ser/Thr position. Efficient glycosylation usually occurs when ~60 residues or more separate the glycosylation acceptor site from the C-terminus.",PF02516,STT3,Oligosaccharyl transferase STT3 subunit,.(N)[^P][ST]..,ANDTIS,420,425,IL6RB_HUMAN,Homo sapiens,11098061,true positive,156,1,disordered
ELME000070,MOD_N-GLC_1,N-glycosylation site,MOD,"Generic motif for N-glycosylation. It was shown that Trp, Asp, and Glu are uncommon before the Ser/Thr position. Efficient glycosylation usually occurs when ~60 residues or more separate the glycosylation acceptor site from the C-terminus.",PF02516,STT3,Oligosaccharyl transferase STT3 subunit,.(N)[^P][ST]..,ANDTIS,420,425,INHA_HUMAN,Homo sapiens,8885240,true positive,156,1,disordered
ELME000070,MOD_N-GLC_1,N-glycosylation site,MOD,"Generic motif for N-glycosylation. It was shown that Trp, Asp, and Glu are uncommon before the Ser/Thr position. Efficient glycosylation usually occurs when ~60 residues or more separate the glycosylation acceptor site from the C-terminus.",PF02516,STT3,Oligosaccharyl transferase STT3 subunit,.(N)[^P][ST]..,ANDTIS,420,425,MOGS_HUMAN,Homo sapiens,7635146,true positive,156,1,disordered
ELME000070,MOD_N-GLC_1,N-glycosylation site,MOD,"Generic motif for N-glycosylation. It was shown that Trp, Asp, and Glu are uncommon before the Ser/Thr position. Efficient glycosylation usually occurs when ~60 residues or more separate the glycosylation acceptor site from the C-terminus.",PF02516,STT3,Oligosaccharyl transferase STT3 subunit,.(N)[^P][ST]..,ANDTIS,420,425,NK2R_HUMAN,Homo sapiens,7721803,true positive,156,1,disordered
ELME000070,MOD_N-GLC_1,N-glycosylation site,MOD,"Generic motif for N-glycosylation. It was shown that Trp, Asp, and Glu are uncommon before the Ser/Thr position. Efficient glycosylation usually occurs when ~60 residues or more separate the glycosylation acceptor site from the C-terminus.",PF02516,STT3,Oligosaccharyl transferase STT3 subunit,.(N)[^P][ST]..,ANDTIS,420,425,OXYR_HUMAN,Homo sapiens,9433921,true positive,156,1,disordered
ELME000070,MOD_N-GLC_1,N-glycosylation site,MOD,"Generic motif for N-glycosylation. It was shown that Trp, Asp, and Glu are uncommon before the Ser/Thr position. Efficient glycosylation usually occurs when ~60 residues or more separate the glycosylation acceptor site from the C-terminus.",PF02516,STT3,Oligosaccharyl transferase STT3 subunit,.(N)[^P][ST]..,ANDTIS,420,425,PMP22_HUMAN,Homo sapiens,10982389,true positive,156,1,disordered
ELME000070,MOD_N-GLC_1,N-glycosylation site,MOD,"Generic motif for N-glycosylation. It was shown that Trp, Asp, and Glu are uncommon before the Ser/Thr position. Efficient glycosylation usually occurs when ~60 residues or more separate the glycosylation acceptor site from the C-terminus.",PF02516,STT3,Oligosaccharyl transferase STT3 subunit,.(N)[^P][ST]..,ANDTIS,420,425,POLG_HCVH,Hepatitis C virus (isolate H),10211957,true positive,156,1,disordered
ELME000070,MOD_N-GLC_1,N-glycosylation site,MOD,"Generic motif for N-glycosylation. It was shown that Trp, Asp, and Glu are uncommon before the Ser/Thr position. Efficient glycosylation usually occurs when ~60 residues or more separate the glycosylation acceptor site from the C-terminus.",PF02516,STT3,Oligosaccharyl transferase STT3 subunit,.(N)[^P][ST]..,ANDTIS,420,425,PRIO_HUMAN,Homo sapiens,12356908,true positive,156,1,disordered
ELME000070,MOD_N-GLC_1,N-glycosylation site,MOD,"Generic motif for N-glycosylation. It was shown that Trp, Asp, and Glu are uncommon before the Ser/Thr position. Efficient glycosylation usually occurs when ~60 residues or more separate the glycosylation acceptor site from the C-terminus.",PF02516,STT3,Oligosaccharyl transferase STT3 subunit,.(N)[^P][ST]..,ANDTIS,420,425,PRLR_HUMAN,Homo sapiens,9544990,true positive,156,1,disordered
ELME000070,MOD_N-GLC_1,N-glycosylation site,MOD,"Generic motif for N-glycosylation. It was shown that Trp, Asp, and Glu are uncommon before the Ser/Thr position. Efficient glycosylation usually occurs when ~60 residues or more separate the glycosylation acceptor site from the C-terminus.",PF02516,STT3,Oligosaccharyl transferase STT3 subunit,.(N)[^P][ST]..,ANDTIS,420,425,Q3I0Y8_WNV,West Nile virus,16987985,true positive,156,1,disordered
ELME000070,MOD_N-GLC_1,N-glycosylation site,MOD,"Generic motif for N-glycosylation. It was shown that Trp, Asp, and Glu are uncommon before the Ser/Thr position. Efficient glycosylation usually occurs when ~60 residues or more separate the glycosylation acceptor site from the C-terminus.",PF02516,STT3,Oligosaccharyl transferase STT3 subunit,.(N)[^P][ST]..,ANDTIS,420,425,SIAL_HUMAN,Homo sapiens,11459848,true positive,156,1,disordered
ELME000070,MOD_N-GLC_1,N-glycosylation site,MOD,"Generic motif for N-glycosylation. It was shown that Trp, Asp, and Glu are uncommon before the Ser/Thr position. Efficient glycosylation usually occurs when ~60 residues or more separate the glycosylation acceptor site from the C-terminus.",PF02516,STT3,Oligosaccharyl transferase STT3 subunit,.(N)[^P][ST]..,ANDTIS,420,425,SPIKE_CVHSA,SARS coronavirus,12775768,true positive,156,1,disordered
ELME000070,MOD_N-GLC_1,N-glycosylation site,MOD,"Generic motif for N-glycosylation. It was shown that Trp, Asp, and Glu are uncommon before the Ser/Thr position. Efficient glycosylation usually occurs when ~60 residues or more separate the glycosylation acceptor site from the C-terminus.",PF02516,STT3,Oligosaccharyl transferase STT3 subunit,.(N)[^P][ST]..,ANDTIS,420,425,THYG_HUMAN,Homo sapiens,,true positive,156,1,disordered
ELME000070,MOD_N-GLC_1,N-glycosylation site,MOD,"Generic motif for N-glycosylation. It was shown that Trp, Asp, and Glu are uncommon before the Ser/Thr position. Efficient glycosylation usually occurs when ~60 residues or more separate the glycosylation acceptor site from the C-terminus.",PF02516,STT3,Oligosaccharyl transferase STT3 subunit,.(N)[^P][ST]..,ANDTIS,420,425,THYG_HUMAN,Homo sapiens,8530385,true positive,156,1,disordered
ELME000070,MOD_N-GLC_1,N-glycosylation site,MOD,"Generic motif for N-glycosylation. It was shown that Trp, Asp, and Glu are uncommon before the Ser/Thr position. Efficient glycosylation usually occurs when ~60 residues or more separate the glycosylation acceptor site from the C-terminus.",PF02516,STT3,Oligosaccharyl transferase STT3 subunit,.(N)[^P][ST]..,ANDTIS,420,425,THYG_HUMAN,Homo sapiens,8615697,true positive,156,1,disordered
ELME000070,MOD_N-GLC_1,N-glycosylation site,MOD,"Generic motif for N-glycosylation. It was shown that Trp, Asp, and Glu are uncommon before the Ser/Thr position. Efficient glycosylation usually occurs when ~60 residues or more separate the glycosylation acceptor site from the C-terminus.",PF02516,STT3,Oligosaccharyl transferase STT3 subunit,.(N)[^P][ST]..,ANDTIS,420,425,TLR4_HUMAN,Homo sapiens,11706042,true positive,156,1,disordered
ELME000070,MOD_N-GLC_1,N-glycosylation site,MOD,"Generic motif for N-glycosylation. It was shown that Trp, Asp, and Glu are uncommon before the Ser/Thr position. Efficient glycosylation usually occurs when ~60 residues or more separate the glycosylation acceptor site from the C-terminus.",PF02516,STT3,Oligosaccharyl transferase STT3 subunit,.(N)[^P][ST]..,ANDTIS,420,425,TNFL6_HUMAN,Homo sapiens,9405425,true positive,156,1,disordered
ELME000070,MOD_N-GLC_1,N-glycosylation site,MOD,"Generic motif for N-glycosylation. It was shown that Trp, Asp, and Glu are uncommon before the Ser/Thr position. Efficient glycosylation usually occurs when ~60 residues or more separate the glycosylation acceptor site from the C-terminus.",PF02516,STT3,Oligosaccharyl transferase STT3 subunit,.(N)[^P][ST]..,ANDTIS,420,425,TPO_HUMAN,Homo sapiens,9766811,true positive,156,1,disordered
ELME000070,MOD_N-GLC_1,N-glycosylation site,MOD,"Generic motif for N-glycosylation. It was shown that Trp, Asp, and Glu are uncommon before the Ser/Thr position. Efficient glycosylation usually occurs when ~60 residues or more separate the glycosylation acceptor site from the C-terminus.",PF02516,STT3,Oligosaccharyl transferase STT3 subunit,.(N)[^P][ST]..,ANDTIS,420,425,VGP_EBOZM,"Ebola virus - Mayinga, Zaire, 1976",12438572,true positive,156,1,disordered
ELME000070,MOD_N-GLC_1,N-glycosylation site,MOD,"Generic motif for N-glycosylation. It was shown that Trp, Asp, and Glu are uncommon before the Ser/Thr position. Efficient glycosylation usually occurs when ~60 residues or more separate the glycosylation acceptor site from the C-terminus.",PF02516,STT3,Oligosaccharyl transferase STT3 subunit,.(N)[^P][ST]..,ANDTIS,420,425,VME1_CVHSA,SARS coronavirus,19534833,true positive,156,1,disordered
ELME000070,MOD_N-GLC_1,N-glycosylation site,MOD,"Generic motif for N-glycosylation. It was shown that Trp, Asp, and Glu are uncommon before the Ser/Thr position. Efficient glycosylation usually occurs when ~60 residues or more separate the glycosylation acceptor site from the C-terminus.",PF02516,STT3,Oligosaccharyl transferase STT3 subunit,.(N)[^P][ST]..,ANDTIS,420,425,WFS1_HUMAN,Homo sapiens,11181517,true positive,156,1,disordered
ELME000070,MOD_N-GLC_1,N-glycosylation site,MOD,"Generic motif for N-glycosylation. It was shown that Trp, Asp, and Glu are uncommon before the Ser/Thr position. Efficient glycosylation usually occurs when ~60 residues or more separate the glycosylation acceptor site from the C-terminus.",PF02516,STT3,Oligosaccharyl transferase STT3 subunit,.(N)[^P][ST]..,SNETAL,430,435,ABCA4_HUMAN,Homo sapiens,11320094,true positive,156,1,disordered
ELME000070,MOD_N-GLC_1,N-glycosylation site,MOD,"Generic motif for N-glycosylation. It was shown that Trp, Asp, and Glu are uncommon before the Ser/Thr position. Efficient glycosylation usually occurs when ~60 residues or more separate the glycosylation acceptor site from the C-terminus.",PF02516,STT3,Oligosaccharyl transferase STT3 subunit,.(N)[^P][ST]..,SNETAL,430,435,ACES_HUMAN,Homo sapiens,8280063,true positive,156,1,disordered
ELME000070,MOD_N-GLC_1,N-glycosylation site,MOD,"Generic motif for N-glycosylation. It was shown that Trp, Asp, and Glu are uncommon before the Ser/Thr position. Efficient glycosylation usually occurs when ~60 residues or more separate the glycosylation acceptor site from the C-terminus.",PF02516,STT3,Oligosaccharyl transferase STT3 subunit,.(N)[^P][ST]..,SNETAL,430,435,B3AT_HUMAN,Homo sapiens,10364201,true positive,156,1,disordered
ELME000070,MOD_N-GLC_1,N-glycosylation site,MOD,"Generic motif for N-glycosylation. It was shown that Trp, Asp, and Glu are uncommon before the Ser/Thr position. Efficient glycosylation usually occurs when ~60 residues or more separate the glycosylation acceptor site from the C-terminus.",PF02516,STT3,Oligosaccharyl transferase STT3 subunit,.(N)[^P][ST]..,SNETAL,430,435,BMP1_HUMAN,Homo sapiens,12218058,true positive,156,1,disordered
ELME000070,MOD_N-GLC_1,N-glycosylation site,MOD,"Generic motif for N-glycosylation. It was shown that Trp, Asp, and Glu are uncommon before the Ser/Thr position. Efficient glycosylation usually occurs when ~60 residues or more separate the glycosylation acceptor site from the C-terminus.",PF02516,STT3,Oligosaccharyl transferase STT3 subunit,.(N)[^P][ST]..,SNETAL,430,435,CASR_HUMAN,Homo sapiens,9852126,true positive,156,1,disordered
ELME000070,MOD_N-GLC_1,N-glycosylation site,MOD,"Generic motif for N-glycosylation. It was shown that Trp, Asp, and Glu are uncommon before the Ser/Thr position. Efficient glycosylation usually occurs when ~60 residues or more separate the glycosylation acceptor site from the C-terminus.",PF02516,STT3,Oligosaccharyl transferase STT3 subunit,.(N)[^P][ST]..,SNETAL,430,435,CO6_HUMAN,Homo sapiens,2468158,true positive,156,1,disordered
ELME000070,MOD_N-GLC_1,N-glycosylation site,MOD,"Generic motif for N-glycosylation. It was shown that Trp, Asp, and Glu are uncommon before the Ser/Thr position. Efficient glycosylation usually occurs when ~60 residues or more separate the glycosylation acceptor site from the C-terminus.",PF02516,STT3,Oligosaccharyl transferase STT3 subunit,.(N)[^P][ST]..,SNETAL,430,435,ENV_HV1B1,Human immunodeficiency virus type 1 BH10,2355006,true positive,156,1,disordered
ELME000070,MOD_N-GLC_1,N-glycosylation site,MOD,"Generic motif for N-glycosylation. It was shown that Trp, Asp, and Glu are uncommon before the Ser/Thr position. Efficient glycosylation usually occurs when ~60 residues or more separate the glycosylation acceptor site from the C-terminus.",PF02516,STT3,Oligosaccharyl transferase STT3 subunit,.(N)[^P][ST]..,SNETAL,430,435,ENV_HV1H2,HIV-1 M:B_HXB2R,12072528,true positive,156,1,disordered
ELME000070,MOD_N-GLC_1,N-glycosylation site,MOD,"Generic motif for N-glycosylation. It was shown that Trp, Asp, and Glu are uncommon before the Ser/Thr position. Efficient glycosylation usually occurs when ~60 residues or more separate the glycosylation acceptor site from the C-terminus.",PF02516,STT3,Oligosaccharyl transferase STT3 subunit,.(N)[^P][ST]..,SNETAL,430,435,FA9_HUMAN,Homo sapiens,11133752,true positive,156,1,disordered
ELME000070,MOD_N-GLC_1,N-glycosylation site,MOD,"Generic motif for N-glycosylation. It was shown that Trp, Asp, and Glu are uncommon before the Ser/Thr position. Efficient glycosylation usually occurs when ~60 residues or more separate the glycosylation acceptor site from the C-terminus.",PF02516,STT3,Oligosaccharyl transferase STT3 subunit,.(N)[^P][ST]..,SNETAL,430,435,FSHB_HUMAN,Homo sapiens,11502795,true positive,156,1,disordered
ELME000070,MOD_N-GLC_1,N-glycosylation site,MOD,"Generic motif for N-glycosylation. It was shown that Trp, Asp, and Glu are uncommon before the Ser/Thr position. Efficient glycosylation usually occurs when ~60 residues or more separate the glycosylation acceptor site from the C-terminus.",PF02516,STT3,Oligosaccharyl transferase STT3 subunit,.(N)[^P][ST]..,SNETAL,430,435,FUS_NIPAV,Nipah virus,15194804,true positive,156,1,disordered
ELME000070,MOD_N-GLC_1,N-glycosylation site,MOD,"Generic motif for N-glycosylation. It was shown that Trp, Asp, and Glu are uncommon before the Ser/Thr position. Efficient glycosylation usually occurs when ~60 residues or more separate the glycosylation acceptor site from the C-terminus.",PF02516,STT3,Oligosaccharyl transferase STT3 subunit,.(N)[^P][ST]..,SNETAL,430,435,HEXB_HUMAN,Homo sapiens,,true positive,156,1,disordered
ELME000070,MOD_N-GLC_1,N-glycosylation site,MOD,"Generic motif for N-glycosylation. It was shown that Trp, Asp, and Glu are uncommon before the Ser/Thr position. Efficient glycosylation usually occurs when ~60 residues or more separate the glycosylation acceptor site from the C-terminus.",PF02516,STT3,Oligosaccharyl transferase STT3 subunit,.(N)[^P][ST]..,SNETAL,430,435,IL3RB_HUMAN,Homo sapiens,10828016,true positive,156,1,disordered
ELME000070,MOD_N-GLC_1,N-glycosylation site,MOD,"Generic motif for N-glycosylation. It was shown that Trp, Asp, and Glu are uncommon before the Ser/Thr position. Efficient glycosylation usually occurs when ~60 residues or more separate the glycosylation acceptor site from the C-terminus.",PF02516,STT3,Oligosaccharyl transferase STT3 subunit,.(N)[^P][ST]..,SNETAL,430,435,IL6RA_HUMAN,Homo sapiens,10066782,true positive,156,1,disordered
ELME000070,MOD_N-GLC_1,N-glycosylation site,MOD,"Generic motif for N-glycosylation. It was shown that Trp, Asp, and Glu are uncommon before the Ser/Thr position. Efficient glycosylation usually occurs when ~60 residues or more separate the glycosylation acceptor site from the C-terminus.",PF02516,STT3,Oligosaccharyl transferase STT3 subunit,.(N)[^P][ST]..,SNETAL,430,435,IL6RB_HUMAN,Homo sapiens,11098061,true positive,156,1,disordered
ELME000070,MOD_N-GLC_1,N-glycosylation site,MOD,"Generic motif for N-glycosylation. It was shown that Trp, Asp, and Glu are uncommon before the Ser/Thr position. Efficient glycosylation usually occurs when ~60 residues or more separate the glycosylation acceptor site from the C-terminus.",PF02516,STT3,Oligosaccharyl transferase STT3 subunit,.(N)[^P][ST]..,SNETAL,430,435,INHA_HUMAN,Homo sapiens,8885240,true positive,156,1,disordered
ELME000070,MOD_N-GLC_1,N-glycosylation site,MOD,"Generic motif for N-glycosylation. It was shown that Trp, Asp, and Glu are uncommon before the Ser/Thr position. Efficient glycosylation usually occurs when ~60 residues or more separate the glycosylation acceptor site from the C-terminus.",PF02516,STT3,Oligosaccharyl transferase STT3 subunit,.(N)[^P][ST]..,SNETAL,430,435,MOGS_HUMAN,Homo sapiens,7635146,true positive,156,1,disordered
ELME000070,MOD_N-GLC_1,N-glycosylation site,MOD,"Generic motif for N-glycosylation. It was shown that Trp, Asp, and Glu are uncommon before the Ser/Thr position. Efficient glycosylation usually occurs when ~60 residues or more separate the glycosylation acceptor site from the C-terminus.",PF02516,STT3,Oligosaccharyl transferase STT3 subunit,.(N)[^P][ST]..,SNETAL,430,435,NK2R_HUMAN,Homo sapiens,7721803,true positive,156,1,disordered
ELME000070,MOD_N-GLC_1,N-glycosylation site,MOD,"Generic motif for N-glycosylation. It was shown that Trp, Asp, and Glu are uncommon before the Ser/Thr position. Efficient glycosylation usually occurs when ~60 residues or more separate the glycosylation acceptor site from the C-terminus.",PF02516,STT3,Oligosaccharyl transferase STT3 subunit,.(N)[^P][ST]..,SNETAL,430,435,OXYR_HUMAN,Homo sapiens,9433921,true positive,156,1,disordered
ELME000070,MOD_N-GLC_1,N-glycosylation site,MOD,"Generic motif for N-glycosylation. It was shown that Trp, Asp, and Glu are uncommon before the Ser/Thr position. Efficient glycosylation usually occurs when ~60 residues or more separate the glycosylation acceptor site from the C-terminus.",PF02516,STT3,Oligosaccharyl transferase STT3 subunit,.(N)[^P][ST]..,SNETAL,430,435,PMP22_HUMAN,Homo sapiens,10982389,true positive,156,1,disordered
ELME000070,MOD_N-GLC_1,N-glycosylation site,MOD,"Generic motif for N-glycosylation. It was shown that Trp, Asp, and Glu are uncommon before the Ser/Thr position. Efficient glycosylation usually occurs when ~60 residues or more separate the glycosylation acceptor site from the C-terminus.",PF02516,STT3,Oligosaccharyl transferase STT3 subunit,.(N)[^P][ST]..,SNETAL,430,435,POLG_HCVH,Hepatitis C virus (isolate H),10211957,true positive,156,1,disordered
ELME000070,MOD_N-GLC_1,N-glycosylation site,MOD,"Generic motif for N-glycosylation. It was shown that Trp, Asp, and Glu are uncommon before the Ser/Thr position. Efficient glycosylation usually occurs when ~60 residues or more separate the glycosylation acceptor site from the C-terminus.",PF02516,STT3,Oligosaccharyl transferase STT3 subunit,.(N)[^P][ST]..,SNETAL,430,435,PRIO_HUMAN,Homo sapiens,12356908,true positive,156,1,disordered
ELME000070,MOD_N-GLC_1,N-glycosylation site,MOD,"Generic motif for N-glycosylation. It was shown that Trp, Asp, and Glu are uncommon before the Ser/Thr position. Efficient glycosylation usually occurs when ~60 residues or more separate the glycosylation acceptor site from the C-terminus.",PF02516,STT3,Oligosaccharyl transferase STT3 subunit,.(N)[^P][ST]..,SNETAL,430,435,PRLR_HUMAN,Homo sapiens,9544990,true positive,156,1,disordered
ELME000070,MOD_N-GLC_1,N-glycosylation site,MOD,"Generic motif for N-glycosylation. It was shown that Trp, Asp, and Glu are uncommon before the Ser/Thr position. Efficient glycosylation usually occurs when ~60 residues or more separate the glycosylation acceptor site from the C-terminus.",PF02516,STT3,Oligosaccharyl transferase STT3 subunit,.(N)[^P][ST]..,SNETAL,430,435,Q3I0Y8_WNV,West Nile virus,16987985,true positive,156,1,disordered
ELME000070,MOD_N-GLC_1,N-glycosylation site,MOD,"Generic motif for N-glycosylation. It was shown that Trp, Asp, and Glu are uncommon before the Ser/Thr position. Efficient glycosylation usually occurs when ~60 residues or more separate the glycosylation acceptor site from the C-terminus.",PF02516,STT3,Oligosaccharyl transferase STT3 subunit,.(N)[^P][ST]..,SNETAL,430,435,SIAL_HUMAN,Homo sapiens,11459848,true positive,156,1,disordered
ELME000070,MOD_N-GLC_1,N-glycosylation site,MOD,"Generic motif for N-glycosylation. It was shown that Trp, Asp, and Glu are uncommon before the Ser/Thr position. Efficient glycosylation usually occurs when ~60 residues or more separate the glycosylation acceptor site from the C-terminus.",PF02516,STT3,Oligosaccharyl transferase STT3 subunit,.(N)[^P][ST]..,SNETAL,430,435,SPIKE_CVHSA,SARS coronavirus,12775768,true positive,156,1,disordered
ELME000070,MOD_N-GLC_1,N-glycosylation site,MOD,"Generic motif for N-glycosylation. It was shown that Trp, Asp, and Glu are uncommon before the Ser/Thr position. Efficient glycosylation usually occurs when ~60 residues or more separate the glycosylation acceptor site from the C-terminus.",PF02516,STT3,Oligosaccharyl transferase STT3 subunit,.(N)[^P][ST]..,SNETAL,430,435,THYG_HUMAN,Homo sapiens,,true positive,156,1,disordered
ELME000070,MOD_N-GLC_1,N-glycosylation site,MOD,"Generic motif for N-glycosylation. It was shown that Trp, Asp, and Glu are uncommon before the Ser/Thr position. Efficient glycosylation usually occurs when ~60 residues or more separate the glycosylation acceptor site from the C-terminus.",PF02516,STT3,Oligosaccharyl transferase STT3 subunit,.(N)[^P][ST]..,SNETAL,430,435,THYG_HUMAN,Homo sapiens,8530385,true positive,156,1,disordered
ELME000070,MOD_N-GLC_1,N-glycosylation site,MOD,"Generic motif for N-glycosylation. It was shown that Trp, Asp, and Glu are uncommon before the Ser/Thr position. Efficient glycosylation usually occurs when ~60 residues or more separate the glycosylation acceptor site from the C-terminus.",PF02516,STT3,Oligosaccharyl transferase STT3 subunit,.(N)[^P][ST]..,SNETAL,430,435,THYG_HUMAN,Homo sapiens,8615697,true positive,156,1,disordered
ELME000070,MOD_N-GLC_1,N-glycosylation site,MOD,"Generic motif for N-glycosylation. It was shown that Trp, Asp, and Glu are uncommon before the Ser/Thr position. Efficient glycosylation usually occurs when ~60 residues or more separate the glycosylation acceptor site from the C-terminus.",PF02516,STT3,Oligosaccharyl transferase STT3 subunit,.(N)[^P][ST]..,SNETAL,430,435,TLR4_HUMAN,Homo sapiens,11706042,true positive,156,1,disordered
ELME000070,MOD_N-GLC_1,N-glycosylation site,MOD,"Generic motif for N-glycosylation. It was shown that Trp, Asp, and Glu are uncommon before the Ser/Thr position. Efficient glycosylation usually occurs when ~60 residues or more separate the glycosylation acceptor site from the C-terminus.",PF02516,STT3,Oligosaccharyl transferase STT3 subunit,.(N)[^P][ST]..,SNETAL,430,435,TNFL6_HUMAN,Homo sapiens,9405425,true positive,156,1,disordered
ELME000070,MOD_N-GLC_1,N-glycosylation site,MOD,"Generic motif for N-glycosylation. It was shown that Trp, Asp, and Glu are uncommon before the Ser/Thr position. Efficient glycosylation usually occurs when ~60 residues or more separate the glycosylation acceptor site from the C-terminus.",PF02516,STT3,Oligosaccharyl transferase STT3 subunit,.(N)[^P][ST]..,SNETAL,430,435,TPO_HUMAN,Homo sapiens,9766811,true positive,156,1,disordered
ELME000070,MOD_N-GLC_1,N-glycosylation site,MOD,"Generic motif for N-glycosylation. It was shown that Trp, Asp, and Glu are uncommon before the Ser/Thr position. Efficient glycosylation usually occurs when ~60 residues or more separate the glycosylation acceptor site from the C-terminus.",PF02516,STT3,Oligosaccharyl transferase STT3 subunit,.(N)[^P][ST]..,SNETAL,430,435,VGP_EBOZM,"Ebola virus - Mayinga, Zaire, 1976",12438572,true positive,156,1,disordered
ELME000070,MOD_N-GLC_1,N-glycosylation site,MOD,"Generic motif for N-glycosylation. It was shown that Trp, Asp, and Glu are uncommon before the Ser/Thr position. Efficient glycosylation usually occurs when ~60 residues or more separate the glycosylation acceptor site from the C-terminus.",PF02516,STT3,Oligosaccharyl transferase STT3 subunit,.(N)[^P][ST]..,SNETAL,430,435,VME1_CVHSA,SARS coronavirus,19534833,true positive,156,1,disordered
ELME000070,MOD_N-GLC_1,N-glycosylation site,MOD,"Generic motif for N-glycosylation. It was shown that Trp, Asp, and Glu are uncommon before the Ser/Thr position. Efficient glycosylation usually occurs when ~60 residues or more separate the glycosylation acceptor site from the C-terminus.",PF02516,STT3,Oligosaccharyl transferase STT3 subunit,.(N)[^P][ST]..,SNETAL,430,435,WFS1_HUMAN,Homo sapiens,11181517,true positive,156,1,disordered
ELME000062,MOD_PKA_2,PKA Phosphorylation site,MOD,Secondary preference for PKA-type AGC kinase phosphorylation.,PF00069,Pkinase,Protein kinase domain,.R.([ST])[^P]..,SRSSSRS,525,531,AKT2_ARATH,Arabidopsis thaliana,16297070,true positive,28,0,disordered
ELME000062,MOD_PKA_2,PKA Phosphorylation site,MOD,Secondary preference for PKA-type AGC kinase phosphorylation.,PF00069,Pkinase,Protein kinase domain,.R.([ST])[^P]..,SRSSSRS,525,531,B9EIS4_HUMAN,Homo sapiens,15946941,true positive,28,0,disordered
ELME000062,MOD_PKA_2,PKA Phosphorylation site,MOD,Secondary preference for PKA-type AGC kinase phosphorylation.,PF00069,Pkinase,Protein kinase domain,.R.([ST])[^P]..,SRSSSRS,525,531,BIRC5_HUMAN,Homo sapiens,17612487,true positive,28,0,disordered
ELME000062,MOD_PKA_2,PKA Phosphorylation site,MOD,Secondary preference for PKA-type AGC kinase phosphorylation.,PF00069,Pkinase,Protein kinase domain,.R.([ST])[^P]..,SRSSSRS,525,531,C2TA_HUMAN,Homo sapiens,11416140,true positive,28,0,disordered
ELME000062,MOD_PKA_2,PKA Phosphorylation site,MOD,Secondary preference for PKA-type AGC kinase phosphorylation.,PF00069,Pkinase,Protein kinase domain,.R.([ST])[^P]..,SRSSSRS,525,531,CCG2_MOUSE,Mus musculus,11805122,true positive,28,0,disordered
ELME000062,MOD_PKA_2,PKA Phosphorylation site,MOD,Secondary preference for PKA-type AGC kinase phosphorylation.,PF00069,Pkinase,Protein kinase domain,.R.([ST])[^P]..,SRSSSRS,525,531,CSKP_RAT,Rattus norvegicus,20067577,true positive,28,0,disordered
ELME000062,MOD_PKA_2,PKA Phosphorylation site,MOD,Secondary preference for PKA-type AGC kinase phosphorylation.,PF00069,Pkinase,Protein kinase domain,.R.([ST])[^P]..,SRSSSRS,525,531,EF2K_RAT,Rattus norvegicus,11171050,true positive,28,0,disordered
ELME000062,MOD_PKA_2,PKA Phosphorylation site,MOD,Secondary preference for PKA-type AGC kinase phosphorylation.,PF00069,Pkinase,Protein kinase domain,.R.([ST])[^P]..,SRSSSRS,525,531,GDIR1_HUMAN,Homo sapiens,18768928,true positive,28,0,disordered
ELME000062,MOD_PKA_2,PKA Phosphorylation site,MOD,Secondary preference for PKA-type AGC kinase phosphorylation.,PF00069,Pkinase,Protein kinase domain,.R.([ST])[^P]..,SRSSSRS,525,531,HSPB8_HUMAN,Homo sapiens,18298377,true positive,28,0,disordered
ELME000062,MOD_PKA_2,PKA Phosphorylation site,MOD,Secondary preference for PKA-type AGC kinase phosphorylation.,PF00069,Pkinase,Protein kinase domain,.R.([ST])[^P]..,SRSSSRS,525,531,IRK1_HUMAN,Homo sapiens,8621594,true positive,28,0,disordered
ELME000062,MOD_PKA_2,PKA Phosphorylation site,MOD,Secondary preference for PKA-type AGC kinase phosphorylation.,PF00069,Pkinase,Protein kinase domain,.R.([ST])[^P]..,SRSSSRS,525,531,MEF2D_MOUSE,Mus musculus,18299387,true positive,28,0,disordered
ELME000062,MOD_PKA_2,PKA Phosphorylation site,MOD,Secondary preference for PKA-type AGC kinase phosphorylation.,PF00069,Pkinase,Protein kinase domain,.R.([ST])[^P]..,SRSSSRS,525,531,NEB2_RAT,Rattus norvegicus,12417592,true positive,28,0,disordered
ELME000062,MOD_PKA_2,PKA Phosphorylation site,MOD,Secondary preference for PKA-type AGC kinase phosphorylation.,PF00069,Pkinase,Protein kinase domain,.R.([ST])[^P]..,SRSSSRS,525,531,NFAC1_HUMAN,Homo sapiens,12351631,true positive,28,0,disordered
ELME000062,MOD_PKA_2,PKA Phosphorylation site,MOD,Secondary preference for PKA-type AGC kinase phosphorylation.,PF00069,Pkinase,Protein kinase domain,.R.([ST])[^P]..,SRSSSRS,525,531,NOXA1_HUMAN,Homo sapiens,17913709,true positive,28,0,disordered
ELME000062,MOD_PKA_2,PKA Phosphorylation site,MOD,Secondary preference for PKA-type AGC kinase phosphorylation.,PF00069,Pkinase,Protein kinase domain,.R.([ST])[^P]..,SRSSSRS,525,531,PELP1_HUMAN,Homo sapiens,18505929,true positive,28,0,disordered
ELME000062,MOD_PKA_2,PKA Phosphorylation site,MOD,Secondary preference for PKA-type AGC kinase phosphorylation.,PF00069,Pkinase,Protein kinase domain,.R.([ST])[^P]..,SRSSSRS,525,531,PKD1_MOUSE,Mus musculus,10364454,true positive,28,0,disordered
ELME000062,MOD_PKA_2,PKA Phosphorylation site,MOD,Secondary preference for PKA-type AGC kinase phosphorylation.,PF00069,Pkinase,Protein kinase domain,.R.([ST])[^P]..,SRSSSRS,525,531,PLSL_HUMAN,Homo sapiens,16636079 10446213,true positive,28,0,disordered
ELME000062,MOD_PKA_2,PKA Phosphorylation site,MOD,Secondary preference for PKA-type AGC kinase phosphorylation.,PF00069,Pkinase,Protein kinase domain,.R.([ST])[^P]..,SRSSSRS,525,531,Q26658_STRPU,Strongylocentrotus purpuratus,10207092,true positive,28,0,disordered
ELME000062,MOD_PKA_2,PKA Phosphorylation site,MOD,Secondary preference for PKA-type AGC kinase phosphorylation.,PF00069,Pkinase,Protein kinase domain,.R.([ST])[^P]..,SRSSSRS,525,531,RXRA_HUMAN,Homo sapiens,11162439,true positive,28,0,disordered
ELME000062,MOD_PKA_2,PKA Phosphorylation site,MOD,Secondary preference for PKA-type AGC kinase phosphorylation.,PF00069,Pkinase,Protein kinase domain,.R.([ST])[^P]..,SRSSSRS,525,531,SCN5A_RAT,Rattus norvegicus,8910529,true positive,28,0,disordered
ELME000062,MOD_PKA_2,PKA Phosphorylation site,MOD,Secondary preference for PKA-type AGC kinase phosphorylation.,PF00069,Pkinase,Protein kinase domain,.R.([ST])[^P]..,SRSSSRS,525,531,SNAPN_RAT,Rattus norvegicus,12887314 11283605,true positive,28,0,disordered
ELME000062,MOD_PKA_2,PKA Phosphorylation site,MOD,Secondary preference for PKA-type AGC kinase phosphorylation.,PF00069,Pkinase,Protein kinase domain,.R.([ST])[^P]..,SRSSSRS,525,531,THOP1_RAT,Rattus norvegicus,10969067,true positive,28,0,disordered
ELME000062,MOD_PKA_2,PKA Phosphorylation site,MOD,Secondary preference for PKA-type AGC kinase phosphorylation.,PF00069,Pkinase,Protein kinase domain,.R.([ST])[^P]..,SRSSLAS,529,535,AKT2_ARATH,Arabidopsis thaliana,16297070,true positive,28,0,disordered
ELME000062,MOD_PKA_2,PKA Phosphorylation site,MOD,Secondary preference for PKA-type AGC kinase phosphorylation.,PF00069,Pkinase,Protein kinase domain,.R.([ST])[^P]..,SRSSLAS,529,535,B9EIS4_HUMAN,Homo sapiens,15946941,true positive,28,0,disordered
ELME000062,MOD_PKA_2,PKA Phosphorylation site,MOD,Secondary preference for PKA-type AGC kinase phosphorylation.,PF00069,Pkinase,Protein kinase domain,.R.([ST])[^P]..,SRSSLAS,529,535,BIRC5_HUMAN,Homo sapiens,17612487,true positive,28,0,disordered
ELME000062,MOD_PKA_2,PKA Phosphorylation site,MOD,Secondary preference for PKA-type AGC kinase phosphorylation.,PF00069,Pkinase,Protein kinase domain,.R.([ST])[^P]..,SRSSLAS,529,535,C2TA_HUMAN,Homo sapiens,11416140,true positive,28,0,disordered
ELME000062,MOD_PKA_2,PKA Phosphorylation site,MOD,Secondary preference for PKA-type AGC kinase phosphorylation.,PF00069,Pkinase,Protein kinase domain,.R.([ST])[^P]..,SRSSLAS,529,535,CCG2_MOUSE,Mus musculus,11805122,true positive,28,0,disordered
ELME000062,MOD_PKA_2,PKA Phosphorylation site,MOD,Secondary preference for PKA-type AGC kinase phosphorylation.,PF00069,Pkinase,Protein kinase domain,.R.([ST])[^P]..,SRSSLAS,529,535,CSKP_RAT,Rattus norvegicus,20067577,true positive,28,0,disordered
ELME000062,MOD_PKA_2,PKA Phosphorylation site,MOD,Secondary preference for PKA-type AGC kinase phosphorylation.,PF00069,Pkinase,Protein kinase domain,.R.([ST])[^P]..,SRSSLAS,529,535,EF2K_RAT,Rattus norvegicus,11171050,true positive,28,0,disordered
ELME000062,MOD_PKA_2,PKA Phosphorylation site,MOD,Secondary preference for PKA-type AGC kinase phosphorylation.,PF00069,Pkinase,Protein kinase domain,.R.([ST])[^P]..,SRSSLAS,529,535,GDIR1_HUMAN,Homo sapiens,18768928,true positive,28,0,disordered
ELME000062,MOD_PKA_2,PKA Phosphorylation site,MOD,Secondary preference for PKA-type AGC kinase phosphorylation.,PF00069,Pkinase,Protein kinase domain,.R.([ST])[^P]..,SRSSLAS,529,535,HSPB8_HUMAN,Homo sapiens,18298377,true positive,28,0,disordered
ELME000062,MOD_PKA_2,PKA Phosphorylation site,MOD,Secondary preference for PKA-type AGC kinase phosphorylation.,PF00069,Pkinase,Protein kinase domain,.R.([ST])[^P]..,SRSSLAS,529,535,IRK1_HUMAN,Homo sapiens,8621594,true positive,28,0,disordered
ELME000062,MOD_PKA_2,PKA Phosphorylation site,MOD,Secondary preference for PKA-type AGC kinase phosphorylation.,PF00069,Pkinase,Protein kinase domain,.R.([ST])[^P]..,SRSSLAS,529,535,MEF2D_MOUSE,Mus musculus,18299387,true positive,28,0,disordered
ELME000062,MOD_PKA_2,PKA Phosphorylation site,MOD,Secondary preference for PKA-type AGC kinase phosphorylation.,PF00069,Pkinase,Protein kinase domain,.R.([ST])[^P]..,SRSSLAS,529,535,NEB2_RAT,Rattus norvegicus,12417592,true positive,28,0,disordered
ELME000062,MOD_PKA_2,PKA Phosphorylation site,MOD,Secondary preference for PKA-type AGC kinase phosphorylation.,PF00069,Pkinase,Protein kinase domain,.R.([ST])[^P]..,SRSSLAS,529,535,NFAC1_HUMAN,Homo sapiens,12351631,true positive,28,0,disordered
ELME000062,MOD_PKA_2,PKA Phosphorylation site,MOD,Secondary preference for PKA-type AGC kinase phosphorylation.,PF00069,Pkinase,Protein kinase domain,.R.([ST])[^P]..,SRSSLAS,529,535,NOXA1_HUMAN,Homo sapiens,17913709,true positive,28,0,disordered
ELME000062,MOD_PKA_2,PKA Phosphorylation site,MOD,Secondary preference for PKA-type AGC kinase phosphorylation.,PF00069,Pkinase,Protein kinase domain,.R.([ST])[^P]..,SRSSLAS,529,535,PELP1_HUMAN,Homo sapiens,18505929,true positive,28,0,disordered
ELME000062,MOD_PKA_2,PKA Phosphorylation site,MOD,Secondary preference for PKA-type AGC kinase phosphorylation.,PF00069,Pkinase,Protein kinase domain,.R.([ST])[^P]..,SRSSLAS,529,535,PKD1_MOUSE,Mus musculus,10364454,true positive,28,0,disordered
ELME000062,MOD_PKA_2,PKA Phosphorylation site,MOD,Secondary preference for PKA-type AGC kinase phosphorylation.,PF00069,Pkinase,Protein kinase domain,.R.([ST])[^P]..,SRSSLAS,529,535,PLSL_HUMAN,Homo sapiens,16636079 10446213,true positive,28,0,disordered
ELME000062,MOD_PKA_2,PKA Phosphorylation site,MOD,Secondary preference for PKA-type AGC kinase phosphorylation.,PF00069,Pkinase,Protein kinase domain,.R.([ST])[^P]..,SRSSLAS,529,535,Q26658_STRPU,Strongylocentrotus purpuratus,10207092,true positive,28,0,disordered
ELME000062,MOD_PKA_2,PKA Phosphorylation site,MOD,Secondary preference for PKA-type AGC kinase phosphorylation.,PF00069,Pkinase,Protein kinase domain,.R.([ST])[^P]..,SRSSLAS,529,535,RXRA_HUMAN,Homo sapiens,11162439,true positive,28,0,disordered
ELME000062,MOD_PKA_2,PKA Phosphorylation site,MOD,Secondary preference for PKA-type AGC kinase phosphorylation.,PF00069,Pkinase,Protein kinase domain,.R.([ST])[^P]..,SRSSLAS,529,535,SCN5A_RAT,Rattus norvegicus,8910529,true positive,28,0,disordered
ELME000062,MOD_PKA_2,PKA Phosphorylation site,MOD,Secondary preference for PKA-type AGC kinase phosphorylation.,PF00069,Pkinase,Protein kinase domain,.R.([ST])[^P]..,SRSSLAS,529,535,SNAPN_RAT,Rattus norvegicus,12887314 11283605,true positive,28,0,disordered
ELME000062,MOD_PKA_2,PKA Phosphorylation site,MOD,Secondary preference for PKA-type AGC kinase phosphorylation.,PF00069,Pkinase,Protein kinase domain,.R.([ST])[^P]..,SRSSLAS,529,535,THOP1_RAT,Rattus norvegicus,10969067,true positive,28,0,disordered
ELME000061,MOD_PKB_1,PKB Phosphorylation site,MOD,PKB Phosphorylation site,PF00069,Pkinase,Protein kinase domain,R.R..([ST])[^P]..,RPRVQSTST,448,456,BAD_MOUSE,Mus musculus,9346240,true positive,20,1,disordered
ELME000061,MOD_PKB_1,PKB Phosphorylation site,MOD,PKB Phosphorylation site,PF00069,Pkinase,Protein kinase domain,R.R..([ST])[^P]..,RPRVQSTST,448,456,BRCA1_HUMAN,Homo sapiens,17428466,true positive,20,1,disordered
ELME000061,MOD_PKB_1,PKB Phosphorylation site,MOD,PKB Phosphorylation site,PF00069,Pkinase,Protein kinase domain,R.R..([ST])[^P]..,RPRVQSTST,448,456,CASP9_HUMAN,Homo sapiens,9812896,true positive,20,1,disordered
ELME000061,MOD_PKB_1,PKB Phosphorylation site,MOD,PKB Phosphorylation site,PF00069,Pkinase,Protein kinase domain,R.R..([ST])[^P]..,RPRVQSTST,448,456,CDN1A_HUMAN,Homo sapiens,11463845,true positive,20,1,disordered
ELME000061,MOD_PKB_1,PKB Phosphorylation site,MOD,PKB Phosphorylation site,PF00069,Pkinase,Protein kinase domain,R.R..([ST])[^P]..,RPRVQSTST,448,456,CDN1B_HUMAN,Homo sapiens,12244301,true positive,20,1,disordered
ELME000061,MOD_PKB_1,PKB Phosphorylation site,MOD,PKB Phosphorylation site,PF00069,Pkinase,Protein kinase domain,R.R..([ST])[^P]..,RPRVQSTST,448,456,F262_BOVIN,Bos taurus,,true positive,20,1,disordered
ELME000061,MOD_PKB_1,PKB Phosphorylation site,MOD,PKB Phosphorylation site,PF00069,Pkinase,Protein kinase domain,R.R..([ST])[^P]..,RPRVQSTST,448,456,FOXO4_HUMAN,Homo sapiens,14690436,true positive,20,1,disordered
ELME000061,MOD_PKB_1,PKB Phosphorylation site,MOD,PKB Phosphorylation site,PF00069,Pkinase,Protein kinase domain,R.R..([ST])[^P]..,RPRVQSTST,448,456,GSK3B_MOUSE,Mus musculus,12434148,true positive,20,1,disordered
ELME000061,MOD_PKB_1,PKB Phosphorylation site,MOD,PKB Phosphorylation site,PF00069,Pkinase,Protein kinase domain,R.R..([ST])[^P]..,RPRVQSTST,448,456,IKKA_HUMAN,Homo sapiens,10485710,true positive,20,1,disordered
ELME000061,MOD_PKB_1,PKB Phosphorylation site,MOD,PKB Phosphorylation site,PF00069,Pkinase,Protein kinase domain,R.R..([ST])[^P]..,RPRVQSTST,448,456,MDM2_HUMAN,Homo sapiens,11715018,true positive,20,1,disordered
ELME000061,MOD_PKB_1,PKB Phosphorylation site,MOD,PKB Phosphorylation site,PF00069,Pkinase,Protein kinase domain,R.R..([ST])[^P]..,RPRVQSTST,448,456,NR4A1_HUMAN,Homo sapiens,11274386,true positive,20,1,disordered
ELME000061,MOD_PKB_1,PKB Phosphorylation site,MOD,PKB Phosphorylation site,PF00069,Pkinase,Protein kinase domain,R.R..([ST])[^P]..,RPRVQSTST,448,456,NR4A1_MOUSE,Mus musculus,,true positive,20,1,disordered
ELME000061,MOD_PKB_1,PKB Phosphorylation site,MOD,PKB Phosphorylation site,PF00069,Pkinase,Protein kinase domain,R.R..([ST])[^P]..,RPRVQSTST,448,456,RAF1_HUMAN,Homo sapiens,19058874,true positive,20,1,disordered
ELME000061,MOD_PKB_1,PKB Phosphorylation site,MOD,PKB Phosphorylation site,PF00069,Pkinase,Protein kinase domain,R.R..([ST])[^P]..,RPRVQSTST,448,456,TERT_HUMAN,Homo sapiens,,true positive,20,1,disordered
ELME000061,MOD_PKB_1,PKB Phosphorylation site,MOD,PKB Phosphorylation site,PF00069,Pkinase,Protein kinase domain,R.R..([ST])[^P]..,RPRVQSTST,448,456,TSC2_HUMAN,Homo sapiens,18466115,true positive,20,1,disordered
ELME000442,MOD_Plk_1,Polo-like kinase phosphosites,MOD,Ser/Thr residue phosphorylated by the Plk1 kinase,PF00069,Pkinase,Protein kinase domain,.[DNE][^PG][ST](([FYILMVW]..)|([^PEDGKN][FWYLIVM]).),EEDSISV,365,371,BRCA2_HUMAN,Homo sapiens,12815053,true positive,44,0,disordered
ELME000442,MOD_Plk_1,Polo-like kinase phosphosites,MOD,Ser/Thr residue phosphorylated by the Plk1 kinase,PF00069,Pkinase,Protein kinase domain,.[DNE][^PG][ST](([FYILMVW]..)|([^PEDGKN][FWYLIVM]).),EEDSISV,365,371,CDH1_YEAST,Saccharomyces cerevisiae S288c,1850033,true positive,44,0,disordered
ELME000442,MOD_Plk_1,Polo-like kinase phosphosites,MOD,Ser/Thr residue phosphorylated by the Plk1 kinase,PF00069,Pkinase,Protein kinase domain,.[DNE][^PG][ST](([FYILMVW]..)|([^PEDGKN][FWYLIVM]).),EEDSISV,365,371,CND1_YEAST,Saccharomyces cerevisiae S288c,19481522,true positive,44,0,disordered
ELME000442,MOD_Plk_1,Polo-like kinase phosphosites,MOD,Ser/Thr residue phosphorylated by the Plk1 kinase,PF00069,Pkinase,Protein kinase domain,.[DNE][^PG][ST](([FYILMVW]..)|([^PEDGKN][FWYLIVM]).),EEDSISV,365,371,CND2_YEAST,Saccharomyces cerevisiae S288c,19481522,true positive,44,0,disordered
ELME000442,MOD_Plk_1,Polo-like kinase phosphosites,MOD,Ser/Thr residue phosphorylated by the Plk1 kinase,PF00069,Pkinase,Protein kinase domain,.[DNE][^PG][ST](([FYILMVW]..)|([^PEDGKN][FWYLIVM]).),EEDSISV,365,371,CND3_YEAST,Saccharomyces cerevisiae S288c,19481522,true positive,44,0,disordered
ELME000442,MOD_Plk_1,Polo-like kinase phosphosites,MOD,Ser/Thr residue phosphorylated by the Plk1 kinase,PF00069,Pkinase,Protein kinase domain,.[DNE][^PG][ST](([FYILMVW]..)|([^PEDGKN][FWYLIVM]).),EEDSISV,365,371,CNDD3_HUMAN,Homo sapiens,21498573,true positive,44,0,disordered
ELME000442,MOD_Plk_1,Polo-like kinase phosphosites,MOD,Ser/Thr residue phosphorylated by the Plk1 kinase,PF00069,Pkinase,Protein kinase domain,.[DNE][^PG][ST](([FYILMVW]..)|([^PEDGKN][FWYLIVM]).),EEDSISV,365,371,CYK2_YEAST,Saccharomyces cerevisiae S288c,21498574,true positive,44,0,disordered
ELME000442,MOD_Plk_1,Polo-like kinase phosphosites,MOD,Ser/Thr residue phosphorylated by the Plk1 kinase,PF00069,Pkinase,Protein kinase domain,.[DNE][^PG][ST](([FYILMVW]..)|([^PEDGKN][FWYLIVM]).),EEDSISV,365,371,DAM1_SCHPO,Schizosaccharomyces pombe 972h-,22375062,true positive,44,0,disordered
ELME000442,MOD_Plk_1,Polo-like kinase phosphosites,MOD,Ser/Thr residue phosphorylated by the Plk1 kinase,PF00069,Pkinase,Protein kinase domain,.[DNE][^PG][ST](([FYILMVW]..)|([^PEDGKN][FWYLIVM]).),EEDSISV,365,371,FOXM1_HUMAN,Homo sapiens,19160488,true positive,44,0,disordered
ELME000442,MOD_Plk_1,Polo-like kinase phosphosites,MOD,Ser/Thr residue phosphorylated by the Plk1 kinase,PF00069,Pkinase,Protein kinase domain,.[DNE][^PG][ST](([FYILMVW]..)|([^PEDGKN][FWYLIVM]).),EEDSISV,365,371,IKKB_HUMAN,Homo sapiens,18957422,true positive,44,0,disordered
ELME000442,MOD_Plk_1,Polo-like kinase phosphosites,MOD,Ser/Thr residue phosphorylated by the Plk1 kinase,PF00069,Pkinase,Protein kinase domain,.[DNE][^PG][ST](([FYILMVW]..)|([^PEDGKN][FWYLIVM]).),EEDSISV,365,371,KIZ_HUMAN,Homo sapiens,16980960,true positive,44,0,disordered
ELME000442,MOD_Plk_1,Polo-like kinase phosphosites,MOD,Ser/Thr residue phosphorylated by the Plk1 kinase,PF00069,Pkinase,Protein kinase domain,.[DNE][^PG][ST](([FYILMVW]..)|([^PEDGKN][FWYLIVM]).),EEDSISV,365,371,MAD3_YEAST,Saccharomyces cerevisiae,15970700,true positive,44,0,disordered
ELME000442,MOD_Plk_1,Polo-like kinase phosphosites,MOD,Ser/Thr residue phosphorylated by the Plk1 kinase,PF00069,Pkinase,Protein kinase domain,.[DNE][^PG][ST](([FYILMVW]..)|([^PEDGKN][FWYLIVM]).),EEDSISV,365,371,MID1_SCHPO,Schizosaccharomyces pombe 972h-,21376600,true positive,44,0,disordered
ELME000442,MOD_Plk_1,Polo-like kinase phosphosites,MOD,Ser/Thr residue phosphorylated by the Plk1 kinase,PF00069,Pkinase,Protein kinase domain,.[DNE][^PG][ST](([FYILMVW]..)|([^PEDGKN][FWYLIVM]).),EEDSISV,365,371,MPIP3_HUMAN,Homo sapiens,12738781 11897663,true positive,44,0,disordered
ELME000442,MOD_Plk_1,Polo-like kinase phosphosites,MOD,Ser/Thr residue phosphorylated by the Plk1 kinase,PF00069,Pkinase,Protein kinase domain,.[DNE][^PG][ST](([FYILMVW]..)|([^PEDGKN][FWYLIVM]).),EEDSISV,365,371,NDD1_YEAST,Saccharomyces cerevisiae S288c,17122856,true positive,44,0,disordered
ELME000442,MOD_Plk_1,Polo-like kinase phosphosites,MOD,Ser/Thr residue phosphorylated by the Plk1 kinase,PF00069,Pkinase,Protein kinase domain,.[DNE][^PG][ST](([FYILMVW]..)|([^PEDGKN][FWYLIVM]).),EEDSISV,365,371,NEDD1_HUMAN,Homo sapiens,19509060,true positive,44,0,disordered
ELME000442,MOD_Plk_1,Polo-like kinase phosphosites,MOD,Ser/Thr residue phosphorylated by the Plk1 kinase,PF00069,Pkinase,Protein kinase domain,.[DNE][^PG][ST](([FYILMVW]..)|([^PEDGKN][FWYLIVM]).),EEDSISV,365,371,O96561_DROME,Drosophila melanogaster,27238966,true positive,44,0,disordered
ELME000442,MOD_Plk_1,Polo-like kinase phosphosites,MOD,Ser/Thr residue phosphorylated by the Plk1 kinase,PF00069,Pkinase,Protein kinase domain,.[DNE][^PG][ST](([FYILMVW]..)|([^PEDGKN][FWYLIVM]).),EEDSISV,365,371,PINX1_HUMAN,Homo sapiens,20573420,true positive,44,0,disordered
ELME000442,MOD_Plk_1,Polo-like kinase phosphosites,MOD,Ser/Thr residue phosphorylated by the Plk1 kinase,PF00069,Pkinase,Protein kinase domain,.[DNE][^PG][ST](([FYILMVW]..)|([^PEDGKN][FWYLIVM]).),EEDSISV,365,371,PMYT1_HUMAN,Homo sapiens,12738781 21498573,true positive,44,0,disordered
ELME000442,MOD_Plk_1,Polo-like kinase phosphosites,MOD,Ser/Thr residue phosphorylated by the Plk1 kinase,PF00069,Pkinase,Protein kinase domain,.[DNE][^PG][ST](([FYILMVW]..)|([^PEDGKN][FWYLIVM]).),EEDSISV,365,371,PMYT1_HUMAN,Homo sapiens,21498573,true positive,44,0,disordered
ELME000442,MOD_Plk_1,Polo-like kinase phosphosites,MOD,Ser/Thr residue phosphorylated by the Plk1 kinase,PF00069,Pkinase,Protein kinase domain,.[DNE][^PG][ST](([FYILMVW]..)|([^PEDGKN][FWYLIVM]).),EEDSISV,365,371,RGAP1_HUMAN,Homo sapiens,19468300,true positive,44,0,disordered
ELME000442,MOD_Plk_1,Polo-like kinase phosphosites,MOD,Ser/Thr residue phosphorylated by the Plk1 kinase,PF00069,Pkinase,Protein kinase domain,.[DNE][^PG][ST](([FYILMVW]..)|([^PEDGKN][FWYLIVM]).),EEDSISV,365,371,RGAP1_HUMAN,Homo sapiens,19468302 19468300,true positive,44,0,disordered
ELME000442,MOD_Plk_1,Polo-like kinase phosphosites,MOD,Ser/Thr residue phosphorylated by the Plk1 kinase,PF00069,Pkinase,Protein kinase domain,.[DNE][^PG][ST](([FYILMVW]..)|([^PEDGKN][FWYLIVM]).),EEDSISV,365,371,SCC1_YEAST,Saccharomyces cerevisiae S288c,11371343,true positive,44,0,disordered
ELME000442,MOD_Plk_1,Polo-like kinase phosphosites,MOD,Ser/Thr residue phosphorylated by the Plk1 kinase,PF00069,Pkinase,Protein kinase domain,.[DNE][^PG][ST](([FYILMVW]..)|([^PEDGKN][FWYLIVM]).),EEDSISV,365,371,SFI1_YEAST,Saccharomyces cerevisiae S288c,24954044,true positive,44,0,disordered
ELME000442,MOD_Plk_1,Polo-like kinase phosphosites,MOD,Ser/Thr residue phosphorylated by the Plk1 kinase,PF00069,Pkinase,Protein kinase domain,.[DNE][^PG][ST](([FYILMVW]..)|([^PEDGKN][FWYLIVM]).),EEDSISV,365,371,SLD2_YEAST,Saccharomyces cerevisiae S288c,27705801,true positive,44,0,disordered
ELME000442,MOD_Plk_1,Polo-like kinase phosphosites,MOD,Ser/Thr residue phosphorylated by the Plk1 kinase,PF00069,Pkinase,Protein kinase domain,.[DNE][^PG][ST](([FYILMVW]..)|([^PEDGKN][FWYLIVM]).),EEDSISV,365,371,SPC7_SCHPO,Schizosaccharomyces pombe 972h-,28497540,true positive,44,0,disordered
ELME000442,MOD_Plk_1,Polo-like kinase phosphosites,MOD,Ser/Thr residue phosphorylated by the Plk1 kinase,PF00069,Pkinase,Protein kinase domain,.[DNE][^PG][ST](([FYILMVW]..)|([^PEDGKN][FWYLIVM]).),EEDSISV,365,371,SRBP1_HUMAN,Homo sapiens,27579997,true positive,44,0,disordered
ELME000442,MOD_Plk_1,Polo-like kinase phosphosites,MOD,Ser/Thr residue phosphorylated by the Plk1 kinase,PF00069,Pkinase,Protein kinase domain,.[DNE][^PG][ST](([FYILMVW]..)|([^PEDGKN][FWYLIVM]).),EEDSISV,365,371,SRBP1_HUMAN,Homo sapiens,27579998,true positive,44,0,disordered
ELME000442,MOD_Plk_1,Polo-like kinase phosphosites,MOD,Ser/Thr residue phosphorylated by the Plk1 kinase,PF00069,Pkinase,Protein kinase domain,.[DNE][^PG][ST](([FYILMVW]..)|([^PEDGKN][FWYLIVM]).),EEDSISV,365,371,TOPRS_HUMAN,Homo sapiens,19473992,true positive,44,0,disordered
ELME000442,MOD_Plk_1,Polo-like kinase phosphosites,MOD,Ser/Thr residue phosphorylated by the Plk1 kinase,PF00069,Pkinase,Protein kinase domain,.[DNE][^PG][ST](([FYILMVW]..)|([^PEDGKN][FWYLIVM]).),EEDSISV,365,371,VIME_MOUSE,Mus musculus,16260496,true positive,44,0,disordered
ELME000442,MOD_Plk_1,Polo-like kinase phosphosites,MOD,Ser/Thr residue phosphorylated by the Plk1 kinase,PF00069,Pkinase,Protein kinase domain,.[DNE][^PG][ST](([FYILMVW]..)|([^PEDGKN][FWYLIVM]).),EEDSISV,365,371,WEE1_HUMAN,Homo sapiens,15070733,true positive,44,0,disordered
ELME000442,MOD_Plk_1,Polo-like kinase phosphosites,MOD,Ser/Thr residue phosphorylated by the Plk1 kinase,PF00069,Pkinase,Protein kinase domain,.[DNE][^PG][ST](([FYILMVW]..)|([^PEDGKN][FWYLIVM]).),ANDTISM,420,426,BRCA2_HUMAN,Homo sapiens,12815053,true positive,44,0,disordered
ELME000442,MOD_Plk_1,Polo-like kinase phosphosites,MOD,Ser/Thr residue phosphorylated by the Plk1 kinase,PF00069,Pkinase,Protein kinase domain,.[DNE][^PG][ST](([FYILMVW]..)|([^PEDGKN][FWYLIVM]).),ANDTISM,420,426,CDH1_YEAST,Saccharomyces cerevisiae S288c,1850033,true positive,44,0,disordered
ELME000442,MOD_Plk_1,Polo-like kinase phosphosites,MOD,Ser/Thr residue phosphorylated by the Plk1 kinase,PF00069,Pkinase,Protein kinase domain,.[DNE][^PG][ST](([FYILMVW]..)|([^PEDGKN][FWYLIVM]).),ANDTISM,420,426,CND1_YEAST,Saccharomyces cerevisiae S288c,19481522,true positive,44,0,disordered
ELME000442,MOD_Plk_1,Polo-like kinase phosphosites,MOD,Ser/Thr residue phosphorylated by the Plk1 kinase,PF00069,Pkinase,Protein kinase domain,.[DNE][^PG][ST](([FYILMVW]..)|([^PEDGKN][FWYLIVM]).),ANDTISM,420,426,CND2_YEAST,Saccharomyces cerevisiae S288c,19481522,true positive,44,0,disordered
ELME000442,MOD_Plk_1,Polo-like kinase phosphosites,MOD,Ser/Thr residue phosphorylated by the Plk1 kinase,PF00069,Pkinase,Protein kinase domain,.[DNE][^PG][ST](([FYILMVW]..)|([^PEDGKN][FWYLIVM]).),ANDTISM,420,426,CND3_YEAST,Saccharomyces cerevisiae S288c,19481522,true positive,44,0,disordered
ELME000442,MOD_Plk_1,Polo-like kinase phosphosites,MOD,Ser/Thr residue phosphorylated by the Plk1 kinase,PF00069,Pkinase,Protein kinase domain,.[DNE][^PG][ST](([FYILMVW]..)|([^PEDGKN][FWYLIVM]).),ANDTISM,420,426,CNDD3_HUMAN,Homo sapiens,21498573,true positive,44,0,disordered
ELME000442,MOD_Plk_1,Polo-like kinase phosphosites,MOD,Ser/Thr residue phosphorylated by the Plk1 kinase,PF00069,Pkinase,Protein kinase domain,.[DNE][^PG][ST](([FYILMVW]..)|([^PEDGKN][FWYLIVM]).),ANDTISM,420,426,CYK2_YEAST,Saccharomyces cerevisiae S288c,21498574,true positive,44,0,disordered
ELME000442,MOD_Plk_1,Polo-like kinase phosphosites,MOD,Ser/Thr residue phosphorylated by the Plk1 kinase,PF00069,Pkinase,Protein kinase domain,.[DNE][^PG][ST](([FYILMVW]..)|([^PEDGKN][FWYLIVM]).),ANDTISM,420,426,DAM1_SCHPO,Schizosaccharomyces pombe 972h-,22375062,true positive,44,0,disordered
ELME000442,MOD_Plk_1,Polo-like kinase phosphosites,MOD,Ser/Thr residue phosphorylated by the Plk1 kinase,PF00069,Pkinase,Protein kinase domain,.[DNE][^PG][ST](([FYILMVW]..)|([^PEDGKN][FWYLIVM]).),ANDTISM,420,426,FOXM1_HUMAN,Homo sapiens,19160488,true positive,44,0,disordered
ELME000442,MOD_Plk_1,Polo-like kinase phosphosites,MOD,Ser/Thr residue phosphorylated by the Plk1 kinase,PF00069,Pkinase,Protein kinase domain,.[DNE][^PG][ST](([FYILMVW]..)|([^PEDGKN][FWYLIVM]).),ANDTISM,420,426,IKKB_HUMAN,Homo sapiens,18957422,true positive,44,0,disordered
ELME000442,MOD_Plk_1,Polo-like kinase phosphosites,MOD,Ser/Thr residue phosphorylated by the Plk1 kinase,PF00069,Pkinase,Protein kinase domain,.[DNE][^PG][ST](([FYILMVW]..)|([^PEDGKN][FWYLIVM]).),ANDTISM,420,426,KIZ_HUMAN,Homo sapiens,16980960,true positive,44,0,disordered
ELME000442,MOD_Plk_1,Polo-like kinase phosphosites,MOD,Ser/Thr residue phosphorylated by the Plk1 kinase,PF00069,Pkinase,Protein kinase domain,.[DNE][^PG][ST](([FYILMVW]..)|([^PEDGKN][FWYLIVM]).),ANDTISM,420,426,MAD3_YEAST,Saccharomyces cerevisiae,15970700,true positive,44,0,disordered
ELME000442,MOD_Plk_1,Polo-like kinase phosphosites,MOD,Ser/Thr residue phosphorylated by the Plk1 kinase,PF00069,Pkinase,Protein kinase domain,.[DNE][^PG][ST](([FYILMVW]..)|([^PEDGKN][FWYLIVM]).),ANDTISM,420,426,MID1_SCHPO,Schizosaccharomyces pombe 972h-,21376600,true positive,44,0,disordered
ELME000442,MOD_Plk_1,Polo-like kinase phosphosites,MOD,Ser/Thr residue phosphorylated by the Plk1 kinase,PF00069,Pkinase,Protein kinase domain,.[DNE][^PG][ST](([FYILMVW]..)|([^PEDGKN][FWYLIVM]).),ANDTISM,420,426,MPIP3_HUMAN,Homo sapiens,12738781 11897663,true positive,44,0,disordered
ELME000442,MOD_Plk_1,Polo-like kinase phosphosites,MOD,Ser/Thr residue phosphorylated by the Plk1 kinase,PF00069,Pkinase,Protein kinase domain,.[DNE][^PG][ST](([FYILMVW]..)|([^PEDGKN][FWYLIVM]).),ANDTISM,420,426,NDD1_YEAST,Saccharomyces cerevisiae S288c,17122856,true positive,44,0,disordered
ELME000442,MOD_Plk_1,Polo-like kinase phosphosites,MOD,Ser/Thr residue phosphorylated by the Plk1 kinase,PF00069,Pkinase,Protein kinase domain,.[DNE][^PG][ST](([FYILMVW]..)|([^PEDGKN][FWYLIVM]).),ANDTISM,420,426,NEDD1_HUMAN,Homo sapiens,19509060,true positive,44,0,disordered
ELME000442,MOD_Plk_1,Polo-like kinase phosphosites,MOD,Ser/Thr residue phosphorylated by the Plk1 kinase,PF00069,Pkinase,Protein kinase domain,.[DNE][^PG][ST](([FYILMVW]..)|([^PEDGKN][FWYLIVM]).),ANDTISM,420,426,O96561_DROME,Drosophila melanogaster,27238966,true positive,44,0,disordered
ELME000442,MOD_Plk_1,Polo-like kinase phosphosites,MOD,Ser/Thr residue phosphorylated by the Plk1 kinase,PF00069,Pkinase,Protein kinase domain,.[DNE][^PG][ST](([FYILMVW]..)|([^PEDGKN][FWYLIVM]).),ANDTISM,420,426,PINX1_HUMAN,Homo sapiens,20573420,true positive,44,0,disordered
ELME000442,MOD_Plk_1,Polo-like kinase phosphosites,MOD,Ser/Thr residue phosphorylated by the Plk1 kinase,PF00069,Pkinase,Protein kinase domain,.[DNE][^PG][ST](([FYILMVW]..)|([^PEDGKN][FWYLIVM]).),ANDTISM,420,426,PMYT1_HUMAN,Homo sapiens,12738781 21498573,true positive,44,0,disordered
ELME000442,MOD_Plk_1,Polo-like kinase phosphosites,MOD,Ser/Thr residue phosphorylated by the Plk1 kinase,PF00069,Pkinase,Protein kinase domain,.[DNE][^PG][ST](([FYILMVW]..)|([^PEDGKN][FWYLIVM]).),ANDTISM,420,426,PMYT1_HUMAN,Homo sapiens,21498573,true positive,44,0,disordered
ELME000442,MOD_Plk_1,Polo-like kinase phosphosites,MOD,Ser/Thr residue phosphorylated by the Plk1 kinase,PF00069,Pkinase,Protein kinase domain,.[DNE][^PG][ST](([FYILMVW]..)|([^PEDGKN][FWYLIVM]).),ANDTISM,420,426,RGAP1_HUMAN,Homo sapiens,19468300,true positive,44,0,disordered
ELME000442,MOD_Plk_1,Polo-like kinase phosphosites,MOD,Ser/Thr residue phosphorylated by the Plk1 kinase,PF00069,Pkinase,Protein kinase domain,.[DNE][^PG][ST](([FYILMVW]..)|([^PEDGKN][FWYLIVM]).),ANDTISM,420,426,RGAP1_HUMAN,Homo sapiens,19468302 19468300,true positive,44,0,disordered
ELME000442,MOD_Plk_1,Polo-like kinase phosphosites,MOD,Ser/Thr residue phosphorylated by the Plk1 kinase,PF00069,Pkinase,Protein kinase domain,.[DNE][^PG][ST](([FYILMVW]..)|([^PEDGKN][FWYLIVM]).),ANDTISM,420,426,SCC1_YEAST,Saccharomyces cerevisiae S288c,11371343,true positive,44,0,disordered
ELME000442,MOD_Plk_1,Polo-like kinase phosphosites,MOD,Ser/Thr residue phosphorylated by the Plk1 kinase,PF00069,Pkinase,Protein kinase domain,.[DNE][^PG][ST](([FYILMVW]..)|([^PEDGKN][FWYLIVM]).),ANDTISM,420,426,SFI1_YEAST,Saccharomyces cerevisiae S288c,24954044,true positive,44,0,disordered
ELME000442,MOD_Plk_1,Polo-like kinase phosphosites,MOD,Ser/Thr residue phosphorylated by the Plk1 kinase,PF00069,Pkinase,Protein kinase domain,.[DNE][^PG][ST](([FYILMVW]..)|([^PEDGKN][FWYLIVM]).),ANDTISM,420,426,SLD2_YEAST,Saccharomyces cerevisiae S288c,27705801,true positive,44,0,disordered
ELME000442,MOD_Plk_1,Polo-like kinase phosphosites,MOD,Ser/Thr residue phosphorylated by the Plk1 kinase,PF00069,Pkinase,Protein kinase domain,.[DNE][^PG][ST](([FYILMVW]..)|([^PEDGKN][FWYLIVM]).),ANDTISM,420,426,SPC7_SCHPO,Schizosaccharomyces pombe 972h-,28497540,true positive,44,0,disordered
ELME000442,MOD_Plk_1,Polo-like kinase phosphosites,MOD,Ser/Thr residue phosphorylated by the Plk1 kinase,PF00069,Pkinase,Protein kinase domain,.[DNE][^PG][ST](([FYILMVW]..)|([^PEDGKN][FWYLIVM]).),ANDTISM,420,426,SRBP1_HUMAN,Homo sapiens,27579997,true positive,44,0,disordered
ELME000442,MOD_Plk_1,Polo-like kinase phosphosites,MOD,Ser/Thr residue phosphorylated by the Plk1 kinase,PF00069,Pkinase,Protein kinase domain,.[DNE][^PG][ST](([FYILMVW]..)|([^PEDGKN][FWYLIVM]).),ANDTISM,420,426,SRBP1_HUMAN,Homo sapiens,27579998,true positive,44,0,disordered
ELME000442,MOD_Plk_1,Polo-like kinase phosphosites,MOD,Ser/Thr residue phosphorylated by the Plk1 kinase,PF00069,Pkinase,Protein kinase domain,.[DNE][^PG][ST](([FYILMVW]..)|([^PEDGKN][FWYLIVM]).),ANDTISM,420,426,TOPRS_HUMAN,Homo sapiens,19473992,true positive,44,0,disordered
ELME000442,MOD_Plk_1,Polo-like kinase phosphosites,MOD,Ser/Thr residue phosphorylated by the Plk1 kinase,PF00069,Pkinase,Protein kinase domain,.[DNE][^PG][ST](([FYILMVW]..)|([^PEDGKN][FWYLIVM]).),ANDTISM,420,426,VIME_MOUSE,Mus musculus,16260496,true positive,44,0,disordered
ELME000442,MOD_Plk_1,Polo-like kinase phosphosites,MOD,Ser/Thr residue phosphorylated by the Plk1 kinase,PF00069,Pkinase,Protein kinase domain,.[DNE][^PG][ST](([FYILMVW]..)|([^PEDGKN][FWYLIVM]).),ANDTISM,420,426,WEE1_HUMAN,Homo sapiens,15070733,true positive,44,0,disordered
ELME000442,MOD_Plk_1,Polo-like kinase phosphosites,MOD,Ser/Thr residue phosphorylated by the Plk1 kinase,PF00069,Pkinase,Protein kinase domain,.[DNE][^PG][ST](([FYILMVW]..)|([^PEDGKN][FWYLIVM]).),SNETALA,430,436,BRCA2_HUMAN,Homo sapiens,12815053,true positive,44,0,disordered
ELME000442,MOD_Plk_1,Polo-like kinase phosphosites,MOD,Ser/Thr residue phosphorylated by the Plk1 kinase,PF00069,Pkinase,Protein kinase domain,.[DNE][^PG][ST](([FYILMVW]..)|([^PEDGKN][FWYLIVM]).),SNETALA,430,436,CDH1_YEAST,Saccharomyces cerevisiae S288c,1850033,true positive,44,0,disordered
ELME000442,MOD_Plk_1,Polo-like kinase phosphosites,MOD,Ser/Thr residue phosphorylated by the Plk1 kinase,PF00069,Pkinase,Protein kinase domain,.[DNE][^PG][ST](([FYILMVW]..)|([^PEDGKN][FWYLIVM]).),SNETALA,430,436,CND1_YEAST,Saccharomyces cerevisiae S288c,19481522,true positive,44,0,disordered
ELME000442,MOD_Plk_1,Polo-like kinase phosphosites,MOD,Ser/Thr residue phosphorylated by the Plk1 kinase,PF00069,Pkinase,Protein kinase domain,.[DNE][^PG][ST](([FYILMVW]..)|([^PEDGKN][FWYLIVM]).),SNETALA,430,436,CND2_YEAST,Saccharomyces cerevisiae S288c,19481522,true positive,44,0,disordered
ELME000442,MOD_Plk_1,Polo-like kinase phosphosites,MOD,Ser/Thr residue phosphorylated by the Plk1 kinase,PF00069,Pkinase,Protein kinase domain,.[DNE][^PG][ST](([FYILMVW]..)|([^PEDGKN][FWYLIVM]).),SNETALA,430,436,CND3_YEAST,Saccharomyces cerevisiae S288c,19481522,true positive,44,0,disordered
ELME000442,MOD_Plk_1,Polo-like kinase phosphosites,MOD,Ser/Thr residue phosphorylated by the Plk1 kinase,PF00069,Pkinase,Protein kinase domain,.[DNE][^PG][ST](([FYILMVW]..)|([^PEDGKN][FWYLIVM]).),SNETALA,430,436,CNDD3_HUMAN,Homo sapiens,21498573,true positive,44,0,disordered
ELME000442,MOD_Plk_1,Polo-like kinase phosphosites,MOD,Ser/Thr residue phosphorylated by the Plk1 kinase,PF00069,Pkinase,Protein kinase domain,.[DNE][^PG][ST](([FYILMVW]..)|([^PEDGKN][FWYLIVM]).),SNETALA,430,436,CYK2_YEAST,Saccharomyces cerevisiae S288c,21498574,true positive,44,0,disordered
ELME000442,MOD_Plk_1,Polo-like kinase phosphosites,MOD,Ser/Thr residue phosphorylated by the Plk1 kinase,PF00069,Pkinase,Protein kinase domain,.[DNE][^PG][ST](([FYILMVW]..)|([^PEDGKN][FWYLIVM]).),SNETALA,430,436,DAM1_SCHPO,Schizosaccharomyces pombe 972h-,22375062,true positive,44,0,disordered
ELME000442,MOD_Plk_1,Polo-like kinase phosphosites,MOD,Ser/Thr residue phosphorylated by the Plk1 kinase,PF00069,Pkinase,Protein kinase domain,.[DNE][^PG][ST](([FYILMVW]..)|([^PEDGKN][FWYLIVM]).),SNETALA,430,436,FOXM1_HUMAN,Homo sapiens,19160488,true positive,44,0,disordered
ELME000442,MOD_Plk_1,Polo-like kinase phosphosites,MOD,Ser/Thr residue phosphorylated by the Plk1 kinase,PF00069,Pkinase,Protein kinase domain,.[DNE][^PG][ST](([FYILMVW]..)|([^PEDGKN][FWYLIVM]).),SNETALA,430,436,IKKB_HUMAN,Homo sapiens,18957422,true positive,44,0,disordered
ELME000442,MOD_Plk_1,Polo-like kinase phosphosites,MOD,Ser/Thr residue phosphorylated by the Plk1 kinase,PF00069,Pkinase,Protein kinase domain,.[DNE][^PG][ST](([FYILMVW]..)|([^PEDGKN][FWYLIVM]).),SNETALA,430,436,KIZ_HUMAN,Homo sapiens,16980960,true positive,44,0,disordered
ELME000442,MOD_Plk_1,Polo-like kinase phosphosites,MOD,Ser/Thr residue phosphorylated by the Plk1 kinase,PF00069,Pkinase,Protein kinase domain,.[DNE][^PG][ST](([FYILMVW]..)|([^PEDGKN][FWYLIVM]).),SNETALA,430,436,MAD3_YEAST,Saccharomyces cerevisiae,15970700,true positive,44,0,disordered
ELME000442,MOD_Plk_1,Polo-like kinase phosphosites,MOD,Ser/Thr residue phosphorylated by the Plk1 kinase,PF00069,Pkinase,Protein kinase domain,.[DNE][^PG][ST](([FYILMVW]..)|([^PEDGKN][FWYLIVM]).),SNETALA,430,436,MID1_SCHPO,Schizosaccharomyces pombe 972h-,21376600,true positive,44,0,disordered
ELME000442,MOD_Plk_1,Polo-like kinase phosphosites,MOD,Ser/Thr residue phosphorylated by the Plk1 kinase,PF00069,Pkinase,Protein kinase domain,.[DNE][^PG][ST](([FYILMVW]..)|([^PEDGKN][FWYLIVM]).),SNETALA,430,436,MPIP3_HUMAN,Homo sapiens,12738781 11897663,true positive,44,0,disordered
ELME000442,MOD_Plk_1,Polo-like kinase phosphosites,MOD,Ser/Thr residue phosphorylated by the Plk1 kinase,PF00069,Pkinase,Protein kinase domain,.[DNE][^PG][ST](([FYILMVW]..)|([^PEDGKN][FWYLIVM]).),SNETALA,430,436,NDD1_YEAST,Saccharomyces cerevisiae S288c,17122856,true positive,44,0,disordered
ELME000442,MOD_Plk_1,Polo-like kinase phosphosites,MOD,Ser/Thr residue phosphorylated by the Plk1 kinase,PF00069,Pkinase,Protein kinase domain,.[DNE][^PG][ST](([FYILMVW]..)|([^PEDGKN][FWYLIVM]).),SNETALA,430,436,NEDD1_HUMAN,Homo sapiens,19509060,true positive,44,0,disordered
ELME000442,MOD_Plk_1,Polo-like kinase phosphosites,MOD,Ser/Thr residue phosphorylated by the Plk1 kinase,PF00069,Pkinase,Protein kinase domain,.[DNE][^PG][ST](([FYILMVW]..)|([^PEDGKN][FWYLIVM]).),SNETALA,430,436,O96561_DROME,Drosophila melanogaster,27238966,true positive,44,0,disordered
ELME000442,MOD_Plk_1,Polo-like kinase phosphosites,MOD,Ser/Thr residue phosphorylated by the Plk1 kinase,PF00069,Pkinase,Protein kinase domain,.[DNE][^PG][ST](([FYILMVW]..)|([^PEDGKN][FWYLIVM]).),SNETALA,430,436,PINX1_HUMAN,Homo sapiens,20573420,true positive,44,0,disordered
ELME000442,MOD_Plk_1,Polo-like kinase phosphosites,MOD,Ser/Thr residue phosphorylated by the Plk1 kinase,PF00069,Pkinase,Protein kinase domain,.[DNE][^PG][ST](([FYILMVW]..)|([^PEDGKN][FWYLIVM]).),SNETALA,430,436,PMYT1_HUMAN,Homo sapiens,12738781 21498573,true positive,44,0,disordered
ELME000442,MOD_Plk_1,Polo-like kinase phosphosites,MOD,Ser/Thr residue phosphorylated by the Plk1 kinase,PF00069,Pkinase,Protein kinase domain,.[DNE][^PG][ST](([FYILMVW]..)|([^PEDGKN][FWYLIVM]).),SNETALA,430,436,PMYT1_HUMAN,Homo sapiens,21498573,true positive,44,0,disordered
ELME000442,MOD_Plk_1,Polo-like kinase phosphosites,MOD,Ser/Thr residue phosphorylated by the Plk1 kinase,PF00069,Pkinase,Protein kinase domain,.[DNE][^PG][ST](([FYILMVW]..)|([^PEDGKN][FWYLIVM]).),SNETALA,430,436,RGAP1_HUMAN,Homo sapiens,19468300,true positive,44,0,disordered
ELME000442,MOD_Plk_1,Polo-like kinase phosphosites,MOD,Ser/Thr residue phosphorylated by the Plk1 kinase,PF00069,Pkinase,Protein kinase domain,.[DNE][^PG][ST](([FYILMVW]..)|([^PEDGKN][FWYLIVM]).),SNETALA,430,436,RGAP1_HUMAN,Homo sapiens,19468302 19468300,true positive,44,0,disordered
ELME000442,MOD_Plk_1,Polo-like kinase phosphosites,MOD,Ser/Thr residue phosphorylated by the Plk1 kinase,PF00069,Pkinase,Protein kinase domain,.[DNE][^PG][ST](([FYILMVW]..)|([^PEDGKN][FWYLIVM]).),SNETALA,430,436,SCC1_YEAST,Saccharomyces cerevisiae S288c,11371343,true positive,44,0,disordered
ELME000442,MOD_Plk_1,Polo-like kinase phosphosites,MOD,Ser/Thr residue phosphorylated by the Plk1 kinase,PF00069,Pkinase,Protein kinase domain,.[DNE][^PG][ST](([FYILMVW]..)|([^PEDGKN][FWYLIVM]).),SNETALA,430,436,SFI1_YEAST,Saccharomyces cerevisiae S288c,24954044,true positive,44,0,disordered
ELME000442,MOD_Plk_1,Polo-like kinase phosphosites,MOD,Ser/Thr residue phosphorylated by the Plk1 kinase,PF00069,Pkinase,Protein kinase domain,.[DNE][^PG][ST](([FYILMVW]..)|([^PEDGKN][FWYLIVM]).),SNETALA,430,436,SLD2_YEAST,Saccharomyces cerevisiae S288c,27705801,true positive,44,0,disordered
ELME000442,MOD_Plk_1,Polo-like kinase phosphosites,MOD,Ser/Thr residue phosphorylated by the Plk1 kinase,PF00069,Pkinase,Protein kinase domain,.[DNE][^PG][ST](([FYILMVW]..)|([^PEDGKN][FWYLIVM]).),SNETALA,430,436,SPC7_SCHPO,Schizosaccharomyces pombe 972h-,28497540,true positive,44,0,disordered
ELME000442,MOD_Plk_1,Polo-like kinase phosphosites,MOD,Ser/Thr residue phosphorylated by the Plk1 kinase,PF00069,Pkinase,Protein kinase domain,.[DNE][^PG][ST](([FYILMVW]..)|([^PEDGKN][FWYLIVM]).),SNETALA,430,436,SRBP1_HUMAN,Homo sapiens,27579997,true positive,44,0,disordered
ELME000442,MOD_Plk_1,Polo-like kinase phosphosites,MOD,Ser/Thr residue phosphorylated by the Plk1 kinase,PF00069,Pkinase,Protein kinase domain,.[DNE][^PG][ST](([FYILMVW]..)|([^PEDGKN][FWYLIVM]).),SNETALA,430,436,SRBP1_HUMAN,Homo sapiens,27579998,true positive,44,0,disordered
ELME000442,MOD_Plk_1,Polo-like kinase phosphosites,MOD,Ser/Thr residue phosphorylated by the Plk1 kinase,PF00069,Pkinase,Protein kinase domain,.[DNE][^PG][ST](([FYILMVW]..)|([^PEDGKN][FWYLIVM]).),SNETALA,430,436,TOPRS_HUMAN,Homo sapiens,19473992,true positive,44,0,disordered
ELME000442,MOD_Plk_1,Polo-like kinase phosphosites,MOD,Ser/Thr residue phosphorylated by the Plk1 kinase,PF00069,Pkinase,Protein kinase domain,.[DNE][^PG][ST](([FYILMVW]..)|([^PEDGKN][FWYLIVM]).),SNETALA,430,436,VIME_MOUSE,Mus musculus,16260496,true positive,44,0,disordered
ELME000442,MOD_Plk_1,Polo-like kinase phosphosites,MOD,Ser/Thr residue phosphorylated by the Plk1 kinase,PF00069,Pkinase,Protein kinase domain,.[DNE][^PG][ST](([FYILMVW]..)|([^PEDGKN][FWYLIVM]).),SNETALA,430,436,WEE1_HUMAN,Homo sapiens,15070733,true positive,44,0,disordered
ELME000443,MOD_Plk_2-3,Polo-like kinase phosphosites,MOD,Ser/Thr residue phosphorylated by Plk2 and Plk3,PF00069,Pkinase,Protein kinase domain,[DE]..([ST])[EDILMVFWY](([DE].)|(.[DE])),ESISVDV,342,348,MPIP3_HUMAN,Homo sapiens,14968113,true positive,3,0,disordered
ELME000443,MOD_Plk_2-3,Polo-like kinase phosphosites,MOD,Ser/Thr residue phosphorylated by Plk2 and Plk3,PF00069,Pkinase,Protein kinase domain,[DE]..([ST])[EDILMVFWY](([DE].)|(.[DE])),ESISVDV,342,348,SYUA_HUMAN,Homo sapiens,19004816,true positive,3,0,disordered
ELME000443,MOD_Plk_2-3,Polo-like kinase phosphosites,MOD,Ser/Thr residue phosphorylated by Plk2 and Plk3,PF00069,Pkinase,Protein kinase domain,[DE]..([ST])[EDILMVFWY](([DE].)|(.[DE])),ESISVDV,342,348,TOP2A_HUMAN,Homo sapiens,18062778,true positive,3,0,disordered
ELME000443,MOD_Plk_2-3,Polo-like kinase phosphosites,MOD,Ser/Thr residue phosphorylated by Plk2 and Plk3,PF00069,Pkinase,Protein kinase domain,[DE]..([ST])[EDILMVFWY](([DE].)|(.[DE])),DTISMES,422,428,MPIP3_HUMAN,Homo sapiens,14968113,true positive,3,0,disordered
ELME000443,MOD_Plk_2-3,Polo-like kinase phosphosites,MOD,Ser/Thr residue phosphorylated by Plk2 and Plk3,PF00069,Pkinase,Protein kinase domain,[DE]..([ST])[EDILMVFWY](([DE].)|(.[DE])),DTISMES,422,428,SYUA_HUMAN,Homo sapiens,19004816,true positive,3,0,disordered
ELME000443,MOD_Plk_2-3,Polo-like kinase phosphosites,MOD,Ser/Thr residue phosphorylated by Plk2 and Plk3,PF00069,Pkinase,Protein kinase domain,[DE]..([ST])[EDILMVFWY](([DE].)|(.[DE])),DTISMES,422,428,TOP2A_HUMAN,Homo sapiens,18062778,true positive,3,0,disordered
ELME000159,MOD_ProDKin_1,MAPK Phosphorylation Site,MOD,Proline-Directed Kinase (e.g. MAPK) phosphorylation site in higher eukaryotes.,PF00069,Pkinase,Protein kinase domain,...([ST])P..,LEESPEN,352,358,A6P3E3_MOUSE,Mus musculus,16410316,true positive,38,0,disordered
ELME000159,MOD_ProDKin_1,MAPK Phosphorylation Site,MOD,Proline-Directed Kinase (e.g. MAPK) phosphorylation site in higher eukaryotes.,PF00069,Pkinase,Protein kinase domain,...([ST])P..,LEESPEN,352,358,BAZ1B_HUMAN,Homo sapiens,19776015,true positive,38,0,disordered
ELME000159,MOD_ProDKin_1,MAPK Phosphorylation Site,MOD,Proline-Directed Kinase (e.g. MAPK) phosphorylation site in higher eukaryotes.,PF00069,Pkinase,Protein kinase domain,...([ST])P..,LEESPEN,352,358,ELK4_HUMAN,Homo sapiens,9130707,true positive,38,0,disordered
ELME000159,MOD_ProDKin_1,MAPK Phosphorylation Site,MOD,Proline-Directed Kinase (e.g. MAPK) phosphorylation site in higher eukaryotes.,PF00069,Pkinase,Protein kinase domain,...([ST])P..,LEESPEN,352,358,ETV6_HUMAN,Homo sapiens,12435397,true positive,38,0,disordered
ELME000159,MOD_ProDKin_1,MAPK Phosphorylation Site,MOD,Proline-Directed Kinase (e.g. MAPK) phosphorylation site in higher eukaryotes.,PF00069,Pkinase,Protein kinase domain,...([ST])P..,LEESPEN,352,358,FAK1_HUMAN,Homo sapiens,12692126,true positive,38,0,disordered
ELME000159,MOD_ProDKin_1,MAPK Phosphorylation Site,MOD,Proline-Directed Kinase (e.g. MAPK) phosphorylation site in higher eukaryotes.,PF00069,Pkinase,Protein kinase domain,...([ST])P..,LEESPEN,352,358,FAK1_MOUSE,Mus musculus,19595712,true positive,38,0,disordered
ELME000159,MOD_ProDKin_1,MAPK Phosphorylation Site,MOD,Proline-Directed Kinase (e.g. MAPK) phosphorylation site in higher eukaryotes.,PF00069,Pkinase,Protein kinase domain,...([ST])P..,LEESPEN,352,358,GRB10_HUMAN,Homo sapiens,15952796,true positive,38,0,disordered
ELME000159,MOD_ProDKin_1,MAPK Phosphorylation Site,MOD,Proline-Directed Kinase (e.g. MAPK) phosphorylation site in higher eukaryotes.,PF00069,Pkinase,Protein kinase domain,...([ST])P..,LEESPEN,352,358,HIF1A_HUMAN,Homo sapiens,16954218,true positive,38,0,disordered
ELME000159,MOD_ProDKin_1,MAPK Phosphorylation Site,MOD,Proline-Directed Kinase (e.g. MAPK) phosphorylation site in higher eukaryotes.,PF00069,Pkinase,Protein kinase domain,...([ST])P..,LEESPEN,352,358,HSF1_HUMAN,Homo sapiens,8940068,true positive,38,0,disordered
ELME000159,MOD_ProDKin_1,MAPK Phosphorylation Site,MOD,Proline-Directed Kinase (e.g. MAPK) phosphorylation site in higher eukaryotes.,PF00069,Pkinase,Protein kinase domain,...([ST])P..,LEESPEN,352,358,INCA_CHLCV,Chlamydophila caviae GPIC,15230981,true positive,38,0,disordered
ELME000159,MOD_ProDKin_1,MAPK Phosphorylation Site,MOD,Proline-Directed Kinase (e.g. MAPK) phosphorylation site in higher eukaryotes.,PF00069,Pkinase,Protein kinase domain,...([ST])P..,LEESPEN,352,358,JDP2_MOUSE,Mus musculus,11602244,true positive,38,0,disordered
ELME000159,MOD_ProDKin_1,MAPK Phosphorylation Site,MOD,Proline-Directed Kinase (e.g. MAPK) phosphorylation site in higher eukaryotes.,PF00069,Pkinase,Protein kinase domain,...([ST])P..,LEESPEN,352,358,K2C8_HUMAN,Homo sapiens,11781324,true positive,38,0,disordered
ELME000159,MOD_ProDKin_1,MAPK Phosphorylation Site,MOD,Proline-Directed Kinase (e.g. MAPK) phosphorylation site in higher eukaryotes.,PF00069,Pkinase,Protein kinase domain,...([ST])P..,LEESPEN,352,358,LCK_MOUSE,Mus musculus,8226850 11847223,true positive,38,0,disordered
ELME000159,MOD_ProDKin_1,MAPK Phosphorylation Site,MOD,Proline-Directed Kinase (e.g. MAPK) phosphorylation site in higher eukaryotes.,PF00069,Pkinase,Protein kinase domain,...([ST])P..,LEESPEN,352,358,LIMA1_MOUSE,Mus musculus,17875928,true positive,38,0,disordered
ELME000159,MOD_ProDKin_1,MAPK Phosphorylation Site,MOD,Proline-Directed Kinase (e.g. MAPK) phosphorylation site in higher eukaryotes.,PF00069,Pkinase,Protein kinase domain,...([ST])P..,LEESPEN,352,358,MED1_MOUSE,Mus musculus,12356758,true positive,38,0,disordered
ELME000159,MOD_ProDKin_1,MAPK Phosphorylation Site,MOD,Proline-Directed Kinase (e.g. MAPK) phosphorylation site in higher eukaryotes.,PF00069,Pkinase,Protein kinase domain,...([ST])P..,LEESPEN,352,358,MYC_HUMAN,Homo sapiens,8035827 1651323,true positive,38,0,disordered
ELME000159,MOD_ProDKin_1,MAPK Phosphorylation Site,MOD,Proline-Directed Kinase (e.g. MAPK) phosphorylation site in higher eukaryotes.,PF00069,Pkinase,Protein kinase domain,...([ST])P..,LEESPEN,352,358,MYC_HUMAN,Homo sapiens,10551811,true positive,38,0,disordered
ELME000159,MOD_ProDKin_1,MAPK Phosphorylation Site,MOD,Proline-Directed Kinase (e.g. MAPK) phosphorylation site in higher eukaryotes.,PF00069,Pkinase,Protein kinase domain,...([ST])P..,LEESPEN,352,358,NFAC4_HUMAN,Homo sapiens,11997522,true positive,38,0,disordered
ELME000159,MOD_ProDKin_1,MAPK Phosphorylation Site,MOD,Proline-Directed Kinase (e.g. MAPK) phosphorylation site in higher eukaryotes.,PF00069,Pkinase,Protein kinase domain,...([ST])P..,LEESPEN,352,358,PAPOA_MOUSE,Mus musculus,18084034,true positive,38,0,disordered
ELME000159,MOD_ProDKin_1,MAPK Phosphorylation Site,MOD,Proline-Directed Kinase (e.g. MAPK) phosphorylation site in higher eukaryotes.,PF00069,Pkinase,Protein kinase domain,...([ST])P..,LEESPEN,352,358,PAX6_DANRE,Danio rerio,10329718,true positive,38,0,disordered
ELME000159,MOD_ProDKin_1,MAPK Phosphorylation Site,MOD,Proline-Directed Kinase (e.g. MAPK) phosphorylation site in higher eukaryotes.,PF00069,Pkinase,Protein kinase domain,...([ST])P..,LEESPEN,352,358,Q8K4N4_MOUSE,Mus musculus,15963504,true positive,38,0,disordered
ELME000159,MOD_ProDKin_1,MAPK Phosphorylation Site,MOD,Proline-Directed Kinase (e.g. MAPK) phosphorylation site in higher eukaryotes.,PF00069,Pkinase,Protein kinase domain,...([ST])P..,LEESPEN,352,358,RARA_HUMAN,Homo sapiens,15657432,true positive,38,0,disordered
ELME000159,MOD_ProDKin_1,MAPK Phosphorylation Site,MOD,Proline-Directed Kinase (e.g. MAPK) phosphorylation site in higher eukaryotes.,PF00069,Pkinase,Protein kinase domain,...([ST])P..,LEESPEN,352,358,SOS1_HUMAN,Homo sapiens,8816480,true positive,38,0,disordered
ELME000159,MOD_ProDKin_1,MAPK Phosphorylation Site,MOD,Proline-Directed Kinase (e.g. MAPK) phosphorylation site in higher eukaryotes.,PF00069,Pkinase,Protein kinase domain,...([ST])P..,LEESPEN,352,358,SP1_HUMAN,Homo sapiens,11904305,true positive,38,0,disordered
ELME000159,MOD_ProDKin_1,MAPK Phosphorylation Site,MOD,Proline-Directed Kinase (e.g. MAPK) phosphorylation site in higher eukaryotes.,PF00069,Pkinase,Protein kinase domain,...([ST])P..,LEESPEN,352,358,TACY_LISMO,Listeria monocytogenes EGD-e,14638761 11062133 16441444,true positive,38,0,disordered
ELME000159,MOD_ProDKin_1,MAPK Phosphorylation Site,MOD,Proline-Directed Kinase (e.g. MAPK) phosphorylation site in higher eukaryotes.,PF00069,Pkinase,Protein kinase domain,...([ST])P..,LEESPEN,352,358,TAL1_HUMAN,Homo sapiens,8423803,true positive,38,0,disordered
ELME000159,MOD_ProDKin_1,MAPK Phosphorylation Site,MOD,Proline-Directed Kinase (e.g. MAPK) phosphorylation site in higher eukaryotes.,PF00069,Pkinase,Protein kinase domain,...([ST])P..,LEESPEN,352,358,TOB1_HUMAN,Homo sapiens,12151396,true positive,38,0,disordered
ELME000159,MOD_ProDKin_1,MAPK Phosphorylation Site,MOD,Proline-Directed Kinase (e.g. MAPK) phosphorylation site in higher eukaryotes.,PF00069,Pkinase,Protein kinase domain,...([ST])P..,IFRTPPI,440,446,A6P3E3_MOUSE,Mus musculus,16410316,true positive,38,0,disordered
ELME000159,MOD_ProDKin_1,MAPK Phosphorylation Site,MOD,Proline-Directed Kinase (e.g. MAPK) phosphorylation site in higher eukaryotes.,PF00069,Pkinase,Protein kinase domain,...([ST])P..,IFRTPPI,440,446,BAZ1B_HUMAN,Homo sapiens,19776015,true positive,38,0,disordered
ELME000159,MOD_ProDKin_1,MAPK Phosphorylation Site,MOD,Proline-Directed Kinase (e.g. MAPK) phosphorylation site in higher eukaryotes.,PF00069,Pkinase,Protein kinase domain,...([ST])P..,IFRTPPI,440,446,ELK4_HUMAN,Homo sapiens,9130707,true positive,38,0,disordered
ELME000159,MOD_ProDKin_1,MAPK Phosphorylation Site,MOD,Proline-Directed Kinase (e.g. MAPK) phosphorylation site in higher eukaryotes.,PF00069,Pkinase,Protein kinase domain,...([ST])P..,IFRTPPI,440,446,ETV6_HUMAN,Homo sapiens,12435397,true positive,38,0,disordered
ELME000159,MOD_ProDKin_1,MAPK Phosphorylation Site,MOD,Proline-Directed Kinase (e.g. MAPK) phosphorylation site in higher eukaryotes.,PF00069,Pkinase,Protein kinase domain,...([ST])P..,IFRTPPI,440,446,FAK1_HUMAN,Homo sapiens,12692126,true positive,38,0,disordered
ELME000159,MOD_ProDKin_1,MAPK Phosphorylation Site,MOD,Proline-Directed Kinase (e.g. MAPK) phosphorylation site in higher eukaryotes.,PF00069,Pkinase,Protein kinase domain,...([ST])P..,IFRTPPI,440,446,FAK1_MOUSE,Mus musculus,19595712,true positive,38,0,disordered
ELME000159,MOD_ProDKin_1,MAPK Phosphorylation Site,MOD,Proline-Directed Kinase (e.g. MAPK) phosphorylation site in higher eukaryotes.,PF00069,Pkinase,Protein kinase domain,...([ST])P..,IFRTPPI,440,446,GRB10_HUMAN,Homo sapiens,15952796,true positive,38,0,disordered
ELME000159,MOD_ProDKin_1,MAPK Phosphorylation Site,MOD,Proline-Directed Kinase (e.g. MAPK) phosphorylation site in higher eukaryotes.,PF00069,Pkinase,Protein kinase domain,...([ST])P..,IFRTPPI,440,446,HIF1A_HUMAN,Homo sapiens,16954218,true positive,38,0,disordered
ELME000159,MOD_ProDKin_1,MAPK Phosphorylation Site,MOD,Proline-Directed Kinase (e.g. MAPK) phosphorylation site in higher eukaryotes.,PF00069,Pkinase,Protein kinase domain,...([ST])P..,IFRTPPI,440,446,HSF1_HUMAN,Homo sapiens,8940068,true positive,38,0,disordered
ELME000159,MOD_ProDKin_1,MAPK Phosphorylation Site,MOD,Proline-Directed Kinase (e.g. MAPK) phosphorylation site in higher eukaryotes.,PF00069,Pkinase,Protein kinase domain,...([ST])P..,IFRTPPI,440,446,INCA_CHLCV,Chlamydophila caviae GPIC,15230981,true positive,38,0,disordered
ELME000159,MOD_ProDKin_1,MAPK Phosphorylation Site,MOD,Proline-Directed Kinase (e.g. MAPK) phosphorylation site in higher eukaryotes.,PF00069,Pkinase,Protein kinase domain,...([ST])P..,IFRTPPI,440,446,JDP2_MOUSE,Mus musculus,11602244,true positive,38,0,disordered
ELME000159,MOD_ProDKin_1,MAPK Phosphorylation Site,MOD,Proline-Directed Kinase (e.g. MAPK) phosphorylation site in higher eukaryotes.,PF00069,Pkinase,Protein kinase domain,...([ST])P..,IFRTPPI,440,446,K2C8_HUMAN,Homo sapiens,11781324,true positive,38,0,disordered
ELME000159,MOD_ProDKin_1,MAPK Phosphorylation Site,MOD,Proline-Directed Kinase (e.g. MAPK) phosphorylation site in higher eukaryotes.,PF00069,Pkinase,Protein kinase domain,...([ST])P..,IFRTPPI,440,446,LCK_MOUSE,Mus musculus,8226850 11847223,true positive,38,0,disordered
ELME000159,MOD_ProDKin_1,MAPK Phosphorylation Site,MOD,Proline-Directed Kinase (e.g. MAPK) phosphorylation site in higher eukaryotes.,PF00069,Pkinase,Protein kinase domain,...([ST])P..,IFRTPPI,440,446,LIMA1_MOUSE,Mus musculus,17875928,true positive,38,0,disordered
ELME000159,MOD_ProDKin_1,MAPK Phosphorylation Site,MOD,Proline-Directed Kinase (e.g. MAPK) phosphorylation site in higher eukaryotes.,PF00069,Pkinase,Protein kinase domain,...([ST])P..,IFRTPPI,440,446,MED1_MOUSE,Mus musculus,12356758,true positive,38,0,disordered
ELME000159,MOD_ProDKin_1,MAPK Phosphorylation Site,MOD,Proline-Directed Kinase (e.g. MAPK) phosphorylation site in higher eukaryotes.,PF00069,Pkinase,Protein kinase domain,...([ST])P..,IFRTPPI,440,446,MYC_HUMAN,Homo sapiens,8035827 1651323,true positive,38,0,disordered
ELME000159,MOD_ProDKin_1,MAPK Phosphorylation Site,MOD,Proline-Directed Kinase (e.g. MAPK) phosphorylation site in higher eukaryotes.,PF00069,Pkinase,Protein kinase domain,...([ST])P..,IFRTPPI,440,446,MYC_HUMAN,Homo sapiens,10551811,true positive,38,0,disordered
ELME000159,MOD_ProDKin_1,MAPK Phosphorylation Site,MOD,Proline-Directed Kinase (e.g. MAPK) phosphorylation site in higher eukaryotes.,PF00069,Pkinase,Protein kinase domain,...([ST])P..,IFRTPPI,440,446,NFAC4_HUMAN,Homo sapiens,11997522,true positive,38,0,disordered
ELME000159,MOD_ProDKin_1,MAPK Phosphorylation Site,MOD,Proline-Directed Kinase (e.g. MAPK) phosphorylation site in higher eukaryotes.,PF00069,Pkinase,Protein kinase domain,...([ST])P..,IFRTPPI,440,446,PAPOA_MOUSE,Mus musculus,18084034,true positive,38,0,disordered
ELME000159,MOD_ProDKin_1,MAPK Phosphorylation Site,MOD,Proline-Directed Kinase (e.g. MAPK) phosphorylation site in higher eukaryotes.,PF00069,Pkinase,Protein kinase domain,...([ST])P..,IFRTPPI,440,446,PAX6_DANRE,Danio rerio,10329718,true positive,38,0,disordered
ELME000159,MOD_ProDKin_1,MAPK Phosphorylation Site,MOD,Proline-Directed Kinase (e.g. MAPK) phosphorylation site in higher eukaryotes.,PF00069,Pkinase,Protein kinase domain,...([ST])P..,IFRTPPI,440,446,Q8K4N4_MOUSE,Mus musculus,15963504,true positive,38,0,disordered
ELME000159,MOD_ProDKin_1,MAPK Phosphorylation Site,MOD,Proline-Directed Kinase (e.g. MAPK) phosphorylation site in higher eukaryotes.,PF00069,Pkinase,Protein kinase domain,...([ST])P..,IFRTPPI,440,446,RARA_HUMAN,Homo sapiens,15657432,true positive,38,0,disordered
ELME000159,MOD_ProDKin_1,MAPK Phosphorylation Site,MOD,Proline-Directed Kinase (e.g. MAPK) phosphorylation site in higher eukaryotes.,PF00069,Pkinase,Protein kinase domain,...([ST])P..,IFRTPPI,440,446,SOS1_HUMAN,Homo sapiens,8816480,true positive,38,0,disordered
ELME000159,MOD_ProDKin_1,MAPK Phosphorylation Site,MOD,Proline-Directed Kinase (e.g. MAPK) phosphorylation site in higher eukaryotes.,PF00069,Pkinase,Protein kinase domain,...([ST])P..,IFRTPPI,440,446,SP1_HUMAN,Homo sapiens,11904305,true positive,38,0,disordered
ELME000159,MOD_ProDKin_1,MAPK Phosphorylation Site,MOD,Proline-Directed Kinase (e.g. MAPK) phosphorylation site in higher eukaryotes.,PF00069,Pkinase,Protein kinase domain,...([ST])P..,IFRTPPI,440,446,TACY_LISMO,Listeria monocytogenes EGD-e,14638761 11062133 16441444,true positive,38,0,disordered
ELME000159,MOD_ProDKin_1,MAPK Phosphorylation Site,MOD,Proline-Directed Kinase (e.g. MAPK) phosphorylation site in higher eukaryotes.,PF00069,Pkinase,Protein kinase domain,...([ST])P..,IFRTPPI,440,446,TAL1_HUMAN,Homo sapiens,8423803,true positive,38,0,disordered
ELME000159,MOD_ProDKin_1,MAPK Phosphorylation Site,MOD,Proline-Directed Kinase (e.g. MAPK) phosphorylation site in higher eukaryotes.,PF00069,Pkinase,Protein kinase domain,...([ST])P..,IFRTPPI,440,446,TOB1_HUMAN,Homo sapiens,12151396,true positive,38,0,disordered
ELME000159,MOD_ProDKin_1,MAPK Phosphorylation Site,MOD,Proline-Directed Kinase (e.g. MAPK) phosphorylation site in higher eukaryotes.,PF00069,Pkinase,Protein kinase domain,...([ST])P..,IFRTPPV,505,511,A6P3E3_MOUSE,Mus musculus,16410316,true positive,38,0,disordered
ELME000159,MOD_ProDKin_1,MAPK Phosphorylation Site,MOD,Proline-Directed Kinase (e.g. MAPK) phosphorylation site in higher eukaryotes.,PF00069,Pkinase,Protein kinase domain,...([ST])P..,IFRTPPV,505,511,BAZ1B_HUMAN,Homo sapiens,19776015,true positive,38,0,disordered
ELME000159,MOD_ProDKin_1,MAPK Phosphorylation Site,MOD,Proline-Directed Kinase (e.g. MAPK) phosphorylation site in higher eukaryotes.,PF00069,Pkinase,Protein kinase domain,...([ST])P..,IFRTPPV,505,511,ELK4_HUMAN,Homo sapiens,9130707,true positive,38,0,disordered
ELME000159,MOD_ProDKin_1,MAPK Phosphorylation Site,MOD,Proline-Directed Kinase (e.g. MAPK) phosphorylation site in higher eukaryotes.,PF00069,Pkinase,Protein kinase domain,...([ST])P..,IFRTPPV,505,511,ETV6_HUMAN,Homo sapiens,12435397,true positive,38,0,disordered
ELME000159,MOD_ProDKin_1,MAPK Phosphorylation Site,MOD,Proline-Directed Kinase (e.g. MAPK) phosphorylation site in higher eukaryotes.,PF00069,Pkinase,Protein kinase domain,...([ST])P..,IFRTPPV,505,511,FAK1_HUMAN,Homo sapiens,12692126,true positive,38,0,disordered
ELME000159,MOD_ProDKin_1,MAPK Phosphorylation Site,MOD,Proline-Directed Kinase (e.g. MAPK) phosphorylation site in higher eukaryotes.,PF00069,Pkinase,Protein kinase domain,...([ST])P..,IFRTPPV,505,511,FAK1_MOUSE,Mus musculus,19595712,true positive,38,0,disordered
ELME000159,MOD_ProDKin_1,MAPK Phosphorylation Site,MOD,Proline-Directed Kinase (e.g. MAPK) phosphorylation site in higher eukaryotes.,PF00069,Pkinase,Protein kinase domain,...([ST])P..,IFRTPPV,505,511,GRB10_HUMAN,Homo sapiens,15952796,true positive,38,0,disordered
ELME000159,MOD_ProDKin_1,MAPK Phosphorylation Site,MOD,Proline-Directed Kinase (e.g. MAPK) phosphorylation site in higher eukaryotes.,PF00069,Pkinase,Protein kinase domain,...([ST])P..,IFRTPPV,505,511,HIF1A_HUMAN,Homo sapiens,16954218,true positive,38,0,disordered
ELME000159,MOD_ProDKin_1,MAPK Phosphorylation Site,MOD,Proline-Directed Kinase (e.g. MAPK) phosphorylation site in higher eukaryotes.,PF00069,Pkinase,Protein kinase domain,...([ST])P..,IFRTPPV,505,511,HSF1_HUMAN,Homo sapiens,8940068,true positive,38,0,disordered
ELME000159,MOD_ProDKin_1,MAPK Phosphorylation Site,MOD,Proline-Directed Kinase (e.g. MAPK) phosphorylation site in higher eukaryotes.,PF00069,Pkinase,Protein kinase domain,...([ST])P..,IFRTPPV,505,511,INCA_CHLCV,Chlamydophila caviae GPIC,15230981,true positive,38,0,disordered
ELME000159,MOD_ProDKin_1,MAPK Phosphorylation Site,MOD,Proline-Directed Kinase (e.g. MAPK) phosphorylation site in higher eukaryotes.,PF00069,Pkinase,Protein kinase domain,...([ST])P..,IFRTPPV,505,511,JDP2_MOUSE,Mus musculus,11602244,true positive,38,0,disordered
ELME000159,MOD_ProDKin_1,MAPK Phosphorylation Site,MOD,Proline-Directed Kinase (e.g. MAPK) phosphorylation site in higher eukaryotes.,PF00069,Pkinase,Protein kinase domain,...([ST])P..,IFRTPPV,505,511,K2C8_HUMAN,Homo sapiens,11781324,true positive,38,0,disordered
ELME000159,MOD_ProDKin_1,MAPK Phosphorylation Site,MOD,Proline-Directed Kinase (e.g. MAPK) phosphorylation site in higher eukaryotes.,PF00069,Pkinase,Protein kinase domain,...([ST])P..,IFRTPPV,505,511,LCK_MOUSE,Mus musculus,8226850 11847223,true positive,38,0,disordered
ELME000159,MOD_ProDKin_1,MAPK Phosphorylation Site,MOD,Proline-Directed Kinase (e.g. MAPK) phosphorylation site in higher eukaryotes.,PF00069,Pkinase,Protein kinase domain,...([ST])P..,IFRTPPV,505,511,LIMA1_MOUSE,Mus musculus,17875928,true positive,38,0,disordered
ELME000159,MOD_ProDKin_1,MAPK Phosphorylation Site,MOD,Proline-Directed Kinase (e.g. MAPK) phosphorylation site in higher eukaryotes.,PF00069,Pkinase,Protein kinase domain,...([ST])P..,IFRTPPV,505,511,MED1_MOUSE,Mus musculus,12356758,true positive,38,0,disordered
ELME000159,MOD_ProDKin_1,MAPK Phosphorylation Site,MOD,Proline-Directed Kinase (e.g. MAPK) phosphorylation site in higher eukaryotes.,PF00069,Pkinase,Protein kinase domain,...([ST])P..,IFRTPPV,505,511,MYC_HUMAN,Homo sapiens,8035827 1651323,true positive,38,0,disordered
ELME000159,MOD_ProDKin_1,MAPK Phosphorylation Site,MOD,Proline-Directed Kinase (e.g. MAPK) phosphorylation site in higher eukaryotes.,PF00069,Pkinase,Protein kinase domain,...([ST])P..,IFRTPPV,505,511,MYC_HUMAN,Homo sapiens,10551811,true positive,38,0,disordered
ELME000159,MOD_ProDKin_1,MAPK Phosphorylation Site,MOD,Proline-Directed Kinase (e.g. MAPK) phosphorylation site in higher eukaryotes.,PF00069,Pkinase,Protein kinase domain,...([ST])P..,IFRTPPV,505,511,NFAC4_HUMAN,Homo sapiens,11997522,true positive,38,0,disordered
ELME000159,MOD_ProDKin_1,MAPK Phosphorylation Site,MOD,Proline-Directed Kinase (e.g. MAPK) phosphorylation site in higher eukaryotes.,PF00069,Pkinase,Protein kinase domain,...([ST])P..,IFRTPPV,505,511,PAPOA_MOUSE,Mus musculus,18084034,true positive,38,0,disordered
ELME000159,MOD_ProDKin_1,MAPK Phosphorylation Site,MOD,Proline-Directed Kinase (e.g. MAPK) phosphorylation site in higher eukaryotes.,PF00069,Pkinase,Protein kinase domain,...([ST])P..,IFRTPPV,505,511,PAX6_DANRE,Danio rerio,10329718,true positive,38,0,disordered
ELME000159,MOD_ProDKin_1,MAPK Phosphorylation Site,MOD,Proline-Directed Kinase (e.g. MAPK) phosphorylation site in higher eukaryotes.,PF00069,Pkinase,Protein kinase domain,...([ST])P..,IFRTPPV,505,511,Q8K4N4_MOUSE,Mus musculus,15963504,true positive,38,0,disordered
ELME000159,MOD_ProDKin_1,MAPK Phosphorylation Site,MOD,Proline-Directed Kinase (e.g. MAPK) phosphorylation site in higher eukaryotes.,PF00069,Pkinase,Protein kinase domain,...([ST])P..,IFRTPPV,505,511,RARA_HUMAN,Homo sapiens,15657432,true positive,38,0,disordered
ELME000159,MOD_ProDKin_1,MAPK Phosphorylation Site,MOD,Proline-Directed Kinase (e.g. MAPK) phosphorylation site in higher eukaryotes.,PF00069,Pkinase,Protein kinase domain,...([ST])P..,IFRTPPV,505,511,SOS1_HUMAN,Homo sapiens,8816480,true positive,38,0,disordered
ELME000159,MOD_ProDKin_1,MAPK Phosphorylation Site,MOD,Proline-Directed Kinase (e.g. MAPK) phosphorylation site in higher eukaryotes.,PF00069,Pkinase,Protein kinase domain,...([ST])P..,IFRTPPV,505,511,SP1_HUMAN,Homo sapiens,11904305,true positive,38,0,disordered
ELME000159,MOD_ProDKin_1,MAPK Phosphorylation Site,MOD,Proline-Directed Kinase (e.g. MAPK) phosphorylation site in higher eukaryotes.,PF00069,Pkinase,Protein kinase domain,...([ST])P..,IFRTPPV,505,511,TACY_LISMO,Listeria monocytogenes EGD-e,14638761 11062133 16441444,true positive,38,0,disordered
ELME000159,MOD_ProDKin_1,MAPK Phosphorylation Site,MOD,Proline-Directed Kinase (e.g. MAPK) phosphorylation site in higher eukaryotes.,PF00069,Pkinase,Protein kinase domain,...([ST])P..,IFRTPPV,505,511,TAL1_HUMAN,Homo sapiens,8423803,true positive,38,0,disordered
ELME000159,MOD_ProDKin_1,MAPK Phosphorylation Site,MOD,Proline-Directed Kinase (e.g. MAPK) phosphorylation site in higher eukaryotes.,PF00069,Pkinase,Protein kinase domain,...([ST])P..,IFRTPPV,505,511,TOB1_HUMAN,Homo sapiens,12151396,true positive,38,0,disordered
ELME000012,TRG_ER_diArg_1,di Arginine retention/retrieving signal,TRG,The di-Arg ER retention motif is defined by two consecutive arginine residues (RR) or with a single residue insertion (RXR). The motif is completed by an adjacent hydrophobic/arginine residue which may be on either side of the Arg pair.,PF00400,WD40,"WD domain, G-beta repeat","([LIVMFYWPR]R[^YFWDE]{0,1}R)|(R[^YFWDE]{0,1}R[LIVMFYWPR])",PRPR,447,450,ABCC8_HUMAN,Homo sapiens,10197533,true positive,27,0,disordered
ELME000012,TRG_ER_diArg_1,di Arginine retention/retrieving signal,TRG,The di-Arg ER retention motif is defined by two consecutive arginine residues (RR) or with a single residue insertion (RXR). The motif is completed by an adjacent hydrophobic/arginine residue which may be on either side of the Arg pair.,PF00400,WD40,"WD domain, G-beta repeat","([LIVMFYWPR]R[^YFWDE]{0,1}R)|(R[^YFWDE]{0,1}R[LIVMFYWPR])",PRPR,447,450,ADA10_HUMAN,Homo sapiens,20100836,true positive,27,0,disordered
ELME000012,TRG_ER_diArg_1,di Arginine retention/retrieving signal,TRG,The di-Arg ER retention motif is defined by two consecutive arginine residues (RR) or with a single residue insertion (RXR). The motif is completed by an adjacent hydrophobic/arginine residue which may be on either side of the Arg pair.,PF00400,WD40,"WD domain, G-beta repeat","([LIVMFYWPR]R[^YFWDE]{0,1}R)|(R[^YFWDE]{0,1}R[LIVMFYWPR])",PRPR,447,450,ADA22_HUMAN,Homo sapiens,16868027,true positive,27,0,disordered
ELME000012,TRG_ER_diArg_1,di Arginine retention/retrieving signal,TRG,The di-Arg ER retention motif is defined by two consecutive arginine residues (RR) or with a single residue insertion (RXR). The motif is completed by an adjacent hydrophobic/arginine residue which may be on either side of the Arg pair.,PF00400,WD40,"WD domain, G-beta repeat","([LIVMFYWPR]R[^YFWDE]{0,1}R)|(R[^YFWDE]{0,1}R[LIVMFYWPR])",PRPR,447,450,C8ZIX9_YEAS8,Saccharomyces cerevisiae EC1118,18083825,true positive,27,0,disordered
ELME000012,TRG_ER_diArg_1,di Arginine retention/retrieving signal,TRG,The di-Arg ER retention motif is defined by two consecutive arginine residues (RR) or with a single residue insertion (RXR). The motif is completed by an adjacent hydrophobic/arginine residue which may be on either side of the Arg pair.,PF00400,WD40,"WD domain, G-beta repeat","([LIVMFYWPR]R[^YFWDE]{0,1}R)|(R[^YFWDE]{0,1}R[LIVMFYWPR])",PRPR,447,450,GABR1_HUMAN,Homo sapiens,10939334,true positive,27,0,disordered
ELME000012,TRG_ER_diArg_1,di Arginine retention/retrieving signal,TRG,The di-Arg ER retention motif is defined by two consecutive arginine residues (RR) or with a single residue insertion (RXR). The motif is completed by an adjacent hydrophobic/arginine residue which may be on either side of the Arg pair.,PF00400,WD40,"WD domain, G-beta repeat","([LIVMFYWPR]R[^YFWDE]{0,1}R)|(R[^YFWDE]{0,1}R[LIVMFYWPR])",PRPR,447,450,GPR15_HUMAN,Homo sapiens,21189250,true positive,27,0,disordered
ELME000012,TRG_ER_diArg_1,di Arginine retention/retrieving signal,TRG,The di-Arg ER retention motif is defined by two consecutive arginine residues (RR) or with a single residue insertion (RXR). The motif is completed by an adjacent hydrophobic/arginine residue which may be on either side of the Arg pair.,PF00400,WD40,"WD domain, G-beta repeat","([LIVMFYWPR]R[^YFWDE]{0,1}R)|(R[^YFWDE]{0,1}R[LIVMFYWPR])",PRPR,447,450,GRIK5_HUMAN,Homo sapiens,12878702,true positive,27,0,disordered
ELME000012,TRG_ER_diArg_1,di Arginine retention/retrieving signal,TRG,The di-Arg ER retention motif is defined by two consecutive arginine residues (RR) or with a single residue insertion (RXR). The motif is completed by an adjacent hydrophobic/arginine residue which may be on either side of the Arg pair.,PF00400,WD40,"WD domain, G-beta repeat","([LIVMFYWPR]R[^YFWDE]{0,1}R)|(R[^YFWDE]{0,1}R[LIVMFYWPR])",PRPR,447,450,HG2A_HUMAN,Homo sapiens,8157008,true positive,27,0,disordered
ELME000012,TRG_ER_diArg_1,di Arginine retention/retrieving signal,TRG,The di-Arg ER retention motif is defined by two consecutive arginine residues (RR) or with a single residue insertion (RXR). The motif is completed by an adjacent hydrophobic/arginine residue which may be on either side of the Arg pair.,PF00400,WD40,"WD domain, G-beta repeat","([LIVMFYWPR]R[^YFWDE]{0,1}R)|(R[^YFWDE]{0,1}R[LIVMFYWPR])",PRPR,447,450,HMDH_NICSY,Nicotiana sylvestris,8970721,true positive,27,0,disordered
ELME000012,TRG_ER_diArg_1,di Arginine retention/retrieving signal,TRG,The di-Arg ER retention motif is defined by two consecutive arginine residues (RR) or with a single residue insertion (RXR). The motif is completed by an adjacent hydrophobic/arginine residue which may be on either side of the Arg pair.,PF00400,WD40,"WD domain, G-beta repeat","([LIVMFYWPR]R[^YFWDE]{0,1}R)|(R[^YFWDE]{0,1}R[LIVMFYWPR])",PRPR,447,450,IRK11_HUMAN,Homo sapiens,10197533 12699619,true positive,27,0,disordered
ELME000012,TRG_ER_diArg_1,di Arginine retention/retrieving signal,TRG,The di-Arg ER retention motif is defined by two consecutive arginine residues (RR) or with a single residue insertion (RXR). The motif is completed by an adjacent hydrophobic/arginine residue which may be on either side of the Arg pair.,PF00400,WD40,"WD domain, G-beta repeat","([LIVMFYWPR]R[^YFWDE]{0,1}R)|(R[^YFWDE]{0,1}R[LIVMFYWPR])",PRPR,447,450,IRK8_HUMAN,Homo sapiens,10197533,true positive,27,0,disordered
ELME000012,TRG_ER_diArg_1,di Arginine retention/retrieving signal,TRG,The di-Arg ER retention motif is defined by two consecutive arginine residues (RR) or with a single residue insertion (RXR). The motif is completed by an adjacent hydrophobic/arginine residue which may be on either side of the Arg pair.,PF00400,WD40,"WD domain, G-beta repeat","([LIVMFYWPR]R[^YFWDE]{0,1}R)|(R[^YFWDE]{0,1}R[LIVMFYWPR])",PRPR,447,450,MSHR_HUMAN,Homo sapiens,19452503,true positive,27,0,disordered
ELME000012,TRG_ER_diArg_1,di Arginine retention/retrieving signal,TRG,The di-Arg ER retention motif is defined by two consecutive arginine residues (RR) or with a single residue insertion (RXR). The motif is completed by an adjacent hydrophobic/arginine residue which may be on either side of the Arg pair.,PF00400,WD40,"WD domain, G-beta repeat","([LIVMFYWPR]R[^YFWDE]{0,1}R)|(R[^YFWDE]{0,1}R[LIVMFYWPR])",PRPR,447,450,NMDZ1_HUMAN,Homo sapiens,11163274,true positive,27,0,disordered
ELME000012,TRG_ER_diArg_1,di Arginine retention/retrieving signal,TRG,The di-Arg ER retention motif is defined by two consecutive arginine residues (RR) or with a single residue insertion (RXR). The motif is completed by an adjacent hydrophobic/arginine residue which may be on either side of the Arg pair.,PF00400,WD40,"WD domain, G-beta repeat","([LIVMFYWPR]R[^YFWDE]{0,1}R)|(R[^YFWDE]{0,1}R[LIVMFYWPR])",PRPR,447,450,NMDZ1_HUMAN,Homo sapiens,11312291,true positive,27,0,disordered
ELME000012,TRG_ER_diArg_1,di Arginine retention/retrieving signal,TRG,The di-Arg ER retention motif is defined by two consecutive arginine residues (RR) or with a single residue insertion (RXR). The motif is completed by an adjacent hydrophobic/arginine residue which may be on either side of the Arg pair.,PF00400,WD40,"WD domain, G-beta repeat","([LIVMFYWPR]R[^YFWDE]{0,1}R)|(R[^YFWDE]{0,1}R[LIVMFYWPR])",PRPR,447,450,P2RX7_HUMAN,Homo sapiens,19263245,true positive,27,0,disordered
ELME000012,TRG_ER_diArg_1,di Arginine retention/retrieving signal,TRG,The di-Arg ER retention motif is defined by two consecutive arginine residues (RR) or with a single residue insertion (RXR). The motif is completed by an adjacent hydrophobic/arginine residue which may be on either side of the Arg pair.,PF00400,WD40,"WD domain, G-beta repeat","([LIVMFYWPR]R[^YFWDE]{0,1}R)|(R[^YFWDE]{0,1}R[LIVMFYWPR])",PRPR,447,450,PAR4_HUMAN,Homo sapiens,22411985,true positive,27,0,disordered
ELME000012,TRG_ER_diArg_1,di Arginine retention/retrieving signal,TRG,The di-Arg ER retention motif is defined by two consecutive arginine residues (RR) or with a single residue insertion (RXR). The motif is completed by an adjacent hydrophobic/arginine residue which may be on either side of the Arg pair.,PF00400,WD40,"WD domain, G-beta repeat","([LIVMFYWPR]R[^YFWDE]{0,1}R)|(R[^YFWDE]{0,1}R[LIVMFYWPR])",PRPR,447,450,PPLA_HUMAN,Homo sapiens,20634894,true positive,27,0,disordered
ELME000012,TRG_ER_diArg_1,di Arginine retention/retrieving signal,TRG,The di-Arg ER retention motif is defined by two consecutive arginine residues (RR) or with a single residue insertion (RXR). The motif is completed by an adjacent hydrophobic/arginine residue which may be on either side of the Arg pair.,PF00400,WD40,"WD domain, G-beta repeat","([LIVMFYWPR]R[^YFWDE]{0,1}R)|(R[^YFWDE]{0,1}R[LIVMFYWPR])",PRPR,447,450,Q58F09_HUMAN,Homo sapiens,12626409,true positive,27,0,disordered
ELME000012,TRG_ER_diArg_1,di Arginine retention/retrieving signal,TRG,The di-Arg ER retention motif is defined by two consecutive arginine residues (RR) or with a single residue insertion (RXR). The motif is completed by an adjacent hydrophobic/arginine residue which may be on either side of the Arg pair.,PF00400,WD40,"WD domain, G-beta repeat","([LIVMFYWPR]R[^YFWDE]{0,1}R)|(R[^YFWDE]{0,1}R[LIVMFYWPR])",PRPR,447,450,S12A5_RAT,Rattus norvegicus,19679663,true positive,27,0,disordered
ELME000012,TRG_ER_diArg_1,di Arginine retention/retrieving signal,TRG,The di-Arg ER retention motif is defined by two consecutive arginine residues (RR) or with a single residue insertion (RXR). The motif is completed by an adjacent hydrophobic/arginine residue which may be on either side of the Arg pair.,PF00400,WD40,"WD domain, G-beta repeat","([LIVMFYWPR]R[^YFWDE]{0,1}R)|(R[^YFWDE]{0,1}R[LIVMFYWPR])",PRPR,447,450,SCNAA_RAT,Rattus norvegicus,18782866,true positive,27,0,disordered
ELME000012,TRG_ER_diArg_1,di Arginine retention/retrieving signal,TRG,The di-Arg ER retention motif is defined by two consecutive arginine residues (RR) or with a single residue insertion (RXR). The motif is completed by an adjacent hydrophobic/arginine residue which may be on either side of the Arg pair.,PF00400,WD40,"WD domain, G-beta repeat","([LIVMFYWPR]R[^YFWDE]{0,1}R)|(R[^YFWDE]{0,1}R[LIVMFYWPR])",PRPR,447,450,SGMR1_HUMAN,Homo sapiens,20634894,true positive,27,0,disordered
ELME000012,TRG_ER_diArg_1,di Arginine retention/retrieving signal,TRG,The di-Arg ER retention motif is defined by two consecutive arginine residues (RR) or with a single residue insertion (RXR). The motif is completed by an adjacent hydrophobic/arginine residue which may be on either side of the Arg pair.,PF00400,WD40,"WD domain, G-beta repeat","([LIVMFYWPR]R[^YFWDE]{0,1}R)|(R[^YFWDE]{0,1}R[LIVMFYWPR])",PRPR,447,450,SIAT9_MOUSE,Mus musculus,19420140,true positive,27,0,disordered
ELME000012,TRG_ER_diArg_1,di Arginine retention/retrieving signal,TRG,The di-Arg ER retention motif is defined by two consecutive arginine residues (RR) or with a single residue insertion (RXR). The motif is completed by an adjacent hydrophobic/arginine residue which may be on either side of the Arg pair.,PF00400,WD40,"WD domain, G-beta repeat","([LIVMFYWPR]R[^YFWDE]{0,1}R)|(R[^YFWDE]{0,1}R[LIVMFYWPR])",PRPR,447,450,SOAT1_HUMAN,Homo sapiens,20634894,true positive,27,0,disordered
ELME000012,TRG_ER_diArg_1,di Arginine retention/retrieving signal,TRG,The di-Arg ER retention motif is defined by two consecutive arginine residues (RR) or with a single residue insertion (RXR). The motif is completed by an adjacent hydrophobic/arginine residue which may be on either side of the Arg pair.,PF00400,WD40,"WD domain, G-beta repeat","([LIVMFYWPR]R[^YFWDE]{0,1}R)|(R[^YFWDE]{0,1}R[LIVMFYWPR])",PRPR,447,450,SRPRB_HUMAN,Homo sapiens,20634894,true positive,27,0,disordered
ELME000012,TRG_ER_diArg_1,di Arginine retention/retrieving signal,TRG,The di-Arg ER retention motif is defined by two consecutive arginine residues (RR) or with a single residue insertion (RXR). The motif is completed by an adjacent hydrophobic/arginine residue which may be on either side of the Arg pair.,PF00400,WD40,"WD domain, G-beta repeat","([LIVMFYWPR]R[^YFWDE]{0,1}R)|(R[^YFWDE]{0,1}R[LIVMFYWPR])",PRPR,447,450,V2R_HUMAN,Homo sapiens,11641431,true positive,27,0,disordered
ELME000012,TRG_ER_diArg_1,di Arginine retention/retrieving signal,TRG,The di-Arg ER retention motif is defined by two consecutive arginine residues (RR) or with a single residue insertion (RXR). The motif is completed by an adjacent hydrophobic/arginine residue which may be on either side of the Arg pair.,PF00400,WD40,"WD domain, G-beta repeat","([LIVMFYWPR]R[^YFWDE]{0,1}R)|(R[^YFWDE]{0,1}R[LIVMFYWPR])",RPRV,448,451,ABCC8_HUMAN,Homo sapiens,10197533,true positive,27,0,disordered
ELME000012,TRG_ER_diArg_1,di Arginine retention/retrieving signal,TRG,The di-Arg ER retention motif is defined by two consecutive arginine residues (RR) or with a single residue insertion (RXR). The motif is completed by an adjacent hydrophobic/arginine residue which may be on either side of the Arg pair.,PF00400,WD40,"WD domain, G-beta repeat","([LIVMFYWPR]R[^YFWDE]{0,1}R)|(R[^YFWDE]{0,1}R[LIVMFYWPR])",RPRV,448,451,ADA10_HUMAN,Homo sapiens,20100836,true positive,27,0,disordered
ELME000012,TRG_ER_diArg_1,di Arginine retention/retrieving signal,TRG,The di-Arg ER retention motif is defined by two consecutive arginine residues (RR) or with a single residue insertion (RXR). The motif is completed by an adjacent hydrophobic/arginine residue which may be on either side of the Arg pair.,PF00400,WD40,"WD domain, G-beta repeat","([LIVMFYWPR]R[^YFWDE]{0,1}R)|(R[^YFWDE]{0,1}R[LIVMFYWPR])",RPRV,448,451,ADA22_HUMAN,Homo sapiens,16868027,true positive,27,0,disordered
ELME000012,TRG_ER_diArg_1,di Arginine retention/retrieving signal,TRG,The di-Arg ER retention motif is defined by two consecutive arginine residues (RR) or with a single residue insertion (RXR). The motif is completed by an adjacent hydrophobic/arginine residue which may be on either side of the Arg pair.,PF00400,WD40,"WD domain, G-beta repeat","([LIVMFYWPR]R[^YFWDE]{0,1}R)|(R[^YFWDE]{0,1}R[LIVMFYWPR])",RPRV,448,451,C8ZIX9_YEAS8,Saccharomyces cerevisiae EC1118,18083825,true positive,27,0,disordered
ELME000012,TRG_ER_diArg_1,di Arginine retention/retrieving signal,TRG,The di-Arg ER retention motif is defined by two consecutive arginine residues (RR) or with a single residue insertion (RXR). The motif is completed by an adjacent hydrophobic/arginine residue which may be on either side of the Arg pair.,PF00400,WD40,"WD domain, G-beta repeat","([LIVMFYWPR]R[^YFWDE]{0,1}R)|(R[^YFWDE]{0,1}R[LIVMFYWPR])",RPRV,448,451,GABR1_HUMAN,Homo sapiens,10939334,true positive,27,0,disordered
ELME000012,TRG_ER_diArg_1,di Arginine retention/retrieving signal,TRG,The di-Arg ER retention motif is defined by two consecutive arginine residues (RR) or with a single residue insertion (RXR). The motif is completed by an adjacent hydrophobic/arginine residue which may be on either side of the Arg pair.,PF00400,WD40,"WD domain, G-beta repeat","([LIVMFYWPR]R[^YFWDE]{0,1}R)|(R[^YFWDE]{0,1}R[LIVMFYWPR])",RPRV,448,451,GPR15_HUMAN,Homo sapiens,21189250,true positive,27,0,disordered
ELME000012,TRG_ER_diArg_1,di Arginine retention/retrieving signal,TRG,The di-Arg ER retention motif is defined by two consecutive arginine residues (RR) or with a single residue insertion (RXR). The motif is completed by an adjacent hydrophobic/arginine residue which may be on either side of the Arg pair.,PF00400,WD40,"WD domain, G-beta repeat","([LIVMFYWPR]R[^YFWDE]{0,1}R)|(R[^YFWDE]{0,1}R[LIVMFYWPR])",RPRV,448,451,GRIK5_HUMAN,Homo sapiens,12878702,true positive,27,0,disordered
ELME000012,TRG_ER_diArg_1,di Arginine retention/retrieving signal,TRG,The di-Arg ER retention motif is defined by two consecutive arginine residues (RR) or with a single residue insertion (RXR). The motif is completed by an adjacent hydrophobic/arginine residue which may be on either side of the Arg pair.,PF00400,WD40,"WD domain, G-beta repeat","([LIVMFYWPR]R[^YFWDE]{0,1}R)|(R[^YFWDE]{0,1}R[LIVMFYWPR])",RPRV,448,451,HG2A_HUMAN,Homo sapiens,8157008,true positive,27,0,disordered
ELME000012,TRG_ER_diArg_1,di Arginine retention/retrieving signal,TRG,The di-Arg ER retention motif is defined by two consecutive arginine residues (RR) or with a single residue insertion (RXR). The motif is completed by an adjacent hydrophobic/arginine residue which may be on either side of the Arg pair.,PF00400,WD40,"WD domain, G-beta repeat","([LIVMFYWPR]R[^YFWDE]{0,1}R)|(R[^YFWDE]{0,1}R[LIVMFYWPR])",RPRV,448,451,HMDH_NICSY,Nicotiana sylvestris,8970721,true positive,27,0,disordered
ELME000012,TRG_ER_diArg_1,di Arginine retention/retrieving signal,TRG,The di-Arg ER retention motif is defined by two consecutive arginine residues (RR) or with a single residue insertion (RXR). The motif is completed by an adjacent hydrophobic/arginine residue which may be on either side of the Arg pair.,PF00400,WD40,"WD domain, G-beta repeat","([LIVMFYWPR]R[^YFWDE]{0,1}R)|(R[^YFWDE]{0,1}R[LIVMFYWPR])",RPRV,448,451,IRK11_HUMAN,Homo sapiens,10197533 12699619,true positive,27,0,disordered
ELME000012,TRG_ER_diArg_1,di Arginine retention/retrieving signal,TRG,The di-Arg ER retention motif is defined by two consecutive arginine residues (RR) or with a single residue insertion (RXR). The motif is completed by an adjacent hydrophobic/arginine residue which may be on either side of the Arg pair.,PF00400,WD40,"WD domain, G-beta repeat","([LIVMFYWPR]R[^YFWDE]{0,1}R)|(R[^YFWDE]{0,1}R[LIVMFYWPR])",RPRV,448,451,IRK8_HUMAN,Homo sapiens,10197533,true positive,27,0,disordered
ELME000012,TRG_ER_diArg_1,di Arginine retention/retrieving signal,TRG,The di-Arg ER retention motif is defined by two consecutive arginine residues (RR) or with a single residue insertion (RXR). The motif is completed by an adjacent hydrophobic/arginine residue which may be on either side of the Arg pair.,PF00400,WD40,"WD domain, G-beta repeat","([LIVMFYWPR]R[^YFWDE]{0,1}R)|(R[^YFWDE]{0,1}R[LIVMFYWPR])",RPRV,448,451,MSHR_HUMAN,Homo sapiens,19452503,true positive,27,0,disordered
ELME000012,TRG_ER_diArg_1,di Arginine retention/retrieving signal,TRG,The di-Arg ER retention motif is defined by two consecutive arginine residues (RR) or with a single residue insertion (RXR). The motif is completed by an adjacent hydrophobic/arginine residue which may be on either side of the Arg pair.,PF00400,WD40,"WD domain, G-beta repeat","([LIVMFYWPR]R[^YFWDE]{0,1}R)|(R[^YFWDE]{0,1}R[LIVMFYWPR])",RPRV,448,451,NMDZ1_HUMAN,Homo sapiens,11163274,true positive,27,0,disordered
ELME000012,TRG_ER_diArg_1,di Arginine retention/retrieving signal,TRG,The di-Arg ER retention motif is defined by two consecutive arginine residues (RR) or with a single residue insertion (RXR). The motif is completed by an adjacent hydrophobic/arginine residue which may be on either side of the Arg pair.,PF00400,WD40,"WD domain, G-beta repeat","([LIVMFYWPR]R[^YFWDE]{0,1}R)|(R[^YFWDE]{0,1}R[LIVMFYWPR])",RPRV,448,451,NMDZ1_HUMAN,Homo sapiens,11312291,true positive,27,0,disordered
ELME000012,TRG_ER_diArg_1,di Arginine retention/retrieving signal,TRG,The di-Arg ER retention motif is defined by two consecutive arginine residues (RR) or with a single residue insertion (RXR). The motif is completed by an adjacent hydrophobic/arginine residue which may be on either side of the Arg pair.,PF00400,WD40,"WD domain, G-beta repeat","([LIVMFYWPR]R[^YFWDE]{0,1}R)|(R[^YFWDE]{0,1}R[LIVMFYWPR])",RPRV,448,451,P2RX7_HUMAN,Homo sapiens,19263245,true positive,27,0,disordered
ELME000012,TRG_ER_diArg_1,di Arginine retention/retrieving signal,TRG,The di-Arg ER retention motif is defined by two consecutive arginine residues (RR) or with a single residue insertion (RXR). The motif is completed by an adjacent hydrophobic/arginine residue which may be on either side of the Arg pair.,PF00400,WD40,"WD domain, G-beta repeat","([LIVMFYWPR]R[^YFWDE]{0,1}R)|(R[^YFWDE]{0,1}R[LIVMFYWPR])",RPRV,448,451,PAR4_HUMAN,Homo sapiens,22411985,true positive,27,0,disordered
ELME000012,TRG_ER_diArg_1,di Arginine retention/retrieving signal,TRG,The di-Arg ER retention motif is defined by two consecutive arginine residues (RR) or with a single residue insertion (RXR). The motif is completed by an adjacent hydrophobic/arginine residue which may be on either side of the Arg pair.,PF00400,WD40,"WD domain, G-beta repeat","([LIVMFYWPR]R[^YFWDE]{0,1}R)|(R[^YFWDE]{0,1}R[LIVMFYWPR])",RPRV,448,451,PPLA_HUMAN,Homo sapiens,20634894,true positive,27,0,disordered
ELME000012,TRG_ER_diArg_1,di Arginine retention/retrieving signal,TRG,The di-Arg ER retention motif is defined by two consecutive arginine residues (RR) or with a single residue insertion (RXR). The motif is completed by an adjacent hydrophobic/arginine residue which may be on either side of the Arg pair.,PF00400,WD40,"WD domain, G-beta repeat","([LIVMFYWPR]R[^YFWDE]{0,1}R)|(R[^YFWDE]{0,1}R[LIVMFYWPR])",RPRV,448,451,Q58F09_HUMAN,Homo sapiens,12626409,true positive,27,0,disordered
ELME000012,TRG_ER_diArg_1,di Arginine retention/retrieving signal,TRG,The di-Arg ER retention motif is defined by two consecutive arginine residues (RR) or with a single residue insertion (RXR). The motif is completed by an adjacent hydrophobic/arginine residue which may be on either side of the Arg pair.,PF00400,WD40,"WD domain, G-beta repeat","([LIVMFYWPR]R[^YFWDE]{0,1}R)|(R[^YFWDE]{0,1}R[LIVMFYWPR])",RPRV,448,451,S12A5_RAT,Rattus norvegicus,19679663,true positive,27,0,disordered
ELME000012,TRG_ER_diArg_1,di Arginine retention/retrieving signal,TRG,The di-Arg ER retention motif is defined by two consecutive arginine residues (RR) or with a single residue insertion (RXR). The motif is completed by an adjacent hydrophobic/arginine residue which may be on either side of the Arg pair.,PF00400,WD40,"WD domain, G-beta repeat","([LIVMFYWPR]R[^YFWDE]{0,1}R)|(R[^YFWDE]{0,1}R[LIVMFYWPR])",RPRV,448,451,SCNAA_RAT,Rattus norvegicus,18782866,true positive,27,0,disordered
ELME000012,TRG_ER_diArg_1,di Arginine retention/retrieving signal,TRG,The di-Arg ER retention motif is defined by two consecutive arginine residues (RR) or with a single residue insertion (RXR). The motif is completed by an adjacent hydrophobic/arginine residue which may be on either side of the Arg pair.,PF00400,WD40,"WD domain, G-beta repeat","([LIVMFYWPR]R[^YFWDE]{0,1}R)|(R[^YFWDE]{0,1}R[LIVMFYWPR])",RPRV,448,451,SGMR1_HUMAN,Homo sapiens,20634894,true positive,27,0,disordered
ELME000012,TRG_ER_diArg_1,di Arginine retention/retrieving signal,TRG,The di-Arg ER retention motif is defined by two consecutive arginine residues (RR) or with a single residue insertion (RXR). The motif is completed by an adjacent hydrophobic/arginine residue which may be on either side of the Arg pair.,PF00400,WD40,"WD domain, G-beta repeat","([LIVMFYWPR]R[^YFWDE]{0,1}R)|(R[^YFWDE]{0,1}R[LIVMFYWPR])",RPRV,448,451,SIAT9_MOUSE,Mus musculus,19420140,true positive,27,0,disordered
ELME000012,TRG_ER_diArg_1,di Arginine retention/retrieving signal,TRG,The di-Arg ER retention motif is defined by two consecutive arginine residues (RR) or with a single residue insertion (RXR). The motif is completed by an adjacent hydrophobic/arginine residue which may be on either side of the Arg pair.,PF00400,WD40,"WD domain, G-beta repeat","([LIVMFYWPR]R[^YFWDE]{0,1}R)|(R[^YFWDE]{0,1}R[LIVMFYWPR])",RPRV,448,451,SOAT1_HUMAN,Homo sapiens,20634894,true positive,27,0,disordered
ELME000012,TRG_ER_diArg_1,di Arginine retention/retrieving signal,TRG,The di-Arg ER retention motif is defined by two consecutive arginine residues (RR) or with a single residue insertion (RXR). The motif is completed by an adjacent hydrophobic/arginine residue which may be on either side of the Arg pair.,PF00400,WD40,"WD domain, G-beta repeat","([LIVMFYWPR]R[^YFWDE]{0,1}R)|(R[^YFWDE]{0,1}R[LIVMFYWPR])",RPRV,448,451,SRPRB_HUMAN,Homo sapiens,20634894,true positive,27,0,disordered
ELME000012,TRG_ER_diArg_1,di Arginine retention/retrieving signal,TRG,The di-Arg ER retention motif is defined by two consecutive arginine residues (RR) or with a single residue insertion (RXR). The motif is completed by an adjacent hydrophobic/arginine residue which may be on either side of the Arg pair.,PF00400,WD40,"WD domain, G-beta repeat","([LIVMFYWPR]R[^YFWDE]{0,1}R)|(R[^YFWDE]{0,1}R[LIVMFYWPR])",RPRV,448,451,V2R_HUMAN,Homo sapiens,11641431,true positive,27,0,disordered
ELME000012,TRG_ER_diArg_1,di Arginine retention/retrieving signal,TRG,The di-Arg ER retention motif is defined by two consecutive arginine residues (RR) or with a single residue insertion (RXR). The motif is completed by an adjacent hydrophobic/arginine residue which may be on either side of the Arg pair.,PF00400,WD40,"WD domain, G-beta repeat","([LIVMFYWPR]R[^YFWDE]{0,1}R)|(R[^YFWDE]{0,1}R[LIVMFYWPR])",PRVR,514,517,ABCC8_HUMAN,Homo sapiens,10197533,true positive,27,0,disordered
ELME000012,TRG_ER_diArg_1,di Arginine retention/retrieving signal,TRG,The di-Arg ER retention motif is defined by two consecutive arginine residues (RR) or with a single residue insertion (RXR). The motif is completed by an adjacent hydrophobic/arginine residue which may be on either side of the Arg pair.,PF00400,WD40,"WD domain, G-beta repeat","([LIVMFYWPR]R[^YFWDE]{0,1}R)|(R[^YFWDE]{0,1}R[LIVMFYWPR])",PRVR,514,517,ADA10_HUMAN,Homo sapiens,20100836,true positive,27,0,disordered
ELME000012,TRG_ER_diArg_1,di Arginine retention/retrieving signal,TRG,The di-Arg ER retention motif is defined by two consecutive arginine residues (RR) or with a single residue insertion (RXR). The motif is completed by an adjacent hydrophobic/arginine residue which may be on either side of the Arg pair.,PF00400,WD40,"WD domain, G-beta repeat","([LIVMFYWPR]R[^YFWDE]{0,1}R)|(R[^YFWDE]{0,1}R[LIVMFYWPR])",PRVR,514,517,ADA22_HUMAN,Homo sapiens,16868027,true positive,27,0,disordered
ELME000012,TRG_ER_diArg_1,di Arginine retention/retrieving signal,TRG,The di-Arg ER retention motif is defined by two consecutive arginine residues (RR) or with a single residue insertion (RXR). The motif is completed by an adjacent hydrophobic/arginine residue which may be on either side of the Arg pair.,PF00400,WD40,"WD domain, G-beta repeat","([LIVMFYWPR]R[^YFWDE]{0,1}R)|(R[^YFWDE]{0,1}R[LIVMFYWPR])",PRVR,514,517,C8ZIX9_YEAS8,Saccharomyces cerevisiae EC1118,18083825,true positive,27,0,disordered
ELME000012,TRG_ER_diArg_1,di Arginine retention/retrieving signal,TRG,The di-Arg ER retention motif is defined by two consecutive arginine residues (RR) or with a single residue insertion (RXR). The motif is completed by an adjacent hydrophobic/arginine residue which may be on either side of the Arg pair.,PF00400,WD40,"WD domain, G-beta repeat","([LIVMFYWPR]R[^YFWDE]{0,1}R)|(R[^YFWDE]{0,1}R[LIVMFYWPR])",PRVR,514,517,GABR1_HUMAN,Homo sapiens,10939334,true positive,27,0,disordered
ELME000012,TRG_ER_diArg_1,di Arginine retention/retrieving signal,TRG,The di-Arg ER retention motif is defined by two consecutive arginine residues (RR) or with a single residue insertion (RXR). The motif is completed by an adjacent hydrophobic/arginine residue which may be on either side of the Arg pair.,PF00400,WD40,"WD domain, G-beta repeat","([LIVMFYWPR]R[^YFWDE]{0,1}R)|(R[^YFWDE]{0,1}R[LIVMFYWPR])",PRVR,514,517,GPR15_HUMAN,Homo sapiens,21189250,true positive,27,0,disordered
ELME000012,TRG_ER_diArg_1,di Arginine retention/retrieving signal,TRG,The di-Arg ER retention motif is defined by two consecutive arginine residues (RR) or with a single residue insertion (RXR). The motif is completed by an adjacent hydrophobic/arginine residue which may be on either side of the Arg pair.,PF00400,WD40,"WD domain, G-beta repeat","([LIVMFYWPR]R[^YFWDE]{0,1}R)|(R[^YFWDE]{0,1}R[LIVMFYWPR])",PRVR,514,517,GRIK5_HUMAN,Homo sapiens,12878702,true positive,27,0,disordered
ELME000012,TRG_ER_diArg_1,di Arginine retention/retrieving signal,TRG,The di-Arg ER retention motif is defined by two consecutive arginine residues (RR) or with a single residue insertion (RXR). The motif is completed by an adjacent hydrophobic/arginine residue which may be on either side of the Arg pair.,PF00400,WD40,"WD domain, G-beta repeat","([LIVMFYWPR]R[^YFWDE]{0,1}R)|(R[^YFWDE]{0,1}R[LIVMFYWPR])",PRVR,514,517,HG2A_HUMAN,Homo sapiens,8157008,true positive,27,0,disordered
ELME000012,TRG_ER_diArg_1,di Arginine retention/retrieving signal,TRG,The di-Arg ER retention motif is defined by two consecutive arginine residues (RR) or with a single residue insertion (RXR). The motif is completed by an adjacent hydrophobic/arginine residue which may be on either side of the Arg pair.,PF00400,WD40,"WD domain, G-beta repeat","([LIVMFYWPR]R[^YFWDE]{0,1}R)|(R[^YFWDE]{0,1}R[LIVMFYWPR])",PRVR,514,517,HMDH_NICSY,Nicotiana sylvestris,8970721,true positive,27,0,disordered
ELME000012,TRG_ER_diArg_1,di Arginine retention/retrieving signal,TRG,The di-Arg ER retention motif is defined by two consecutive arginine residues (RR) or with a single residue insertion (RXR). The motif is completed by an adjacent hydrophobic/arginine residue which may be on either side of the Arg pair.,PF00400,WD40,"WD domain, G-beta repeat","([LIVMFYWPR]R[^YFWDE]{0,1}R)|(R[^YFWDE]{0,1}R[LIVMFYWPR])",PRVR,514,517,IRK11_HUMAN,Homo sapiens,10197533 12699619,true positive,27,0,disordered
ELME000012,TRG_ER_diArg_1,di Arginine retention/retrieving signal,TRG,The di-Arg ER retention motif is defined by two consecutive arginine residues (RR) or with a single residue insertion (RXR). The motif is completed by an adjacent hydrophobic/arginine residue which may be on either side of the Arg pair.,PF00400,WD40,"WD domain, G-beta repeat","([LIVMFYWPR]R[^YFWDE]{0,1}R)|(R[^YFWDE]{0,1}R[LIVMFYWPR])",PRVR,514,517,IRK8_HUMAN,Homo sapiens,10197533,true positive,27,0,disordered
ELME000012,TRG_ER_diArg_1,di Arginine retention/retrieving signal,TRG,The di-Arg ER retention motif is defined by two consecutive arginine residues (RR) or with a single residue insertion (RXR). The motif is completed by an adjacent hydrophobic/arginine residue which may be on either side of the Arg pair.,PF00400,WD40,"WD domain, G-beta repeat","([LIVMFYWPR]R[^YFWDE]{0,1}R)|(R[^YFWDE]{0,1}R[LIVMFYWPR])",PRVR,514,517,MSHR_HUMAN,Homo sapiens,19452503,true positive,27,0,disordered
ELME000012,TRG_ER_diArg_1,di Arginine retention/retrieving signal,TRG,The di-Arg ER retention motif is defined by two consecutive arginine residues (RR) or with a single residue insertion (RXR). The motif is completed by an adjacent hydrophobic/arginine residue which may be on either side of the Arg pair.,PF00400,WD40,"WD domain, G-beta repeat","([LIVMFYWPR]R[^YFWDE]{0,1}R)|(R[^YFWDE]{0,1}R[LIVMFYWPR])",PRVR,514,517,NMDZ1_HUMAN,Homo sapiens,11163274,true positive,27,0,disordered
ELME000012,TRG_ER_diArg_1,di Arginine retention/retrieving signal,TRG,The di-Arg ER retention motif is defined by two consecutive arginine residues (RR) or with a single residue insertion (RXR). The motif is completed by an adjacent hydrophobic/arginine residue which may be on either side of the Arg pair.,PF00400,WD40,"WD domain, G-beta repeat","([LIVMFYWPR]R[^YFWDE]{0,1}R)|(R[^YFWDE]{0,1}R[LIVMFYWPR])",PRVR,514,517,NMDZ1_HUMAN,Homo sapiens,11312291,true positive,27,0,disordered
ELME000012,TRG_ER_diArg_1,di Arginine retention/retrieving signal,TRG,The di-Arg ER retention motif is defined by two consecutive arginine residues (RR) or with a single residue insertion (RXR). The motif is completed by an adjacent hydrophobic/arginine residue which may be on either side of the Arg pair.,PF00400,WD40,"WD domain, G-beta repeat","([LIVMFYWPR]R[^YFWDE]{0,1}R)|(R[^YFWDE]{0,1}R[LIVMFYWPR])",PRVR,514,517,P2RX7_HUMAN,Homo sapiens,19263245,true positive,27,0,disordered
ELME000012,TRG_ER_diArg_1,di Arginine retention/retrieving signal,TRG,The di-Arg ER retention motif is defined by two consecutive arginine residues (RR) or with a single residue insertion (RXR). The motif is completed by an adjacent hydrophobic/arginine residue which may be on either side of the Arg pair.,PF00400,WD40,"WD domain, G-beta repeat","([LIVMFYWPR]R[^YFWDE]{0,1}R)|(R[^YFWDE]{0,1}R[LIVMFYWPR])",PRVR,514,517,PAR4_HUMAN,Homo sapiens,22411985,true positive,27,0,disordered
ELME000012,TRG_ER_diArg_1,di Arginine retention/retrieving signal,TRG,The di-Arg ER retention motif is defined by two consecutive arginine residues (RR) or with a single residue insertion (RXR). The motif is completed by an adjacent hydrophobic/arginine residue which may be on either side of the Arg pair.,PF00400,WD40,"WD domain, G-beta repeat","([LIVMFYWPR]R[^YFWDE]{0,1}R)|(R[^YFWDE]{0,1}R[LIVMFYWPR])",PRVR,514,517,PPLA_HUMAN,Homo sapiens,20634894,true positive,27,0,disordered
ELME000012,TRG_ER_diArg_1,di Arginine retention/retrieving signal,TRG,The di-Arg ER retention motif is defined by two consecutive arginine residues (RR) or with a single residue insertion (RXR). The motif is completed by an adjacent hydrophobic/arginine residue which may be on either side of the Arg pair.,PF00400,WD40,"WD domain, G-beta repeat","([LIVMFYWPR]R[^YFWDE]{0,1}R)|(R[^YFWDE]{0,1}R[LIVMFYWPR])",PRVR,514,517,Q58F09_HUMAN,Homo sapiens,12626409,true positive,27,0,disordered
ELME000012,TRG_ER_diArg_1,di Arginine retention/retrieving signal,TRG,The di-Arg ER retention motif is defined by two consecutive arginine residues (RR) or with a single residue insertion (RXR). The motif is completed by an adjacent hydrophobic/arginine residue which may be on either side of the Arg pair.,PF00400,WD40,"WD domain, G-beta repeat","([LIVMFYWPR]R[^YFWDE]{0,1}R)|(R[^YFWDE]{0,1}R[LIVMFYWPR])",PRVR,514,517,S12A5_RAT,Rattus norvegicus,19679663,true positive,27,0,disordered
ELME000012,TRG_ER_diArg_1,di Arginine retention/retrieving signal,TRG,The di-Arg ER retention motif is defined by two consecutive arginine residues (RR) or with a single residue insertion (RXR). The motif is completed by an adjacent hydrophobic/arginine residue which may be on either side of the Arg pair.,PF00400,WD40,"WD domain, G-beta repeat","([LIVMFYWPR]R[^YFWDE]{0,1}R)|(R[^YFWDE]{0,1}R[LIVMFYWPR])",PRVR,514,517,SCNAA_RAT,Rattus norvegicus,18782866,true positive,27,0,disordered
ELME000012,TRG_ER_diArg_1,di Arginine retention/retrieving signal,TRG,The di-Arg ER retention motif is defined by two consecutive arginine residues (RR) or with a single residue insertion (RXR). The motif is completed by an adjacent hydrophobic/arginine residue which may be on either side of the Arg pair.,PF00400,WD40,"WD domain, G-beta repeat","([LIVMFYWPR]R[^YFWDE]{0,1}R)|(R[^YFWDE]{0,1}R[LIVMFYWPR])",PRVR,514,517,SGMR1_HUMAN,Homo sapiens,20634894,true positive,27,0,disordered
ELME000012,TRG_ER_diArg_1,di Arginine retention/retrieving signal,TRG,The di-Arg ER retention motif is defined by two consecutive arginine residues (RR) or with a single residue insertion (RXR). The motif is completed by an adjacent hydrophobic/arginine residue which may be on either side of the Arg pair.,PF00400,WD40,"WD domain, G-beta repeat","([LIVMFYWPR]R[^YFWDE]{0,1}R)|(R[^YFWDE]{0,1}R[LIVMFYWPR])",PRVR,514,517,SIAT9_MOUSE,Mus musculus,19420140,true positive,27,0,disordered
ELME000012,TRG_ER_diArg_1,di Arginine retention/retrieving signal,TRG,The di-Arg ER retention motif is defined by two consecutive arginine residues (RR) or with a single residue insertion (RXR). The motif is completed by an adjacent hydrophobic/arginine residue which may be on either side of the Arg pair.,PF00400,WD40,"WD domain, G-beta repeat","([LIVMFYWPR]R[^YFWDE]{0,1}R)|(R[^YFWDE]{0,1}R[LIVMFYWPR])",PRVR,514,517,SOAT1_HUMAN,Homo sapiens,20634894,true positive,27,0,disordered
ELME000012,TRG_ER_diArg_1,di Arginine retention/retrieving signal,TRG,The di-Arg ER retention motif is defined by two consecutive arginine residues (RR) or with a single residue insertion (RXR). The motif is completed by an adjacent hydrophobic/arginine residue which may be on either side of the Arg pair.,PF00400,WD40,"WD domain, G-beta repeat","([LIVMFYWPR]R[^YFWDE]{0,1}R)|(R[^YFWDE]{0,1}R[LIVMFYWPR])",PRVR,514,517,SRPRB_HUMAN,Homo sapiens,20634894,true positive,27,0,disordered
ELME000012,TRG_ER_diArg_1,di Arginine retention/retrieving signal,TRG,The di-Arg ER retention motif is defined by two consecutive arginine residues (RR) or with a single residue insertion (RXR). The motif is completed by an adjacent hydrophobic/arginine residue which may be on either side of the Arg pair.,PF00400,WD40,"WD domain, G-beta repeat","([LIVMFYWPR]R[^YFWDE]{0,1}R)|(R[^YFWDE]{0,1}R[LIVMFYWPR])",PRVR,514,517,V2R_HUMAN,Homo sapiens,11641431,true positive,27,0,disordered
ELME000012,TRG_ER_diArg_1,di Arginine retention/retrieving signal,TRG,The di-Arg ER retention motif is defined by two consecutive arginine residues (RR) or with a single residue insertion (RXR). The motif is completed by an adjacent hydrophobic/arginine residue which may be on either side of the Arg pair.,PF00400,WD40,"WD domain, G-beta repeat","([LIVMFYWPR]R[^YFWDE]{0,1}R)|(R[^YFWDE]{0,1}R[LIVMFYWPR])",RVRR,515,518,ABCC8_HUMAN,Homo sapiens,10197533,true positive,27,0,disordered
ELME000012,TRG_ER_diArg_1,di Arginine retention/retrieving signal,TRG,The di-Arg ER retention motif is defined by two consecutive arginine residues (RR) or with a single residue insertion (RXR). The motif is completed by an adjacent hydrophobic/arginine residue which may be on either side of the Arg pair.,PF00400,WD40,"WD domain, G-beta repeat","([LIVMFYWPR]R[^YFWDE]{0,1}R)|(R[^YFWDE]{0,1}R[LIVMFYWPR])",RVRR,515,518,ADA10_HUMAN,Homo sapiens,20100836,true positive,27,0,disordered
ELME000012,TRG_ER_diArg_1,di Arginine retention/retrieving signal,TRG,The di-Arg ER retention motif is defined by two consecutive arginine residues (RR) or with a single residue insertion (RXR). The motif is completed by an adjacent hydrophobic/arginine residue which may be on either side of the Arg pair.,PF00400,WD40,"WD domain, G-beta repeat","([LIVMFYWPR]R[^YFWDE]{0,1}R)|(R[^YFWDE]{0,1}R[LIVMFYWPR])",RVRR,515,518,ADA22_HUMAN,Homo sapiens,16868027,true positive,27,0,disordered
ELME000012,TRG_ER_diArg_1,di Arginine retention/retrieving signal,TRG,The di-Arg ER retention motif is defined by two consecutive arginine residues (RR) or with a single residue insertion (RXR). The motif is completed by an adjacent hydrophobic/arginine residue which may be on either side of the Arg pair.,PF00400,WD40,"WD domain, G-beta repeat","([LIVMFYWPR]R[^YFWDE]{0,1}R)|(R[^YFWDE]{0,1}R[LIVMFYWPR])",RVRR,515,518,C8ZIX9_YEAS8,Saccharomyces cerevisiae EC1118,18083825,true positive,27,0,disordered
ELME000012,TRG_ER_diArg_1,di Arginine retention/retrieving signal,TRG,The di-Arg ER retention motif is defined by two consecutive arginine residues (RR) or with a single residue insertion (RXR). The motif is completed by an adjacent hydrophobic/arginine residue which may be on either side of the Arg pair.,PF00400,WD40,"WD domain, G-beta repeat","([LIVMFYWPR]R[^YFWDE]{0,1}R)|(R[^YFWDE]{0,1}R[LIVMFYWPR])",RVRR,515,518,GABR1_HUMAN,Homo sapiens,10939334,true positive,27,0,disordered
ELME000012,TRG_ER_diArg_1,di Arginine retention/retrieving signal,TRG,The di-Arg ER retention motif is defined by two consecutive arginine residues (RR) or with a single residue insertion (RXR). The motif is completed by an adjacent hydrophobic/arginine residue which may be on either side of the Arg pair.,PF00400,WD40,"WD domain, G-beta repeat","([LIVMFYWPR]R[^YFWDE]{0,1}R)|(R[^YFWDE]{0,1}R[LIVMFYWPR])",RVRR,515,518,GPR15_HUMAN,Homo sapiens,21189250,true positive,27,0,disordered
ELME000012,TRG_ER_diArg_1,di Arginine retention/retrieving signal,TRG,The di-Arg ER retention motif is defined by two consecutive arginine residues (RR) or with a single residue insertion (RXR). The motif is completed by an adjacent hydrophobic/arginine residue which may be on either side of the Arg pair.,PF00400,WD40,"WD domain, G-beta repeat","([LIVMFYWPR]R[^YFWDE]{0,1}R)|(R[^YFWDE]{0,1}R[LIVMFYWPR])",RVRR,515,518,GRIK5_HUMAN,Homo sapiens,12878702,true positive,27,0,disordered
ELME000012,TRG_ER_diArg_1,di Arginine retention/retrieving signal,TRG,The di-Arg ER retention motif is defined by two consecutive arginine residues (RR) or with a single residue insertion (RXR). The motif is completed by an adjacent hydrophobic/arginine residue which may be on either side of the Arg pair.,PF00400,WD40,"WD domain, G-beta repeat","([LIVMFYWPR]R[^YFWDE]{0,1}R)|(R[^YFWDE]{0,1}R[LIVMFYWPR])",RVRR,515,518,HG2A_HUMAN,Homo sapiens,8157008,true positive,27,0,disordered
ELME000012,TRG_ER_diArg_1,di Arginine retention/retrieving signal,TRG,The di-Arg ER retention motif is defined by two consecutive arginine residues (RR) or with a single residue insertion (RXR). The motif is completed by an adjacent hydrophobic/arginine residue which may be on either side of the Arg pair.,PF00400,WD40,"WD domain, G-beta repeat","([LIVMFYWPR]R[^YFWDE]{0,1}R)|(R[^YFWDE]{0,1}R[LIVMFYWPR])",RVRR,515,518,HMDH_NICSY,Nicotiana sylvestris,8970721,true positive,27,0,disordered
ELME000012,TRG_ER_diArg_1,di Arginine retention/retrieving signal,TRG,The di-Arg ER retention motif is defined by two consecutive arginine residues (RR) or with a single residue insertion (RXR). The motif is completed by an adjacent hydrophobic/arginine residue which may be on either side of the Arg pair.,PF00400,WD40,"WD domain, G-beta repeat","([LIVMFYWPR]R[^YFWDE]{0,1}R)|(R[^YFWDE]{0,1}R[LIVMFYWPR])",RVRR,515,518,IRK11_HUMAN,Homo sapiens,10197533 12699619,true positive,27,0,disordered
ELME000012,TRG_ER_diArg_1,di Arginine retention/retrieving signal,TRG,The di-Arg ER retention motif is defined by two consecutive arginine residues (RR) or with a single residue insertion (RXR). The motif is completed by an adjacent hydrophobic/arginine residue which may be on either side of the Arg pair.,PF00400,WD40,"WD domain, G-beta repeat","([LIVMFYWPR]R[^YFWDE]{0,1}R)|(R[^YFWDE]{0,1}R[LIVMFYWPR])",RVRR,515,518,IRK8_HUMAN,Homo sapiens,10197533,true positive,27,0,disordered
ELME000012,TRG_ER_diArg_1,di Arginine retention/retrieving signal,TRG,The di-Arg ER retention motif is defined by two consecutive arginine residues (RR) or with a single residue insertion (RXR). The motif is completed by an adjacent hydrophobic/arginine residue which may be on either side of the Arg pair.,PF00400,WD40,"WD domain, G-beta repeat","([LIVMFYWPR]R[^YFWDE]{0,1}R)|(R[^YFWDE]{0,1}R[LIVMFYWPR])",RVRR,515,518,MSHR_HUMAN,Homo sapiens,19452503,true positive,27,0,disordered
ELME000012,TRG_ER_diArg_1,di Arginine retention/retrieving signal,TRG,The di-Arg ER retention motif is defined by two consecutive arginine residues (RR) or with a single residue insertion (RXR). The motif is completed by an adjacent hydrophobic/arginine residue which may be on either side of the Arg pair.,PF00400,WD40,"WD domain, G-beta repeat","([LIVMFYWPR]R[^YFWDE]{0,1}R)|(R[^YFWDE]{0,1}R[LIVMFYWPR])",RVRR,515,518,NMDZ1_HUMAN,Homo sapiens,11163274,true positive,27,0,disordered
ELME000012,TRG_ER_diArg_1,di Arginine retention/retrieving signal,TRG,The di-Arg ER retention motif is defined by two consecutive arginine residues (RR) or with a single residue insertion (RXR). The motif is completed by an adjacent hydrophobic/arginine residue which may be on either side of the Arg pair.,PF00400,WD40,"WD domain, G-beta repeat","([LIVMFYWPR]R[^YFWDE]{0,1}R)|(R[^YFWDE]{0,1}R[LIVMFYWPR])",RVRR,515,518,NMDZ1_HUMAN,Homo sapiens,11312291,true positive,27,0,disordered
ELME000012,TRG_ER_diArg_1,di Arginine retention/retrieving signal,TRG,The di-Arg ER retention motif is defined by two consecutive arginine residues (RR) or with a single residue insertion (RXR). The motif is completed by an adjacent hydrophobic/arginine residue which may be on either side of the Arg pair.,PF00400,WD40,"WD domain, G-beta repeat","([LIVMFYWPR]R[^YFWDE]{0,1}R)|(R[^YFWDE]{0,1}R[LIVMFYWPR])",RVRR,515,518,P2RX7_HUMAN,Homo sapiens,19263245,true positive,27,0,disordered
ELME000012,TRG_ER_diArg_1,di Arginine retention/retrieving signal,TRG,The di-Arg ER retention motif is defined by two consecutive arginine residues (RR) or with a single residue insertion (RXR). The motif is completed by an adjacent hydrophobic/arginine residue which may be on either side of the Arg pair.,PF00400,WD40,"WD domain, G-beta repeat","([LIVMFYWPR]R[^YFWDE]{0,1}R)|(R[^YFWDE]{0,1}R[LIVMFYWPR])",RVRR,515,518,PAR4_HUMAN,Homo sapiens,22411985,true positive,27,0,disordered
ELME000012,TRG_ER_diArg_1,di Arginine retention/retrieving signal,TRG,The di-Arg ER retention motif is defined by two consecutive arginine residues (RR) or with a single residue insertion (RXR). The motif is completed by an adjacent hydrophobic/arginine residue which may be on either side of the Arg pair.,PF00400,WD40,"WD domain, G-beta repeat","([LIVMFYWPR]R[^YFWDE]{0,1}R)|(R[^YFWDE]{0,1}R[LIVMFYWPR])",RVRR,515,518,PPLA_HUMAN,Homo sapiens,20634894,true positive,27,0,disordered
ELME000012,TRG_ER_diArg_1,di Arginine retention/retrieving signal,TRG,The di-Arg ER retention motif is defined by two consecutive arginine residues (RR) or with a single residue insertion (RXR). The motif is completed by an adjacent hydrophobic/arginine residue which may be on either side of the Arg pair.,PF00400,WD40,"WD domain, G-beta repeat","([LIVMFYWPR]R[^YFWDE]{0,1}R)|(R[^YFWDE]{0,1}R[LIVMFYWPR])",RVRR,515,518,Q58F09_HUMAN,Homo sapiens,12626409,true positive,27,0,disordered
ELME000012,TRG_ER_diArg_1,di Arginine retention/retrieving signal,TRG,The di-Arg ER retention motif is defined by two consecutive arginine residues (RR) or with a single residue insertion (RXR). The motif is completed by an adjacent hydrophobic/arginine residue which may be on either side of the Arg pair.,PF00400,WD40,"WD domain, G-beta repeat","([LIVMFYWPR]R[^YFWDE]{0,1}R)|(R[^YFWDE]{0,1}R[LIVMFYWPR])",RVRR,515,518,S12A5_RAT,Rattus norvegicus,19679663,true positive,27,0,disordered
ELME000012,TRG_ER_diArg_1,di Arginine retention/retrieving signal,TRG,The di-Arg ER retention motif is defined by two consecutive arginine residues (RR) or with a single residue insertion (RXR). The motif is completed by an adjacent hydrophobic/arginine residue which may be on either side of the Arg pair.,PF00400,WD40,"WD domain, G-beta repeat","([LIVMFYWPR]R[^YFWDE]{0,1}R)|(R[^YFWDE]{0,1}R[LIVMFYWPR])",RVRR,515,518,SCNAA_RAT,Rattus norvegicus,18782866,true positive,27,0,disordered
ELME000012,TRG_ER_diArg_1,di Arginine retention/retrieving signal,TRG,The di-Arg ER retention motif is defined by two consecutive arginine residues (RR) or with a single residue insertion (RXR). The motif is completed by an adjacent hydrophobic/arginine residue which may be on either side of the Arg pair.,PF00400,WD40,"WD domain, G-beta repeat","([LIVMFYWPR]R[^YFWDE]{0,1}R)|(R[^YFWDE]{0,1}R[LIVMFYWPR])",RVRR,515,518,SGMR1_HUMAN,Homo sapiens,20634894,true positive,27,0,disordered
ELME000012,TRG_ER_diArg_1,di Arginine retention/retrieving signal,TRG,The di-Arg ER retention motif is defined by two consecutive arginine residues (RR) or with a single residue insertion (RXR). The motif is completed by an adjacent hydrophobic/arginine residue which may be on either side of the Arg pair.,PF00400,WD40,"WD domain, G-beta repeat","([LIVMFYWPR]R[^YFWDE]{0,1}R)|(R[^YFWDE]{0,1}R[LIVMFYWPR])",RVRR,515,518,SIAT9_MOUSE,Mus musculus,19420140,true positive,27,0,disordered
ELME000012,TRG_ER_diArg_1,di Arginine retention/retrieving signal,TRG,The di-Arg ER retention motif is defined by two consecutive arginine residues (RR) or with a single residue insertion (RXR). The motif is completed by an adjacent hydrophobic/arginine residue which may be on either side of the Arg pair.,PF00400,WD40,"WD domain, G-beta repeat","([LIVMFYWPR]R[^YFWDE]{0,1}R)|(R[^YFWDE]{0,1}R[LIVMFYWPR])",RVRR,515,518,SOAT1_HUMAN,Homo sapiens,20634894,true positive,27,0,disordered
ELME000012,TRG_ER_diArg_1,di Arginine retention/retrieving signal,TRG,The di-Arg ER retention motif is defined by two consecutive arginine residues (RR) or with a single residue insertion (RXR). The motif is completed by an adjacent hydrophobic/arginine residue which may be on either side of the Arg pair.,PF00400,WD40,"WD domain, G-beta repeat","([LIVMFYWPR]R[^YFWDE]{0,1}R)|(R[^YFWDE]{0,1}R[LIVMFYWPR])",RVRR,515,518,SRPRB_HUMAN,Homo sapiens,20634894,true positive,27,0,disordered
ELME000012,TRG_ER_diArg_1,di Arginine retention/retrieving signal,TRG,The di-Arg ER retention motif is defined by two consecutive arginine residues (RR) or with a single residue insertion (RXR). The motif is completed by an adjacent hydrophobic/arginine residue which may be on either side of the Arg pair.,PF00400,WD40,"WD domain, G-beta repeat","([LIVMFYWPR]R[^YFWDE]{0,1}R)|(R[^YFWDE]{0,1}R[LIVMFYWPR])",RVRR,515,518,V2R_HUMAN,Homo sapiens,11641431,true positive,27,0,disordered
ELME000012,TRG_ER_diArg_1,di Arginine retention/retrieving signal,TRG,The di-Arg ER retention motif is defined by two consecutive arginine residues (RR) or with a single residue insertion (RXR). The motif is completed by an adjacent hydrophobic/arginine residue which may be on either side of the Arg pair.,PF00400,WD40,"WD domain, G-beta repeat","([LIVMFYWPR]R[^YFWDE]{0,1}R)|(R[^YFWDE]{0,1}R[LIVMFYWPR])",VRR,516,518,ABCC8_HUMAN,Homo sapiens,10197533,true positive,27,0,disordered
ELME000012,TRG_ER_diArg_1,di Arginine retention/retrieving signal,TRG,The di-Arg ER retention motif is defined by two consecutive arginine residues (RR) or with a single residue insertion (RXR). The motif is completed by an adjacent hydrophobic/arginine residue which may be on either side of the Arg pair.,PF00400,WD40,"WD domain, G-beta repeat","([LIVMFYWPR]R[^YFWDE]{0,1}R)|(R[^YFWDE]{0,1}R[LIVMFYWPR])",VRR,516,518,ADA10_HUMAN,Homo sapiens,20100836,true positive,27,0,disordered
ELME000012,TRG_ER_diArg_1,di Arginine retention/retrieving signal,TRG,The di-Arg ER retention motif is defined by two consecutive arginine residues (RR) or with a single residue insertion (RXR). The motif is completed by an adjacent hydrophobic/arginine residue which may be on either side of the Arg pair.,PF00400,WD40,"WD domain, G-beta repeat","([LIVMFYWPR]R[^YFWDE]{0,1}R)|(R[^YFWDE]{0,1}R[LIVMFYWPR])",VRR,516,518,ADA22_HUMAN,Homo sapiens,16868027,true positive,27,0,disordered
ELME000012,TRG_ER_diArg_1,di Arginine retention/retrieving signal,TRG,The di-Arg ER retention motif is defined by two consecutive arginine residues (RR) or with a single residue insertion (RXR). The motif is completed by an adjacent hydrophobic/arginine residue which may be on either side of the Arg pair.,PF00400,WD40,"WD domain, G-beta repeat","([LIVMFYWPR]R[^YFWDE]{0,1}R)|(R[^YFWDE]{0,1}R[LIVMFYWPR])",VRR,516,518,C8ZIX9_YEAS8,Saccharomyces cerevisiae EC1118,18083825,true positive,27,0,disordered
ELME000012,TRG_ER_diArg_1,di Arginine retention/retrieving signal,TRG,The di-Arg ER retention motif is defined by two consecutive arginine residues (RR) or with a single residue insertion (RXR). The motif is completed by an adjacent hydrophobic/arginine residue which may be on either side of the Arg pair.,PF00400,WD40,"WD domain, G-beta repeat","([LIVMFYWPR]R[^YFWDE]{0,1}R)|(R[^YFWDE]{0,1}R[LIVMFYWPR])",VRR,516,518,GABR1_HUMAN,Homo sapiens,10939334,true positive,27,0,disordered
ELME000012,TRG_ER_diArg_1,di Arginine retention/retrieving signal,TRG,The di-Arg ER retention motif is defined by two consecutive arginine residues (RR) or with a single residue insertion (RXR). The motif is completed by an adjacent hydrophobic/arginine residue which may be on either side of the Arg pair.,PF00400,WD40,"WD domain, G-beta repeat","([LIVMFYWPR]R[^YFWDE]{0,1}R)|(R[^YFWDE]{0,1}R[LIVMFYWPR])",VRR,516,518,GPR15_HUMAN,Homo sapiens,21189250,true positive,27,0,disordered
ELME000012,TRG_ER_diArg_1,di Arginine retention/retrieving signal,TRG,The di-Arg ER retention motif is defined by two consecutive arginine residues (RR) or with a single residue insertion (RXR). The motif is completed by an adjacent hydrophobic/arginine residue which may be on either side of the Arg pair.,PF00400,WD40,"WD domain, G-beta repeat","([LIVMFYWPR]R[^YFWDE]{0,1}R)|(R[^YFWDE]{0,1}R[LIVMFYWPR])",VRR,516,518,GRIK5_HUMAN,Homo sapiens,12878702,true positive,27,0,disordered
ELME000012,TRG_ER_diArg_1,di Arginine retention/retrieving signal,TRG,The di-Arg ER retention motif is defined by two consecutive arginine residues (RR) or with a single residue insertion (RXR). The motif is completed by an adjacent hydrophobic/arginine residue which may be on either side of the Arg pair.,PF00400,WD40,"WD domain, G-beta repeat","([LIVMFYWPR]R[^YFWDE]{0,1}R)|(R[^YFWDE]{0,1}R[LIVMFYWPR])",VRR,516,518,HG2A_HUMAN,Homo sapiens,8157008,true positive,27,0,disordered
ELME000012,TRG_ER_diArg_1,di Arginine retention/retrieving signal,TRG,The di-Arg ER retention motif is defined by two consecutive arginine residues (RR) or with a single residue insertion (RXR). The motif is completed by an adjacent hydrophobic/arginine residue which may be on either side of the Arg pair.,PF00400,WD40,"WD domain, G-beta repeat","([LIVMFYWPR]R[^YFWDE]{0,1}R)|(R[^YFWDE]{0,1}R[LIVMFYWPR])",VRR,516,518,HMDH_NICSY,Nicotiana sylvestris,8970721,true positive,27,0,disordered
ELME000012,TRG_ER_diArg_1,di Arginine retention/retrieving signal,TRG,The di-Arg ER retention motif is defined by two consecutive arginine residues (RR) or with a single residue insertion (RXR). The motif is completed by an adjacent hydrophobic/arginine residue which may be on either side of the Arg pair.,PF00400,WD40,"WD domain, G-beta repeat","([LIVMFYWPR]R[^YFWDE]{0,1}R)|(R[^YFWDE]{0,1}R[LIVMFYWPR])",VRR,516,518,IRK11_HUMAN,Homo sapiens,10197533 12699619,true positive,27,0,disordered
ELME000012,TRG_ER_diArg_1,di Arginine retention/retrieving signal,TRG,The di-Arg ER retention motif is defined by two consecutive arginine residues (RR) or with a single residue insertion (RXR). The motif is completed by an adjacent hydrophobic/arginine residue which may be on either side of the Arg pair.,PF00400,WD40,"WD domain, G-beta repeat","([LIVMFYWPR]R[^YFWDE]{0,1}R)|(R[^YFWDE]{0,1}R[LIVMFYWPR])",VRR,516,518,IRK8_HUMAN,Homo sapiens,10197533,true positive,27,0,disordered
ELME000012,TRG_ER_diArg_1,di Arginine retention/retrieving signal,TRG,The di-Arg ER retention motif is defined by two consecutive arginine residues (RR) or with a single residue insertion (RXR). The motif is completed by an adjacent hydrophobic/arginine residue which may be on either side of the Arg pair.,PF00400,WD40,"WD domain, G-beta repeat","([LIVMFYWPR]R[^YFWDE]{0,1}R)|(R[^YFWDE]{0,1}R[LIVMFYWPR])",VRR,516,518,MSHR_HUMAN,Homo sapiens,19452503,true positive,27,0,disordered
ELME000012,TRG_ER_diArg_1,di Arginine retention/retrieving signal,TRG,The di-Arg ER retention motif is defined by two consecutive arginine residues (RR) or with a single residue insertion (RXR). The motif is completed by an adjacent hydrophobic/arginine residue which may be on either side of the Arg pair.,PF00400,WD40,"WD domain, G-beta repeat","([LIVMFYWPR]R[^YFWDE]{0,1}R)|(R[^YFWDE]{0,1}R[LIVMFYWPR])",VRR,516,518,NMDZ1_HUMAN,Homo sapiens,11163274,true positive,27,0,disordered
ELME000012,TRG_ER_diArg_1,di Arginine retention/retrieving signal,TRG,The di-Arg ER retention motif is defined by two consecutive arginine residues (RR) or with a single residue insertion (RXR). The motif is completed by an adjacent hydrophobic/arginine residue which may be on either side of the Arg pair.,PF00400,WD40,"WD domain, G-beta repeat","([LIVMFYWPR]R[^YFWDE]{0,1}R)|(R[^YFWDE]{0,1}R[LIVMFYWPR])",VRR,516,518,NMDZ1_HUMAN,Homo sapiens,11312291,true positive,27,0,disordered
ELME000012,TRG_ER_diArg_1,di Arginine retention/retrieving signal,TRG,The di-Arg ER retention motif is defined by two consecutive arginine residues (RR) or with a single residue insertion (RXR). The motif is completed by an adjacent hydrophobic/arginine residue which may be on either side of the Arg pair.,PF00400,WD40,"WD domain, G-beta repeat","([LIVMFYWPR]R[^YFWDE]{0,1}R)|(R[^YFWDE]{0,1}R[LIVMFYWPR])",VRR,516,518,P2RX7_HUMAN,Homo sapiens,19263245,true positive,27,0,disordered
ELME000012,TRG_ER_diArg_1,di Arginine retention/retrieving signal,TRG,The di-Arg ER retention motif is defined by two consecutive arginine residues (RR) or with a single residue insertion (RXR). The motif is completed by an adjacent hydrophobic/arginine residue which may be on either side of the Arg pair.,PF00400,WD40,"WD domain, G-beta repeat","([LIVMFYWPR]R[^YFWDE]{0,1}R)|(R[^YFWDE]{0,1}R[LIVMFYWPR])",VRR,516,518,PAR4_HUMAN,Homo sapiens,22411985,true positive,27,0,disordered
ELME000012,TRG_ER_diArg_1,di Arginine retention/retrieving signal,TRG,The di-Arg ER retention motif is defined by two consecutive arginine residues (RR) or with a single residue insertion (RXR). The motif is completed by an adjacent hydrophobic/arginine residue which may be on either side of the Arg pair.,PF00400,WD40,"WD domain, G-beta repeat","([LIVMFYWPR]R[^YFWDE]{0,1}R)|(R[^YFWDE]{0,1}R[LIVMFYWPR])",VRR,516,518,PPLA_HUMAN,Homo sapiens,20634894,true positive,27,0,disordered
ELME000012,TRG_ER_diArg_1,di Arginine retention/retrieving signal,TRG,The di-Arg ER retention motif is defined by two consecutive arginine residues (RR) or with a single residue insertion (RXR). The motif is completed by an adjacent hydrophobic/arginine residue which may be on either side of the Arg pair.,PF00400,WD40,"WD domain, G-beta repeat","([LIVMFYWPR]R[^YFWDE]{0,1}R)|(R[^YFWDE]{0,1}R[LIVMFYWPR])",VRR,516,518,Q58F09_HUMAN,Homo sapiens,12626409,true positive,27,0,disordered
ELME000012,TRG_ER_diArg_1,di Arginine retention/retrieving signal,TRG,The di-Arg ER retention motif is defined by two consecutive arginine residues (RR) or with a single residue insertion (RXR). The motif is completed by an adjacent hydrophobic/arginine residue which may be on either side of the Arg pair.,PF00400,WD40,"WD domain, G-beta repeat","([LIVMFYWPR]R[^YFWDE]{0,1}R)|(R[^YFWDE]{0,1}R[LIVMFYWPR])",VRR,516,518,S12A5_RAT,Rattus norvegicus,19679663,true positive,27,0,disordered
ELME000012,TRG_ER_diArg_1,di Arginine retention/retrieving signal,TRG,The di-Arg ER retention motif is defined by two consecutive arginine residues (RR) or with a single residue insertion (RXR). The motif is completed by an adjacent hydrophobic/arginine residue which may be on either side of the Arg pair.,PF00400,WD40,"WD domain, G-beta repeat","([LIVMFYWPR]R[^YFWDE]{0,1}R)|(R[^YFWDE]{0,1}R[LIVMFYWPR])",VRR,516,518,SCNAA_RAT,Rattus norvegicus,18782866,true positive,27,0,disordered
ELME000012,TRG_ER_diArg_1,di Arginine retention/retrieving signal,TRG,The di-Arg ER retention motif is defined by two consecutive arginine residues (RR) or with a single residue insertion (RXR). The motif is completed by an adjacent hydrophobic/arginine residue which may be on either side of the Arg pair.,PF00400,WD40,"WD domain, G-beta repeat","([LIVMFYWPR]R[^YFWDE]{0,1}R)|(R[^YFWDE]{0,1}R[LIVMFYWPR])",VRR,516,518,SGMR1_HUMAN,Homo sapiens,20634894,true positive,27,0,disordered
ELME000012,TRG_ER_diArg_1,di Arginine retention/retrieving signal,TRG,The di-Arg ER retention motif is defined by two consecutive arginine residues (RR) or with a single residue insertion (RXR). The motif is completed by an adjacent hydrophobic/arginine residue which may be on either side of the Arg pair.,PF00400,WD40,"WD domain, G-beta repeat","([LIVMFYWPR]R[^YFWDE]{0,1}R)|(R[^YFWDE]{0,1}R[LIVMFYWPR])",VRR,516,518,SIAT9_MOUSE,Mus musculus,19420140,true positive,27,0,disordered
ELME000012,TRG_ER_diArg_1,di Arginine retention/retrieving signal,TRG,The di-Arg ER retention motif is defined by two consecutive arginine residues (RR) or with a single residue insertion (RXR). The motif is completed by an adjacent hydrophobic/arginine residue which may be on either side of the Arg pair.,PF00400,WD40,"WD domain, G-beta repeat","([LIVMFYWPR]R[^YFWDE]{0,1}R)|(R[^YFWDE]{0,1}R[LIVMFYWPR])",VRR,516,518,SOAT1_HUMAN,Homo sapiens,20634894,true positive,27,0,disordered
ELME000012,TRG_ER_diArg_1,di Arginine retention/retrieving signal,TRG,The di-Arg ER retention motif is defined by two consecutive arginine residues (RR) or with a single residue insertion (RXR). The motif is completed by an adjacent hydrophobic/arginine residue which may be on either side of the Arg pair.,PF00400,WD40,"WD domain, G-beta repeat","([LIVMFYWPR]R[^YFWDE]{0,1}R)|(R[^YFWDE]{0,1}R[LIVMFYWPR])",VRR,516,518,SRPRB_HUMAN,Homo sapiens,20634894,true positive,27,0,disordered
ELME000012,TRG_ER_diArg_1,di Arginine retention/retrieving signal,TRG,The di-Arg ER retention motif is defined by two consecutive arginine residues (RR) or with a single residue insertion (RXR). The motif is completed by an adjacent hydrophobic/arginine residue which may be on either side of the Arg pair.,PF00400,WD40,"WD domain, G-beta repeat","([LIVMFYWPR]R[^YFWDE]{0,1}R)|(R[^YFWDE]{0,1}R[LIVMFYWPR])",VRR,516,518,V2R_HUMAN,Homo sapiens,11641431,true positive,27,0,disordered
ELME000012,TRG_ER_diArg_1,di Arginine retention/retrieving signal,TRG,The di-Arg ER retention motif is defined by two consecutive arginine residues (RR) or with a single residue insertion (RXR). The motif is completed by an adjacent hydrophobic/arginine residue which may be on either side of the Arg pair.,PF00400,WD40,"WD domain, G-beta repeat","([LIVMFYWPR]R[^YFWDE]{0,1}R)|(R[^YFWDE]{0,1}R[LIVMFYWPR])",RRP,517,519,ABCC8_HUMAN,Homo sapiens,10197533,true positive,27,0,disordered
ELME000012,TRG_ER_diArg_1,di Arginine retention/retrieving signal,TRG,The di-Arg ER retention motif is defined by two consecutive arginine residues (RR) or with a single residue insertion (RXR). The motif is completed by an adjacent hydrophobic/arginine residue which may be on either side of the Arg pair.,PF00400,WD40,"WD domain, G-beta repeat","([LIVMFYWPR]R[^YFWDE]{0,1}R)|(R[^YFWDE]{0,1}R[LIVMFYWPR])",RRP,517,519,ADA10_HUMAN,Homo sapiens,20100836,true positive,27,0,disordered
ELME000012,TRG_ER_diArg_1,di Arginine retention/retrieving signal,TRG,The di-Arg ER retention motif is defined by two consecutive arginine residues (RR) or with a single residue insertion (RXR). The motif is completed by an adjacent hydrophobic/arginine residue which may be on either side of the Arg pair.,PF00400,WD40,"WD domain, G-beta repeat","([LIVMFYWPR]R[^YFWDE]{0,1}R)|(R[^YFWDE]{0,1}R[LIVMFYWPR])",RRP,517,519,ADA22_HUMAN,Homo sapiens,16868027,true positive,27,0,disordered
ELME000012,TRG_ER_diArg_1,di Arginine retention/retrieving signal,TRG,The di-Arg ER retention motif is defined by two consecutive arginine residues (RR) or with a single residue insertion (RXR). The motif is completed by an adjacent hydrophobic/arginine residue which may be on either side of the Arg pair.,PF00400,WD40,"WD domain, G-beta repeat","([LIVMFYWPR]R[^YFWDE]{0,1}R)|(R[^YFWDE]{0,1}R[LIVMFYWPR])",RRP,517,519,C8ZIX9_YEAS8,Saccharomyces cerevisiae EC1118,18083825,true positive,27,0,disordered
ELME000012,TRG_ER_diArg_1,di Arginine retention/retrieving signal,TRG,The di-Arg ER retention motif is defined by two consecutive arginine residues (RR) or with a single residue insertion (RXR). The motif is completed by an adjacent hydrophobic/arginine residue which may be on either side of the Arg pair.,PF00400,WD40,"WD domain, G-beta repeat","([LIVMFYWPR]R[^YFWDE]{0,1}R)|(R[^YFWDE]{0,1}R[LIVMFYWPR])",RRP,517,519,GABR1_HUMAN,Homo sapiens,10939334,true positive,27,0,disordered
ELME000012,TRG_ER_diArg_1,di Arginine retention/retrieving signal,TRG,The di-Arg ER retention motif is defined by two consecutive arginine residues (RR) or with a single residue insertion (RXR). The motif is completed by an adjacent hydrophobic/arginine residue which may be on either side of the Arg pair.,PF00400,WD40,"WD domain, G-beta repeat","([LIVMFYWPR]R[^YFWDE]{0,1}R)|(R[^YFWDE]{0,1}R[LIVMFYWPR])",RRP,517,519,GPR15_HUMAN,Homo sapiens,21189250,true positive,27,0,disordered
ELME000012,TRG_ER_diArg_1,di Arginine retention/retrieving signal,TRG,The di-Arg ER retention motif is defined by two consecutive arginine residues (RR) or with a single residue insertion (RXR). The motif is completed by an adjacent hydrophobic/arginine residue which may be on either side of the Arg pair.,PF00400,WD40,"WD domain, G-beta repeat","([LIVMFYWPR]R[^YFWDE]{0,1}R)|(R[^YFWDE]{0,1}R[LIVMFYWPR])",RRP,517,519,GRIK5_HUMAN,Homo sapiens,12878702,true positive,27,0,disordered
ELME000012,TRG_ER_diArg_1,di Arginine retention/retrieving signal,TRG,The di-Arg ER retention motif is defined by two consecutive arginine residues (RR) or with a single residue insertion (RXR). The motif is completed by an adjacent hydrophobic/arginine residue which may be on either side of the Arg pair.,PF00400,WD40,"WD domain, G-beta repeat","([LIVMFYWPR]R[^YFWDE]{0,1}R)|(R[^YFWDE]{0,1}R[LIVMFYWPR])",RRP,517,519,HG2A_HUMAN,Homo sapiens,8157008,true positive,27,0,disordered
ELME000012,TRG_ER_diArg_1,di Arginine retention/retrieving signal,TRG,The di-Arg ER retention motif is defined by two consecutive arginine residues (RR) or with a single residue insertion (RXR). The motif is completed by an adjacent hydrophobic/arginine residue which may be on either side of the Arg pair.,PF00400,WD40,"WD domain, G-beta repeat","([LIVMFYWPR]R[^YFWDE]{0,1}R)|(R[^YFWDE]{0,1}R[LIVMFYWPR])",RRP,517,519,HMDH_NICSY,Nicotiana sylvestris,8970721,true positive,27,0,disordered
ELME000012,TRG_ER_diArg_1,di Arginine retention/retrieving signal,TRG,The di-Arg ER retention motif is defined by two consecutive arginine residues (RR) or with a single residue insertion (RXR). The motif is completed by an adjacent hydrophobic/arginine residue which may be on either side of the Arg pair.,PF00400,WD40,"WD domain, G-beta repeat","([LIVMFYWPR]R[^YFWDE]{0,1}R)|(R[^YFWDE]{0,1}R[LIVMFYWPR])",RRP,517,519,IRK11_HUMAN,Homo sapiens,10197533 12699619,true positive,27,0,disordered
ELME000012,TRG_ER_diArg_1,di Arginine retention/retrieving signal,TRG,The di-Arg ER retention motif is defined by two consecutive arginine residues (RR) or with a single residue insertion (RXR). The motif is completed by an adjacent hydrophobic/arginine residue which may be on either side of the Arg pair.,PF00400,WD40,"WD domain, G-beta repeat","([LIVMFYWPR]R[^YFWDE]{0,1}R)|(R[^YFWDE]{0,1}R[LIVMFYWPR])",RRP,517,519,IRK8_HUMAN,Homo sapiens,10197533,true positive,27,0,disordered
ELME000012,TRG_ER_diArg_1,di Arginine retention/retrieving signal,TRG,The di-Arg ER retention motif is defined by two consecutive arginine residues (RR) or with a single residue insertion (RXR). The motif is completed by an adjacent hydrophobic/arginine residue which may be on either side of the Arg pair.,PF00400,WD40,"WD domain, G-beta repeat","([LIVMFYWPR]R[^YFWDE]{0,1}R)|(R[^YFWDE]{0,1}R[LIVMFYWPR])",RRP,517,519,MSHR_HUMAN,Homo sapiens,19452503,true positive,27,0,disordered
ELME000012,TRG_ER_diArg_1,di Arginine retention/retrieving signal,TRG,The di-Arg ER retention motif is defined by two consecutive arginine residues (RR) or with a single residue insertion (RXR). The motif is completed by an adjacent hydrophobic/arginine residue which may be on either side of the Arg pair.,PF00400,WD40,"WD domain, G-beta repeat","([LIVMFYWPR]R[^YFWDE]{0,1}R)|(R[^YFWDE]{0,1}R[LIVMFYWPR])",RRP,517,519,NMDZ1_HUMAN,Homo sapiens,11163274,true positive,27,0,disordered
ELME000012,TRG_ER_diArg_1,di Arginine retention/retrieving signal,TRG,The di-Arg ER retention motif is defined by two consecutive arginine residues (RR) or with a single residue insertion (RXR). The motif is completed by an adjacent hydrophobic/arginine residue which may be on either side of the Arg pair.,PF00400,WD40,"WD domain, G-beta repeat","([LIVMFYWPR]R[^YFWDE]{0,1}R)|(R[^YFWDE]{0,1}R[LIVMFYWPR])",RRP,517,519,NMDZ1_HUMAN,Homo sapiens,11312291,true positive,27,0,disordered
ELME000012,TRG_ER_diArg_1,di Arginine retention/retrieving signal,TRG,The di-Arg ER retention motif is defined by two consecutive arginine residues (RR) or with a single residue insertion (RXR). The motif is completed by an adjacent hydrophobic/arginine residue which may be on either side of the Arg pair.,PF00400,WD40,"WD domain, G-beta repeat","([LIVMFYWPR]R[^YFWDE]{0,1}R)|(R[^YFWDE]{0,1}R[LIVMFYWPR])",RRP,517,519,P2RX7_HUMAN,Homo sapiens,19263245,true positive,27,0,disordered
ELME000012,TRG_ER_diArg_1,di Arginine retention/retrieving signal,TRG,The di-Arg ER retention motif is defined by two consecutive arginine residues (RR) or with a single residue insertion (RXR). The motif is completed by an adjacent hydrophobic/arginine residue which may be on either side of the Arg pair.,PF00400,WD40,"WD domain, G-beta repeat","([LIVMFYWPR]R[^YFWDE]{0,1}R)|(R[^YFWDE]{0,1}R[LIVMFYWPR])",RRP,517,519,PAR4_HUMAN,Homo sapiens,22411985,true positive,27,0,disordered
ELME000012,TRG_ER_diArg_1,di Arginine retention/retrieving signal,TRG,The di-Arg ER retention motif is defined by two consecutive arginine residues (RR) or with a single residue insertion (RXR). The motif is completed by an adjacent hydrophobic/arginine residue which may be on either side of the Arg pair.,PF00400,WD40,"WD domain, G-beta repeat","([LIVMFYWPR]R[^YFWDE]{0,1}R)|(R[^YFWDE]{0,1}R[LIVMFYWPR])",RRP,517,519,PPLA_HUMAN,Homo sapiens,20634894,true positive,27,0,disordered
ELME000012,TRG_ER_diArg_1,di Arginine retention/retrieving signal,TRG,The di-Arg ER retention motif is defined by two consecutive arginine residues (RR) or with a single residue insertion (RXR). The motif is completed by an adjacent hydrophobic/arginine residue which may be on either side of the Arg pair.,PF00400,WD40,"WD domain, G-beta repeat","([LIVMFYWPR]R[^YFWDE]{0,1}R)|(R[^YFWDE]{0,1}R[LIVMFYWPR])",RRP,517,519,Q58F09_HUMAN,Homo sapiens,12626409,true positive,27,0,disordered
ELME000012,TRG_ER_diArg_1,di Arginine retention/retrieving signal,TRG,The di-Arg ER retention motif is defined by two consecutive arginine residues (RR) or with a single residue insertion (RXR). The motif is completed by an adjacent hydrophobic/arginine residue which may be on either side of the Arg pair.,PF00400,WD40,"WD domain, G-beta repeat","([LIVMFYWPR]R[^YFWDE]{0,1}R)|(R[^YFWDE]{0,1}R[LIVMFYWPR])",RRP,517,519,S12A5_RAT,Rattus norvegicus,19679663,true positive,27,0,disordered
ELME000012,TRG_ER_diArg_1,di Arginine retention/retrieving signal,TRG,The di-Arg ER retention motif is defined by two consecutive arginine residues (RR) or with a single residue insertion (RXR). The motif is completed by an adjacent hydrophobic/arginine residue which may be on either side of the Arg pair.,PF00400,WD40,"WD domain, G-beta repeat","([LIVMFYWPR]R[^YFWDE]{0,1}R)|(R[^YFWDE]{0,1}R[LIVMFYWPR])",RRP,517,519,SCNAA_RAT,Rattus norvegicus,18782866,true positive,27,0,disordered
ELME000012,TRG_ER_diArg_1,di Arginine retention/retrieving signal,TRG,The di-Arg ER retention motif is defined by two consecutive arginine residues (RR) or with a single residue insertion (RXR). The motif is completed by an adjacent hydrophobic/arginine residue which may be on either side of the Arg pair.,PF00400,WD40,"WD domain, G-beta repeat","([LIVMFYWPR]R[^YFWDE]{0,1}R)|(R[^YFWDE]{0,1}R[LIVMFYWPR])",RRP,517,519,SGMR1_HUMAN,Homo sapiens,20634894,true positive,27,0,disordered
ELME000012,TRG_ER_diArg_1,di Arginine retention/retrieving signal,TRG,The di-Arg ER retention motif is defined by two consecutive arginine residues (RR) or with a single residue insertion (RXR). The motif is completed by an adjacent hydrophobic/arginine residue which may be on either side of the Arg pair.,PF00400,WD40,"WD domain, G-beta repeat","([LIVMFYWPR]R[^YFWDE]{0,1}R)|(R[^YFWDE]{0,1}R[LIVMFYWPR])",RRP,517,519,SIAT9_MOUSE,Mus musculus,19420140,true positive,27,0,disordered
ELME000012,TRG_ER_diArg_1,di Arginine retention/retrieving signal,TRG,The di-Arg ER retention motif is defined by two consecutive arginine residues (RR) or with a single residue insertion (RXR). The motif is completed by an adjacent hydrophobic/arginine residue which may be on either side of the Arg pair.,PF00400,WD40,"WD domain, G-beta repeat","([LIVMFYWPR]R[^YFWDE]{0,1}R)|(R[^YFWDE]{0,1}R[LIVMFYWPR])",RRP,517,519,SOAT1_HUMAN,Homo sapiens,20634894,true positive,27,0,disordered
ELME000012,TRG_ER_diArg_1,di Arginine retention/retrieving signal,TRG,The di-Arg ER retention motif is defined by two consecutive arginine residues (RR) or with a single residue insertion (RXR). The motif is completed by an adjacent hydrophobic/arginine residue which may be on either side of the Arg pair.,PF00400,WD40,"WD domain, G-beta repeat","([LIVMFYWPR]R[^YFWDE]{0,1}R)|(R[^YFWDE]{0,1}R[LIVMFYWPR])",RRP,517,519,SRPRB_HUMAN,Homo sapiens,20634894,true positive,27,0,disordered
ELME000012,TRG_ER_diArg_1,di Arginine retention/retrieving signal,TRG,The di-Arg ER retention motif is defined by two consecutive arginine residues (RR) or with a single residue insertion (RXR). The motif is completed by an adjacent hydrophobic/arginine residue which may be on either side of the Arg pair.,PF00400,WD40,"WD domain, G-beta repeat","([LIVMFYWPR]R[^YFWDE]{0,1}R)|(R[^YFWDE]{0,1}R[LIVMFYWPR])",RRP,517,519,V2R_HUMAN,Homo sapiens,11641431,true positive,27,0,disordered
