Instance_accession,ELMIdentifier,FunctionalSiteName,ELMType,Description,InteractionDomainId,InteractionDomainDescription,InteractionDomainName,Regex,Instances (Matched Sequence),motif_start_in_query,motif_end_in_query,ProteinName,Organism,References,InstanceLogic,#Instances,#Instances_in_PDB,IUPred
ELME000321,CLV_C14_Caspase3-7,Caspase cleavage motif,CLV,Caspase-3 and Caspase-7 cleavage site.,PF00656,Peptidase_C14,Caspase domain,[DSTE][^P][^DEWHFYC]D[GSAN],TDVDS,455,459,A0A0H3NIK3_SALTS,Salmonella enterica subsp. enterica serovar Typhimurium str. SL1344,20947770,true positive,41,0,disordered
ELME000321,CLV_C14_Caspase3-7,Caspase cleavage motif,CLV,Caspase-3 and Caspase-7 cleavage site.,PF00656,Peptidase_C14,Caspase domain,[DSTE][^P][^DEWHFYC]D[GSAN],TDVDS,455,459,ATN1_HUMAN,Homo sapiens,10085113 9535906,true positive,41,0,disordered
ELME000321,CLV_C14_Caspase3-7,Caspase cleavage motif,CLV,Caspase-3 and Caspase-7 cleavage site.,PF00656,Peptidase_C14,Caspase domain,[DSTE][^P][^DEWHFYC]D[GSAN],TDVDS,455,459,BCAR1_RAT,Rattus norvegicus,10712510,true positive,41,0,disordered
ELME000321,CLV_C14_Caspase3-7,Caspase cleavage motif,CLV,Caspase-3 and Caspase-7 cleavage site.,PF00656,Peptidase_C14,Caspase domain,[DSTE][^P][^DEWHFYC]D[GSAN],TDVDS,455,459,CADH1_HUMAN,Homo sapiens,11076937,true positive,41,0,disordered
ELME000321,CLV_C14_Caspase3-7,Caspase cleavage motif,CLV,Caspase-3 and Caspase-7 cleavage site.,PF00656,Peptidase_C14,Caspase domain,[DSTE][^P][^DEWHFYC]D[GSAN],TDVDS,455,459,CASP6_HUMAN,Homo sapiens,8900201,true positive,41,0,disordered
ELME000321,CLV_C14_Caspase3-7,Caspase cleavage motif,CLV,Caspase-3 and Caspase-7 cleavage site.,PF00656,Peptidase_C14,Caspase domain,[DSTE][^P][^DEWHFYC]D[GSAN],TDVDS,455,459,CASP9_HUMAN,Homo sapiens,8900201,true positive,41,0,disordered
ELME000321,CLV_C14_Caspase3-7,Caspase cleavage motif,CLV,Caspase-3 and Caspase-7 cleavage site.,PF00656,Peptidase_C14,Caspase domain,[DSTE][^P][^DEWHFYC]D[GSAN],TDVDS,455,459,CDC6_HUMAN,Homo sapiens,14517333,true positive,41,0,disordered
ELME000321,CLV_C14_Caspase3-7,Caspase cleavage motif,CLV,Caspase-3 and Caspase-7 cleavage site.,PF00656,Peptidase_C14,Caspase domain,[DSTE][^P][^DEWHFYC]D[GSAN],TDVDS,455,459,CLSPN_HUMAN,Homo sapiens,17431426,true positive,41,0,disordered
ELME000321,CLV_C14_Caspase3-7,Caspase cleavage motif,CLV,Caspase-3 and Caspase-7 cleavage site.,PF00656,Peptidase_C14,Caspase domain,[DSTE][^P][^DEWHFYC]D[GSAN],TDVDS,455,459,DSG1_HUMAN,Homo sapiens,16286477,true positive,41,0,disordered
ELME000321,CLV_C14_Caspase3-7,Caspase cleavage motif,CLV,Caspase-3 and Caspase-7 cleavage site.,PF00656,Peptidase_C14,Caspase domain,[DSTE][^P][^DEWHFYC]D[GSAN],TDVDS,455,459,DSG3_HUMAN,Homo sapiens,11500511,true positive,41,0,disordered
ELME000321,CLV_C14_Caspase3-7,Caspase cleavage motif,CLV,Caspase-3 and Caspase-7 cleavage site.,PF00656,Peptidase_C14,Caspase domain,[DSTE][^P][^DEWHFYC]D[GSAN],TDVDS,455,459,GDIR2_HUMAN,Homo sapiens,8626669,true positive,41,0,disordered
ELME000321,CLV_C14_Caspase3-7,Caspase cleavage motif,CLV,Caspase-3 and Caspase-7 cleavage site.,PF00656,Peptidase_C14,Caspase domain,[DSTE][^P][^DEWHFYC]D[GSAN],TDVDS,455,459,GORS1_RAT,Rattus norvegicus,11815631,true positive,41,0,disordered
ELME000321,CLV_C14_Caspase3-7,Caspase cleavage motif,CLV,Caspase-3 and Caspase-7 cleavage site.,PF00656,Peptidase_C14,Caspase domain,[DSTE][^P][^DEWHFYC]D[GSAN],TDVDS,455,459,HD_HUMAN,Homo sapiens,16777606,true positive,41,0,disordered
ELME000321,CLV_C14_Caspase3-7,Caspase cleavage motif,CLV,Caspase-3 and Caspase-7 cleavage site.,PF00656,Peptidase_C14,Caspase domain,[DSTE][^P][^DEWHFYC]D[GSAN],TDVDS,455,459,IL16_MOUSE,Mus musculus,10479680,true positive,41,0,disordered
ELME000321,CLV_C14_Caspase3-7,Caspase cleavage motif,CLV,Caspase-3 and Caspase-7 cleavage site.,PF00656,Peptidase_C14,Caspase domain,[DSTE][^P][^DEWHFYC]D[GSAN],TDVDS,455,459,JIP1_HUMAN,Homo sapiens,21237154,true positive,41,0,disordered
ELME000321,CLV_C14_Caspase3-7,Caspase cleavage motif,CLV,Caspase-3 and Caspase-7 cleavage site.,PF00656,Peptidase_C14,Caspase domain,[DSTE][^P][^DEWHFYC]D[GSAN],TDVDS,455,459,KPCD_HUMAN,Homo sapiens,8557034,true positive,41,0,disordered
ELME000321,CLV_C14_Caspase3-7,Caspase cleavage motif,CLV,Caspase-3 and Caspase-7 cleavage site.,PF00656,Peptidase_C14,Caspase domain,[DSTE][^P][^DEWHFYC]D[GSAN],TDVDS,455,459,PAK2_HUMAN,Homo sapiens,9171063,true positive,41,0,disordered
ELME000321,CLV_C14_Caspase3-7,Caspase cleavage motif,CLV,Caspase-3 and Caspase-7 cleavage site.,PF00656,Peptidase_C14,Caspase domain,[DSTE][^P][^DEWHFYC]D[GSAN],TDVDS,455,459,PARP1_HUMAN,Homo sapiens,8090205,true positive,41,0,disordered
ELME000321,CLV_C14_Caspase3-7,Caspase cleavage motif,CLV,Caspase-3 and Caspase-7 cleavage site.,PF00656,Peptidase_C14,Caspase domain,[DSTE][^P][^DEWHFYC]D[GSAN],TDVDS,455,459,PRKDC_HUMAN,Homo sapiens,8670824,true positive,41,0,disordered
ELME000321,CLV_C14_Caspase3-7,Caspase cleavage motif,CLV,Caspase-3 and Caspase-7 cleavage site.,PF00656,Peptidase_C14,Caspase domain,[DSTE][^P][^DEWHFYC]D[GSAN],TDVDS,455,459,PTEN_HUMAN,Homo sapiens,12788938,true positive,41,0,disordered
ELME000321,CLV_C14_Caspase3-7,Caspase cleavage motif,CLV,Caspase-3 and Caspase-7 cleavage site.,PF00656,Peptidase_C14,Caspase domain,[DSTE][^P][^DEWHFYC]D[GSAN],TDVDS,455,459,RB_HUMAN,Homo sapiens,11420704,true positive,41,0,disordered
ELME000321,CLV_C14_Caspase3-7,Caspase cleavage motif,CLV,Caspase-3 and Caspase-7 cleavage site.,PF00656,Peptidase_C14,Caspase domain,[DSTE][^P][^DEWHFYC]D[GSAN],TDVDS,455,459,ROCK1_HUMAN,Homo sapiens,11283607,true positive,41,0,disordered
ELME000321,CLV_C14_Caspase3-7,Caspase cleavage motif,CLV,Caspase-3 and Caspase-7 cleavage site.,PF00656,Peptidase_C14,Caspase domain,[DSTE][^P][^DEWHFYC]D[GSAN],TDVDS,455,459,RU17_HUMAN,Homo sapiens,8642305,true positive,41,0,disordered
ELME000321,CLV_C14_Caspase3-7,Caspase cleavage motif,CLV,Caspase-3 and Caspase-7 cleavage site.,PF00656,Peptidase_C14,Caspase domain,[DSTE][^P][^DEWHFYC]D[GSAN],TDVDS,455,459,SIPA_SALTS,Salmonella enterica subsp. enterica serovar Typhimurium str. SL1344,20947770,true positive,41,0,disordered
ELME000321,CLV_C14_Caspase3-7,Caspase cleavage motif,CLV,Caspase-3 and Caspase-7 cleavage site.,PF00656,Peptidase_C14,Caspase domain,[DSTE][^P][^DEWHFYC]D[GSAN],TDVDS,455,459,SND1_HUMAN,Homo sapiens,19820703,true positive,41,0,disordered
ELME000321,CLV_C14_Caspase3-7,Caspase cleavage motif,CLV,Caspase-3 and Caspase-7 cleavage site.,PF00656,Peptidase_C14,Caspase domain,[DSTE][^P][^DEWHFYC]D[GSAN],TDVDS,455,459,SPTA2_HUMAN,Homo sapiens,9712874,true positive,41,0,disordered
ELME000321,CLV_C14_Caspase3-7,Caspase cleavage motif,CLV,Caspase-3 and Caspase-7 cleavage site.,PF00656,Peptidase_C14,Caspase domain,[DSTE][^P][^DEWHFYC]D[GSAN],TDVDS,455,459,SPTB2_HUMAN,Homo sapiens,9712874,true positive,41,0,disordered
ELME000321,CLV_C14_Caspase3-7,Caspase cleavage motif,CLV,Caspase-3 and Caspase-7 cleavage site.,PF00656,Peptidase_C14,Caspase domain,[DSTE][^P][^DEWHFYC]D[GSAN],TDVDS,455,459,SRBP1_HUMAN,Homo sapiens,7629113,true positive,41,0,disordered
ELME000321,CLV_C14_Caspase3-7,Caspase cleavage motif,CLV,Caspase-3 and Caspase-7 cleavage site.,PF00656,Peptidase_C14,Caspase domain,[DSTE][^P][^DEWHFYC]D[GSAN],TDVDS,455,459,SRBP2_HUMAN,Homo sapiens,8605870,true positive,41,0,disordered
ELME000321,CLV_C14_Caspase3-7,Caspase cleavage motif,CLV,Caspase-3 and Caspase-7 cleavage site.,PF00656,Peptidase_C14,Caspase domain,[DSTE][^P][^DEWHFYC]D[GSAN],TDVDS,455,459,STK3_HUMAN,Homo sapiens,11278283,true positive,41,0,disordered
ELME000321,CLV_C14_Caspase3-7,Caspase cleavage motif,CLV,Caspase-3 and Caspase-7 cleavage site.,PF00656,Peptidase_C14,Caspase domain,[DSTE][^P][^DEWHFYC]D[GSAN],TDVDS,455,459,STK4_HUMAN,Homo sapiens,11278283 11278782,true positive,41,0,disordered
ELME000321,CLV_C14_Caspase3-7,Caspase cleavage motif,CLV,Caspase-3 and Caspase-7 cleavage site.,PF00656,Peptidase_C14,Caspase domain,[DSTE][^P][^DEWHFYC]D[GSAN],TDVDS,455,459,VDR_HUMAN,Homo sapiens,18832097,true positive,41,0,disordered
ELME000321,CLV_C14_Caspase3-7,Caspase cleavage motif,CLV,Caspase-3 and Caspase-7 cleavage site.,PF00656,Peptidase_C14,Caspase domain,[DSTE][^P][^DEWHFYC]D[GSAN],STSDA,468,472,A0A0H3NIK3_SALTS,Salmonella enterica subsp. enterica serovar Typhimurium str. SL1344,20947770,true positive,41,0,disordered
ELME000321,CLV_C14_Caspase3-7,Caspase cleavage motif,CLV,Caspase-3 and Caspase-7 cleavage site.,PF00656,Peptidase_C14,Caspase domain,[DSTE][^P][^DEWHFYC]D[GSAN],STSDA,468,472,ATN1_HUMAN,Homo sapiens,10085113 9535906,true positive,41,0,disordered
ELME000321,CLV_C14_Caspase3-7,Caspase cleavage motif,CLV,Caspase-3 and Caspase-7 cleavage site.,PF00656,Peptidase_C14,Caspase domain,[DSTE][^P][^DEWHFYC]D[GSAN],STSDA,468,472,BCAR1_RAT,Rattus norvegicus,10712510,true positive,41,0,disordered
ELME000321,CLV_C14_Caspase3-7,Caspase cleavage motif,CLV,Caspase-3 and Caspase-7 cleavage site.,PF00656,Peptidase_C14,Caspase domain,[DSTE][^P][^DEWHFYC]D[GSAN],STSDA,468,472,CADH1_HUMAN,Homo sapiens,11076937,true positive,41,0,disordered
ELME000321,CLV_C14_Caspase3-7,Caspase cleavage motif,CLV,Caspase-3 and Caspase-7 cleavage site.,PF00656,Peptidase_C14,Caspase domain,[DSTE][^P][^DEWHFYC]D[GSAN],STSDA,468,472,CASP6_HUMAN,Homo sapiens,8900201,true positive,41,0,disordered
ELME000321,CLV_C14_Caspase3-7,Caspase cleavage motif,CLV,Caspase-3 and Caspase-7 cleavage site.,PF00656,Peptidase_C14,Caspase domain,[DSTE][^P][^DEWHFYC]D[GSAN],STSDA,468,472,CASP9_HUMAN,Homo sapiens,8900201,true positive,41,0,disordered
ELME000321,CLV_C14_Caspase3-7,Caspase cleavage motif,CLV,Caspase-3 and Caspase-7 cleavage site.,PF00656,Peptidase_C14,Caspase domain,[DSTE][^P][^DEWHFYC]D[GSAN],STSDA,468,472,CDC6_HUMAN,Homo sapiens,14517333,true positive,41,0,disordered
ELME000321,CLV_C14_Caspase3-7,Caspase cleavage motif,CLV,Caspase-3 and Caspase-7 cleavage site.,PF00656,Peptidase_C14,Caspase domain,[DSTE][^P][^DEWHFYC]D[GSAN],STSDA,468,472,CLSPN_HUMAN,Homo sapiens,17431426,true positive,41,0,disordered
ELME000321,CLV_C14_Caspase3-7,Caspase cleavage motif,CLV,Caspase-3 and Caspase-7 cleavage site.,PF00656,Peptidase_C14,Caspase domain,[DSTE][^P][^DEWHFYC]D[GSAN],STSDA,468,472,DSG1_HUMAN,Homo sapiens,16286477,true positive,41,0,disordered
ELME000321,CLV_C14_Caspase3-7,Caspase cleavage motif,CLV,Caspase-3 and Caspase-7 cleavage site.,PF00656,Peptidase_C14,Caspase domain,[DSTE][^P][^DEWHFYC]D[GSAN],STSDA,468,472,DSG3_HUMAN,Homo sapiens,11500511,true positive,41,0,disordered
ELME000321,CLV_C14_Caspase3-7,Caspase cleavage motif,CLV,Caspase-3 and Caspase-7 cleavage site.,PF00656,Peptidase_C14,Caspase domain,[DSTE][^P][^DEWHFYC]D[GSAN],STSDA,468,472,GDIR2_HUMAN,Homo sapiens,8626669,true positive,41,0,disordered
ELME000321,CLV_C14_Caspase3-7,Caspase cleavage motif,CLV,Caspase-3 and Caspase-7 cleavage site.,PF00656,Peptidase_C14,Caspase domain,[DSTE][^P][^DEWHFYC]D[GSAN],STSDA,468,472,GORS1_RAT,Rattus norvegicus,11815631,true positive,41,0,disordered
ELME000321,CLV_C14_Caspase3-7,Caspase cleavage motif,CLV,Caspase-3 and Caspase-7 cleavage site.,PF00656,Peptidase_C14,Caspase domain,[DSTE][^P][^DEWHFYC]D[GSAN],STSDA,468,472,HD_HUMAN,Homo sapiens,16777606,true positive,41,0,disordered
ELME000321,CLV_C14_Caspase3-7,Caspase cleavage motif,CLV,Caspase-3 and Caspase-7 cleavage site.,PF00656,Peptidase_C14,Caspase domain,[DSTE][^P][^DEWHFYC]D[GSAN],STSDA,468,472,IL16_MOUSE,Mus musculus,10479680,true positive,41,0,disordered
ELME000321,CLV_C14_Caspase3-7,Caspase cleavage motif,CLV,Caspase-3 and Caspase-7 cleavage site.,PF00656,Peptidase_C14,Caspase domain,[DSTE][^P][^DEWHFYC]D[GSAN],STSDA,468,472,JIP1_HUMAN,Homo sapiens,21237154,true positive,41,0,disordered
ELME000321,CLV_C14_Caspase3-7,Caspase cleavage motif,CLV,Caspase-3 and Caspase-7 cleavage site.,PF00656,Peptidase_C14,Caspase domain,[DSTE][^P][^DEWHFYC]D[GSAN],STSDA,468,472,KPCD_HUMAN,Homo sapiens,8557034,true positive,41,0,disordered
ELME000321,CLV_C14_Caspase3-7,Caspase cleavage motif,CLV,Caspase-3 and Caspase-7 cleavage site.,PF00656,Peptidase_C14,Caspase domain,[DSTE][^P][^DEWHFYC]D[GSAN],STSDA,468,472,PAK2_HUMAN,Homo sapiens,9171063,true positive,41,0,disordered
ELME000321,CLV_C14_Caspase3-7,Caspase cleavage motif,CLV,Caspase-3 and Caspase-7 cleavage site.,PF00656,Peptidase_C14,Caspase domain,[DSTE][^P][^DEWHFYC]D[GSAN],STSDA,468,472,PARP1_HUMAN,Homo sapiens,8090205,true positive,41,0,disordered
ELME000321,CLV_C14_Caspase3-7,Caspase cleavage motif,CLV,Caspase-3 and Caspase-7 cleavage site.,PF00656,Peptidase_C14,Caspase domain,[DSTE][^P][^DEWHFYC]D[GSAN],STSDA,468,472,PRKDC_HUMAN,Homo sapiens,8670824,true positive,41,0,disordered
ELME000321,CLV_C14_Caspase3-7,Caspase cleavage motif,CLV,Caspase-3 and Caspase-7 cleavage site.,PF00656,Peptidase_C14,Caspase domain,[DSTE][^P][^DEWHFYC]D[GSAN],STSDA,468,472,PTEN_HUMAN,Homo sapiens,12788938,true positive,41,0,disordered
ELME000321,CLV_C14_Caspase3-7,Caspase cleavage motif,CLV,Caspase-3 and Caspase-7 cleavage site.,PF00656,Peptidase_C14,Caspase domain,[DSTE][^P][^DEWHFYC]D[GSAN],STSDA,468,472,RB_HUMAN,Homo sapiens,11420704,true positive,41,0,disordered
ELME000321,CLV_C14_Caspase3-7,Caspase cleavage motif,CLV,Caspase-3 and Caspase-7 cleavage site.,PF00656,Peptidase_C14,Caspase domain,[DSTE][^P][^DEWHFYC]D[GSAN],STSDA,468,472,ROCK1_HUMAN,Homo sapiens,11283607,true positive,41,0,disordered
ELME000321,CLV_C14_Caspase3-7,Caspase cleavage motif,CLV,Caspase-3 and Caspase-7 cleavage site.,PF00656,Peptidase_C14,Caspase domain,[DSTE][^P][^DEWHFYC]D[GSAN],STSDA,468,472,RU17_HUMAN,Homo sapiens,8642305,true positive,41,0,disordered
ELME000321,CLV_C14_Caspase3-7,Caspase cleavage motif,CLV,Caspase-3 and Caspase-7 cleavage site.,PF00656,Peptidase_C14,Caspase domain,[DSTE][^P][^DEWHFYC]D[GSAN],STSDA,468,472,SIPA_SALTS,Salmonella enterica subsp. enterica serovar Typhimurium str. SL1344,20947770,true positive,41,0,disordered
ELME000321,CLV_C14_Caspase3-7,Caspase cleavage motif,CLV,Caspase-3 and Caspase-7 cleavage site.,PF00656,Peptidase_C14,Caspase domain,[DSTE][^P][^DEWHFYC]D[GSAN],STSDA,468,472,SND1_HUMAN,Homo sapiens,19820703,true positive,41,0,disordered
ELME000321,CLV_C14_Caspase3-7,Caspase cleavage motif,CLV,Caspase-3 and Caspase-7 cleavage site.,PF00656,Peptidase_C14,Caspase domain,[DSTE][^P][^DEWHFYC]D[GSAN],STSDA,468,472,SPTA2_HUMAN,Homo sapiens,9712874,true positive,41,0,disordered
ELME000321,CLV_C14_Caspase3-7,Caspase cleavage motif,CLV,Caspase-3 and Caspase-7 cleavage site.,PF00656,Peptidase_C14,Caspase domain,[DSTE][^P][^DEWHFYC]D[GSAN],STSDA,468,472,SPTB2_HUMAN,Homo sapiens,9712874,true positive,41,0,disordered
ELME000321,CLV_C14_Caspase3-7,Caspase cleavage motif,CLV,Caspase-3 and Caspase-7 cleavage site.,PF00656,Peptidase_C14,Caspase domain,[DSTE][^P][^DEWHFYC]D[GSAN],STSDA,468,472,SRBP1_HUMAN,Homo sapiens,7629113,true positive,41,0,disordered
ELME000321,CLV_C14_Caspase3-7,Caspase cleavage motif,CLV,Caspase-3 and Caspase-7 cleavage site.,PF00656,Peptidase_C14,Caspase domain,[DSTE][^P][^DEWHFYC]D[GSAN],STSDA,468,472,SRBP2_HUMAN,Homo sapiens,8605870,true positive,41,0,disordered
ELME000321,CLV_C14_Caspase3-7,Caspase cleavage motif,CLV,Caspase-3 and Caspase-7 cleavage site.,PF00656,Peptidase_C14,Caspase domain,[DSTE][^P][^DEWHFYC]D[GSAN],STSDA,468,472,STK3_HUMAN,Homo sapiens,11278283,true positive,41,0,disordered
ELME000321,CLV_C14_Caspase3-7,Caspase cleavage motif,CLV,Caspase-3 and Caspase-7 cleavage site.,PF00656,Peptidase_C14,Caspase domain,[DSTE][^P][^DEWHFYC]D[GSAN],STSDA,468,472,STK4_HUMAN,Homo sapiens,11278283 11278782,true positive,41,0,disordered
ELME000321,CLV_C14_Caspase3-7,Caspase cleavage motif,CLV,Caspase-3 and Caspase-7 cleavage site.,PF00656,Peptidase_C14,Caspase domain,[DSTE][^P][^DEWHFYC]D[GSAN],STSDA,468,472,VDR_HUMAN,Homo sapiens,18832097,true positive,41,0,disordered
ELME000102,CLV_NRD_NRD_1,NRD cleavage site,CLV,N-Arg dibasic convertase (NRD/Nardilysin) cleavage site (X-|-R-K or R-|-R-X).,PF00675,Peptidase_M16,Insulinase (Peptidase family M16),(.RK)|(RR[^KR]),RRP,514,516,PDYN_RAT,Rattus norvegicus,8294457,true positive,2,0,disordered
ELME000102,CLV_NRD_NRD_1,NRD cleavage site,CLV,N-Arg dibasic convertase (NRD/Nardilysin) cleavage site (X-|-R-K or R-|-R-X).,PF00675,Peptidase_M16,Insulinase (Peptidase family M16),(.RK)|(RR[^KR]),RRP,514,516,SMS_RAT,Rattus norvegicus,8294457,true positive,2,0,disordered
ELME000101,CLV_PCSK_FUR_1,PCSK cleavage site,CLV,Furin (PACE) cleavage site (R-X-[RK]-R-|-X).,PF00082,Peptidase_S8,Subtilase family,R.[RK]R.,RARRP,512,516,BMP1_HUMAN,Homo sapiens,12637569,true positive,13,0,disordered
ELME000101,CLV_PCSK_FUR_1,PCSK cleavage site,CLV,Furin (PACE) cleavage site (R-X-[RK]-R-|-X).,PF00082,Peptidase_S8,Subtilase family,R.[RK]R.,RARRP,512,516,ENV_FFV,Feline foamy virus,15564468,true positive,13,0,disordered
ELME000101,CLV_PCSK_FUR_1,PCSK cleavage site,CLV,Furin (PACE) cleavage site (R-X-[RK]-R-|-X).,PF00082,Peptidase_S8,Subtilase family,R.[RK]R.,RARRP,512,516,ENV_HTLV2,Human T-lymphotropic virus 2,12487813,true positive,13,0,disordered
ELME000101,CLV_PCSK_FUR_1,PCSK cleavage site,CLV,Furin (PACE) cleavage site (R-X-[RK]-R-|-X).,PF00082,Peptidase_S8,Subtilase family,R.[RK]R.,RARRP,512,516,ENV_HV1B1,Human immunodeficiency virus type 1 BH10,11063880,true positive,13,0,disordered
ELME000101,CLV_PCSK_FUR_1,PCSK cleavage site,CLV,Furin (PACE) cleavage site (R-X-[RK]-R-|-X).,PF00082,Peptidase_S8,Subtilase family,R.[RK]R.,RARRP,512,516,ENV_HV1H2,HIV-1 M:B_HXB2R,8163529 7774724,true positive,13,0,disordered
ELME000101,CLV_PCSK_FUR_1,PCSK cleavage site,CLV,Furin (PACE) cleavage site (R-X-[RK]-R-|-X).,PF00082,Peptidase_S8,Subtilase family,R.[RK]R.,RARRP,512,516,FUS_HRSVA,Human respiratory syncytial virus A2,11369882,true positive,13,0,disordered
ELME000101,CLV_PCSK_FUR_1,PCSK cleavage site,CLV,Furin (PACE) cleavage site (R-X-[RK]-R-|-X).,PF00082,Peptidase_S8,Subtilase family,R.[RK]R.,RARRP,512,516,GB_EBVB9,Human herpesvirus 4 (strain B95-8),19218203,true positive,13,0,disordered
ELME000101,CLV_PCSK_FUR_1,PCSK cleavage site,CLV,Furin (PACE) cleavage site (R-X-[RK]-R-|-X).,PF00082,Peptidase_S8,Subtilase family,R.[RK]R.,RARRP,512,516,POLG_DEN1B,Dengue virus 1 Brazil/97-11/1997,20062797,true positive,13,0,disordered
ELME000101,CLV_PCSK_FUR_1,PCSK cleavage site,CLV,Furin (PACE) cleavage site (R-X-[RK]-R-|-X).,PF00082,Peptidase_S8,Subtilase family,R.[RK]R.,RARRP,512,516,SPIKE_IBVB,Avian infectious bronchitis virus (strain Beaudette),19553314,true positive,13,0,disordered
ELME000101,CLV_PCSK_FUR_1,PCSK cleavage site,CLV,Furin (PACE) cleavage site (R-X-[RK]-R-|-X).,PF00082,Peptidase_S8,Subtilase family,R.[RK]R.,RARRP,512,516,VGP_EBOZM,"Ebola virus - Mayinga, Zaire, 1976",9576958,true positive,13,0,disordered
ELME000101,CLV_PCSK_FUR_1,PCSK cleavage site,CLV,Furin (PACE) cleavage site (R-X-[RK]-R-|-X).,PF00082,Peptidase_S8,Subtilase family,R.[RK]R.,RARRP,512,516,VL2_HPV16,Human papillomavirus type 16,16432208,true positive,13,0,disordered
ELME000101,CLV_PCSK_FUR_1,PCSK cleavage site,CLV,Furin (PACE) cleavage site (R-X-[RK]-R-|-X).,PF00082,Peptidase_S8,Subtilase family,R.[RK]R.,RARRP,512,516,VSGP_EBOZM,"Ebola virus - Mayinga, Zaire, 1976",10603327,true positive,13,0,disordered
ELME000108,CLV_PCSK_KEX2_1,PCSK cleavage site,CLV,Yeast kexin 2 cleavage site (K-R-|-X or R-R-|-X).,PF00082,Peptidase_S8,Subtilase family,[KR]R.,RRP,514,516,CIS3_YEAST,Saccharomyces cerevisiae S288c,10438739,true positive,1,0,disordered
ELME000146,CLV_PCSK_SKI1_1,PCSK cleavage site,CLV,Subtilisin/kexin isozyme-1 (SKI1) cleavage site ([RK]-X-[hydrophobic]-[LTKF]-|-X).,PF00082,Peptidase_S8,Subtilase family,[RK].[AILMFV][LTKF].,RTIFR,437,441,ATF6A_HUMAN,Homo sapiens,11163209,true positive,2,0,disordered
ELME000146,CLV_PCSK_SKI1_1,PCSK cleavage site,CLV,Subtilisin/kexin isozyme-1 (SKI1) cleavage site ([RK]-X-[hydrophobic]-[LTKF]-|-X).,PF00082,Peptidase_S8,Subtilase family,[RK].[AILMFV][LTKF].,RTIFR,437,441,SRBP2_HUMAN,Homo sapiens,9139737,true positive,2,0,disordered
ELME000146,CLV_PCSK_SKI1_1,PCSK cleavage site,CLV,Subtilisin/kexin isozyme-1 (SKI1) cleavage site ([RK]-X-[hydrophobic]-[LTKF]-|-X).,PF00082,Peptidase_S8,Subtilase family,[RK].[AILMFV][LTKF].,RVITR,539,543,ATF6A_HUMAN,Homo sapiens,11163209,true positive,2,0,disordered
ELME000146,CLV_PCSK_SKI1_1,PCSK cleavage site,CLV,Subtilisin/kexin isozyme-1 (SKI1) cleavage site ([RK]-X-[hydrophobic]-[LTKF]-|-X).,PF00082,Peptidase_S8,Subtilase family,[RK].[AILMFV][LTKF].,RVITR,539,543,SRBP2_HUMAN,Homo sapiens,9139737,true positive,2,0,disordered
ELME000231,DEG_APCC_DBOX_1,APCC-binding Destruction motifs,DEG,An RxxL-based motif that binds to the Cdh1 and Cdc20 components of APC/C thereby targeting the protein for destruction in a cell cycle dependent manner,PF00400,WD40,"WD domain, G-beta repeat",.R..L..[LIVM].,ARRPLHPLS,513,521,ACM1_YEAST,Saccharomyces cerevisiae S288c,23707760 18596038 18498748 18519589,true positive,18,3,disordered
ELME000231,DEG_APCC_DBOX_1,APCC-binding Destruction motifs,DEG,An RxxL-based motif that binds to the Cdh1 and Cdc20 components of APC/C thereby targeting the protein for destruction in a cell cycle dependent manner,IPR015943,WD40/YVTN repeat-like-containing domain superfamily, This superfamily represents a WD40/YVTN repeat-like domain,.R..L..[LIVM].,ARRPLHPLS,513,521,ACM1_YEAST,Saccharomyces cerevisiae S288c,23707760 18596038 18498748 18519589,true positive,18,3,disordered
ELME000231,DEG_APCC_DBOX_1,APCC-binding Destruction motifs,DEG,An RxxL-based motif that binds to the Cdh1 and Cdc20 components of APC/C thereby targeting the protein for destruction in a cell cycle dependent manner,PF00400,WD40,"WD domain, G-beta repeat",.R..L..[LIVM].,ARRPLHPLS,513,521,BUB1B_HUMAN,Homo sapiens,27509861,true positive,18,3,disordered
ELME000231,DEG_APCC_DBOX_1,APCC-binding Destruction motifs,DEG,An RxxL-based motif that binds to the Cdh1 and Cdc20 components of APC/C thereby targeting the protein for destruction in a cell cycle dependent manner,IPR015943,WD40/YVTN repeat-like-containing domain superfamily, This superfamily represents a WD40/YVTN repeat-like domain,.R..L..[LIVM].,ARRPLHPLS,513,521,BUB1B_HUMAN,Homo sapiens,27509861,true positive,18,3,disordered
ELME000231,DEG_APCC_DBOX_1,APCC-binding Destruction motifs,DEG,An RxxL-based motif that binds to the Cdh1 and Cdc20 components of APC/C thereby targeting the protein for destruction in a cell cycle dependent manner,PF00400,WD40,"WD domain, G-beta repeat",.R..L..[LIVM].,ARRPLHPLS,513,521,CCNA1_XENLA,Xenopus laevis,1321060 8885231 8670806,true positive,18,3,disordered
ELME000231,DEG_APCC_DBOX_1,APCC-binding Destruction motifs,DEG,An RxxL-based motif that binds to the Cdh1 and Cdc20 components of APC/C thereby targeting the protein for destruction in a cell cycle dependent manner,IPR015943,WD40/YVTN repeat-like-containing domain superfamily, This superfamily represents a WD40/YVTN repeat-like domain,.R..L..[LIVM].,ARRPLHPLS,513,521,CCNA1_XENLA,Xenopus laevis,1321060 8885231 8670806,true positive,18,3,disordered
ELME000231,DEG_APCC_DBOX_1,APCC-binding Destruction motifs,DEG,An RxxL-based motif that binds to the Cdh1 and Cdc20 components of APC/C thereby targeting the protein for destruction in a cell cycle dependent manner,PF00400,WD40,"WD domain, G-beta repeat",.R..L..[LIVM].,ARRPLHPLS,513,521,CCNB1_HUMAN,Homo sapiens,23091007,true positive,18,3,disordered
ELME000231,DEG_APCC_DBOX_1,APCC-binding Destruction motifs,DEG,An RxxL-based motif that binds to the Cdh1 and Cdc20 components of APC/C thereby targeting the protein for destruction in a cell cycle dependent manner,IPR015943,WD40/YVTN repeat-like-containing domain superfamily, This superfamily represents a WD40/YVTN repeat-like domain,.R..L..[LIVM].,ARRPLHPLS,513,521,CCNB1_HUMAN,Homo sapiens,23091007,true positive,18,3,disordered
ELME000231,DEG_APCC_DBOX_1,APCC-binding Destruction motifs,DEG,An RxxL-based motif that binds to the Cdh1 and Cdc20 components of APC/C thereby targeting the protein for destruction in a cell cycle dependent manner,PF00400,WD40,"WD domain, G-beta repeat",.R..L..[LIVM].,ARRPLHPLS,513,521,CCNB_ARBPU,Arbacia punctulata,1846030 8885231,true positive,18,3,disordered
ELME000231,DEG_APCC_DBOX_1,APCC-binding Destruction motifs,DEG,An RxxL-based motif that binds to the Cdh1 and Cdc20 components of APC/C thereby targeting the protein for destruction in a cell cycle dependent manner,IPR015943,WD40/YVTN repeat-like-containing domain superfamily, This superfamily represents a WD40/YVTN repeat-like domain,.R..L..[LIVM].,ARRPLHPLS,513,521,CCNB_ARBPU,Arbacia punctulata,1846030 8885231,true positive,18,3,disordered
ELME000231,DEG_APCC_DBOX_1,APCC-binding Destruction motifs,DEG,An RxxL-based motif that binds to the Cdh1 and Cdc20 components of APC/C thereby targeting the protein for destruction in a cell cycle dependent manner,PF00400,WD40,"WD domain, G-beta repeat",.R..L..[LIVM].,ARRPLHPLS,513,521,FBX5_HUMAN,Homo sapiens,23707760 16921029 23708605 26083744 35634770,true positive,18,3,disordered
ELME000231,DEG_APCC_DBOX_1,APCC-binding Destruction motifs,DEG,An RxxL-based motif that binds to the Cdh1 and Cdc20 components of APC/C thereby targeting the protein for destruction in a cell cycle dependent manner,IPR015943,WD40/YVTN repeat-like-containing domain superfamily, This superfamily represents a WD40/YVTN repeat-like domain,.R..L..[LIVM].,ARRPLHPLS,513,521,FBX5_HUMAN,Homo sapiens,23707760 16921029 23708605 26083744 35634770,true positive,18,3,disordered
ELME000231,DEG_APCC_DBOX_1,APCC-binding Destruction motifs,DEG,An RxxL-based motif that binds to the Cdh1 and Cdc20 components of APC/C thereby targeting the protein for destruction in a cell cycle dependent manner,PF00400,WD40,"WD domain, G-beta repeat",.R..L..[LIVM].,ARRPLHPLS,513,521,HSL1_YEAST,Saccharomyces cerevisiae,23707760 11562348 23708605 18596038 18519589,true positive,18,3,disordered
ELME000231,DEG_APCC_DBOX_1,APCC-binding Destruction motifs,DEG,An RxxL-based motif that binds to the Cdh1 and Cdc20 components of APC/C thereby targeting the protein for destruction in a cell cycle dependent manner,IPR015943,WD40/YVTN repeat-like-containing domain superfamily, This superfamily represents a WD40/YVTN repeat-like domain,.R..L..[LIVM].,ARRPLHPLS,513,521,HSL1_YEAST,Saccharomyces cerevisiae,23707760 11562348 23708605 18596038 18519589,true positive,18,3,disordered
ELME000231,DEG_APCC_DBOX_1,APCC-binding Destruction motifs,DEG,An RxxL-based motif that binds to the Cdh1 and Cdc20 components of APC/C thereby targeting the protein for destruction in a cell cycle dependent manner,PF00400,WD40,"WD domain, G-beta repeat",.R..L..[LIVM].,ARRPLHPLS,513,521,ID2_HUMAN,Homo sapiens,16810178,true positive,18,3,disordered
ELME000231,DEG_APCC_DBOX_1,APCC-binding Destruction motifs,DEG,An RxxL-based motif that binds to the Cdh1 and Cdc20 components of APC/C thereby targeting the protein for destruction in a cell cycle dependent manner,IPR015943,WD40/YVTN repeat-like-containing domain superfamily, This superfamily represents a WD40/YVTN repeat-like domain,.R..L..[LIVM].,ARRPLHPLS,513,521,ID2_HUMAN,Homo sapiens,16810178,true positive,18,3,disordered
ELME000231,DEG_APCC_DBOX_1,APCC-binding Destruction motifs,DEG,An RxxL-based motif that binds to the Cdh1 and Cdc20 components of APC/C thereby targeting the protein for destruction in a cell cycle dependent manner,PF00400,WD40,"WD domain, G-beta repeat",.R..L..[LIVM].,ARRPLHPLS,513,521,MES1_SCHPO,Schizosaccharomyces pombe 972h-,23707760 21389117 18331722,true positive,18,3,disordered
ELME000231,DEG_APCC_DBOX_1,APCC-binding Destruction motifs,DEG,An RxxL-based motif that binds to the Cdh1 and Cdc20 components of APC/C thereby targeting the protein for destruction in a cell cycle dependent manner,IPR015943,WD40/YVTN repeat-like-containing domain superfamily, This superfamily represents a WD40/YVTN repeat-like domain,.R..L..[LIVM].,ARRPLHPLS,513,521,MES1_SCHPO,Schizosaccharomyces pombe 972h-,23707760 21389117 18331722,true positive,18,3,disordered
ELME000231,DEG_APCC_DBOX_1,APCC-binding Destruction motifs,DEG,An RxxL-based motif that binds to the Cdh1 and Cdc20 components of APC/C thereby targeting the protein for destruction in a cell cycle dependent manner,PF00400,WD40,"WD domain, G-beta repeat",.R..L..[LIVM].,ARRPLHPLS,513,521,MPS1_YEAST,Saccharomyces cerevisiae S288c,20729194 18519589,true positive,18,3,disordered
ELME000231,DEG_APCC_DBOX_1,APCC-binding Destruction motifs,DEG,An RxxL-based motif that binds to the Cdh1 and Cdc20 components of APC/C thereby targeting the protein for destruction in a cell cycle dependent manner,IPR015943,WD40/YVTN repeat-like-containing domain superfamily, This superfamily represents a WD40/YVTN repeat-like domain,.R..L..[LIVM].,ARRPLHPLS,513,521,MPS1_YEAST,Saccharomyces cerevisiae S288c,20729194 18519589,true positive,18,3,disordered
ELME000231,DEG_APCC_DBOX_1,APCC-binding Destruction motifs,DEG,An RxxL-based motif that binds to the Cdh1 and Cdc20 components of APC/C thereby targeting the protein for destruction in a cell cycle dependent manner,PF00400,WD40,"WD domain, G-beta repeat",.R..L..[LIVM].,ARRPLHPLS,513,521,O93355_XENLA,Xenopus laevis,9635433,true positive,18,3,disordered
ELME000231,DEG_APCC_DBOX_1,APCC-binding Destruction motifs,DEG,An RxxL-based motif that binds to the Cdh1 and Cdc20 components of APC/C thereby targeting the protein for destruction in a cell cycle dependent manner,IPR015943,WD40/YVTN repeat-like-containing domain superfamily, This superfamily represents a WD40/YVTN repeat-like domain,.R..L..[LIVM].,ARRPLHPLS,513,521,O93355_XENLA,Xenopus laevis,9635433,true positive,18,3,disordered
ELME000231,DEG_APCC_DBOX_1,APCC-binding Destruction motifs,DEG,An RxxL-based motif that binds to the Cdh1 and Cdc20 components of APC/C thereby targeting the protein for destruction in a cell cycle dependent manner,PF00400,WD40,"WD domain, G-beta repeat",.R..L..[LIVM].,ARRPLHPLS,513,521,PLK1_HUMAN,Homo sapiens,14734534,true positive,18,3,disordered
ELME000231,DEG_APCC_DBOX_1,APCC-binding Destruction motifs,DEG,An RxxL-based motif that binds to the Cdh1 and Cdc20 components of APC/C thereby targeting the protein for destruction in a cell cycle dependent manner,IPR015943,WD40/YVTN repeat-like-containing domain superfamily, This superfamily represents a WD40/YVTN repeat-like domain,.R..L..[LIVM].,ARRPLHPLS,513,521,PLK1_HUMAN,Homo sapiens,14734534,true positive,18,3,disordered
ELME000231,DEG_APCC_DBOX_1,APCC-binding Destruction motifs,DEG,An RxxL-based motif that binds to the Cdh1 and Cdc20 components of APC/C thereby targeting the protein for destruction in a cell cycle dependent manner,PF00400,WD40,"WD domain, G-beta repeat",.R..L..[LIVM].,ARRPLHPLS,513,521,Q9IA80_XENLA,Xenopus laevis,10411507,true positive,18,3,disordered
ELME000231,DEG_APCC_DBOX_1,APCC-binding Destruction motifs,DEG,An RxxL-based motif that binds to the Cdh1 and Cdc20 components of APC/C thereby targeting the protein for destruction in a cell cycle dependent manner,IPR015943,WD40/YVTN repeat-like-containing domain superfamily, This superfamily represents a WD40/YVTN repeat-like domain,.R..L..[LIVM].,ARRPLHPLS,513,521,Q9IA80_XENLA,Xenopus laevis,10411507,true positive,18,3,disordered
ELME000231,DEG_APCC_DBOX_1,APCC-binding Destruction motifs,DEG,An RxxL-based motif that binds to the Cdh1 and Cdc20 components of APC/C thereby targeting the protein for destruction in a cell cycle dependent manner,PF00400,WD40,"WD domain, G-beta repeat",.R..L..[LIVM].,ARRPLHPLS,513,521,Q9M2R1_ARATH,Arabidopsis thaliana,23707760 22844260,true positive,18,3,disordered
ELME000231,DEG_APCC_DBOX_1,APCC-binding Destruction motifs,DEG,An RxxL-based motif that binds to the Cdh1 and Cdc20 components of APC/C thereby targeting the protein for destruction in a cell cycle dependent manner,IPR015943,WD40/YVTN repeat-like-containing domain superfamily, This superfamily represents a WD40/YVTN repeat-like domain,.R..L..[LIVM].,ARRPLHPLS,513,521,Q9M2R1_ARATH,Arabidopsis thaliana,23707760 22844260,true positive,18,3,disordered
ELME000231,DEG_APCC_DBOX_1,APCC-binding Destruction motifs,DEG,An RxxL-based motif that binds to the Cdh1 and Cdc20 components of APC/C thereby targeting the protein for destruction in a cell cycle dependent manner,PF00400,WD40,"WD domain, G-beta repeat",.R..L..[LIVM].,ARRPLHPLS,513,521,SKP2_HUMAN,Homo sapiens,15014503,true positive,18,3,disordered
ELME000231,DEG_APCC_DBOX_1,APCC-binding Destruction motifs,DEG,An RxxL-based motif that binds to the Cdh1 and Cdc20 components of APC/C thereby targeting the protein for destruction in a cell cycle dependent manner,IPR015943,WD40/YVTN repeat-like-containing domain superfamily, This superfamily represents a WD40/YVTN repeat-like domain,.R..L..[LIVM].,ARRPLHPLS,513,521,SKP2_HUMAN,Homo sapiens,15014503,true positive,18,3,disordered
ELME000388,DEG_SPOP_SBC_1,SPOP SBC docking motif,DEG,"The S/T rich motif known as the SPOP-binding consensus (SBC) of the MATH-BTB protein, SPOP, is present in substrates that undergo SPOP/Cul3-dependant ubiquitination.",PF00917,MATH,MATH domain,[AVP].[ST][ST][ST],AESTS,341,345,CI_DROME,Drosophila melanogaster,19818708,true positive,8,6,disordered
ELME000388,DEG_SPOP_SBC_1,SPOP SBC docking motif,DEG,"The S/T rich motif known as the SPOP-binding consensus (SBC) of the MATH-BTB protein, SPOP, is present in substrates that undergo SPOP/Cul3-dependant ubiquitination.",PF00917,MATH,MATH domain,[AVP].[ST][ST][ST],AESTS,341,345,DAXX_HUMAN,Homo sapiens,19818708,true positive,8,6,disordered
ELME000388,DEG_SPOP_SBC_1,SPOP SBC docking motif,DEG,"The S/T rich motif known as the SPOP-binding consensus (SBC) of the MATH-BTB protein, SPOP, is present in substrates that undergo SPOP/Cul3-dependant ubiquitination.",PF00917,MATH,MATH domain,[AVP].[ST][ST][ST],AESTS,341,345,H2AY_HUMAN,Homo sapiens,19818708,true positive,8,6,disordered
ELME000388,DEG_SPOP_SBC_1,SPOP SBC docking motif,DEG,"The S/T rich motif known as the SPOP-binding consensus (SBC) of the MATH-BTB protein, SPOP, is present in substrates that undergo SPOP/Cul3-dependant ubiquitination.",PF00917,MATH,MATH domain,[AVP].[ST][ST][ST],AESTS,341,345,Q9VHV8_DROME,Drosophila melanogaster,19818708,true positive,8,6,disordered
ELME000388,DEG_SPOP_SBC_1,SPOP SBC docking motif,DEG,"The S/T rich motif known as the SPOP-binding consensus (SBC) of the MATH-BTB protein, SPOP, is present in substrates that undergo SPOP/Cul3-dependant ubiquitination.",PF00917,MATH,MATH domain,[AVP].[ST][ST][ST],VQSTS,450,454,CI_DROME,Drosophila melanogaster,19818708,true positive,8,6,disordered
ELME000388,DEG_SPOP_SBC_1,SPOP SBC docking motif,DEG,"The S/T rich motif known as the SPOP-binding consensus (SBC) of the MATH-BTB protein, SPOP, is present in substrates that undergo SPOP/Cul3-dependant ubiquitination.",PF00917,MATH,MATH domain,[AVP].[ST][ST][ST],VQSTS,450,454,DAXX_HUMAN,Homo sapiens,19818708,true positive,8,6,disordered
ELME000388,DEG_SPOP_SBC_1,SPOP SBC docking motif,DEG,"The S/T rich motif known as the SPOP-binding consensus (SBC) of the MATH-BTB protein, SPOP, is present in substrates that undergo SPOP/Cul3-dependant ubiquitination.",PF00917,MATH,MATH domain,[AVP].[ST][ST][ST],VQSTS,450,454,H2AY_HUMAN,Homo sapiens,19818708,true positive,8,6,disordered
ELME000388,DEG_SPOP_SBC_1,SPOP SBC docking motif,DEG,"The S/T rich motif known as the SPOP-binding consensus (SBC) of the MATH-BTB protein, SPOP, is present in substrates that undergo SPOP/Cul3-dependant ubiquitination.",PF00917,MATH,MATH domain,[AVP].[ST][ST][ST],VQSTS,450,454,Q9VHV8_DROME,Drosophila melanogaster,19818708,true positive,8,6,disordered
ELME000358,DOC_CKS1_1,Cks1 ligand,DOC,Phospho-dependent motif that mediates docking of CDK substrates and regulators to cyclin-CDK-bound Cks1.,PF01111,CKS,Cyclin-dependent kinase regulatory subunit,[MPVLIFWYQ].(T)P..,FRTPPI,440,445,CDC6_YEAST,Saccharomyces cerevisiae,24186063,true positive,8,1,disordered
ELME000358,DOC_CKS1_1,Cks1 ligand,DOC,Phospho-dependent motif that mediates docking of CDK substrates and regulators to cyclin-CDK-bound Cks1.,PF01111,CKS,Cyclin-dependent kinase regulatory subunit,[MPVLIFWYQ].(T)P..,FRTPPI,440,445,SIC1_YEAST,Saccharomyces cerevisiae S288c,24186061 24186063,true positive,8,1,disordered
ELME000358,DOC_CKS1_1,Cks1 ligand,DOC,Phospho-dependent motif that mediates docking of CDK substrates and regulators to cyclin-CDK-bound Cks1.,PF01111,CKS,Cyclin-dependent kinase regulatory subunit,[MPVLIFWYQ].(T)P..,FRTPPI,440,445,SIC1_YEAST,Saccharomyces cerevisiae S288c,24186061,true positive,8,1,disordered
ELME000358,DOC_CKS1_1,Cks1 ligand,DOC,Phospho-dependent motif that mediates docking of CDK substrates and regulators to cyclin-CDK-bound Cks1.,PF01111,CKS,Cyclin-dependent kinase regulatory subunit,[MPVLIFWYQ].(T)P..,FRTPPI,440,445,SWE1_YEAST,Saccharomyces cerevisiae S288c,24186063,true positive,8,1,disordered
ELME000358,DOC_CKS1_1,Cks1 ligand,DOC,Phospho-dependent motif that mediates docking of CDK substrates and regulators to cyclin-CDK-bound Cks1.,PF01111,CKS,Cyclin-dependent kinase regulatory subunit,[MPVLIFWYQ].(T)P..,FRTPPV,503,508,CDC6_YEAST,Saccharomyces cerevisiae,24186063,true positive,8,1,disordered
ELME000358,DOC_CKS1_1,Cks1 ligand,DOC,Phospho-dependent motif that mediates docking of CDK substrates and regulators to cyclin-CDK-bound Cks1.,PF01111,CKS,Cyclin-dependent kinase regulatory subunit,[MPVLIFWYQ].(T)P..,FRTPPV,503,508,SIC1_YEAST,Saccharomyces cerevisiae S288c,24186061 24186063,true positive,8,1,disordered
ELME000358,DOC_CKS1_1,Cks1 ligand,DOC,Phospho-dependent motif that mediates docking of CDK substrates and regulators to cyclin-CDK-bound Cks1.,PF01111,CKS,Cyclin-dependent kinase regulatory subunit,[MPVLIFWYQ].(T)P..,FRTPPV,503,508,SIC1_YEAST,Saccharomyces cerevisiae S288c,24186061,true positive,8,1,disordered
ELME000358,DOC_CKS1_1,Cks1 ligand,DOC,Phospho-dependent motif that mediates docking of CDK substrates and regulators to cyclin-CDK-bound Cks1.,PF01111,CKS,Cyclin-dependent kinase regulatory subunit,[MPVLIFWYQ].(T)P..,FRTPPV,503,508,SWE1_YEAST,Saccharomyces cerevisiae S288c,24186063,true positive,8,1,disordered
ELME000477,DOC_PP4_FxxP_1,PP4 EVH1-binding docking motifs,DOC,The FxxP-like docking motif recognized by the EVH1 domains of the PPP4R3 regulatory subunits of the PP4 holoenzyme,PF00568,WH1,WH1 domain,F..P,FRTP,440,443,CCDC6_HUMAN,Homo sapiens,31585692,true positive,15,0,disordered
ELME000477,DOC_PP4_FxxP_1,PP4 EVH1-binding docking motifs,DOC,The FxxP-like docking motif recognized by the EVH1 domains of the PPP4R3 regulatory subunits of the PP4 holoenzyme,PF00568,WH1,WH1 domain,F..P,FRTP,440,443,CND1_HUMAN,Homo sapiens,31585692,true positive,15,0,disordered
ELME000477,DOC_PP4_FxxP_1,PP4 EVH1-binding docking motifs,DOC,The FxxP-like docking motif recognized by the EVH1 domains of the PPP4R3 regulatory subunits of the PP4 holoenzyme,PF00568,WH1,WH1 domain,F..P,FRTP,440,443,CNTRB_HUMAN,Homo sapiens,31585692,true positive,15,0,disordered
ELME000477,DOC_PP4_FxxP_1,PP4 EVH1-binding docking motifs,DOC,The FxxP-like docking motif recognized by the EVH1 domains of the PPP4R3 regulatory subunits of the PP4 holoenzyme,PF00568,WH1,WH1 domain,F..P,FRTP,440,443,MELK_HUMAN,Homo sapiens,31585692,true positive,15,0,disordered
ELME000477,DOC_PP4_FxxP_1,PP4 EVH1-binding docking motifs,DOC,The FxxP-like docking motif recognized by the EVH1 domains of the PPP4R3 regulatory subunits of the PP4 holoenzyme,PF00568,WH1,WH1 domain,F..P,FRTP,440,443,MPIP1_HUMAN,Homo sapiens,31585692,true positive,15,0,disordered
ELME000477,DOC_PP4_FxxP_1,PP4 EVH1-binding docking motifs,DOC,The FxxP-like docking motif recognized by the EVH1 domains of the PPP4R3 regulatory subunits of the PP4 holoenzyme,PF00568,WH1,WH1 domain,F..P,FRTP,440,443,MPIP2_HUMAN,Homo sapiens,31585692,true positive,15,0,disordered
ELME000477,DOC_PP4_FxxP_1,PP4 EVH1-binding docking motifs,DOC,The FxxP-like docking motif recognized by the EVH1 domains of the PPP4R3 regulatory subunits of the PP4 holoenzyme,PF00568,WH1,WH1 domain,F..P,FRTP,440,443,NADAP_HUMAN,Homo sapiens,31585692,true positive,15,0,disordered
ELME000477,DOC_PP4_FxxP_1,PP4 EVH1-binding docking motifs,DOC,The FxxP-like docking motif recognized by the EVH1 domains of the PPP4R3 regulatory subunits of the PP4 holoenzyme,PF00568,WH1,WH1 domain,F..P,FRTP,440,443,PCDB8_HUMAN,Homo sapiens,31585692,true positive,15,0,disordered
ELME000477,DOC_PP4_FxxP_1,PP4 EVH1-binding docking motifs,DOC,The FxxP-like docking motif recognized by the EVH1 domains of the PPP4R3 regulatory subunits of the PP4 holoenzyme,PF00568,WH1,WH1 domain,F..P,FRTP,440,443,PCDGM_HUMAN,Homo sapiens,31585692,true positive,15,0,disordered
ELME000477,DOC_PP4_FxxP_1,PP4 EVH1-binding docking motifs,DOC,The FxxP-like docking motif recognized by the EVH1 domains of the PPP4R3 regulatory subunits of the PP4 holoenzyme,PF00568,WH1,WH1 domain,F..P,FRTP,440,443,PRP16_HUMAN,Homo sapiens,31585692,true positive,15,0,disordered
ELME000477,DOC_PP4_FxxP_1,PP4 EVH1-binding docking motifs,DOC,The FxxP-like docking motif recognized by the EVH1 domains of the PPP4R3 regulatory subunits of the PP4 holoenzyme,PF00568,WH1,WH1 domain,F..P,FRTP,440,443,Q9VHP9_DROME,Drosophila melanogaster,25562660,true positive,15,0,disordered
ELME000477,DOC_PP4_FxxP_1,PP4 EVH1-binding docking motifs,DOC,The FxxP-like docking motif recognized by the EVH1 domains of the PPP4R3 regulatory subunits of the PP4 holoenzyme,PF00568,WH1,WH1 domain,F..P,FRTP,440,443,SETX_HUMAN,Homo sapiens,31585692,true positive,15,0,disordered
ELME000477,DOC_PP4_FxxP_1,PP4 EVH1-binding docking motifs,DOC,The FxxP-like docking motif recognized by the EVH1 domains of the PPP4R3 regulatory subunits of the PP4 holoenzyme,PF00568,WH1,WH1 domain,F..P,FRTP,440,443,VAV_HUMAN,Homo sapiens,31585692,true positive,15,0,disordered
ELME000477,DOC_PP4_FxxP_1,PP4 EVH1-binding docking motifs,DOC,The FxxP-like docking motif recognized by the EVH1 domains of the PPP4R3 regulatory subunits of the PP4 holoenzyme,PF00568,WH1,WH1 domain,F..P,FRTP,440,443,WAPL_HUMAN,Homo sapiens,31585692,true positive,15,0,disordered
ELME000477,DOC_PP4_FxxP_1,PP4 EVH1-binding docking motifs,DOC,The FxxP-like docking motif recognized by the EVH1 domains of the PPP4R3 regulatory subunits of the PP4 holoenzyme,PF00568,WH1,WH1 domain,F..P,FRTP,440,443,YAP1_HUMAN,Homo sapiens,31585692,true positive,15,0,disordered
ELME000477,DOC_PP4_FxxP_1,PP4 EVH1-binding docking motifs,DOC,The FxxP-like docking motif recognized by the EVH1 domains of the PPP4R3 regulatory subunits of the PP4 holoenzyme,PF00568,WH1,WH1 domain,F..P,FRTP,503,506,CCDC6_HUMAN,Homo sapiens,31585692,true positive,15,0,disordered
ELME000477,DOC_PP4_FxxP_1,PP4 EVH1-binding docking motifs,DOC,The FxxP-like docking motif recognized by the EVH1 domains of the PPP4R3 regulatory subunits of the PP4 holoenzyme,PF00568,WH1,WH1 domain,F..P,FRTP,503,506,CND1_HUMAN,Homo sapiens,31585692,true positive,15,0,disordered
ELME000477,DOC_PP4_FxxP_1,PP4 EVH1-binding docking motifs,DOC,The FxxP-like docking motif recognized by the EVH1 domains of the PPP4R3 regulatory subunits of the PP4 holoenzyme,PF00568,WH1,WH1 domain,F..P,FRTP,503,506,CNTRB_HUMAN,Homo sapiens,31585692,true positive,15,0,disordered
ELME000477,DOC_PP4_FxxP_1,PP4 EVH1-binding docking motifs,DOC,The FxxP-like docking motif recognized by the EVH1 domains of the PPP4R3 regulatory subunits of the PP4 holoenzyme,PF00568,WH1,WH1 domain,F..P,FRTP,503,506,MELK_HUMAN,Homo sapiens,31585692,true positive,15,0,disordered
ELME000477,DOC_PP4_FxxP_1,PP4 EVH1-binding docking motifs,DOC,The FxxP-like docking motif recognized by the EVH1 domains of the PPP4R3 regulatory subunits of the PP4 holoenzyme,PF00568,WH1,WH1 domain,F..P,FRTP,503,506,MPIP1_HUMAN,Homo sapiens,31585692,true positive,15,0,disordered
ELME000477,DOC_PP4_FxxP_1,PP4 EVH1-binding docking motifs,DOC,The FxxP-like docking motif recognized by the EVH1 domains of the PPP4R3 regulatory subunits of the PP4 holoenzyme,PF00568,WH1,WH1 domain,F..P,FRTP,503,506,MPIP2_HUMAN,Homo sapiens,31585692,true positive,15,0,disordered
ELME000477,DOC_PP4_FxxP_1,PP4 EVH1-binding docking motifs,DOC,The FxxP-like docking motif recognized by the EVH1 domains of the PPP4R3 regulatory subunits of the PP4 holoenzyme,PF00568,WH1,WH1 domain,F..P,FRTP,503,506,NADAP_HUMAN,Homo sapiens,31585692,true positive,15,0,disordered
ELME000477,DOC_PP4_FxxP_1,PP4 EVH1-binding docking motifs,DOC,The FxxP-like docking motif recognized by the EVH1 domains of the PPP4R3 regulatory subunits of the PP4 holoenzyme,PF00568,WH1,WH1 domain,F..P,FRTP,503,506,PCDB8_HUMAN,Homo sapiens,31585692,true positive,15,0,disordered
ELME000477,DOC_PP4_FxxP_1,PP4 EVH1-binding docking motifs,DOC,The FxxP-like docking motif recognized by the EVH1 domains of the PPP4R3 regulatory subunits of the PP4 holoenzyme,PF00568,WH1,WH1 domain,F..P,FRTP,503,506,PCDGM_HUMAN,Homo sapiens,31585692,true positive,15,0,disordered
ELME000477,DOC_PP4_FxxP_1,PP4 EVH1-binding docking motifs,DOC,The FxxP-like docking motif recognized by the EVH1 domains of the PPP4R3 regulatory subunits of the PP4 holoenzyme,PF00568,WH1,WH1 domain,F..P,FRTP,503,506,PRP16_HUMAN,Homo sapiens,31585692,true positive,15,0,disordered
ELME000477,DOC_PP4_FxxP_1,PP4 EVH1-binding docking motifs,DOC,The FxxP-like docking motif recognized by the EVH1 domains of the PPP4R3 regulatory subunits of the PP4 holoenzyme,PF00568,WH1,WH1 domain,F..P,FRTP,503,506,Q9VHP9_DROME,Drosophila melanogaster,25562660,true positive,15,0,disordered
ELME000477,DOC_PP4_FxxP_1,PP4 EVH1-binding docking motifs,DOC,The FxxP-like docking motif recognized by the EVH1 domains of the PPP4R3 regulatory subunits of the PP4 holoenzyme,PF00568,WH1,WH1 domain,F..P,FRTP,503,506,SETX_HUMAN,Homo sapiens,31585692,true positive,15,0,disordered
ELME000477,DOC_PP4_FxxP_1,PP4 EVH1-binding docking motifs,DOC,The FxxP-like docking motif recognized by the EVH1 domains of the PPP4R3 regulatory subunits of the PP4 holoenzyme,PF00568,WH1,WH1 domain,F..P,FRTP,503,506,VAV_HUMAN,Homo sapiens,31585692,true positive,15,0,disordered
ELME000477,DOC_PP4_FxxP_1,PP4 EVH1-binding docking motifs,DOC,The FxxP-like docking motif recognized by the EVH1 domains of the PPP4R3 regulatory subunits of the PP4 holoenzyme,PF00568,WH1,WH1 domain,F..P,FRTP,503,506,WAPL_HUMAN,Homo sapiens,31585692,true positive,15,0,disordered
ELME000477,DOC_PP4_FxxP_1,PP4 EVH1-binding docking motifs,DOC,The FxxP-like docking motif recognized by the EVH1 domains of the PPP4R3 regulatory subunits of the PP4 holoenzyme,PF00568,WH1,WH1 domain,F..P,FRTP,503,506,YAP1_HUMAN,Homo sapiens,31585692,true positive,15,0,disordered
ELME000239,DOC_USP7_MATH_1,USP7 binding motif,DOC,The USP7 MATH domain binding motif variant based on the MDM2 and p53 interactions.,PF00917,MATH,MATH domain,[PA][^P][^FYWIL]S[^P],AAEST,340,344,MDM2_HUMAN,Homo sapiens,16474402,true positive,10,6,disordered
ELME000239,DOC_USP7_MATH_1,USP7 binding motif,DOC,The USP7 MATH domain binding motif variant based on the MDM2 and p53 interactions.,PF00917,MATH,MATH domain,[PA][^P][^FYWIL]S[^P],AAEST,340,344,MDM2_HUMAN,Homo sapiens,16402859,true positive,10,6,disordered
ELME000239,DOC_USP7_MATH_1,USP7 binding motif,DOC,The USP7 MATH domain binding motif variant based on the MDM2 and p53 interactions.,PF00917,MATH,MATH domain,[PA][^P][^FYWIL]S[^P],AAEST,340,344,MDM2_HUMAN,Homo sapiens,20713061,true positive,10,6,disordered
ELME000239,DOC_USP7_MATH_1,USP7 binding motif,DOC,The USP7 MATH domain binding motif variant based on the MDM2 and p53 interactions.,PF00917,MATH,MATH domain,[PA][^P][^FYWIL]S[^P],AAEST,340,344,MDM4_HUMAN,Homo sapiens,20713061,true positive,10,6,disordered
ELME000239,DOC_USP7_MATH_1,USP7 binding motif,DOC,The USP7 MATH domain binding motif variant based on the MDM2 and p53 interactions.,PF00917,MATH,MATH domain,[PA][^P][^FYWIL]S[^P],AAEST,340,344,P53_HUMAN,Homo sapiens,16474402 16402859,true positive,10,6,disordered
ELME000239,DOC_USP7_MATH_1,USP7 binding motif,DOC,The USP7 MATH domain binding motif variant based on the MDM2 and p53 interactions.,PF00917,MATH,MATH domain,[PA][^P][^FYWIL]S[^P],AAEST,340,344,P53_HUMAN,Homo sapiens,16474402,true positive,10,6,disordered
ELME000239,DOC_USP7_MATH_1,USP7 binding motif,DOC,The USP7 MATH domain binding motif variant based on the MDM2 and p53 interactions.,PF00917,MATH,MATH domain,[PA][^P][^FYWIL]S[^P],ALESC,462,466,MDM2_HUMAN,Homo sapiens,16474402,true positive,10,6,disordered
ELME000239,DOC_USP7_MATH_1,USP7 binding motif,DOC,The USP7 MATH domain binding motif variant based on the MDM2 and p53 interactions.,PF00917,MATH,MATH domain,[PA][^P][^FYWIL]S[^P],ALESC,462,466,MDM2_HUMAN,Homo sapiens,16402859,true positive,10,6,disordered
ELME000239,DOC_USP7_MATH_1,USP7 binding motif,DOC,The USP7 MATH domain binding motif variant based on the MDM2 and p53 interactions.,PF00917,MATH,MATH domain,[PA][^P][^FYWIL]S[^P],ALESC,462,466,MDM2_HUMAN,Homo sapiens,20713061,true positive,10,6,disordered
ELME000239,DOC_USP7_MATH_1,USP7 binding motif,DOC,The USP7 MATH domain binding motif variant based on the MDM2 and p53 interactions.,PF00917,MATH,MATH domain,[PA][^P][^FYWIL]S[^P],ALESC,462,466,MDM4_HUMAN,Homo sapiens,20713061,true positive,10,6,disordered
ELME000239,DOC_USP7_MATH_1,USP7 binding motif,DOC,The USP7 MATH domain binding motif variant based on the MDM2 and p53 interactions.,PF00917,MATH,MATH domain,[PA][^P][^FYWIL]S[^P],ALESC,462,466,P53_HUMAN,Homo sapiens,16474402 16402859,true positive,10,6,disordered
ELME000239,DOC_USP7_MATH_1,USP7 binding motif,DOC,The USP7 MATH domain binding motif variant based on the MDM2 and p53 interactions.,PF00917,MATH,MATH domain,[PA][^P][^FYWIL]S[^P],ALESC,462,466,P53_HUMAN,Homo sapiens,16474402,true positive,10,6,disordered
ELME000239,DOC_USP7_MATH_1,USP7 binding motif,DOC,The USP7 MATH domain binding motif variant based on the MDM2 and p53 interactions.,PF00917,MATH,MATH domain,[PA][^P][^FYWIL]S[^P],PLSSR,519,523,MDM2_HUMAN,Homo sapiens,16474402,true positive,10,6,disordered
ELME000239,DOC_USP7_MATH_1,USP7 binding motif,DOC,The USP7 MATH domain binding motif variant based on the MDM2 and p53 interactions.,PF00917,MATH,MATH domain,[PA][^P][^FYWIL]S[^P],PLSSR,519,523,MDM2_HUMAN,Homo sapiens,16402859,true positive,10,6,disordered
ELME000239,DOC_USP7_MATH_1,USP7 binding motif,DOC,The USP7 MATH domain binding motif variant based on the MDM2 and p53 interactions.,PF00917,MATH,MATH domain,[PA][^P][^FYWIL]S[^P],PLSSR,519,523,MDM2_HUMAN,Homo sapiens,20713061,true positive,10,6,disordered
ELME000239,DOC_USP7_MATH_1,USP7 binding motif,DOC,The USP7 MATH domain binding motif variant based on the MDM2 and p53 interactions.,PF00917,MATH,MATH domain,[PA][^P][^FYWIL]S[^P],PLSSR,519,523,MDM4_HUMAN,Homo sapiens,20713061,true positive,10,6,disordered
ELME000239,DOC_USP7_MATH_1,USP7 binding motif,DOC,The USP7 MATH domain binding motif variant based on the MDM2 and p53 interactions.,PF00917,MATH,MATH domain,[PA][^P][^FYWIL]S[^P],PLSSR,519,523,P53_HUMAN,Homo sapiens,16474402 16402859,true positive,10,6,disordered
ELME000239,DOC_USP7_MATH_1,USP7 binding motif,DOC,The USP7 MATH domain binding motif variant based on the MDM2 and p53 interactions.,PF00917,MATH,MATH domain,[PA][^P][^FYWIL]S[^P],PLSSR,519,523,P53_HUMAN,Homo sapiens,16474402,true positive,10,6,disordered
ELME000136,DOC_WW_Pin1_4,WW domain ligands,DOC,The Class IV WW domain interaction motif is recognised primarily by the Pin1 phosphorylation-dependent prolyl isomerase.,PF00397,WW,WW domain,...([ST])P.,LEESPE,352,357,A4_HUMAN,Homo sapiens,16139797,true positive,96,1,disordered
ELME000136,DOC_WW_Pin1_4,WW domain ligands,DOC,The Class IV WW domain interaction motif is recognised primarily by the Pin1 phosphorylation-dependent prolyl isomerase.,PF00397,WW,WW domain,...([ST])P.,LEESPE,352,357,A4_HUMAN,Homo sapiens,19602287,true positive,96,1,disordered
ELME000136,DOC_WW_Pin1_4,WW domain ligands,DOC,The Class IV WW domain interaction motif is recognised primarily by the Pin1 phosphorylation-dependent prolyl isomerase.,PF00397,WW,WW domain,...([ST])P.,LEESPE,352,357,AATF_HUMAN,Homo sapiens,17468107,true positive,96,1,disordered
ELME000136,DOC_WW_Pin1_4,WW domain ligands,DOC,The Class IV WW domain interaction motif is recognised primarily by the Pin1 phosphorylation-dependent prolyl isomerase.,PF00397,WW,WW domain,...([ST])P.,LEESPE,352,357,AGL24_ARATH,Arabidopsis thaliana,20129060,true positive,96,1,disordered
ELME000136,DOC_WW_Pin1_4,WW domain ligands,DOC,The Class IV WW domain interaction motif is recognised primarily by the Pin1 phosphorylation-dependent prolyl isomerase.,PF00397,WW,WW domain,...([ST])P.,LEESPE,352,357,AKT1_HUMAN,Homo sapiens,19448664,true positive,96,1,disordered
ELME000136,DOC_WW_Pin1_4,WW domain ligands,DOC,The Class IV WW domain interaction motif is recognised primarily by the Pin1 phosphorylation-dependent prolyl isomerase.,PF00397,WW,WW domain,...([ST])P.,LEESPE,352,357,ARBK1_MOUSE,Mus musculus,20080565,true positive,96,1,disordered
ELME000136,DOC_WW_Pin1_4,WW domain ligands,DOC,The Class IV WW domain interaction motif is recognised primarily by the Pin1 phosphorylation-dependent prolyl isomerase.,PF00397,WW,WW domain,...([ST])P.,LEESPE,352,357,B2L11_MOUSE,Mus musculus,1650491,true positive,96,1,disordered
ELME000136,DOC_WW_Pin1_4,WW domain ligands,DOC,The Class IV WW domain interaction motif is recognised primarily by the Pin1 phosphorylation-dependent prolyl isomerase.,PF00397,WW,WW domain,...([ST])P.,LEESPE,352,357,BTG2_HUMAN,Homo sapiens,15788397,true positive,96,1,disordered
ELME000136,DOC_WW_Pin1_4,WW domain ligands,DOC,The Class IV WW domain interaction motif is recognised primarily by the Pin1 phosphorylation-dependent prolyl isomerase.,PF00397,WW,WW domain,...([ST])P.,LEESPE,352,357,BTK_MOUSE,Mus musculus,16644721,true positive,96,1,disordered
ELME000136,DOC_WW_Pin1_4,WW domain ligands,DOC,The Class IV WW domain interaction motif is recognised primarily by the Pin1 phosphorylation-dependent prolyl isomerase.,PF00397,WW,WW domain,...([ST])P.,LEESPE,352,357,CCND1_MOUSE,Mus musculus,11805292,true positive,96,1,disordered
ELME000136,DOC_WW_Pin1_4,WW domain ligands,DOC,The Class IV WW domain interaction motif is recognised primarily by the Pin1 phosphorylation-dependent prolyl isomerase.,PF00397,WW,WW domain,...([ST])P.,LEESPE,352,357,CCNE1_MOUSE,Mus musculus,16223725,true positive,96,1,disordered
ELME000136,DOC_WW_Pin1_4,WW domain ligands,DOC,The Class IV WW domain interaction motif is recognised primarily by the Pin1 phosphorylation-dependent prolyl isomerase.,PF00397,WW,WW domain,...([ST])P.,LEESPE,352,357,CDN1B_HUMAN,Homo sapiens,19584057,true positive,96,1,disordered
ELME000136,DOC_WW_Pin1_4,WW domain ligands,DOC,The Class IV WW domain interaction motif is recognised primarily by the Pin1 phosphorylation-dependent prolyl isomerase.,PF00397,WW,WW domain,...([ST])P.,LEESPE,352,357,CEP55_MOUSE,Mus musculus,19638580,true positive,96,1,disordered
ELME000136,DOC_WW_Pin1_4,WW domain ligands,DOC,The Class IV WW domain interaction motif is recognised primarily by the Pin1 phosphorylation-dependent prolyl isomerase.,PF00397,WW,WW domain,...([ST])P.,LEESPE,352,357,CRTC2_MOUSE,Mus musculus,20675384,true positive,96,1,disordered
ELME000136,DOC_WW_Pin1_4,WW domain ligands,DOC,The Class IV WW domain interaction motif is recognised primarily by the Pin1 phosphorylation-dependent prolyl isomerase.,PF00397,WW,WW domain,...([ST])P.,LEESPE,352,357,CTNB1_HUMAN,Homo sapiens,11533658,true positive,96,1,disordered
ELME000136,DOC_WW_Pin1_4,WW domain ligands,DOC,The Class IV WW domain interaction motif is recognised primarily by the Pin1 phosphorylation-dependent prolyl isomerase.,PF00397,WW,WW domain,...([ST])P.,LEESPE,352,357,DAXX_HUMAN,Homo sapiens,17938171,true positive,96,1,disordered
ELME000136,DOC_WW_Pin1_4,WW domain ligands,DOC,The Class IV WW domain interaction motif is recognised primarily by the Pin1 phosphorylation-dependent prolyl isomerase.,PF00397,WW,WW domain,...([ST])P.,LEESPE,352,357,FAK1_HUMAN,Homo sapiens,19595712,true positive,96,1,disordered
ELME000136,DOC_WW_Pin1_4,WW domain ligands,DOC,The Class IV WW domain interaction motif is recognised primarily by the Pin1 phosphorylation-dependent prolyl isomerase.,PF00397,WW,WW domain,...([ST])P.,LEESPE,352,357,FAK1_MOUSE,Mus musculus,19595712,true positive,96,1,disordered
ELME000136,DOC_WW_Pin1_4,WW domain ligands,DOC,The Class IV WW domain interaction motif is recognised primarily by the Pin1 phosphorylation-dependent prolyl isomerase.,PF00397,WW,WW domain,...([ST])P.,LEESPE,352,357,FBX5A_XENLA,Xenopus laevis,17159919,true positive,96,1,disordered
ELME000136,DOC_WW_Pin1_4,WW domain ligands,DOC,The Class IV WW domain interaction motif is recognised primarily by the Pin1 phosphorylation-dependent prolyl isomerase.,PF00397,WW,WW domain,...([ST])P.,LEESPE,352,357,FBXW7_HUMAN,Homo sapiens,22608923,true positive,96,1,disordered
ELME000136,DOC_WW_Pin1_4,WW domain ligands,DOC,The Class IV WW domain interaction motif is recognised primarily by the Pin1 phosphorylation-dependent prolyl isomerase.,PF00397,WW,WW domain,...([ST])P.,LEESPE,352,357,FOS_MOUSE,Mus musculus,16123044,true positive,96,1,disordered
ELME000136,DOC_WW_Pin1_4,WW domain ligands,DOC,The Class IV WW domain interaction motif is recognised primarily by the Pin1 phosphorylation-dependent prolyl isomerase.,PF00397,WW,WW domain,...([ST])P.,LEESPE,352,357,FUBP2_HUMAN,Homo sapiens,19770516,true positive,96,1,disordered
ELME000136,DOC_WW_Pin1_4,WW domain ligands,DOC,The Class IV WW domain interaction motif is recognised primarily by the Pin1 phosphorylation-dependent prolyl isomerase.,PF00397,WW,WW domain,...([ST])P.,LEESPE,352,357,GEPH_MOUSE,Mus musculus,17347650,true positive,96,1,disordered
ELME000136,DOC_WW_Pin1_4,WW domain ligands,DOC,The Class IV WW domain interaction motif is recognised primarily by the Pin1 phosphorylation-dependent prolyl isomerase.,PF00397,WW,WW domain,...([ST])P.,LEESPE,352,357,IRF3_HUMAN,Homo sapiens,16699525,true positive,96,1,disordered
ELME000136,DOC_WW_Pin1_4,WW domain ligands,DOC,The Class IV WW domain interaction motif is recognised primarily by the Pin1 phosphorylation-dependent prolyl isomerase.,PF00397,WW,WW domain,...([ST])P.,LEESPE,352,357,IRS1_HUMAN,Homo sapiens,21454638,true positive,96,1,disordered
ELME000136,DOC_WW_Pin1_4,WW domain ligands,DOC,The Class IV WW domain interaction motif is recognised primarily by the Pin1 phosphorylation-dependent prolyl isomerase.,PF00397,WW,WW domain,...([ST])P.,LEESPE,352,357,JUN_HUMAN,Homo sapiens,11432833,true positive,96,1,disordered
ELME000136,DOC_WW_Pin1_4,WW domain ligands,DOC,The Class IV WW domain interaction motif is recognised primarily by the Pin1 phosphorylation-dependent prolyl isomerase.,PF00397,WW,WW domain,...([ST])P.,LEESPE,352,357,KI20B_HUMAN,Homo sapiens,11470801,true positive,96,1,disordered
ELME000136,DOC_WW_Pin1_4,WW domain ligands,DOC,The Class IV WW domain interaction motif is recognised primarily by the Pin1 phosphorylation-dependent prolyl isomerase.,PF00397,WW,WW domain,...([ST])P.,LEESPE,352,357,MEF2C_MOUSE,Mus musculus,20801874,true positive,96,1,disordered
ELME000136,DOC_WW_Pin1_4,WW domain ligands,DOC,The Class IV WW domain interaction motif is recognised primarily by the Pin1 phosphorylation-dependent prolyl isomerase.,PF00397,WW,WW domain,...([ST])P.,LEESPE,352,357,MYB_MOUSE,Mus musculus,18359295,true positive,96,1,disordered
ELME000136,DOC_WW_Pin1_4,WW domain ligands,DOC,The Class IV WW domain interaction motif is recognised primarily by the Pin1 phosphorylation-dependent prolyl isomerase.,PF00397,WW,WW domain,...([ST])P.,LEESPE,352,357,MYC_HUMAN,Homo sapiens,15048125,true positive,96,1,disordered
ELME000136,DOC_WW_Pin1_4,WW domain ligands,DOC,The Class IV WW domain interaction motif is recognised primarily by the Pin1 phosphorylation-dependent prolyl isomerase.,PF00397,WW,WW domain,...([ST])P.,LEESPE,352,357,NANOG_MOUSE,Mus musculus,20622153,true positive,96,1,disordered
ELME000136,DOC_WW_Pin1_4,WW domain ligands,DOC,The Class IV WW domain interaction motif is recognised primarily by the Pin1 phosphorylation-dependent prolyl isomerase.,PF00397,WW,WW domain,...([ST])P.,LEESPE,352,357,NCF1_HUMAN,Homo sapiens,20956805,true positive,96,1,disordered
ELME000136,DOC_WW_Pin1_4,WW domain ligands,DOC,The Class IV WW domain interaction motif is recognised primarily by the Pin1 phosphorylation-dependent prolyl isomerase.,PF00397,WW,WW domain,...([ST])P.,LEESPE,352,357,NCOR2_HUMAN,Homo sapiens,18838553,true positive,96,1,disordered
ELME000136,DOC_WW_Pin1_4,WW domain ligands,DOC,The Class IV WW domain interaction motif is recognised primarily by the Pin1 phosphorylation-dependent prolyl isomerase.,PF00397,WW,WW domain,...([ST])P.,LEESPE,352,357,NEK6_HUMAN,Homo sapiens,16476580,true positive,96,1,disordered
ELME000136,DOC_WW_Pin1_4,WW domain ligands,DOC,The Class IV WW domain interaction motif is recognised primarily by the Pin1 phosphorylation-dependent prolyl isomerase.,PF00397,WW,WW domain,...([ST])P.,LEESPE,352,357,NONO_MOUSE,Mus musculus,15701524,true positive,96,1,disordered
ELME000136,DOC_WW_Pin1_4,WW domain ligands,DOC,The Class IV WW domain interaction motif is recognised primarily by the Pin1 phosphorylation-dependent prolyl isomerase.,PF00397,WW,WW domain,...([ST])P.,LEESPE,352,357,NOTC1_HUMAN,Homo sapiens,19151708,true positive,96,1,disordered
ELME000136,DOC_WW_Pin1_4,WW domain ligands,DOC,The Class IV WW domain interaction motif is recognised primarily by the Pin1 phosphorylation-dependent prolyl isomerase.,PF00397,WW,WW domain,...([ST])P.,LEESPE,352,357,NR4A1_HUMAN,Homo sapiens,22002310,true positive,96,1,disordered
ELME000136,DOC_WW_Pin1_4,WW domain ligands,DOC,The Class IV WW domain interaction motif is recognised primarily by the Pin1 phosphorylation-dependent prolyl isomerase.,PF00397,WW,WW domain,...([ST])P.,LEESPE,352,357,P53_HUMAN,Homo sapiens,12388558,true positive,96,1,disordered
ELME000136,DOC_WW_Pin1_4,WW domain ligands,DOC,The Class IV WW domain interaction motif is recognised primarily by the Pin1 phosphorylation-dependent prolyl isomerase.,PF00397,WW,WW domain,...([ST])P.,LEESPE,352,357,P53_HUMAN,Homo sapiens,12397362,true positive,96,1,disordered
ELME000136,DOC_WW_Pin1_4,WW domain ligands,DOC,The Class IV WW domain interaction motif is recognised primarily by the Pin1 phosphorylation-dependent prolyl isomerase.,PF00397,WW,WW domain,...([ST])P.,LEESPE,352,357,P73_HUMAN,Homo sapiens,15175157,true positive,96,1,disordered
ELME000136,DOC_WW_Pin1_4,WW domain ligands,DOC,The Class IV WW domain interaction motif is recognised primarily by the Pin1 phosphorylation-dependent prolyl isomerase.,PF00397,WW,WW domain,...([ST])P.,LEESPE,352,357,PML_HUMAN,Homo sapiens,18039859,true positive,96,1,disordered
ELME000136,DOC_WW_Pin1_4,WW domain ligands,DOC,The Class IV WW domain interaction motif is recognised primarily by the Pin1 phosphorylation-dependent prolyl isomerase.,PF00397,WW,WW domain,...([ST])P.,LEESPE,352,357,PO5F1_HUMAN,Homo sapiens,21296877,true positive,96,1,disordered
ELME000136,DOC_WW_Pin1_4,WW domain ligands,DOC,The Class IV WW domain interaction motif is recognised primarily by the Pin1 phosphorylation-dependent prolyl isomerase.,PF00397,WW,WW domain,...([ST])P.,LEESPE,352,357,PPARG_HUMAN,Homo sapiens,19996102,true positive,96,1,disordered
ELME000136,DOC_WW_Pin1_4,WW domain ligands,DOC,The Class IV WW domain interaction motif is recognised primarily by the Pin1 phosphorylation-dependent prolyl isomerase.,PF00397,WW,WW domain,...([ST])P.,LEESPE,352,357,RARA_HUMAN,Homo sapiens,15670742,true positive,96,1,disordered
ELME000136,DOC_WW_Pin1_4,WW domain ligands,DOC,The Class IV WW domain interaction motif is recognised primarily by the Pin1 phosphorylation-dependent prolyl isomerase.,PF00397,WW,WW domain,...([ST])P.,LEESPE,352,357,SMAD3_HUMAN,Homo sapiens,19122240 21685363,true positive,96,1,disordered
ELME000136,DOC_WW_Pin1_4,WW domain ligands,DOC,The Class IV WW domain interaction motif is recognised primarily by the Pin1 phosphorylation-dependent prolyl isomerase.,PF00397,WW,WW domain,...([ST])P.,LEESPE,352,357,SMAD3_HUMAN,Homo sapiens,19122240,true positive,96,1,disordered
ELME000136,DOC_WW_Pin1_4,WW domain ligands,DOC,The Class IV WW domain interaction motif is recognised primarily by the Pin1 phosphorylation-dependent prolyl isomerase.,PF00397,WW,WW domain,...([ST])P.,LEESPE,352,357,SNCAP_HUMAN,Homo sapiens,16365047,true positive,96,1,disordered
ELME000136,DOC_WW_Pin1_4,WW domain ligands,DOC,The Class IV WW domain interaction motif is recognised primarily by the Pin1 phosphorylation-dependent prolyl isomerase.,PF00397,WW,WW domain,...([ST])P.,LEESPE,352,357,SOC1_ARATH,Arabidopsis thaliana,20129060,true positive,96,1,disordered
ELME000136,DOC_WW_Pin1_4,WW domain ligands,DOC,The Class IV WW domain interaction motif is recognised primarily by the Pin1 phosphorylation-dependent prolyl isomerase.,PF00397,WW,WW domain,...([ST])P.,LEESPE,352,357,SPT23_YEAST,Saccharomyces cerevisiae S288c,19597489,true positive,96,1,disordered
ELME000136,DOC_WW_Pin1_4,WW domain ligands,DOC,The Class IV WW domain interaction motif is recognised primarily by the Pin1 phosphorylation-dependent prolyl isomerase.,PF00397,WW,WW domain,...([ST])P.,LEESPE,352,357,ST4A1_HUMAN,Homo sapiens,19439498 20920535,true positive,96,1,disordered
ELME000136,DOC_WW_Pin1_4,WW domain ligands,DOC,The Class IV WW domain interaction motif is recognised primarily by the Pin1 phosphorylation-dependent prolyl isomerase.,PF00397,WW,WW domain,...([ST])P.,LEESPE,352,357,STAT3_HUMAN,Homo sapiens,17563747,true positive,96,1,disordered
ELME000136,DOC_WW_Pin1_4,WW domain ligands,DOC,The Class IV WW domain interaction motif is recognised primarily by the Pin1 phosphorylation-dependent prolyl isomerase.,PF00397,WW,WW domain,...([ST])P.,LEESPE,352,357,STF1_MOUSE,Mus musculus,19995909,true positive,96,1,disordered
ELME000136,DOC_WW_Pin1_4,WW domain ligands,DOC,The Class IV WW domain interaction motif is recognised primarily by the Pin1 phosphorylation-dependent prolyl isomerase.,PF00397,WW,WW domain,...([ST])P.,LEESPE,352,357,TAU_HUMAN,Homo sapiens,10391244,true positive,96,1,disordered
ELME000136,DOC_WW_Pin1_4,WW domain ligands,DOC,The Class IV WW domain interaction motif is recognised primarily by the Pin1 phosphorylation-dependent prolyl isomerase.,PF00397,WW,WW domain,...([ST])P.,LEESPE,352,357,TAX_HTL1A,Human T-cell lymphotrophic virus type 1 (strain ATK),19338781,true positive,96,1,disordered
ELME000136,DOC_WW_Pin1_4,WW domain ligands,DOC,The Class IV WW domain interaction motif is recognised primarily by the Pin1 phosphorylation-dependent prolyl isomerase.,PF00397,WW,WW domain,...([ST])P.,LEESPE,352,357,TERF1_HUMAN,Homo sapiens,19060891,true positive,96,1,disordered
ELME000136,DOC_WW_Pin1_4,WW domain ligands,DOC,The Class IV WW domain interaction motif is recognised primarily by the Pin1 phosphorylation-dependent prolyl isomerase.,PF00397,WW,WW domain,...([ST])P.,LEESPE,352,357,TF65_HUMAN,Homo sapiens,14690596,true positive,96,1,disordered
ELME000136,DOC_WW_Pin1_4,WW domain ligands,DOC,The Class IV WW domain interaction motif is recognised primarily by the Pin1 phosphorylation-dependent prolyl isomerase.,PF00397,WW,WW domain,...([ST])P.,LEESPE,352,357,TFCP2_HUMAN,Homo sapiens,20682773,true positive,96,1,disordered
ELME000136,DOC_WW_Pin1_4,WW domain ligands,DOC,The Class IV WW domain interaction motif is recognised primarily by the Pin1 phosphorylation-dependent prolyl isomerase.,PF00397,WW,WW domain,...([ST])P.,LEESPE,352,357,WEE1B_XENLA,Xenopus laevis,17360425,true positive,96,1,disordered
ELME000136,DOC_WW_Pin1_4,WW domain ligands,DOC,The Class IV WW domain interaction motif is recognised primarily by the Pin1 phosphorylation-dependent prolyl isomerase.,PF00397,WW,WW domain,...([ST])P.,LEESPE,352,357,X_HBVA3,Hepatitis B virus adw2/Rutter/1979,17383430,true positive,96,1,disordered
ELME000136,DOC_WW_Pin1_4,WW domain ligands,DOC,The Class IV WW domain interaction motif is recognised primarily by the Pin1 phosphorylation-dependent prolyl isomerase.,PF00397,WW,WW domain,...([ST])P.,LSDTPH,372,377,A4_HUMAN,Homo sapiens,16139797,true positive,96,1,disordered
ELME000136,DOC_WW_Pin1_4,WW domain ligands,DOC,The Class IV WW domain interaction motif is recognised primarily by the Pin1 phosphorylation-dependent prolyl isomerase.,PF00397,WW,WW domain,...([ST])P.,LSDTPH,372,377,A4_HUMAN,Homo sapiens,19602287,true positive,96,1,disordered
ELME000136,DOC_WW_Pin1_4,WW domain ligands,DOC,The Class IV WW domain interaction motif is recognised primarily by the Pin1 phosphorylation-dependent prolyl isomerase.,PF00397,WW,WW domain,...([ST])P.,LSDTPH,372,377,AATF_HUMAN,Homo sapiens,17468107,true positive,96,1,disordered
ELME000136,DOC_WW_Pin1_4,WW domain ligands,DOC,The Class IV WW domain interaction motif is recognised primarily by the Pin1 phosphorylation-dependent prolyl isomerase.,PF00397,WW,WW domain,...([ST])P.,LSDTPH,372,377,AGL24_ARATH,Arabidopsis thaliana,20129060,true positive,96,1,disordered
ELME000136,DOC_WW_Pin1_4,WW domain ligands,DOC,The Class IV WW domain interaction motif is recognised primarily by the Pin1 phosphorylation-dependent prolyl isomerase.,PF00397,WW,WW domain,...([ST])P.,LSDTPH,372,377,AKT1_HUMAN,Homo sapiens,19448664,true positive,96,1,disordered
ELME000136,DOC_WW_Pin1_4,WW domain ligands,DOC,The Class IV WW domain interaction motif is recognised primarily by the Pin1 phosphorylation-dependent prolyl isomerase.,PF00397,WW,WW domain,...([ST])P.,LSDTPH,372,377,ARBK1_MOUSE,Mus musculus,20080565,true positive,96,1,disordered
ELME000136,DOC_WW_Pin1_4,WW domain ligands,DOC,The Class IV WW domain interaction motif is recognised primarily by the Pin1 phosphorylation-dependent prolyl isomerase.,PF00397,WW,WW domain,...([ST])P.,LSDTPH,372,377,B2L11_MOUSE,Mus musculus,1650491,true positive,96,1,disordered
ELME000136,DOC_WW_Pin1_4,WW domain ligands,DOC,The Class IV WW domain interaction motif is recognised primarily by the Pin1 phosphorylation-dependent prolyl isomerase.,PF00397,WW,WW domain,...([ST])P.,LSDTPH,372,377,BTG2_HUMAN,Homo sapiens,15788397,true positive,96,1,disordered
ELME000136,DOC_WW_Pin1_4,WW domain ligands,DOC,The Class IV WW domain interaction motif is recognised primarily by the Pin1 phosphorylation-dependent prolyl isomerase.,PF00397,WW,WW domain,...([ST])P.,LSDTPH,372,377,BTK_MOUSE,Mus musculus,16644721,true positive,96,1,disordered
ELME000136,DOC_WW_Pin1_4,WW domain ligands,DOC,The Class IV WW domain interaction motif is recognised primarily by the Pin1 phosphorylation-dependent prolyl isomerase.,PF00397,WW,WW domain,...([ST])P.,LSDTPH,372,377,CCND1_MOUSE,Mus musculus,11805292,true positive,96,1,disordered
ELME000136,DOC_WW_Pin1_4,WW domain ligands,DOC,The Class IV WW domain interaction motif is recognised primarily by the Pin1 phosphorylation-dependent prolyl isomerase.,PF00397,WW,WW domain,...([ST])P.,LSDTPH,372,377,CCNE1_MOUSE,Mus musculus,16223725,true positive,96,1,disordered
ELME000136,DOC_WW_Pin1_4,WW domain ligands,DOC,The Class IV WW domain interaction motif is recognised primarily by the Pin1 phosphorylation-dependent prolyl isomerase.,PF00397,WW,WW domain,...([ST])P.,LSDTPH,372,377,CDN1B_HUMAN,Homo sapiens,19584057,true positive,96,1,disordered
ELME000136,DOC_WW_Pin1_4,WW domain ligands,DOC,The Class IV WW domain interaction motif is recognised primarily by the Pin1 phosphorylation-dependent prolyl isomerase.,PF00397,WW,WW domain,...([ST])P.,LSDTPH,372,377,CEP55_MOUSE,Mus musculus,19638580,true positive,96,1,disordered
ELME000136,DOC_WW_Pin1_4,WW domain ligands,DOC,The Class IV WW domain interaction motif is recognised primarily by the Pin1 phosphorylation-dependent prolyl isomerase.,PF00397,WW,WW domain,...([ST])P.,LSDTPH,372,377,CRTC2_MOUSE,Mus musculus,20675384,true positive,96,1,disordered
ELME000136,DOC_WW_Pin1_4,WW domain ligands,DOC,The Class IV WW domain interaction motif is recognised primarily by the Pin1 phosphorylation-dependent prolyl isomerase.,PF00397,WW,WW domain,...([ST])P.,LSDTPH,372,377,CTNB1_HUMAN,Homo sapiens,11533658,true positive,96,1,disordered
ELME000136,DOC_WW_Pin1_4,WW domain ligands,DOC,The Class IV WW domain interaction motif is recognised primarily by the Pin1 phosphorylation-dependent prolyl isomerase.,PF00397,WW,WW domain,...([ST])P.,LSDTPH,372,377,DAXX_HUMAN,Homo sapiens,17938171,true positive,96,1,disordered
ELME000136,DOC_WW_Pin1_4,WW domain ligands,DOC,The Class IV WW domain interaction motif is recognised primarily by the Pin1 phosphorylation-dependent prolyl isomerase.,PF00397,WW,WW domain,...([ST])P.,LSDTPH,372,377,FAK1_HUMAN,Homo sapiens,19595712,true positive,96,1,disordered
ELME000136,DOC_WW_Pin1_4,WW domain ligands,DOC,The Class IV WW domain interaction motif is recognised primarily by the Pin1 phosphorylation-dependent prolyl isomerase.,PF00397,WW,WW domain,...([ST])P.,LSDTPH,372,377,FAK1_MOUSE,Mus musculus,19595712,true positive,96,1,disordered
ELME000136,DOC_WW_Pin1_4,WW domain ligands,DOC,The Class IV WW domain interaction motif is recognised primarily by the Pin1 phosphorylation-dependent prolyl isomerase.,PF00397,WW,WW domain,...([ST])P.,LSDTPH,372,377,FBX5A_XENLA,Xenopus laevis,17159919,true positive,96,1,disordered
ELME000136,DOC_WW_Pin1_4,WW domain ligands,DOC,The Class IV WW domain interaction motif is recognised primarily by the Pin1 phosphorylation-dependent prolyl isomerase.,PF00397,WW,WW domain,...([ST])P.,LSDTPH,372,377,FBXW7_HUMAN,Homo sapiens,22608923,true positive,96,1,disordered
ELME000136,DOC_WW_Pin1_4,WW domain ligands,DOC,The Class IV WW domain interaction motif is recognised primarily by the Pin1 phosphorylation-dependent prolyl isomerase.,PF00397,WW,WW domain,...([ST])P.,LSDTPH,372,377,FOS_MOUSE,Mus musculus,16123044,true positive,96,1,disordered
ELME000136,DOC_WW_Pin1_4,WW domain ligands,DOC,The Class IV WW domain interaction motif is recognised primarily by the Pin1 phosphorylation-dependent prolyl isomerase.,PF00397,WW,WW domain,...([ST])P.,LSDTPH,372,377,FUBP2_HUMAN,Homo sapiens,19770516,true positive,96,1,disordered
ELME000136,DOC_WW_Pin1_4,WW domain ligands,DOC,The Class IV WW domain interaction motif is recognised primarily by the Pin1 phosphorylation-dependent prolyl isomerase.,PF00397,WW,WW domain,...([ST])P.,LSDTPH,372,377,GEPH_MOUSE,Mus musculus,17347650,true positive,96,1,disordered
ELME000136,DOC_WW_Pin1_4,WW domain ligands,DOC,The Class IV WW domain interaction motif is recognised primarily by the Pin1 phosphorylation-dependent prolyl isomerase.,PF00397,WW,WW domain,...([ST])P.,LSDTPH,372,377,IRF3_HUMAN,Homo sapiens,16699525,true positive,96,1,disordered
ELME000136,DOC_WW_Pin1_4,WW domain ligands,DOC,The Class IV WW domain interaction motif is recognised primarily by the Pin1 phosphorylation-dependent prolyl isomerase.,PF00397,WW,WW domain,...([ST])P.,LSDTPH,372,377,IRS1_HUMAN,Homo sapiens,21454638,true positive,96,1,disordered
ELME000136,DOC_WW_Pin1_4,WW domain ligands,DOC,The Class IV WW domain interaction motif is recognised primarily by the Pin1 phosphorylation-dependent prolyl isomerase.,PF00397,WW,WW domain,...([ST])P.,LSDTPH,372,377,JUN_HUMAN,Homo sapiens,11432833,true positive,96,1,disordered
ELME000136,DOC_WW_Pin1_4,WW domain ligands,DOC,The Class IV WW domain interaction motif is recognised primarily by the Pin1 phosphorylation-dependent prolyl isomerase.,PF00397,WW,WW domain,...([ST])P.,LSDTPH,372,377,KI20B_HUMAN,Homo sapiens,11470801,true positive,96,1,disordered
ELME000136,DOC_WW_Pin1_4,WW domain ligands,DOC,The Class IV WW domain interaction motif is recognised primarily by the Pin1 phosphorylation-dependent prolyl isomerase.,PF00397,WW,WW domain,...([ST])P.,LSDTPH,372,377,MEF2C_MOUSE,Mus musculus,20801874,true positive,96,1,disordered
ELME000136,DOC_WW_Pin1_4,WW domain ligands,DOC,The Class IV WW domain interaction motif is recognised primarily by the Pin1 phosphorylation-dependent prolyl isomerase.,PF00397,WW,WW domain,...([ST])P.,LSDTPH,372,377,MYB_MOUSE,Mus musculus,18359295,true positive,96,1,disordered
ELME000136,DOC_WW_Pin1_4,WW domain ligands,DOC,The Class IV WW domain interaction motif is recognised primarily by the Pin1 phosphorylation-dependent prolyl isomerase.,PF00397,WW,WW domain,...([ST])P.,LSDTPH,372,377,MYC_HUMAN,Homo sapiens,15048125,true positive,96,1,disordered
ELME000136,DOC_WW_Pin1_4,WW domain ligands,DOC,The Class IV WW domain interaction motif is recognised primarily by the Pin1 phosphorylation-dependent prolyl isomerase.,PF00397,WW,WW domain,...([ST])P.,LSDTPH,372,377,NANOG_MOUSE,Mus musculus,20622153,true positive,96,1,disordered
ELME000136,DOC_WW_Pin1_4,WW domain ligands,DOC,The Class IV WW domain interaction motif is recognised primarily by the Pin1 phosphorylation-dependent prolyl isomerase.,PF00397,WW,WW domain,...([ST])P.,LSDTPH,372,377,NCF1_HUMAN,Homo sapiens,20956805,true positive,96,1,disordered
ELME000136,DOC_WW_Pin1_4,WW domain ligands,DOC,The Class IV WW domain interaction motif is recognised primarily by the Pin1 phosphorylation-dependent prolyl isomerase.,PF00397,WW,WW domain,...([ST])P.,LSDTPH,372,377,NCOR2_HUMAN,Homo sapiens,18838553,true positive,96,1,disordered
ELME000136,DOC_WW_Pin1_4,WW domain ligands,DOC,The Class IV WW domain interaction motif is recognised primarily by the Pin1 phosphorylation-dependent prolyl isomerase.,PF00397,WW,WW domain,...([ST])P.,LSDTPH,372,377,NEK6_HUMAN,Homo sapiens,16476580,true positive,96,1,disordered
ELME000136,DOC_WW_Pin1_4,WW domain ligands,DOC,The Class IV WW domain interaction motif is recognised primarily by the Pin1 phosphorylation-dependent prolyl isomerase.,PF00397,WW,WW domain,...([ST])P.,LSDTPH,372,377,NONO_MOUSE,Mus musculus,15701524,true positive,96,1,disordered
ELME000136,DOC_WW_Pin1_4,WW domain ligands,DOC,The Class IV WW domain interaction motif is recognised primarily by the Pin1 phosphorylation-dependent prolyl isomerase.,PF00397,WW,WW domain,...([ST])P.,LSDTPH,372,377,NOTC1_HUMAN,Homo sapiens,19151708,true positive,96,1,disordered
ELME000136,DOC_WW_Pin1_4,WW domain ligands,DOC,The Class IV WW domain interaction motif is recognised primarily by the Pin1 phosphorylation-dependent prolyl isomerase.,PF00397,WW,WW domain,...([ST])P.,LSDTPH,372,377,NR4A1_HUMAN,Homo sapiens,22002310,true positive,96,1,disordered
ELME000136,DOC_WW_Pin1_4,WW domain ligands,DOC,The Class IV WW domain interaction motif is recognised primarily by the Pin1 phosphorylation-dependent prolyl isomerase.,PF00397,WW,WW domain,...([ST])P.,LSDTPH,372,377,P53_HUMAN,Homo sapiens,12388558,true positive,96,1,disordered
ELME000136,DOC_WW_Pin1_4,WW domain ligands,DOC,The Class IV WW domain interaction motif is recognised primarily by the Pin1 phosphorylation-dependent prolyl isomerase.,PF00397,WW,WW domain,...([ST])P.,LSDTPH,372,377,P53_HUMAN,Homo sapiens,12397362,true positive,96,1,disordered
ELME000136,DOC_WW_Pin1_4,WW domain ligands,DOC,The Class IV WW domain interaction motif is recognised primarily by the Pin1 phosphorylation-dependent prolyl isomerase.,PF00397,WW,WW domain,...([ST])P.,LSDTPH,372,377,P73_HUMAN,Homo sapiens,15175157,true positive,96,1,disordered
ELME000136,DOC_WW_Pin1_4,WW domain ligands,DOC,The Class IV WW domain interaction motif is recognised primarily by the Pin1 phosphorylation-dependent prolyl isomerase.,PF00397,WW,WW domain,...([ST])P.,LSDTPH,372,377,PML_HUMAN,Homo sapiens,18039859,true positive,96,1,disordered
ELME000136,DOC_WW_Pin1_4,WW domain ligands,DOC,The Class IV WW domain interaction motif is recognised primarily by the Pin1 phosphorylation-dependent prolyl isomerase.,PF00397,WW,WW domain,...([ST])P.,LSDTPH,372,377,PO5F1_HUMAN,Homo sapiens,21296877,true positive,96,1,disordered
ELME000136,DOC_WW_Pin1_4,WW domain ligands,DOC,The Class IV WW domain interaction motif is recognised primarily by the Pin1 phosphorylation-dependent prolyl isomerase.,PF00397,WW,WW domain,...([ST])P.,LSDTPH,372,377,PPARG_HUMAN,Homo sapiens,19996102,true positive,96,1,disordered
ELME000136,DOC_WW_Pin1_4,WW domain ligands,DOC,The Class IV WW domain interaction motif is recognised primarily by the Pin1 phosphorylation-dependent prolyl isomerase.,PF00397,WW,WW domain,...([ST])P.,LSDTPH,372,377,RARA_HUMAN,Homo sapiens,15670742,true positive,96,1,disordered
ELME000136,DOC_WW_Pin1_4,WW domain ligands,DOC,The Class IV WW domain interaction motif is recognised primarily by the Pin1 phosphorylation-dependent prolyl isomerase.,PF00397,WW,WW domain,...([ST])P.,LSDTPH,372,377,SMAD3_HUMAN,Homo sapiens,19122240 21685363,true positive,96,1,disordered
ELME000136,DOC_WW_Pin1_4,WW domain ligands,DOC,The Class IV WW domain interaction motif is recognised primarily by the Pin1 phosphorylation-dependent prolyl isomerase.,PF00397,WW,WW domain,...([ST])P.,LSDTPH,372,377,SMAD3_HUMAN,Homo sapiens,19122240,true positive,96,1,disordered
ELME000136,DOC_WW_Pin1_4,WW domain ligands,DOC,The Class IV WW domain interaction motif is recognised primarily by the Pin1 phosphorylation-dependent prolyl isomerase.,PF00397,WW,WW domain,...([ST])P.,LSDTPH,372,377,SNCAP_HUMAN,Homo sapiens,16365047,true positive,96,1,disordered
ELME000136,DOC_WW_Pin1_4,WW domain ligands,DOC,The Class IV WW domain interaction motif is recognised primarily by the Pin1 phosphorylation-dependent prolyl isomerase.,PF00397,WW,WW domain,...([ST])P.,LSDTPH,372,377,SOC1_ARATH,Arabidopsis thaliana,20129060,true positive,96,1,disordered
ELME000136,DOC_WW_Pin1_4,WW domain ligands,DOC,The Class IV WW domain interaction motif is recognised primarily by the Pin1 phosphorylation-dependent prolyl isomerase.,PF00397,WW,WW domain,...([ST])P.,LSDTPH,372,377,SPT23_YEAST,Saccharomyces cerevisiae S288c,19597489,true positive,96,1,disordered
ELME000136,DOC_WW_Pin1_4,WW domain ligands,DOC,The Class IV WW domain interaction motif is recognised primarily by the Pin1 phosphorylation-dependent prolyl isomerase.,PF00397,WW,WW domain,...([ST])P.,LSDTPH,372,377,ST4A1_HUMAN,Homo sapiens,19439498 20920535,true positive,96,1,disordered
ELME000136,DOC_WW_Pin1_4,WW domain ligands,DOC,The Class IV WW domain interaction motif is recognised primarily by the Pin1 phosphorylation-dependent prolyl isomerase.,PF00397,WW,WW domain,...([ST])P.,LSDTPH,372,377,STAT3_HUMAN,Homo sapiens,17563747,true positive,96,1,disordered
ELME000136,DOC_WW_Pin1_4,WW domain ligands,DOC,The Class IV WW domain interaction motif is recognised primarily by the Pin1 phosphorylation-dependent prolyl isomerase.,PF00397,WW,WW domain,...([ST])P.,LSDTPH,372,377,STF1_MOUSE,Mus musculus,19995909,true positive,96,1,disordered
ELME000136,DOC_WW_Pin1_4,WW domain ligands,DOC,The Class IV WW domain interaction motif is recognised primarily by the Pin1 phosphorylation-dependent prolyl isomerase.,PF00397,WW,WW domain,...([ST])P.,LSDTPH,372,377,TAU_HUMAN,Homo sapiens,10391244,true positive,96,1,disordered
ELME000136,DOC_WW_Pin1_4,WW domain ligands,DOC,The Class IV WW domain interaction motif is recognised primarily by the Pin1 phosphorylation-dependent prolyl isomerase.,PF00397,WW,WW domain,...([ST])P.,LSDTPH,372,377,TAX_HTL1A,Human T-cell lymphotrophic virus type 1 (strain ATK),19338781,true positive,96,1,disordered
ELME000136,DOC_WW_Pin1_4,WW domain ligands,DOC,The Class IV WW domain interaction motif is recognised primarily by the Pin1 phosphorylation-dependent prolyl isomerase.,PF00397,WW,WW domain,...([ST])P.,LSDTPH,372,377,TERF1_HUMAN,Homo sapiens,19060891,true positive,96,1,disordered
ELME000136,DOC_WW_Pin1_4,WW domain ligands,DOC,The Class IV WW domain interaction motif is recognised primarily by the Pin1 phosphorylation-dependent prolyl isomerase.,PF00397,WW,WW domain,...([ST])P.,LSDTPH,372,377,TF65_HUMAN,Homo sapiens,14690596,true positive,96,1,disordered
ELME000136,DOC_WW_Pin1_4,WW domain ligands,DOC,The Class IV WW domain interaction motif is recognised primarily by the Pin1 phosphorylation-dependent prolyl isomerase.,PF00397,WW,WW domain,...([ST])P.,LSDTPH,372,377,TFCP2_HUMAN,Homo sapiens,20682773,true positive,96,1,disordered
ELME000136,DOC_WW_Pin1_4,WW domain ligands,DOC,The Class IV WW domain interaction motif is recognised primarily by the Pin1 phosphorylation-dependent prolyl isomerase.,PF00397,WW,WW domain,...([ST])P.,LSDTPH,372,377,WEE1B_XENLA,Xenopus laevis,17360425,true positive,96,1,disordered
ELME000136,DOC_WW_Pin1_4,WW domain ligands,DOC,The Class IV WW domain interaction motif is recognised primarily by the Pin1 phosphorylation-dependent prolyl isomerase.,PF00397,WW,WW domain,...([ST])P.,LSDTPH,372,377,X_HBVA3,Hepatitis B virus adw2/Rutter/1979,17383430,true positive,96,1,disordered
ELME000136,DOC_WW_Pin1_4,WW domain ligands,DOC,The Class IV WW domain interaction motif is recognised primarily by the Pin1 phosphorylation-dependent prolyl isomerase.,PF00397,WW,WW domain,...([ST])P.,IFRTPP,439,444,A4_HUMAN,Homo sapiens,16139797,true positive,96,1,disordered
ELME000136,DOC_WW_Pin1_4,WW domain ligands,DOC,The Class IV WW domain interaction motif is recognised primarily by the Pin1 phosphorylation-dependent prolyl isomerase.,PF00397,WW,WW domain,...([ST])P.,IFRTPP,439,444,A4_HUMAN,Homo sapiens,19602287,true positive,96,1,disordered
ELME000136,DOC_WW_Pin1_4,WW domain ligands,DOC,The Class IV WW domain interaction motif is recognised primarily by the Pin1 phosphorylation-dependent prolyl isomerase.,PF00397,WW,WW domain,...([ST])P.,IFRTPP,439,444,AATF_HUMAN,Homo sapiens,17468107,true positive,96,1,disordered
ELME000136,DOC_WW_Pin1_4,WW domain ligands,DOC,The Class IV WW domain interaction motif is recognised primarily by the Pin1 phosphorylation-dependent prolyl isomerase.,PF00397,WW,WW domain,...([ST])P.,IFRTPP,439,444,AGL24_ARATH,Arabidopsis thaliana,20129060,true positive,96,1,disordered
ELME000136,DOC_WW_Pin1_4,WW domain ligands,DOC,The Class IV WW domain interaction motif is recognised primarily by the Pin1 phosphorylation-dependent prolyl isomerase.,PF00397,WW,WW domain,...([ST])P.,IFRTPP,439,444,AKT1_HUMAN,Homo sapiens,19448664,true positive,96,1,disordered
ELME000136,DOC_WW_Pin1_4,WW domain ligands,DOC,The Class IV WW domain interaction motif is recognised primarily by the Pin1 phosphorylation-dependent prolyl isomerase.,PF00397,WW,WW domain,...([ST])P.,IFRTPP,439,444,ARBK1_MOUSE,Mus musculus,20080565,true positive,96,1,disordered
ELME000136,DOC_WW_Pin1_4,WW domain ligands,DOC,The Class IV WW domain interaction motif is recognised primarily by the Pin1 phosphorylation-dependent prolyl isomerase.,PF00397,WW,WW domain,...([ST])P.,IFRTPP,439,444,B2L11_MOUSE,Mus musculus,1650491,true positive,96,1,disordered
ELME000136,DOC_WW_Pin1_4,WW domain ligands,DOC,The Class IV WW domain interaction motif is recognised primarily by the Pin1 phosphorylation-dependent prolyl isomerase.,PF00397,WW,WW domain,...([ST])P.,IFRTPP,439,444,BTG2_HUMAN,Homo sapiens,15788397,true positive,96,1,disordered
ELME000136,DOC_WW_Pin1_4,WW domain ligands,DOC,The Class IV WW domain interaction motif is recognised primarily by the Pin1 phosphorylation-dependent prolyl isomerase.,PF00397,WW,WW domain,...([ST])P.,IFRTPP,439,444,BTK_MOUSE,Mus musculus,16644721,true positive,96,1,disordered
ELME000136,DOC_WW_Pin1_4,WW domain ligands,DOC,The Class IV WW domain interaction motif is recognised primarily by the Pin1 phosphorylation-dependent prolyl isomerase.,PF00397,WW,WW domain,...([ST])P.,IFRTPP,439,444,CCND1_MOUSE,Mus musculus,11805292,true positive,96,1,disordered
ELME000136,DOC_WW_Pin1_4,WW domain ligands,DOC,The Class IV WW domain interaction motif is recognised primarily by the Pin1 phosphorylation-dependent prolyl isomerase.,PF00397,WW,WW domain,...([ST])P.,IFRTPP,439,444,CCNE1_MOUSE,Mus musculus,16223725,true positive,96,1,disordered
ELME000136,DOC_WW_Pin1_4,WW domain ligands,DOC,The Class IV WW domain interaction motif is recognised primarily by the Pin1 phosphorylation-dependent prolyl isomerase.,PF00397,WW,WW domain,...([ST])P.,IFRTPP,439,444,CDN1B_HUMAN,Homo sapiens,19584057,true positive,96,1,disordered
ELME000136,DOC_WW_Pin1_4,WW domain ligands,DOC,The Class IV WW domain interaction motif is recognised primarily by the Pin1 phosphorylation-dependent prolyl isomerase.,PF00397,WW,WW domain,...([ST])P.,IFRTPP,439,444,CEP55_MOUSE,Mus musculus,19638580,true positive,96,1,disordered
ELME000136,DOC_WW_Pin1_4,WW domain ligands,DOC,The Class IV WW domain interaction motif is recognised primarily by the Pin1 phosphorylation-dependent prolyl isomerase.,PF00397,WW,WW domain,...([ST])P.,IFRTPP,439,444,CRTC2_MOUSE,Mus musculus,20675384,true positive,96,1,disordered
ELME000136,DOC_WW_Pin1_4,WW domain ligands,DOC,The Class IV WW domain interaction motif is recognised primarily by the Pin1 phosphorylation-dependent prolyl isomerase.,PF00397,WW,WW domain,...([ST])P.,IFRTPP,439,444,CTNB1_HUMAN,Homo sapiens,11533658,true positive,96,1,disordered
ELME000136,DOC_WW_Pin1_4,WW domain ligands,DOC,The Class IV WW domain interaction motif is recognised primarily by the Pin1 phosphorylation-dependent prolyl isomerase.,PF00397,WW,WW domain,...([ST])P.,IFRTPP,439,444,DAXX_HUMAN,Homo sapiens,17938171,true positive,96,1,disordered
ELME000136,DOC_WW_Pin1_4,WW domain ligands,DOC,The Class IV WW domain interaction motif is recognised primarily by the Pin1 phosphorylation-dependent prolyl isomerase.,PF00397,WW,WW domain,...([ST])P.,IFRTPP,439,444,FAK1_HUMAN,Homo sapiens,19595712,true positive,96,1,disordered
ELME000136,DOC_WW_Pin1_4,WW domain ligands,DOC,The Class IV WW domain interaction motif is recognised primarily by the Pin1 phosphorylation-dependent prolyl isomerase.,PF00397,WW,WW domain,...([ST])P.,IFRTPP,439,444,FAK1_MOUSE,Mus musculus,19595712,true positive,96,1,disordered
ELME000136,DOC_WW_Pin1_4,WW domain ligands,DOC,The Class IV WW domain interaction motif is recognised primarily by the Pin1 phosphorylation-dependent prolyl isomerase.,PF00397,WW,WW domain,...([ST])P.,IFRTPP,439,444,FBX5A_XENLA,Xenopus laevis,17159919,true positive,96,1,disordered
ELME000136,DOC_WW_Pin1_4,WW domain ligands,DOC,The Class IV WW domain interaction motif is recognised primarily by the Pin1 phosphorylation-dependent prolyl isomerase.,PF00397,WW,WW domain,...([ST])P.,IFRTPP,439,444,FBXW7_HUMAN,Homo sapiens,22608923,true positive,96,1,disordered
ELME000136,DOC_WW_Pin1_4,WW domain ligands,DOC,The Class IV WW domain interaction motif is recognised primarily by the Pin1 phosphorylation-dependent prolyl isomerase.,PF00397,WW,WW domain,...([ST])P.,IFRTPP,439,444,FOS_MOUSE,Mus musculus,16123044,true positive,96,1,disordered
ELME000136,DOC_WW_Pin1_4,WW domain ligands,DOC,The Class IV WW domain interaction motif is recognised primarily by the Pin1 phosphorylation-dependent prolyl isomerase.,PF00397,WW,WW domain,...([ST])P.,IFRTPP,439,444,FUBP2_HUMAN,Homo sapiens,19770516,true positive,96,1,disordered
ELME000136,DOC_WW_Pin1_4,WW domain ligands,DOC,The Class IV WW domain interaction motif is recognised primarily by the Pin1 phosphorylation-dependent prolyl isomerase.,PF00397,WW,WW domain,...([ST])P.,IFRTPP,439,444,GEPH_MOUSE,Mus musculus,17347650,true positive,96,1,disordered
ELME000136,DOC_WW_Pin1_4,WW domain ligands,DOC,The Class IV WW domain interaction motif is recognised primarily by the Pin1 phosphorylation-dependent prolyl isomerase.,PF00397,WW,WW domain,...([ST])P.,IFRTPP,439,444,IRF3_HUMAN,Homo sapiens,16699525,true positive,96,1,disordered
ELME000136,DOC_WW_Pin1_4,WW domain ligands,DOC,The Class IV WW domain interaction motif is recognised primarily by the Pin1 phosphorylation-dependent prolyl isomerase.,PF00397,WW,WW domain,...([ST])P.,IFRTPP,439,444,IRS1_HUMAN,Homo sapiens,21454638,true positive,96,1,disordered
ELME000136,DOC_WW_Pin1_4,WW domain ligands,DOC,The Class IV WW domain interaction motif is recognised primarily by the Pin1 phosphorylation-dependent prolyl isomerase.,PF00397,WW,WW domain,...([ST])P.,IFRTPP,439,444,JUN_HUMAN,Homo sapiens,11432833,true positive,96,1,disordered
ELME000136,DOC_WW_Pin1_4,WW domain ligands,DOC,The Class IV WW domain interaction motif is recognised primarily by the Pin1 phosphorylation-dependent prolyl isomerase.,PF00397,WW,WW domain,...([ST])P.,IFRTPP,439,444,KI20B_HUMAN,Homo sapiens,11470801,true positive,96,1,disordered
ELME000136,DOC_WW_Pin1_4,WW domain ligands,DOC,The Class IV WW domain interaction motif is recognised primarily by the Pin1 phosphorylation-dependent prolyl isomerase.,PF00397,WW,WW domain,...([ST])P.,IFRTPP,439,444,MEF2C_MOUSE,Mus musculus,20801874,true positive,96,1,disordered
ELME000136,DOC_WW_Pin1_4,WW domain ligands,DOC,The Class IV WW domain interaction motif is recognised primarily by the Pin1 phosphorylation-dependent prolyl isomerase.,PF00397,WW,WW domain,...([ST])P.,IFRTPP,439,444,MYB_MOUSE,Mus musculus,18359295,true positive,96,1,disordered
ELME000136,DOC_WW_Pin1_4,WW domain ligands,DOC,The Class IV WW domain interaction motif is recognised primarily by the Pin1 phosphorylation-dependent prolyl isomerase.,PF00397,WW,WW domain,...([ST])P.,IFRTPP,439,444,MYC_HUMAN,Homo sapiens,15048125,true positive,96,1,disordered
ELME000136,DOC_WW_Pin1_4,WW domain ligands,DOC,The Class IV WW domain interaction motif is recognised primarily by the Pin1 phosphorylation-dependent prolyl isomerase.,PF00397,WW,WW domain,...([ST])P.,IFRTPP,439,444,NANOG_MOUSE,Mus musculus,20622153,true positive,96,1,disordered
ELME000136,DOC_WW_Pin1_4,WW domain ligands,DOC,The Class IV WW domain interaction motif is recognised primarily by the Pin1 phosphorylation-dependent prolyl isomerase.,PF00397,WW,WW domain,...([ST])P.,IFRTPP,439,444,NCF1_HUMAN,Homo sapiens,20956805,true positive,96,1,disordered
ELME000136,DOC_WW_Pin1_4,WW domain ligands,DOC,The Class IV WW domain interaction motif is recognised primarily by the Pin1 phosphorylation-dependent prolyl isomerase.,PF00397,WW,WW domain,...([ST])P.,IFRTPP,439,444,NCOR2_HUMAN,Homo sapiens,18838553,true positive,96,1,disordered
ELME000136,DOC_WW_Pin1_4,WW domain ligands,DOC,The Class IV WW domain interaction motif is recognised primarily by the Pin1 phosphorylation-dependent prolyl isomerase.,PF00397,WW,WW domain,...([ST])P.,IFRTPP,439,444,NEK6_HUMAN,Homo sapiens,16476580,true positive,96,1,disordered
ELME000136,DOC_WW_Pin1_4,WW domain ligands,DOC,The Class IV WW domain interaction motif is recognised primarily by the Pin1 phosphorylation-dependent prolyl isomerase.,PF00397,WW,WW domain,...([ST])P.,IFRTPP,439,444,NONO_MOUSE,Mus musculus,15701524,true positive,96,1,disordered
ELME000136,DOC_WW_Pin1_4,WW domain ligands,DOC,The Class IV WW domain interaction motif is recognised primarily by the Pin1 phosphorylation-dependent prolyl isomerase.,PF00397,WW,WW domain,...([ST])P.,IFRTPP,439,444,NOTC1_HUMAN,Homo sapiens,19151708,true positive,96,1,disordered
ELME000136,DOC_WW_Pin1_4,WW domain ligands,DOC,The Class IV WW domain interaction motif is recognised primarily by the Pin1 phosphorylation-dependent prolyl isomerase.,PF00397,WW,WW domain,...([ST])P.,IFRTPP,439,444,NR4A1_HUMAN,Homo sapiens,22002310,true positive,96,1,disordered
ELME000136,DOC_WW_Pin1_4,WW domain ligands,DOC,The Class IV WW domain interaction motif is recognised primarily by the Pin1 phosphorylation-dependent prolyl isomerase.,PF00397,WW,WW domain,...([ST])P.,IFRTPP,439,444,P53_HUMAN,Homo sapiens,12388558,true positive,96,1,disordered
ELME000136,DOC_WW_Pin1_4,WW domain ligands,DOC,The Class IV WW domain interaction motif is recognised primarily by the Pin1 phosphorylation-dependent prolyl isomerase.,PF00397,WW,WW domain,...([ST])P.,IFRTPP,439,444,P53_HUMAN,Homo sapiens,12397362,true positive,96,1,disordered
ELME000136,DOC_WW_Pin1_4,WW domain ligands,DOC,The Class IV WW domain interaction motif is recognised primarily by the Pin1 phosphorylation-dependent prolyl isomerase.,PF00397,WW,WW domain,...([ST])P.,IFRTPP,439,444,P73_HUMAN,Homo sapiens,15175157,true positive,96,1,disordered
ELME000136,DOC_WW_Pin1_4,WW domain ligands,DOC,The Class IV WW domain interaction motif is recognised primarily by the Pin1 phosphorylation-dependent prolyl isomerase.,PF00397,WW,WW domain,...([ST])P.,IFRTPP,439,444,PML_HUMAN,Homo sapiens,18039859,true positive,96,1,disordered
ELME000136,DOC_WW_Pin1_4,WW domain ligands,DOC,The Class IV WW domain interaction motif is recognised primarily by the Pin1 phosphorylation-dependent prolyl isomerase.,PF00397,WW,WW domain,...([ST])P.,IFRTPP,439,444,PO5F1_HUMAN,Homo sapiens,21296877,true positive,96,1,disordered
ELME000136,DOC_WW_Pin1_4,WW domain ligands,DOC,The Class IV WW domain interaction motif is recognised primarily by the Pin1 phosphorylation-dependent prolyl isomerase.,PF00397,WW,WW domain,...([ST])P.,IFRTPP,439,444,PPARG_HUMAN,Homo sapiens,19996102,true positive,96,1,disordered
ELME000136,DOC_WW_Pin1_4,WW domain ligands,DOC,The Class IV WW domain interaction motif is recognised primarily by the Pin1 phosphorylation-dependent prolyl isomerase.,PF00397,WW,WW domain,...([ST])P.,IFRTPP,439,444,RARA_HUMAN,Homo sapiens,15670742,true positive,96,1,disordered
ELME000136,DOC_WW_Pin1_4,WW domain ligands,DOC,The Class IV WW domain interaction motif is recognised primarily by the Pin1 phosphorylation-dependent prolyl isomerase.,PF00397,WW,WW domain,...([ST])P.,IFRTPP,439,444,SMAD3_HUMAN,Homo sapiens,19122240 21685363,true positive,96,1,disordered
ELME000136,DOC_WW_Pin1_4,WW domain ligands,DOC,The Class IV WW domain interaction motif is recognised primarily by the Pin1 phosphorylation-dependent prolyl isomerase.,PF00397,WW,WW domain,...([ST])P.,IFRTPP,439,444,SMAD3_HUMAN,Homo sapiens,19122240,true positive,96,1,disordered
ELME000136,DOC_WW_Pin1_4,WW domain ligands,DOC,The Class IV WW domain interaction motif is recognised primarily by the Pin1 phosphorylation-dependent prolyl isomerase.,PF00397,WW,WW domain,...([ST])P.,IFRTPP,439,444,SNCAP_HUMAN,Homo sapiens,16365047,true positive,96,1,disordered
ELME000136,DOC_WW_Pin1_4,WW domain ligands,DOC,The Class IV WW domain interaction motif is recognised primarily by the Pin1 phosphorylation-dependent prolyl isomerase.,PF00397,WW,WW domain,...([ST])P.,IFRTPP,439,444,SOC1_ARATH,Arabidopsis thaliana,20129060,true positive,96,1,disordered
ELME000136,DOC_WW_Pin1_4,WW domain ligands,DOC,The Class IV WW domain interaction motif is recognised primarily by the Pin1 phosphorylation-dependent prolyl isomerase.,PF00397,WW,WW domain,...([ST])P.,IFRTPP,439,444,SPT23_YEAST,Saccharomyces cerevisiae S288c,19597489,true positive,96,1,disordered
ELME000136,DOC_WW_Pin1_4,WW domain ligands,DOC,The Class IV WW domain interaction motif is recognised primarily by the Pin1 phosphorylation-dependent prolyl isomerase.,PF00397,WW,WW domain,...([ST])P.,IFRTPP,439,444,ST4A1_HUMAN,Homo sapiens,19439498 20920535,true positive,96,1,disordered
ELME000136,DOC_WW_Pin1_4,WW domain ligands,DOC,The Class IV WW domain interaction motif is recognised primarily by the Pin1 phosphorylation-dependent prolyl isomerase.,PF00397,WW,WW domain,...([ST])P.,IFRTPP,439,444,STAT3_HUMAN,Homo sapiens,17563747,true positive,96,1,disordered
ELME000136,DOC_WW_Pin1_4,WW domain ligands,DOC,The Class IV WW domain interaction motif is recognised primarily by the Pin1 phosphorylation-dependent prolyl isomerase.,PF00397,WW,WW domain,...([ST])P.,IFRTPP,439,444,STF1_MOUSE,Mus musculus,19995909,true positive,96,1,disordered
ELME000136,DOC_WW_Pin1_4,WW domain ligands,DOC,The Class IV WW domain interaction motif is recognised primarily by the Pin1 phosphorylation-dependent prolyl isomerase.,PF00397,WW,WW domain,...([ST])P.,IFRTPP,439,444,TAU_HUMAN,Homo sapiens,10391244,true positive,96,1,disordered
ELME000136,DOC_WW_Pin1_4,WW domain ligands,DOC,The Class IV WW domain interaction motif is recognised primarily by the Pin1 phosphorylation-dependent prolyl isomerase.,PF00397,WW,WW domain,...([ST])P.,IFRTPP,439,444,TAX_HTL1A,Human T-cell lymphotrophic virus type 1 (strain ATK),19338781,true positive,96,1,disordered
ELME000136,DOC_WW_Pin1_4,WW domain ligands,DOC,The Class IV WW domain interaction motif is recognised primarily by the Pin1 phosphorylation-dependent prolyl isomerase.,PF00397,WW,WW domain,...([ST])P.,IFRTPP,439,444,TERF1_HUMAN,Homo sapiens,19060891,true positive,96,1,disordered
ELME000136,DOC_WW_Pin1_4,WW domain ligands,DOC,The Class IV WW domain interaction motif is recognised primarily by the Pin1 phosphorylation-dependent prolyl isomerase.,PF00397,WW,WW domain,...([ST])P.,IFRTPP,439,444,TF65_HUMAN,Homo sapiens,14690596,true positive,96,1,disordered
ELME000136,DOC_WW_Pin1_4,WW domain ligands,DOC,The Class IV WW domain interaction motif is recognised primarily by the Pin1 phosphorylation-dependent prolyl isomerase.,PF00397,WW,WW domain,...([ST])P.,IFRTPP,439,444,TFCP2_HUMAN,Homo sapiens,20682773,true positive,96,1,disordered
ELME000136,DOC_WW_Pin1_4,WW domain ligands,DOC,The Class IV WW domain interaction motif is recognised primarily by the Pin1 phosphorylation-dependent prolyl isomerase.,PF00397,WW,WW domain,...([ST])P.,IFRTPP,439,444,WEE1B_XENLA,Xenopus laevis,17360425,true positive,96,1,disordered
ELME000136,DOC_WW_Pin1_4,WW domain ligands,DOC,The Class IV WW domain interaction motif is recognised primarily by the Pin1 phosphorylation-dependent prolyl isomerase.,PF00397,WW,WW domain,...([ST])P.,IFRTPP,439,444,X_HBVA3,Hepatitis B virus adw2/Rutter/1979,17383430,true positive,96,1,disordered
ELME000136,DOC_WW_Pin1_4,WW domain ligands,DOC,The Class IV WW domain interaction motif is recognised primarily by the Pin1 phosphorylation-dependent prolyl isomerase.,PF00397,WW,WW domain,...([ST])P.,KFRTPP,502,507,A4_HUMAN,Homo sapiens,16139797,true positive,96,1,disordered
ELME000136,DOC_WW_Pin1_4,WW domain ligands,DOC,The Class IV WW domain interaction motif is recognised primarily by the Pin1 phosphorylation-dependent prolyl isomerase.,PF00397,WW,WW domain,...([ST])P.,KFRTPP,502,507,A4_HUMAN,Homo sapiens,19602287,true positive,96,1,disordered
ELME000136,DOC_WW_Pin1_4,WW domain ligands,DOC,The Class IV WW domain interaction motif is recognised primarily by the Pin1 phosphorylation-dependent prolyl isomerase.,PF00397,WW,WW domain,...([ST])P.,KFRTPP,502,507,AATF_HUMAN,Homo sapiens,17468107,true positive,96,1,disordered
ELME000136,DOC_WW_Pin1_4,WW domain ligands,DOC,The Class IV WW domain interaction motif is recognised primarily by the Pin1 phosphorylation-dependent prolyl isomerase.,PF00397,WW,WW domain,...([ST])P.,KFRTPP,502,507,AGL24_ARATH,Arabidopsis thaliana,20129060,true positive,96,1,disordered
ELME000136,DOC_WW_Pin1_4,WW domain ligands,DOC,The Class IV WW domain interaction motif is recognised primarily by the Pin1 phosphorylation-dependent prolyl isomerase.,PF00397,WW,WW domain,...([ST])P.,KFRTPP,502,507,AKT1_HUMAN,Homo sapiens,19448664,true positive,96,1,disordered
ELME000136,DOC_WW_Pin1_4,WW domain ligands,DOC,The Class IV WW domain interaction motif is recognised primarily by the Pin1 phosphorylation-dependent prolyl isomerase.,PF00397,WW,WW domain,...([ST])P.,KFRTPP,502,507,ARBK1_MOUSE,Mus musculus,20080565,true positive,96,1,disordered
ELME000136,DOC_WW_Pin1_4,WW domain ligands,DOC,The Class IV WW domain interaction motif is recognised primarily by the Pin1 phosphorylation-dependent prolyl isomerase.,PF00397,WW,WW domain,...([ST])P.,KFRTPP,502,507,B2L11_MOUSE,Mus musculus,1650491,true positive,96,1,disordered
ELME000136,DOC_WW_Pin1_4,WW domain ligands,DOC,The Class IV WW domain interaction motif is recognised primarily by the Pin1 phosphorylation-dependent prolyl isomerase.,PF00397,WW,WW domain,...([ST])P.,KFRTPP,502,507,BTG2_HUMAN,Homo sapiens,15788397,true positive,96,1,disordered
ELME000136,DOC_WW_Pin1_4,WW domain ligands,DOC,The Class IV WW domain interaction motif is recognised primarily by the Pin1 phosphorylation-dependent prolyl isomerase.,PF00397,WW,WW domain,...([ST])P.,KFRTPP,502,507,BTK_MOUSE,Mus musculus,16644721,true positive,96,1,disordered
ELME000136,DOC_WW_Pin1_4,WW domain ligands,DOC,The Class IV WW domain interaction motif is recognised primarily by the Pin1 phosphorylation-dependent prolyl isomerase.,PF00397,WW,WW domain,...([ST])P.,KFRTPP,502,507,CCND1_MOUSE,Mus musculus,11805292,true positive,96,1,disordered
ELME000136,DOC_WW_Pin1_4,WW domain ligands,DOC,The Class IV WW domain interaction motif is recognised primarily by the Pin1 phosphorylation-dependent prolyl isomerase.,PF00397,WW,WW domain,...([ST])P.,KFRTPP,502,507,CCNE1_MOUSE,Mus musculus,16223725,true positive,96,1,disordered
ELME000136,DOC_WW_Pin1_4,WW domain ligands,DOC,The Class IV WW domain interaction motif is recognised primarily by the Pin1 phosphorylation-dependent prolyl isomerase.,PF00397,WW,WW domain,...([ST])P.,KFRTPP,502,507,CDN1B_HUMAN,Homo sapiens,19584057,true positive,96,1,disordered
ELME000136,DOC_WW_Pin1_4,WW domain ligands,DOC,The Class IV WW domain interaction motif is recognised primarily by the Pin1 phosphorylation-dependent prolyl isomerase.,PF00397,WW,WW domain,...([ST])P.,KFRTPP,502,507,CEP55_MOUSE,Mus musculus,19638580,true positive,96,1,disordered
ELME000136,DOC_WW_Pin1_4,WW domain ligands,DOC,The Class IV WW domain interaction motif is recognised primarily by the Pin1 phosphorylation-dependent prolyl isomerase.,PF00397,WW,WW domain,...([ST])P.,KFRTPP,502,507,CRTC2_MOUSE,Mus musculus,20675384,true positive,96,1,disordered
ELME000136,DOC_WW_Pin1_4,WW domain ligands,DOC,The Class IV WW domain interaction motif is recognised primarily by the Pin1 phosphorylation-dependent prolyl isomerase.,PF00397,WW,WW domain,...([ST])P.,KFRTPP,502,507,CTNB1_HUMAN,Homo sapiens,11533658,true positive,96,1,disordered
ELME000136,DOC_WW_Pin1_4,WW domain ligands,DOC,The Class IV WW domain interaction motif is recognised primarily by the Pin1 phosphorylation-dependent prolyl isomerase.,PF00397,WW,WW domain,...([ST])P.,KFRTPP,502,507,DAXX_HUMAN,Homo sapiens,17938171,true positive,96,1,disordered
ELME000136,DOC_WW_Pin1_4,WW domain ligands,DOC,The Class IV WW domain interaction motif is recognised primarily by the Pin1 phosphorylation-dependent prolyl isomerase.,PF00397,WW,WW domain,...([ST])P.,KFRTPP,502,507,FAK1_HUMAN,Homo sapiens,19595712,true positive,96,1,disordered
ELME000136,DOC_WW_Pin1_4,WW domain ligands,DOC,The Class IV WW domain interaction motif is recognised primarily by the Pin1 phosphorylation-dependent prolyl isomerase.,PF00397,WW,WW domain,...([ST])P.,KFRTPP,502,507,FAK1_MOUSE,Mus musculus,19595712,true positive,96,1,disordered
ELME000136,DOC_WW_Pin1_4,WW domain ligands,DOC,The Class IV WW domain interaction motif is recognised primarily by the Pin1 phosphorylation-dependent prolyl isomerase.,PF00397,WW,WW domain,...([ST])P.,KFRTPP,502,507,FBX5A_XENLA,Xenopus laevis,17159919,true positive,96,1,disordered
ELME000136,DOC_WW_Pin1_4,WW domain ligands,DOC,The Class IV WW domain interaction motif is recognised primarily by the Pin1 phosphorylation-dependent prolyl isomerase.,PF00397,WW,WW domain,...([ST])P.,KFRTPP,502,507,FBXW7_HUMAN,Homo sapiens,22608923,true positive,96,1,disordered
ELME000136,DOC_WW_Pin1_4,WW domain ligands,DOC,The Class IV WW domain interaction motif is recognised primarily by the Pin1 phosphorylation-dependent prolyl isomerase.,PF00397,WW,WW domain,...([ST])P.,KFRTPP,502,507,FOS_MOUSE,Mus musculus,16123044,true positive,96,1,disordered
ELME000136,DOC_WW_Pin1_4,WW domain ligands,DOC,The Class IV WW domain interaction motif is recognised primarily by the Pin1 phosphorylation-dependent prolyl isomerase.,PF00397,WW,WW domain,...([ST])P.,KFRTPP,502,507,FUBP2_HUMAN,Homo sapiens,19770516,true positive,96,1,disordered
ELME000136,DOC_WW_Pin1_4,WW domain ligands,DOC,The Class IV WW domain interaction motif is recognised primarily by the Pin1 phosphorylation-dependent prolyl isomerase.,PF00397,WW,WW domain,...([ST])P.,KFRTPP,502,507,GEPH_MOUSE,Mus musculus,17347650,true positive,96,1,disordered
ELME000136,DOC_WW_Pin1_4,WW domain ligands,DOC,The Class IV WW domain interaction motif is recognised primarily by the Pin1 phosphorylation-dependent prolyl isomerase.,PF00397,WW,WW domain,...([ST])P.,KFRTPP,502,507,IRF3_HUMAN,Homo sapiens,16699525,true positive,96,1,disordered
ELME000136,DOC_WW_Pin1_4,WW domain ligands,DOC,The Class IV WW domain interaction motif is recognised primarily by the Pin1 phosphorylation-dependent prolyl isomerase.,PF00397,WW,WW domain,...([ST])P.,KFRTPP,502,507,IRS1_HUMAN,Homo sapiens,21454638,true positive,96,1,disordered
ELME000136,DOC_WW_Pin1_4,WW domain ligands,DOC,The Class IV WW domain interaction motif is recognised primarily by the Pin1 phosphorylation-dependent prolyl isomerase.,PF00397,WW,WW domain,...([ST])P.,KFRTPP,502,507,JUN_HUMAN,Homo sapiens,11432833,true positive,96,1,disordered
ELME000136,DOC_WW_Pin1_4,WW domain ligands,DOC,The Class IV WW domain interaction motif is recognised primarily by the Pin1 phosphorylation-dependent prolyl isomerase.,PF00397,WW,WW domain,...([ST])P.,KFRTPP,502,507,KI20B_HUMAN,Homo sapiens,11470801,true positive,96,1,disordered
ELME000136,DOC_WW_Pin1_4,WW domain ligands,DOC,The Class IV WW domain interaction motif is recognised primarily by the Pin1 phosphorylation-dependent prolyl isomerase.,PF00397,WW,WW domain,...([ST])P.,KFRTPP,502,507,MEF2C_MOUSE,Mus musculus,20801874,true positive,96,1,disordered
ELME000136,DOC_WW_Pin1_4,WW domain ligands,DOC,The Class IV WW domain interaction motif is recognised primarily by the Pin1 phosphorylation-dependent prolyl isomerase.,PF00397,WW,WW domain,...([ST])P.,KFRTPP,502,507,MYB_MOUSE,Mus musculus,18359295,true positive,96,1,disordered
ELME000136,DOC_WW_Pin1_4,WW domain ligands,DOC,The Class IV WW domain interaction motif is recognised primarily by the Pin1 phosphorylation-dependent prolyl isomerase.,PF00397,WW,WW domain,...([ST])P.,KFRTPP,502,507,MYC_HUMAN,Homo sapiens,15048125,true positive,96,1,disordered
ELME000136,DOC_WW_Pin1_4,WW domain ligands,DOC,The Class IV WW domain interaction motif is recognised primarily by the Pin1 phosphorylation-dependent prolyl isomerase.,PF00397,WW,WW domain,...([ST])P.,KFRTPP,502,507,NANOG_MOUSE,Mus musculus,20622153,true positive,96,1,disordered
ELME000136,DOC_WW_Pin1_4,WW domain ligands,DOC,The Class IV WW domain interaction motif is recognised primarily by the Pin1 phosphorylation-dependent prolyl isomerase.,PF00397,WW,WW domain,...([ST])P.,KFRTPP,502,507,NCF1_HUMAN,Homo sapiens,20956805,true positive,96,1,disordered
ELME000136,DOC_WW_Pin1_4,WW domain ligands,DOC,The Class IV WW domain interaction motif is recognised primarily by the Pin1 phosphorylation-dependent prolyl isomerase.,PF00397,WW,WW domain,...([ST])P.,KFRTPP,502,507,NCOR2_HUMAN,Homo sapiens,18838553,true positive,96,1,disordered
ELME000136,DOC_WW_Pin1_4,WW domain ligands,DOC,The Class IV WW domain interaction motif is recognised primarily by the Pin1 phosphorylation-dependent prolyl isomerase.,PF00397,WW,WW domain,...([ST])P.,KFRTPP,502,507,NEK6_HUMAN,Homo sapiens,16476580,true positive,96,1,disordered
ELME000136,DOC_WW_Pin1_4,WW domain ligands,DOC,The Class IV WW domain interaction motif is recognised primarily by the Pin1 phosphorylation-dependent prolyl isomerase.,PF00397,WW,WW domain,...([ST])P.,KFRTPP,502,507,NONO_MOUSE,Mus musculus,15701524,true positive,96,1,disordered
ELME000136,DOC_WW_Pin1_4,WW domain ligands,DOC,The Class IV WW domain interaction motif is recognised primarily by the Pin1 phosphorylation-dependent prolyl isomerase.,PF00397,WW,WW domain,...([ST])P.,KFRTPP,502,507,NOTC1_HUMAN,Homo sapiens,19151708,true positive,96,1,disordered
ELME000136,DOC_WW_Pin1_4,WW domain ligands,DOC,The Class IV WW domain interaction motif is recognised primarily by the Pin1 phosphorylation-dependent prolyl isomerase.,PF00397,WW,WW domain,...([ST])P.,KFRTPP,502,507,NR4A1_HUMAN,Homo sapiens,22002310,true positive,96,1,disordered
ELME000136,DOC_WW_Pin1_4,WW domain ligands,DOC,The Class IV WW domain interaction motif is recognised primarily by the Pin1 phosphorylation-dependent prolyl isomerase.,PF00397,WW,WW domain,...([ST])P.,KFRTPP,502,507,P53_HUMAN,Homo sapiens,12388558,true positive,96,1,disordered
ELME000136,DOC_WW_Pin1_4,WW domain ligands,DOC,The Class IV WW domain interaction motif is recognised primarily by the Pin1 phosphorylation-dependent prolyl isomerase.,PF00397,WW,WW domain,...([ST])P.,KFRTPP,502,507,P53_HUMAN,Homo sapiens,12397362,true positive,96,1,disordered
ELME000136,DOC_WW_Pin1_4,WW domain ligands,DOC,The Class IV WW domain interaction motif is recognised primarily by the Pin1 phosphorylation-dependent prolyl isomerase.,PF00397,WW,WW domain,...([ST])P.,KFRTPP,502,507,P73_HUMAN,Homo sapiens,15175157,true positive,96,1,disordered
ELME000136,DOC_WW_Pin1_4,WW domain ligands,DOC,The Class IV WW domain interaction motif is recognised primarily by the Pin1 phosphorylation-dependent prolyl isomerase.,PF00397,WW,WW domain,...([ST])P.,KFRTPP,502,507,PML_HUMAN,Homo sapiens,18039859,true positive,96,1,disordered
ELME000136,DOC_WW_Pin1_4,WW domain ligands,DOC,The Class IV WW domain interaction motif is recognised primarily by the Pin1 phosphorylation-dependent prolyl isomerase.,PF00397,WW,WW domain,...([ST])P.,KFRTPP,502,507,PO5F1_HUMAN,Homo sapiens,21296877,true positive,96,1,disordered
ELME000136,DOC_WW_Pin1_4,WW domain ligands,DOC,The Class IV WW domain interaction motif is recognised primarily by the Pin1 phosphorylation-dependent prolyl isomerase.,PF00397,WW,WW domain,...([ST])P.,KFRTPP,502,507,PPARG_HUMAN,Homo sapiens,19996102,true positive,96,1,disordered
ELME000136,DOC_WW_Pin1_4,WW domain ligands,DOC,The Class IV WW domain interaction motif is recognised primarily by the Pin1 phosphorylation-dependent prolyl isomerase.,PF00397,WW,WW domain,...([ST])P.,KFRTPP,502,507,RARA_HUMAN,Homo sapiens,15670742,true positive,96,1,disordered
ELME000136,DOC_WW_Pin1_4,WW domain ligands,DOC,The Class IV WW domain interaction motif is recognised primarily by the Pin1 phosphorylation-dependent prolyl isomerase.,PF00397,WW,WW domain,...([ST])P.,KFRTPP,502,507,SMAD3_HUMAN,Homo sapiens,19122240 21685363,true positive,96,1,disordered
ELME000136,DOC_WW_Pin1_4,WW domain ligands,DOC,The Class IV WW domain interaction motif is recognised primarily by the Pin1 phosphorylation-dependent prolyl isomerase.,PF00397,WW,WW domain,...([ST])P.,KFRTPP,502,507,SMAD3_HUMAN,Homo sapiens,19122240,true positive,96,1,disordered
ELME000136,DOC_WW_Pin1_4,WW domain ligands,DOC,The Class IV WW domain interaction motif is recognised primarily by the Pin1 phosphorylation-dependent prolyl isomerase.,PF00397,WW,WW domain,...([ST])P.,KFRTPP,502,507,SNCAP_HUMAN,Homo sapiens,16365047,true positive,96,1,disordered
ELME000136,DOC_WW_Pin1_4,WW domain ligands,DOC,The Class IV WW domain interaction motif is recognised primarily by the Pin1 phosphorylation-dependent prolyl isomerase.,PF00397,WW,WW domain,...([ST])P.,KFRTPP,502,507,SOC1_ARATH,Arabidopsis thaliana,20129060,true positive,96,1,disordered
ELME000136,DOC_WW_Pin1_4,WW domain ligands,DOC,The Class IV WW domain interaction motif is recognised primarily by the Pin1 phosphorylation-dependent prolyl isomerase.,PF00397,WW,WW domain,...([ST])P.,KFRTPP,502,507,SPT23_YEAST,Saccharomyces cerevisiae S288c,19597489,true positive,96,1,disordered
ELME000136,DOC_WW_Pin1_4,WW domain ligands,DOC,The Class IV WW domain interaction motif is recognised primarily by the Pin1 phosphorylation-dependent prolyl isomerase.,PF00397,WW,WW domain,...([ST])P.,KFRTPP,502,507,ST4A1_HUMAN,Homo sapiens,19439498 20920535,true positive,96,1,disordered
ELME000136,DOC_WW_Pin1_4,WW domain ligands,DOC,The Class IV WW domain interaction motif is recognised primarily by the Pin1 phosphorylation-dependent prolyl isomerase.,PF00397,WW,WW domain,...([ST])P.,KFRTPP,502,507,STAT3_HUMAN,Homo sapiens,17563747,true positive,96,1,disordered
ELME000136,DOC_WW_Pin1_4,WW domain ligands,DOC,The Class IV WW domain interaction motif is recognised primarily by the Pin1 phosphorylation-dependent prolyl isomerase.,PF00397,WW,WW domain,...([ST])P.,KFRTPP,502,507,STF1_MOUSE,Mus musculus,19995909,true positive,96,1,disordered
ELME000136,DOC_WW_Pin1_4,WW domain ligands,DOC,The Class IV WW domain interaction motif is recognised primarily by the Pin1 phosphorylation-dependent prolyl isomerase.,PF00397,WW,WW domain,...([ST])P.,KFRTPP,502,507,TAU_HUMAN,Homo sapiens,10391244,true positive,96,1,disordered
ELME000136,DOC_WW_Pin1_4,WW domain ligands,DOC,The Class IV WW domain interaction motif is recognised primarily by the Pin1 phosphorylation-dependent prolyl isomerase.,PF00397,WW,WW domain,...([ST])P.,KFRTPP,502,507,TAX_HTL1A,Human T-cell lymphotrophic virus type 1 (strain ATK),19338781,true positive,96,1,disordered
ELME000136,DOC_WW_Pin1_4,WW domain ligands,DOC,The Class IV WW domain interaction motif is recognised primarily by the Pin1 phosphorylation-dependent prolyl isomerase.,PF00397,WW,WW domain,...([ST])P.,KFRTPP,502,507,TERF1_HUMAN,Homo sapiens,19060891,true positive,96,1,disordered
ELME000136,DOC_WW_Pin1_4,WW domain ligands,DOC,The Class IV WW domain interaction motif is recognised primarily by the Pin1 phosphorylation-dependent prolyl isomerase.,PF00397,WW,WW domain,...([ST])P.,KFRTPP,502,507,TF65_HUMAN,Homo sapiens,14690596,true positive,96,1,disordered
ELME000136,DOC_WW_Pin1_4,WW domain ligands,DOC,The Class IV WW domain interaction motif is recognised primarily by the Pin1 phosphorylation-dependent prolyl isomerase.,PF00397,WW,WW domain,...([ST])P.,KFRTPP,502,507,TFCP2_HUMAN,Homo sapiens,20682773,true positive,96,1,disordered
ELME000136,DOC_WW_Pin1_4,WW domain ligands,DOC,The Class IV WW domain interaction motif is recognised primarily by the Pin1 phosphorylation-dependent prolyl isomerase.,PF00397,WW,WW domain,...([ST])P.,KFRTPP,502,507,WEE1B_XENLA,Xenopus laevis,17360425,true positive,96,1,disordered
ELME000136,DOC_WW_Pin1_4,WW domain ligands,DOC,The Class IV WW domain interaction motif is recognised primarily by the Pin1 phosphorylation-dependent prolyl isomerase.,PF00397,WW,WW domain,...([ST])P.,KFRTPP,502,507,X_HBVA3,Hepatitis B virus adw2/Rutter/1979,17383430,true positive,96,1,disordered
ELME000417,LIG_14-3-3_CanoR_1,14-3-3 binding phosphopeptide motif,LIG,Canonical Arg-containing phospho-motif mediating a strong interaction with 14-3-3 proteins.  ,PF00244,14-3-3,14-3-3 protein,"R[^DE]{0,2}[^DEPG]([ST])(([FWYLMV].)|([^PRIKGN]P)|([^PRIKGN].{2,4}[VILMFWYP]))",RVQSTSTDV,449,457,3BP2_HUMAN,Homo sapiens,12501243,true positive,65,16,disordered
ELME000417,LIG_14-3-3_CanoR_1,14-3-3 binding phosphopeptide motif,LIG,Canonical Arg-containing phospho-motif mediating a strong interaction with 14-3-3 proteins.  ,PF00244,14-3-3,14-3-3 protein,"R[^DE]{0,2}[^DEPG]([ST])(([FWYLMV].)|([^PRIKGN]P)|([^PRIKGN].{2,4}[VILMFWYP]))",RVQSTSTDV,449,457,ADA22_HUMAN,Homo sapiens,16868027,true positive,65,16,disordered
ELME000417,LIG_14-3-3_CanoR_1,14-3-3 binding phosphopeptide motif,LIG,Canonical Arg-containing phospho-motif mediating a strong interaction with 14-3-3 proteins.  ,PF00244,14-3-3,14-3-3 protein,"R[^DE]{0,2}[^DEPG]([ST])(([FWYLMV].)|([^PRIKGN]P)|([^PRIKGN].{2,4}[VILMFWYP]))",RVQSTSTDV,449,457,ATX1_HUMAN,Homo sapiens,20037628 12757707,true positive,65,16,disordered
ELME000417,LIG_14-3-3_CanoR_1,14-3-3 binding phosphopeptide motif,LIG,Canonical Arg-containing phospho-motif mediating a strong interaction with 14-3-3 proteins.  ,PF00244,14-3-3,14-3-3 protein,"R[^DE]{0,2}[^DEPG]([ST])(([FWYLMV].)|([^PRIKGN]P)|([^PRIKGN].{2,4}[VILMFWYP]))",RVQSTSTDV,449,457,B7UM88_ECO27,Escherichia coli O127:H6 str. E2348/69,15339273,true positive,65,16,disordered
ELME000417,LIG_14-3-3_CanoR_1,14-3-3 binding phosphopeptide motif,LIG,Canonical Arg-containing phospho-motif mediating a strong interaction with 14-3-3 proteins.  ,PF00244,14-3-3,14-3-3 protein,"R[^DE]{0,2}[^DEPG]([ST])(([FWYLMV].)|([^PRIKGN]P)|([^PRIKGN].{2,4}[VILMFWYP]))",RVQSTSTDV,449,457,BAD_MOUSE,Mus musculus,8929531,true positive,65,16,disordered
ELME000417,LIG_14-3-3_CanoR_1,14-3-3 binding phosphopeptide motif,LIG,Canonical Arg-containing phospho-motif mediating a strong interaction with 14-3-3 proteins.  ,PF00244,14-3-3,14-3-3 protein,"R[^DE]{0,2}[^DEPG]([ST])(([FWYLMV].)|([^PRIKGN]P)|([^PRIKGN].{2,4}[VILMFWYP]))",RVQSTSTDV,449,457,BAD_MOUSE,Mus musculus,8929531 10949026,true positive,65,16,disordered
ELME000417,LIG_14-3-3_CanoR_1,14-3-3 binding phosphopeptide motif,LIG,Canonical Arg-containing phospho-motif mediating a strong interaction with 14-3-3 proteins.  ,PF00244,14-3-3,14-3-3 protein,"R[^DE]{0,2}[^DEPG]([ST])(([FWYLMV].)|([^PRIKGN]P)|([^PRIKGN].{2,4}[VILMFWYP]))",RVQSTSTDV,449,457,BAD_RAT,Rattus norvegicus,9369453,true positive,65,16,disordered
ELME000417,LIG_14-3-3_CanoR_1,14-3-3 binding phosphopeptide motif,LIG,Canonical Arg-containing phospho-motif mediating a strong interaction with 14-3-3 proteins.  ,PF00244,14-3-3,14-3-3 protein,"R[^DE]{0,2}[^DEPG]([ST])(([FWYLMV].)|([^PRIKGN]P)|([^PRIKGN].{2,4}[VILMFWYP]))",RVQSTSTDV,449,457,CBY1_HUMAN,Homo sapiens,25909186,true positive,65,16,disordered
ELME000417,LIG_14-3-3_CanoR_1,14-3-3 binding phosphopeptide motif,LIG,Canonical Arg-containing phospho-motif mediating a strong interaction with 14-3-3 proteins.  ,PF00244,14-3-3,14-3-3 protein,"R[^DE]{0,2}[^DEPG]([ST])(([FWYLMV].)|([^PRIKGN]P)|([^PRIKGN].{2,4}[VILMFWYP]))",RVQSTSTDV,449,457,CFTR_HUMAN,Homo sapiens,26888287,true positive,65,16,disordered
ELME000417,LIG_14-3-3_CanoR_1,14-3-3 binding phosphopeptide motif,LIG,Canonical Arg-containing phospho-motif mediating a strong interaction with 14-3-3 proteins.  ,PF00244,14-3-3,14-3-3 protein,"R[^DE]{0,2}[^DEPG]([ST])(([FWYLMV].)|([^PRIKGN]P)|([^PRIKGN].{2,4}[VILMFWYP]))",RVQSTSTDV,449,457,FOXO3_HUMAN,Homo sapiens,11864996,true positive,65,16,disordered
ELME000417,LIG_14-3-3_CanoR_1,14-3-3 binding phosphopeptide motif,LIG,Canonical Arg-containing phospho-motif mediating a strong interaction with 14-3-3 proteins.  ,PF00244,14-3-3,14-3-3 protein,"R[^DE]{0,2}[^DEPG]([ST])(([FWYLMV].)|([^PRIKGN]P)|([^PRIKGN].{2,4}[VILMFWYP]))",RVQSTSTDV,449,457,FOXO4_HUMAN,Homo sapiens,14690436,true positive,65,16,disordered
ELME000417,LIG_14-3-3_CanoR_1,14-3-3 binding phosphopeptide motif,LIG,Canonical Arg-containing phospho-motif mediating a strong interaction with 14-3-3 proteins.  ,PF00244,14-3-3,14-3-3 protein,"R[^DE]{0,2}[^DEPG]([ST])(([FWYLMV].)|([^PRIKGN]P)|([^PRIKGN].{2,4}[VILMFWYP]))",RVQSTSTDV,449,457,FOXO4_HUMAN,Homo sapiens,16114898,true positive,65,16,disordered
ELME000417,LIG_14-3-3_CanoR_1,14-3-3 binding phosphopeptide motif,LIG,Canonical Arg-containing phospho-motif mediating a strong interaction with 14-3-3 proteins.  ,PF00244,14-3-3,14-3-3 protein,"R[^DE]{0,2}[^DEPG]([ST])(([FWYLMV].)|([^PRIKGN]P)|([^PRIKGN].{2,4}[VILMFWYP]))",RVQSTSTDV,449,457,GAB2_HUMAN,Homo sapiens,19172738,true positive,65,16,disordered
ELME000417,LIG_14-3-3_CanoR_1,14-3-3 binding phosphopeptide motif,LIG,Canonical Arg-containing phospho-motif mediating a strong interaction with 14-3-3 proteins.  ,PF00244,14-3-3,14-3-3 protein,"R[^DE]{0,2}[^DEPG]([ST])(([FWYLMV].)|([^PRIKGN]P)|([^PRIKGN].{2,4}[VILMFWYP]))",RVQSTSTDV,449,457,GFAP_HUMAN,Homo sapiens,17032734,true positive,65,16,disordered
ELME000417,LIG_14-3-3_CanoR_1,14-3-3 binding phosphopeptide motif,LIG,Canonical Arg-containing phospho-motif mediating a strong interaction with 14-3-3 proteins.  ,PF00244,14-3-3,14-3-3 protein,"R[^DE]{0,2}[^DEPG]([ST])(([FWYLMV].)|([^PRIKGN]P)|([^PRIKGN].{2,4}[VILMFWYP]))",RVQSTSTDV,449,457,H31_HUMAN,Homo sapiens,16246723,true positive,65,16,disordered
ELME000417,LIG_14-3-3_CanoR_1,14-3-3 binding phosphopeptide motif,LIG,Canonical Arg-containing phospho-motif mediating a strong interaction with 14-3-3 proteins.  ,PF00244,14-3-3,14-3-3 protein,"R[^DE]{0,2}[^DEPG]([ST])(([FWYLMV].)|([^PRIKGN]P)|([^PRIKGN].{2,4}[VILMFWYP]))",RVQSTSTDV,449,457,HDAC4_HUMAN,Homo sapiens,10958686 10869435,true positive,65,16,disordered
ELME000417,LIG_14-3-3_CanoR_1,14-3-3 binding phosphopeptide motif,LIG,Canonical Arg-containing phospho-motif mediating a strong interaction with 14-3-3 proteins.  ,PF00244,14-3-3,14-3-3 protein,"R[^DE]{0,2}[^DEPG]([ST])(([FWYLMV].)|([^PRIKGN]P)|([^PRIKGN].{2,4}[VILMFWYP]))",RVQSTSTDV,449,457,HDAC4_HUMAN,Homo sapiens,10869435,true positive,65,16,disordered
ELME000417,LIG_14-3-3_CanoR_1,14-3-3 binding phosphopeptide motif,LIG,Canonical Arg-containing phospho-motif mediating a strong interaction with 14-3-3 proteins.  ,PF00244,14-3-3,14-3-3 protein,"R[^DE]{0,2}[^DEPG]([ST])(([FWYLMV].)|([^PRIKGN]P)|([^PRIKGN].{2,4}[VILMFWYP]))",RVQSTSTDV,449,457,HDAC5_HUMAN,Homo sapiens,11114197,true positive,65,16,disordered
ELME000417,LIG_14-3-3_CanoR_1,14-3-3 binding phosphopeptide motif,LIG,Canonical Arg-containing phospho-motif mediating a strong interaction with 14-3-3 proteins.  ,PF00244,14-3-3,14-3-3 protein,"R[^DE]{0,2}[^DEPG]([ST])(([FWYLMV].)|([^PRIKGN]P)|([^PRIKGN].{2,4}[VILMFWYP]))",RVQSTSTDV,449,457,KIF1C_HUMAN,Homo sapiens,17085597 10559254,true positive,65,16,disordered
ELME000417,LIG_14-3-3_CanoR_1,14-3-3 binding phosphopeptide motif,LIG,Canonical Arg-containing phospho-motif mediating a strong interaction with 14-3-3 proteins.  ,PF00244,14-3-3,14-3-3 protein,"R[^DE]{0,2}[^DEPG]([ST])(([FWYLMV].)|([^PRIKGN]P)|([^PRIKGN].{2,4}[VILMFWYP]))",RVQSTSTDV,449,457,KLC2_HUMAN,Homo sapiens,21189416,true positive,65,16,disordered
ELME000417,LIG_14-3-3_CanoR_1,14-3-3 binding phosphopeptide motif,LIG,Canonical Arg-containing phospho-motif mediating a strong interaction with 14-3-3 proteins.  ,PF00244,14-3-3,14-3-3 protein,"R[^DE]{0,2}[^DEPG]([ST])(([FWYLMV].)|([^PRIKGN]P)|([^PRIKGN].{2,4}[VILMFWYP]))",RVQSTSTDV,449,457,KLC3_HUMAN,Homo sapiens,21189416,true positive,65,16,disordered
ELME000417,LIG_14-3-3_CanoR_1,14-3-3 binding phosphopeptide motif,LIG,Canonical Arg-containing phospho-motif mediating a strong interaction with 14-3-3 proteins.  ,PF00244,14-3-3,14-3-3 protein,"R[^DE]{0,2}[^DEPG]([ST])(([FWYLMV].)|([^PRIKGN]P)|([^PRIKGN].{2,4}[VILMFWYP]))",RVQSTSTDV,449,457,KPCE_HUMAN,Homo sapiens,19662078,true positive,65,16,disordered
ELME000417,LIG_14-3-3_CanoR_1,14-3-3 binding phosphopeptide motif,LIG,Canonical Arg-containing phospho-motif mediating a strong interaction with 14-3-3 proteins.  ,PF00244,14-3-3,14-3-3 protein,"R[^DE]{0,2}[^DEPG]([ST])(([FWYLMV].)|([^PRIKGN]P)|([^PRIKGN].{2,4}[VILMFWYP]))",RVQSTSTDV,449,457,KSR1_MOUSE,Mus musculus,9858547,true positive,65,16,disordered
ELME000417,LIG_14-3-3_CanoR_1,14-3-3 binding phosphopeptide motif,LIG,Canonical Arg-containing phospho-motif mediating a strong interaction with 14-3-3 proteins.  ,PF00244,14-3-3,14-3-3 protein,"R[^DE]{0,2}[^DEPG]([ST])(([FWYLMV].)|([^PRIKGN]P)|([^PRIKGN].{2,4}[VILMFWYP]))",RVQSTSTDV,449,457,M3K5_HUMAN,Homo sapiens,17085597 10411906,true positive,65,16,disordered
ELME000417,LIG_14-3-3_CanoR_1,14-3-3 binding phosphopeptide motif,LIG,Canonical Arg-containing phospho-motif mediating a strong interaction with 14-3-3 proteins.  ,PF00244,14-3-3,14-3-3 protein,"R[^DE]{0,2}[^DEPG]([ST])(([FWYLMV].)|([^PRIKGN]P)|([^PRIKGN].{2,4}[VILMFWYP]))",RVQSTSTDV,449,457,MDM4_HUMAN,Homo sapiens,16943424,true positive,65,16,disordered
ELME000417,LIG_14-3-3_CanoR_1,14-3-3 binding phosphopeptide motif,LIG,Canonical Arg-containing phospho-motif mediating a strong interaction with 14-3-3 proteins.  ,PF00244,14-3-3,14-3-3 protein,"R[^DE]{0,2}[^DEPG]([ST])(([FWYLMV].)|([^PRIKGN]P)|([^PRIKGN].{2,4}[VILMFWYP]))",RVQSTSTDV,449,457,MEFV_HUMAN,Homo sapiens,15934090,true positive,65,16,disordered
ELME000417,LIG_14-3-3_CanoR_1,14-3-3 binding phosphopeptide motif,LIG,Canonical Arg-containing phospho-motif mediating a strong interaction with 14-3-3 proteins.  ,PF00244,14-3-3,14-3-3 protein,"R[^DE]{0,2}[^DEPG]([ST])(([FWYLMV].)|([^PRIKGN]P)|([^PRIKGN].{2,4}[VILMFWYP]))",RVQSTSTDV,449,457,MEI2_SCHPO,Schizosaccharomyces pombe 972h-,11818066,true positive,65,16,disordered
ELME000417,LIG_14-3-3_CanoR_1,14-3-3 binding phosphopeptide motif,LIG,Canonical Arg-containing phospho-motif mediating a strong interaction with 14-3-3 proteins.  ,PF00244,14-3-3,14-3-3 protein,"R[^DE]{0,2}[^DEPG]([ST])(([FWYLMV].)|([^PRIKGN]P)|([^PRIKGN].{2,4}[VILMFWYP]))",RVQSTSTDV,449,457,MLF1_HUMAN,Homo sapiens,22151054,true positive,65,16,disordered
ELME000417,LIG_14-3-3_CanoR_1,14-3-3 binding phosphopeptide motif,LIG,Canonical Arg-containing phospho-motif mediating a strong interaction with 14-3-3 proteins.  ,PF00244,14-3-3,14-3-3 protein,"R[^DE]{0,2}[^DEPG]([ST])(([FWYLMV].)|([^PRIKGN]P)|([^PRIKGN].{2,4}[VILMFWYP]))",RVQSTSTDV,449,457,MT_POVM3,Mouse polyomavirus (strain 3),9428519,true positive,65,16,disordered
ELME000417,LIG_14-3-3_CanoR_1,14-3-3 binding phosphopeptide motif,LIG,Canonical Arg-containing phospho-motif mediating a strong interaction with 14-3-3 proteins.  ,PF00244,14-3-3,14-3-3 protein,"R[^DE]{0,2}[^DEPG]([ST])(([FWYLMV].)|([^PRIKGN]P)|([^PRIKGN].{2,4}[VILMFWYP]))",RVQSTSTDV,449,457,NAC1_HUMAN,Homo sapiens,16679322,true positive,65,16,disordered
ELME000417,LIG_14-3-3_CanoR_1,14-3-3 binding phosphopeptide motif,LIG,Canonical Arg-containing phospho-motif mediating a strong interaction with 14-3-3 proteins.  ,PF00244,14-3-3,14-3-3 protein,"R[^DE]{0,2}[^DEPG]([ST])(([FWYLMV].)|([^PRIKGN]P)|([^PRIKGN].{2,4}[VILMFWYP]))",RVQSTSTDV,449,457,NED4L_HUMAN,Homo sapiens,21900244,true positive,65,16,disordered
ELME000417,LIG_14-3-3_CanoR_1,14-3-3 binding phosphopeptide motif,LIG,Canonical Arg-containing phospho-motif mediating a strong interaction with 14-3-3 proteins.  ,PF00244,14-3-3,14-3-3 protein,"R[^DE]{0,2}[^DEPG]([ST])(([FWYLMV].)|([^PRIKGN]P)|([^PRIKGN].{2,4}[VILMFWYP]))",RVQSTSTDV,449,457,NED4L_HUMAN,Homo sapiens,15677482,true positive,65,16,disordered
ELME000417,LIG_14-3-3_CanoR_1,14-3-3 binding phosphopeptide motif,LIG,Canonical Arg-containing phospho-motif mediating a strong interaction with 14-3-3 proteins.  ,PF00244,14-3-3,14-3-3 protein,"R[^DE]{0,2}[^DEPG]([ST])(([FWYLMV].)|([^PRIKGN]P)|([^PRIKGN].{2,4}[VILMFWYP]))",RVQSTSTDV,449,457,PACS2_HUMAN,Homo sapiens,19481529,true positive,65,16,disordered
ELME000417,LIG_14-3-3_CanoR_1,14-3-3 binding phosphopeptide motif,LIG,Canonical Arg-containing phospho-motif mediating a strong interaction with 14-3-3 proteins.  ,PF00244,14-3-3,14-3-3 protein,"R[^DE]{0,2}[^DEPG]([ST])(([FWYLMV].)|([^PRIKGN]P)|([^PRIKGN].{2,4}[VILMFWYP]))",RVQSTSTDV,449,457,PADI6_HUMAN,Homo sapiens,22634725,true positive,65,16,disordered
ELME000417,LIG_14-3-3_CanoR_1,14-3-3 binding phosphopeptide motif,LIG,Canonical Arg-containing phospho-motif mediating a strong interaction with 14-3-3 proteins.  ,PF00244,14-3-3,14-3-3 protein,"R[^DE]{0,2}[^DEPG]([ST])(([FWYLMV].)|([^PRIKGN]P)|([^PRIKGN].{2,4}[VILMFWYP]))",RVQSTSTDV,449,457,PDE3A_HUMAN,Homo sapiens,16153182,true positive,65,16,disordered
ELME000417,LIG_14-3-3_CanoR_1,14-3-3 binding phosphopeptide motif,LIG,Canonical Arg-containing phospho-motif mediating a strong interaction with 14-3-3 proteins.  ,PF00244,14-3-3,14-3-3 protein,"R[^DE]{0,2}[^DEPG]([ST])(([FWYLMV].)|([^PRIKGN]P)|([^PRIKGN].{2,4}[VILMFWYP]))",RVQSTSTDV,449,457,PTN3_HUMAN,Homo sapiens,9341175,true positive,65,16,disordered
ELME000417,LIG_14-3-3_CanoR_1,14-3-3 binding phosphopeptide motif,LIG,Canonical Arg-containing phospho-motif mediating a strong interaction with 14-3-3 proteins.  ,PF00244,14-3-3,14-3-3 protein,"R[^DE]{0,2}[^DEPG]([ST])(([FWYLMV].)|([^PRIKGN]P)|([^PRIKGN].{2,4}[VILMFWYP]))",RVQSTSTDV,449,457,PTPN3_MOUSE,Mus musculus,9341175,true positive,65,16,disordered
ELME000417,LIG_14-3-3_CanoR_1,14-3-3 binding phosphopeptide motif,LIG,Canonical Arg-containing phospho-motif mediating a strong interaction with 14-3-3 proteins.  ,PF00244,14-3-3,14-3-3 protein,"R[^DE]{0,2}[^DEPG]([ST])(([FWYLMV].)|([^PRIKGN]P)|([^PRIKGN].{2,4}[VILMFWYP]))",RVQSTSTDV,449,457,Q888Y7_PSESM,Pseudomonas syringae pv. tomato str. DC3000,23417089,true positive,65,16,disordered
ELME000417,LIG_14-3-3_CanoR_1,14-3-3 binding phosphopeptide motif,LIG,Canonical Arg-containing phospho-motif mediating a strong interaction with 14-3-3 proteins.  ,PF00244,14-3-3,14-3-3 protein,"R[^DE]{0,2}[^DEPG]([ST])(([FWYLMV].)|([^PRIKGN]P)|([^PRIKGN].{2,4}[VILMFWYP]))",RVQSTSTDV,449,457,RAF1_HUMAN,Homo sapiens,23808890,true positive,65,16,disordered
ELME000417,LIG_14-3-3_CanoR_1,14-3-3 binding phosphopeptide motif,LIG,Canonical Arg-containing phospho-motif mediating a strong interaction with 14-3-3 proteins.  ,PF00244,14-3-3,14-3-3 protein,"R[^DE]{0,2}[^DEPG]([ST])(([FWYLMV].)|([^PRIKGN]P)|([^PRIKGN].{2,4}[VILMFWYP]))",RVQSTSTDV,449,457,RAF1_HUMAN,Homo sapiens,8601312 23808890 20679480,true positive,65,16,disordered
ELME000417,LIG_14-3-3_CanoR_1,14-3-3 binding phosphopeptide motif,LIG,Canonical Arg-containing phospho-motif mediating a strong interaction with 14-3-3 proteins.  ,PF00244,14-3-3,14-3-3 protein,"R[^DE]{0,2}[^DEPG]([ST])(([FWYLMV].)|([^PRIKGN]P)|([^PRIKGN].{2,4}[VILMFWYP]))",RVQSTSTDV,449,457,RAF1_HUMAN,Homo sapiens,23808890 8601312,true positive,65,16,disordered
ELME000417,LIG_14-3-3_CanoR_1,14-3-3 binding phosphopeptide motif,LIG,Canonical Arg-containing phospho-motif mediating a strong interaction with 14-3-3 proteins.  ,PF00244,14-3-3,14-3-3 protein,"R[^DE]{0,2}[^DEPG]([ST])(([FWYLMV].)|([^PRIKGN]P)|([^PRIKGN].{2,4}[VILMFWYP]))",RVQSTSTDV,449,457,RGS3_HUMAN,Homo sapiens,11985497,true positive,65,16,disordered
ELME000417,LIG_14-3-3_CanoR_1,14-3-3 binding phosphopeptide motif,LIG,Canonical Arg-containing phospho-motif mediating a strong interaction with 14-3-3 proteins.  ,PF00244,14-3-3,14-3-3 protein,"R[^DE]{0,2}[^DEPG]([ST])(([FWYLMV].)|([^PRIKGN]P)|([^PRIKGN].{2,4}[VILMFWYP]))",RVQSTSTDV,449,457,RIM15_YEAST,Saccharomyces cerevisiae,16308562,true positive,65,16,disordered
ELME000417,LIG_14-3-3_CanoR_1,14-3-3 binding phosphopeptide motif,LIG,Canonical Arg-containing phospho-motif mediating a strong interaction with 14-3-3 proteins.  ,PF00244,14-3-3,14-3-3 protein,"R[^DE]{0,2}[^DEPG]([ST])(([FWYLMV].)|([^PRIKGN]P)|([^PRIKGN].{2,4}[VILMFWYP]))",RVQSTSTDV,449,457,SLOB_DROME,Drosophila melanogaster,10230800,true positive,65,16,disordered
ELME000417,LIG_14-3-3_CanoR_1,14-3-3 binding phosphopeptide motif,LIG,Canonical Arg-containing phospho-motif mediating a strong interaction with 14-3-3 proteins.  ,PF00244,14-3-3,14-3-3 protein,"R[^DE]{0,2}[^DEPG]([ST])(([FWYLMV].)|([^PRIKGN]P)|([^PRIKGN].{2,4}[VILMFWYP]))",RVQSTSTDV,449,457,SNAT_SHEEP,Ovis aries,11336675,true positive,65,16,disordered
ELME000417,LIG_14-3-3_CanoR_1,14-3-3 binding phosphopeptide motif,LIG,Canonical Arg-containing phospho-motif mediating a strong interaction with 14-3-3 proteins.  ,PF00244,14-3-3,14-3-3 protein,"R[^DE]{0,2}[^DEPG]([ST])(([FWYLMV].)|([^PRIKGN]P)|([^PRIKGN].{2,4}[VILMFWYP]))",RVQSTSTDV,449,457,TBCD1_HUMAN,Homo sapiens,19531644,true positive,65,16,disordered
ELME000417,LIG_14-3-3_CanoR_1,14-3-3 binding phosphopeptide motif,LIG,Canonical Arg-containing phospho-motif mediating a strong interaction with 14-3-3 proteins.  ,PF00244,14-3-3,14-3-3 protein,"R[^DE]{0,2}[^DEPG]([ST])(([FWYLMV].)|([^PRIKGN]P)|([^PRIKGN].{2,4}[VILMFWYP]))",RVQSTSTDV,449,457,TESK1_RAT,Rattus norvegicus,11555644,true positive,65,16,disordered
ELME000417,LIG_14-3-3_CanoR_1,14-3-3 binding phosphopeptide motif,LIG,Canonical Arg-containing phospho-motif mediating a strong interaction with 14-3-3 proteins.  ,PF00244,14-3-3,14-3-3 protein,"R[^DE]{0,2}[^DEPG]([ST])(([FWYLMV].)|([^PRIKGN]P)|([^PRIKGN].{2,4}[VILMFWYP]))",RVQSTSTDV,449,457,TIR_ECO27,Escherichia coli O127:H6 str. E2348/69,16367866,true positive,65,16,disordered
ELME000417,LIG_14-3-3_CanoR_1,14-3-3 binding phosphopeptide motif,LIG,Canonical Arg-containing phospho-motif mediating a strong interaction with 14-3-3 proteins.  ,PF00244,14-3-3,14-3-3 protein,"R[^DE]{0,2}[^DEPG]([ST])(([FWYLMV].)|([^PRIKGN]P)|([^PRIKGN].{2,4}[VILMFWYP]))",RVQSTSTDV,449,457,WWTR1_HUMAN,Homo sapiens,11118213,true positive,65,16,disordered
ELME000417,LIG_14-3-3_CanoR_1,14-3-3 binding phosphopeptide motif,LIG,Canonical Arg-containing phospho-motif mediating a strong interaction with 14-3-3 proteins.  ,PF00244,14-3-3,14-3-3 protein,"R[^DE]{0,2}[^DEPG]([ST])(([FWYLMV].)|([^PRIKGN]P)|([^PRIKGN].{2,4}[VILMFWYP]))",RVQSTSTDV,449,457,WWTR1_MOUSE,Mus musculus,11118213,true positive,65,16,disordered
ELME000417,LIG_14-3-3_CanoR_1,14-3-3 binding phosphopeptide motif,LIG,Canonical Arg-containing phospho-motif mediating a strong interaction with 14-3-3 proteins.  ,PF00244,14-3-3,14-3-3 protein,"R[^DE]{0,2}[^DEPG]([ST])(([FWYLMV].)|([^PRIKGN]P)|([^PRIKGN].{2,4}[VILMFWYP]))",RVQSTSTDV,449,457,YAP1_HUMAN,Homo sapiens,20823509 12535517,true positive,65,16,disordered
ELME000417,LIG_14-3-3_CanoR_1,14-3-3 binding phosphopeptide motif,LIG,Canonical Arg-containing phospho-motif mediating a strong interaction with 14-3-3 proteins.  ,PF00244,14-3-3,14-3-3 protein,"R[^DE]{0,2}[^DEPG]([ST])(([FWYLMV].)|([^PRIKGN]P)|([^PRIKGN].{2,4}[VILMFWYP]))",RVQSTSTDV,449,457,YAP1_HUMAN,Homo sapiens,17974916,true positive,65,16,disordered
ELME000417,LIG_14-3-3_CanoR_1,14-3-3 binding phosphopeptide motif,LIG,Canonical Arg-containing phospho-motif mediating a strong interaction with 14-3-3 proteins.  ,PF00244,14-3-3,14-3-3 protein,"R[^DE]{0,2}[^DEPG]([ST])(([FWYLMV].)|([^PRIKGN]P)|([^PRIKGN].{2,4}[VILMFWYP]))",RVQSTSTDV,449,457,YAP1_MOUSE,Mus musculus,11118213,true positive,65,16,disordered
ELME000417,LIG_14-3-3_CanoR_1,14-3-3 binding phosphopeptide motif,LIG,Canonical Arg-containing phospho-motif mediating a strong interaction with 14-3-3 proteins.  ,PF00244,14-3-3,14-3-3 protein,"R[^DE]{0,2}[^DEPG]([ST])(([FWYLMV].)|([^PRIKGN]P)|([^PRIKGN].{2,4}[VILMFWYP]))",RSSSRSSL,523,530,3BP2_HUMAN,Homo sapiens,12501243,true positive,65,16,disordered
ELME000417,LIG_14-3-3_CanoR_1,14-3-3 binding phosphopeptide motif,LIG,Canonical Arg-containing phospho-motif mediating a strong interaction with 14-3-3 proteins.  ,PF00244,14-3-3,14-3-3 protein,"R[^DE]{0,2}[^DEPG]([ST])(([FWYLMV].)|([^PRIKGN]P)|([^PRIKGN].{2,4}[VILMFWYP]))",RSSSRSSL,523,530,ADA22_HUMAN,Homo sapiens,16868027,true positive,65,16,disordered
ELME000417,LIG_14-3-3_CanoR_1,14-3-3 binding phosphopeptide motif,LIG,Canonical Arg-containing phospho-motif mediating a strong interaction with 14-3-3 proteins.  ,PF00244,14-3-3,14-3-3 protein,"R[^DE]{0,2}[^DEPG]([ST])(([FWYLMV].)|([^PRIKGN]P)|([^PRIKGN].{2,4}[VILMFWYP]))",RSSSRSSL,523,530,ATX1_HUMAN,Homo sapiens,20037628 12757707,true positive,65,16,disordered
ELME000417,LIG_14-3-3_CanoR_1,14-3-3 binding phosphopeptide motif,LIG,Canonical Arg-containing phospho-motif mediating a strong interaction with 14-3-3 proteins.  ,PF00244,14-3-3,14-3-3 protein,"R[^DE]{0,2}[^DEPG]([ST])(([FWYLMV].)|([^PRIKGN]P)|([^PRIKGN].{2,4}[VILMFWYP]))",RSSSRSSL,523,530,B7UM88_ECO27,Escherichia coli O127:H6 str. E2348/69,15339273,true positive,65,16,disordered
ELME000417,LIG_14-3-3_CanoR_1,14-3-3 binding phosphopeptide motif,LIG,Canonical Arg-containing phospho-motif mediating a strong interaction with 14-3-3 proteins.  ,PF00244,14-3-3,14-3-3 protein,"R[^DE]{0,2}[^DEPG]([ST])(([FWYLMV].)|([^PRIKGN]P)|([^PRIKGN].{2,4}[VILMFWYP]))",RSSSRSSL,523,530,BAD_MOUSE,Mus musculus,8929531,true positive,65,16,disordered
ELME000417,LIG_14-3-3_CanoR_1,14-3-3 binding phosphopeptide motif,LIG,Canonical Arg-containing phospho-motif mediating a strong interaction with 14-3-3 proteins.  ,PF00244,14-3-3,14-3-3 protein,"R[^DE]{0,2}[^DEPG]([ST])(([FWYLMV].)|([^PRIKGN]P)|([^PRIKGN].{2,4}[VILMFWYP]))",RSSSRSSL,523,530,BAD_MOUSE,Mus musculus,8929531 10949026,true positive,65,16,disordered
ELME000417,LIG_14-3-3_CanoR_1,14-3-3 binding phosphopeptide motif,LIG,Canonical Arg-containing phospho-motif mediating a strong interaction with 14-3-3 proteins.  ,PF00244,14-3-3,14-3-3 protein,"R[^DE]{0,2}[^DEPG]([ST])(([FWYLMV].)|([^PRIKGN]P)|([^PRIKGN].{2,4}[VILMFWYP]))",RSSSRSSL,523,530,BAD_RAT,Rattus norvegicus,9369453,true positive,65,16,disordered
ELME000417,LIG_14-3-3_CanoR_1,14-3-3 binding phosphopeptide motif,LIG,Canonical Arg-containing phospho-motif mediating a strong interaction with 14-3-3 proteins.  ,PF00244,14-3-3,14-3-3 protein,"R[^DE]{0,2}[^DEPG]([ST])(([FWYLMV].)|([^PRIKGN]P)|([^PRIKGN].{2,4}[VILMFWYP]))",RSSSRSSL,523,530,CBY1_HUMAN,Homo sapiens,25909186,true positive,65,16,disordered
ELME000417,LIG_14-3-3_CanoR_1,14-3-3 binding phosphopeptide motif,LIG,Canonical Arg-containing phospho-motif mediating a strong interaction with 14-3-3 proteins.  ,PF00244,14-3-3,14-3-3 protein,"R[^DE]{0,2}[^DEPG]([ST])(([FWYLMV].)|([^PRIKGN]P)|([^PRIKGN].{2,4}[VILMFWYP]))",RSSSRSSL,523,530,CFTR_HUMAN,Homo sapiens,26888287,true positive,65,16,disordered
ELME000417,LIG_14-3-3_CanoR_1,14-3-3 binding phosphopeptide motif,LIG,Canonical Arg-containing phospho-motif mediating a strong interaction with 14-3-3 proteins.  ,PF00244,14-3-3,14-3-3 protein,"R[^DE]{0,2}[^DEPG]([ST])(([FWYLMV].)|([^PRIKGN]P)|([^PRIKGN].{2,4}[VILMFWYP]))",RSSSRSSL,523,530,FOXO3_HUMAN,Homo sapiens,11864996,true positive,65,16,disordered
ELME000417,LIG_14-3-3_CanoR_1,14-3-3 binding phosphopeptide motif,LIG,Canonical Arg-containing phospho-motif mediating a strong interaction with 14-3-3 proteins.  ,PF00244,14-3-3,14-3-3 protein,"R[^DE]{0,2}[^DEPG]([ST])(([FWYLMV].)|([^PRIKGN]P)|([^PRIKGN].{2,4}[VILMFWYP]))",RSSSRSSL,523,530,FOXO4_HUMAN,Homo sapiens,14690436,true positive,65,16,disordered
ELME000417,LIG_14-3-3_CanoR_1,14-3-3 binding phosphopeptide motif,LIG,Canonical Arg-containing phospho-motif mediating a strong interaction with 14-3-3 proteins.  ,PF00244,14-3-3,14-3-3 protein,"R[^DE]{0,2}[^DEPG]([ST])(([FWYLMV].)|([^PRIKGN]P)|([^PRIKGN].{2,4}[VILMFWYP]))",RSSSRSSL,523,530,FOXO4_HUMAN,Homo sapiens,16114898,true positive,65,16,disordered
ELME000417,LIG_14-3-3_CanoR_1,14-3-3 binding phosphopeptide motif,LIG,Canonical Arg-containing phospho-motif mediating a strong interaction with 14-3-3 proteins.  ,PF00244,14-3-3,14-3-3 protein,"R[^DE]{0,2}[^DEPG]([ST])(([FWYLMV].)|([^PRIKGN]P)|([^PRIKGN].{2,4}[VILMFWYP]))",RSSSRSSL,523,530,GAB2_HUMAN,Homo sapiens,19172738,true positive,65,16,disordered
ELME000417,LIG_14-3-3_CanoR_1,14-3-3 binding phosphopeptide motif,LIG,Canonical Arg-containing phospho-motif mediating a strong interaction with 14-3-3 proteins.  ,PF00244,14-3-3,14-3-3 protein,"R[^DE]{0,2}[^DEPG]([ST])(([FWYLMV].)|([^PRIKGN]P)|([^PRIKGN].{2,4}[VILMFWYP]))",RSSSRSSL,523,530,GFAP_HUMAN,Homo sapiens,17032734,true positive,65,16,disordered
ELME000417,LIG_14-3-3_CanoR_1,14-3-3 binding phosphopeptide motif,LIG,Canonical Arg-containing phospho-motif mediating a strong interaction with 14-3-3 proteins.  ,PF00244,14-3-3,14-3-3 protein,"R[^DE]{0,2}[^DEPG]([ST])(([FWYLMV].)|([^PRIKGN]P)|([^PRIKGN].{2,4}[VILMFWYP]))",RSSSRSSL,523,530,H31_HUMAN,Homo sapiens,16246723,true positive,65,16,disordered
ELME000417,LIG_14-3-3_CanoR_1,14-3-3 binding phosphopeptide motif,LIG,Canonical Arg-containing phospho-motif mediating a strong interaction with 14-3-3 proteins.  ,PF00244,14-3-3,14-3-3 protein,"R[^DE]{0,2}[^DEPG]([ST])(([FWYLMV].)|([^PRIKGN]P)|([^PRIKGN].{2,4}[VILMFWYP]))",RSSSRSSL,523,530,HDAC4_HUMAN,Homo sapiens,10958686 10869435,true positive,65,16,disordered
ELME000417,LIG_14-3-3_CanoR_1,14-3-3 binding phosphopeptide motif,LIG,Canonical Arg-containing phospho-motif mediating a strong interaction with 14-3-3 proteins.  ,PF00244,14-3-3,14-3-3 protein,"R[^DE]{0,2}[^DEPG]([ST])(([FWYLMV].)|([^PRIKGN]P)|([^PRIKGN].{2,4}[VILMFWYP]))",RSSSRSSL,523,530,HDAC4_HUMAN,Homo sapiens,10869435,true positive,65,16,disordered
ELME000417,LIG_14-3-3_CanoR_1,14-3-3 binding phosphopeptide motif,LIG,Canonical Arg-containing phospho-motif mediating a strong interaction with 14-3-3 proteins.  ,PF00244,14-3-3,14-3-3 protein,"R[^DE]{0,2}[^DEPG]([ST])(([FWYLMV].)|([^PRIKGN]P)|([^PRIKGN].{2,4}[VILMFWYP]))",RSSSRSSL,523,530,HDAC5_HUMAN,Homo sapiens,11114197,true positive,65,16,disordered
ELME000417,LIG_14-3-3_CanoR_1,14-3-3 binding phosphopeptide motif,LIG,Canonical Arg-containing phospho-motif mediating a strong interaction with 14-3-3 proteins.  ,PF00244,14-3-3,14-3-3 protein,"R[^DE]{0,2}[^DEPG]([ST])(([FWYLMV].)|([^PRIKGN]P)|([^PRIKGN].{2,4}[VILMFWYP]))",RSSSRSSL,523,530,KIF1C_HUMAN,Homo sapiens,17085597 10559254,true positive,65,16,disordered
ELME000417,LIG_14-3-3_CanoR_1,14-3-3 binding phosphopeptide motif,LIG,Canonical Arg-containing phospho-motif mediating a strong interaction with 14-3-3 proteins.  ,PF00244,14-3-3,14-3-3 protein,"R[^DE]{0,2}[^DEPG]([ST])(([FWYLMV].)|([^PRIKGN]P)|([^PRIKGN].{2,4}[VILMFWYP]))",RSSSRSSL,523,530,KLC2_HUMAN,Homo sapiens,21189416,true positive,65,16,disordered
ELME000417,LIG_14-3-3_CanoR_1,14-3-3 binding phosphopeptide motif,LIG,Canonical Arg-containing phospho-motif mediating a strong interaction with 14-3-3 proteins.  ,PF00244,14-3-3,14-3-3 protein,"R[^DE]{0,2}[^DEPG]([ST])(([FWYLMV].)|([^PRIKGN]P)|([^PRIKGN].{2,4}[VILMFWYP]))",RSSSRSSL,523,530,KLC3_HUMAN,Homo sapiens,21189416,true positive,65,16,disordered
ELME000417,LIG_14-3-3_CanoR_1,14-3-3 binding phosphopeptide motif,LIG,Canonical Arg-containing phospho-motif mediating a strong interaction with 14-3-3 proteins.  ,PF00244,14-3-3,14-3-3 protein,"R[^DE]{0,2}[^DEPG]([ST])(([FWYLMV].)|([^PRIKGN]P)|([^PRIKGN].{2,4}[VILMFWYP]))",RSSSRSSL,523,530,KPCE_HUMAN,Homo sapiens,19662078,true positive,65,16,disordered
ELME000417,LIG_14-3-3_CanoR_1,14-3-3 binding phosphopeptide motif,LIG,Canonical Arg-containing phospho-motif mediating a strong interaction with 14-3-3 proteins.  ,PF00244,14-3-3,14-3-3 protein,"R[^DE]{0,2}[^DEPG]([ST])(([FWYLMV].)|([^PRIKGN]P)|([^PRIKGN].{2,4}[VILMFWYP]))",RSSSRSSL,523,530,KSR1_MOUSE,Mus musculus,9858547,true positive,65,16,disordered
ELME000417,LIG_14-3-3_CanoR_1,14-3-3 binding phosphopeptide motif,LIG,Canonical Arg-containing phospho-motif mediating a strong interaction with 14-3-3 proteins.  ,PF00244,14-3-3,14-3-3 protein,"R[^DE]{0,2}[^DEPG]([ST])(([FWYLMV].)|([^PRIKGN]P)|([^PRIKGN].{2,4}[VILMFWYP]))",RSSSRSSL,523,530,M3K5_HUMAN,Homo sapiens,17085597 10411906,true positive,65,16,disordered
ELME000417,LIG_14-3-3_CanoR_1,14-3-3 binding phosphopeptide motif,LIG,Canonical Arg-containing phospho-motif mediating a strong interaction with 14-3-3 proteins.  ,PF00244,14-3-3,14-3-3 protein,"R[^DE]{0,2}[^DEPG]([ST])(([FWYLMV].)|([^PRIKGN]P)|([^PRIKGN].{2,4}[VILMFWYP]))",RSSSRSSL,523,530,MDM4_HUMAN,Homo sapiens,16943424,true positive,65,16,disordered
ELME000417,LIG_14-3-3_CanoR_1,14-3-3 binding phosphopeptide motif,LIG,Canonical Arg-containing phospho-motif mediating a strong interaction with 14-3-3 proteins.  ,PF00244,14-3-3,14-3-3 protein,"R[^DE]{0,2}[^DEPG]([ST])(([FWYLMV].)|([^PRIKGN]P)|([^PRIKGN].{2,4}[VILMFWYP]))",RSSSRSSL,523,530,MEFV_HUMAN,Homo sapiens,15934090,true positive,65,16,disordered
ELME000417,LIG_14-3-3_CanoR_1,14-3-3 binding phosphopeptide motif,LIG,Canonical Arg-containing phospho-motif mediating a strong interaction with 14-3-3 proteins.  ,PF00244,14-3-3,14-3-3 protein,"R[^DE]{0,2}[^DEPG]([ST])(([FWYLMV].)|([^PRIKGN]P)|([^PRIKGN].{2,4}[VILMFWYP]))",RSSSRSSL,523,530,MEI2_SCHPO,Schizosaccharomyces pombe 972h-,11818066,true positive,65,16,disordered
ELME000417,LIG_14-3-3_CanoR_1,14-3-3 binding phosphopeptide motif,LIG,Canonical Arg-containing phospho-motif mediating a strong interaction with 14-3-3 proteins.  ,PF00244,14-3-3,14-3-3 protein,"R[^DE]{0,2}[^DEPG]([ST])(([FWYLMV].)|([^PRIKGN]P)|([^PRIKGN].{2,4}[VILMFWYP]))",RSSSRSSL,523,530,MLF1_HUMAN,Homo sapiens,22151054,true positive,65,16,disordered
ELME000417,LIG_14-3-3_CanoR_1,14-3-3 binding phosphopeptide motif,LIG,Canonical Arg-containing phospho-motif mediating a strong interaction with 14-3-3 proteins.  ,PF00244,14-3-3,14-3-3 protein,"R[^DE]{0,2}[^DEPG]([ST])(([FWYLMV].)|([^PRIKGN]P)|([^PRIKGN].{2,4}[VILMFWYP]))",RSSSRSSL,523,530,MT_POVM3,Mouse polyomavirus (strain 3),9428519,true positive,65,16,disordered
ELME000417,LIG_14-3-3_CanoR_1,14-3-3 binding phosphopeptide motif,LIG,Canonical Arg-containing phospho-motif mediating a strong interaction with 14-3-3 proteins.  ,PF00244,14-3-3,14-3-3 protein,"R[^DE]{0,2}[^DEPG]([ST])(([FWYLMV].)|([^PRIKGN]P)|([^PRIKGN].{2,4}[VILMFWYP]))",RSSSRSSL,523,530,NAC1_HUMAN,Homo sapiens,16679322,true positive,65,16,disordered
ELME000417,LIG_14-3-3_CanoR_1,14-3-3 binding phosphopeptide motif,LIG,Canonical Arg-containing phospho-motif mediating a strong interaction with 14-3-3 proteins.  ,PF00244,14-3-3,14-3-3 protein,"R[^DE]{0,2}[^DEPG]([ST])(([FWYLMV].)|([^PRIKGN]P)|([^PRIKGN].{2,4}[VILMFWYP]))",RSSSRSSL,523,530,NED4L_HUMAN,Homo sapiens,21900244,true positive,65,16,disordered
ELME000417,LIG_14-3-3_CanoR_1,14-3-3 binding phosphopeptide motif,LIG,Canonical Arg-containing phospho-motif mediating a strong interaction with 14-3-3 proteins.  ,PF00244,14-3-3,14-3-3 protein,"R[^DE]{0,2}[^DEPG]([ST])(([FWYLMV].)|([^PRIKGN]P)|([^PRIKGN].{2,4}[VILMFWYP]))",RSSSRSSL,523,530,NED4L_HUMAN,Homo sapiens,15677482,true positive,65,16,disordered
ELME000417,LIG_14-3-3_CanoR_1,14-3-3 binding phosphopeptide motif,LIG,Canonical Arg-containing phospho-motif mediating a strong interaction with 14-3-3 proteins.  ,PF00244,14-3-3,14-3-3 protein,"R[^DE]{0,2}[^DEPG]([ST])(([FWYLMV].)|([^PRIKGN]P)|([^PRIKGN].{2,4}[VILMFWYP]))",RSSSRSSL,523,530,PACS2_HUMAN,Homo sapiens,19481529,true positive,65,16,disordered
ELME000417,LIG_14-3-3_CanoR_1,14-3-3 binding phosphopeptide motif,LIG,Canonical Arg-containing phospho-motif mediating a strong interaction with 14-3-3 proteins.  ,PF00244,14-3-3,14-3-3 protein,"R[^DE]{0,2}[^DEPG]([ST])(([FWYLMV].)|([^PRIKGN]P)|([^PRIKGN].{2,4}[VILMFWYP]))",RSSSRSSL,523,530,PADI6_HUMAN,Homo sapiens,22634725,true positive,65,16,disordered
ELME000417,LIG_14-3-3_CanoR_1,14-3-3 binding phosphopeptide motif,LIG,Canonical Arg-containing phospho-motif mediating a strong interaction with 14-3-3 proteins.  ,PF00244,14-3-3,14-3-3 protein,"R[^DE]{0,2}[^DEPG]([ST])(([FWYLMV].)|([^PRIKGN]P)|([^PRIKGN].{2,4}[VILMFWYP]))",RSSSRSSL,523,530,PDE3A_HUMAN,Homo sapiens,16153182,true positive,65,16,disordered
ELME000417,LIG_14-3-3_CanoR_1,14-3-3 binding phosphopeptide motif,LIG,Canonical Arg-containing phospho-motif mediating a strong interaction with 14-3-3 proteins.  ,PF00244,14-3-3,14-3-3 protein,"R[^DE]{0,2}[^DEPG]([ST])(([FWYLMV].)|([^PRIKGN]P)|([^PRIKGN].{2,4}[VILMFWYP]))",RSSSRSSL,523,530,PTN3_HUMAN,Homo sapiens,9341175,true positive,65,16,disordered
ELME000417,LIG_14-3-3_CanoR_1,14-3-3 binding phosphopeptide motif,LIG,Canonical Arg-containing phospho-motif mediating a strong interaction with 14-3-3 proteins.  ,PF00244,14-3-3,14-3-3 protein,"R[^DE]{0,2}[^DEPG]([ST])(([FWYLMV].)|([^PRIKGN]P)|([^PRIKGN].{2,4}[VILMFWYP]))",RSSSRSSL,523,530,PTPN3_MOUSE,Mus musculus,9341175,true positive,65,16,disordered
ELME000417,LIG_14-3-3_CanoR_1,14-3-3 binding phosphopeptide motif,LIG,Canonical Arg-containing phospho-motif mediating a strong interaction with 14-3-3 proteins.  ,PF00244,14-3-3,14-3-3 protein,"R[^DE]{0,2}[^DEPG]([ST])(([FWYLMV].)|([^PRIKGN]P)|([^PRIKGN].{2,4}[VILMFWYP]))",RSSSRSSL,523,530,Q888Y7_PSESM,Pseudomonas syringae pv. tomato str. DC3000,23417089,true positive,65,16,disordered
ELME000417,LIG_14-3-3_CanoR_1,14-3-3 binding phosphopeptide motif,LIG,Canonical Arg-containing phospho-motif mediating a strong interaction with 14-3-3 proteins.  ,PF00244,14-3-3,14-3-3 protein,"R[^DE]{0,2}[^DEPG]([ST])(([FWYLMV].)|([^PRIKGN]P)|([^PRIKGN].{2,4}[VILMFWYP]))",RSSSRSSL,523,530,RAF1_HUMAN,Homo sapiens,23808890,true positive,65,16,disordered
ELME000417,LIG_14-3-3_CanoR_1,14-3-3 binding phosphopeptide motif,LIG,Canonical Arg-containing phospho-motif mediating a strong interaction with 14-3-3 proteins.  ,PF00244,14-3-3,14-3-3 protein,"R[^DE]{0,2}[^DEPG]([ST])(([FWYLMV].)|([^PRIKGN]P)|([^PRIKGN].{2,4}[VILMFWYP]))",RSSSRSSL,523,530,RAF1_HUMAN,Homo sapiens,8601312 23808890 20679480,true positive,65,16,disordered
ELME000417,LIG_14-3-3_CanoR_1,14-3-3 binding phosphopeptide motif,LIG,Canonical Arg-containing phospho-motif mediating a strong interaction with 14-3-3 proteins.  ,PF00244,14-3-3,14-3-3 protein,"R[^DE]{0,2}[^DEPG]([ST])(([FWYLMV].)|([^PRIKGN]P)|([^PRIKGN].{2,4}[VILMFWYP]))",RSSSRSSL,523,530,RAF1_HUMAN,Homo sapiens,23808890 8601312,true positive,65,16,disordered
ELME000417,LIG_14-3-3_CanoR_1,14-3-3 binding phosphopeptide motif,LIG,Canonical Arg-containing phospho-motif mediating a strong interaction with 14-3-3 proteins.  ,PF00244,14-3-3,14-3-3 protein,"R[^DE]{0,2}[^DEPG]([ST])(([FWYLMV].)|([^PRIKGN]P)|([^PRIKGN].{2,4}[VILMFWYP]))",RSSSRSSL,523,530,RGS3_HUMAN,Homo sapiens,11985497,true positive,65,16,disordered
ELME000417,LIG_14-3-3_CanoR_1,14-3-3 binding phosphopeptide motif,LIG,Canonical Arg-containing phospho-motif mediating a strong interaction with 14-3-3 proteins.  ,PF00244,14-3-3,14-3-3 protein,"R[^DE]{0,2}[^DEPG]([ST])(([FWYLMV].)|([^PRIKGN]P)|([^PRIKGN].{2,4}[VILMFWYP]))",RSSSRSSL,523,530,RIM15_YEAST,Saccharomyces cerevisiae,16308562,true positive,65,16,disordered
ELME000417,LIG_14-3-3_CanoR_1,14-3-3 binding phosphopeptide motif,LIG,Canonical Arg-containing phospho-motif mediating a strong interaction with 14-3-3 proteins.  ,PF00244,14-3-3,14-3-3 protein,"R[^DE]{0,2}[^DEPG]([ST])(([FWYLMV].)|([^PRIKGN]P)|([^PRIKGN].{2,4}[VILMFWYP]))",RSSSRSSL,523,530,SLOB_DROME,Drosophila melanogaster,10230800,true positive,65,16,disordered
ELME000417,LIG_14-3-3_CanoR_1,14-3-3 binding phosphopeptide motif,LIG,Canonical Arg-containing phospho-motif mediating a strong interaction with 14-3-3 proteins.  ,PF00244,14-3-3,14-3-3 protein,"R[^DE]{0,2}[^DEPG]([ST])(([FWYLMV].)|([^PRIKGN]P)|([^PRIKGN].{2,4}[VILMFWYP]))",RSSSRSSL,523,530,SNAT_SHEEP,Ovis aries,11336675,true positive,65,16,disordered
ELME000417,LIG_14-3-3_CanoR_1,14-3-3 binding phosphopeptide motif,LIG,Canonical Arg-containing phospho-motif mediating a strong interaction with 14-3-3 proteins.  ,PF00244,14-3-3,14-3-3 protein,"R[^DE]{0,2}[^DEPG]([ST])(([FWYLMV].)|([^PRIKGN]P)|([^PRIKGN].{2,4}[VILMFWYP]))",RSSSRSSL,523,530,TBCD1_HUMAN,Homo sapiens,19531644,true positive,65,16,disordered
ELME000417,LIG_14-3-3_CanoR_1,14-3-3 binding phosphopeptide motif,LIG,Canonical Arg-containing phospho-motif mediating a strong interaction with 14-3-3 proteins.  ,PF00244,14-3-3,14-3-3 protein,"R[^DE]{0,2}[^DEPG]([ST])(([FWYLMV].)|([^PRIKGN]P)|([^PRIKGN].{2,4}[VILMFWYP]))",RSSSRSSL,523,530,TESK1_RAT,Rattus norvegicus,11555644,true positive,65,16,disordered
ELME000417,LIG_14-3-3_CanoR_1,14-3-3 binding phosphopeptide motif,LIG,Canonical Arg-containing phospho-motif mediating a strong interaction with 14-3-3 proteins.  ,PF00244,14-3-3,14-3-3 protein,"R[^DE]{0,2}[^DEPG]([ST])(([FWYLMV].)|([^PRIKGN]P)|([^PRIKGN].{2,4}[VILMFWYP]))",RSSSRSSL,523,530,TIR_ECO27,Escherichia coli O127:H6 str. E2348/69,16367866,true positive,65,16,disordered
ELME000417,LIG_14-3-3_CanoR_1,14-3-3 binding phosphopeptide motif,LIG,Canonical Arg-containing phospho-motif mediating a strong interaction with 14-3-3 proteins.  ,PF00244,14-3-3,14-3-3 protein,"R[^DE]{0,2}[^DEPG]([ST])(([FWYLMV].)|([^PRIKGN]P)|([^PRIKGN].{2,4}[VILMFWYP]))",RSSSRSSL,523,530,WWTR1_HUMAN,Homo sapiens,11118213,true positive,65,16,disordered
ELME000417,LIG_14-3-3_CanoR_1,14-3-3 binding phosphopeptide motif,LIG,Canonical Arg-containing phospho-motif mediating a strong interaction with 14-3-3 proteins.  ,PF00244,14-3-3,14-3-3 protein,"R[^DE]{0,2}[^DEPG]([ST])(([FWYLMV].)|([^PRIKGN]P)|([^PRIKGN].{2,4}[VILMFWYP]))",RSSSRSSL,523,530,WWTR1_MOUSE,Mus musculus,11118213,true positive,65,16,disordered
ELME000417,LIG_14-3-3_CanoR_1,14-3-3 binding phosphopeptide motif,LIG,Canonical Arg-containing phospho-motif mediating a strong interaction with 14-3-3 proteins.  ,PF00244,14-3-3,14-3-3 protein,"R[^DE]{0,2}[^DEPG]([ST])(([FWYLMV].)|([^PRIKGN]P)|([^PRIKGN].{2,4}[VILMFWYP]))",RSSSRSSL,523,530,YAP1_HUMAN,Homo sapiens,20823509 12535517,true positive,65,16,disordered
ELME000417,LIG_14-3-3_CanoR_1,14-3-3 binding phosphopeptide motif,LIG,Canonical Arg-containing phospho-motif mediating a strong interaction with 14-3-3 proteins.  ,PF00244,14-3-3,14-3-3 protein,"R[^DE]{0,2}[^DEPG]([ST])(([FWYLMV].)|([^PRIKGN]P)|([^PRIKGN].{2,4}[VILMFWYP]))",RSSSRSSL,523,530,YAP1_HUMAN,Homo sapiens,17974916,true positive,65,16,disordered
ELME000417,LIG_14-3-3_CanoR_1,14-3-3 binding phosphopeptide motif,LIG,Canonical Arg-containing phospho-motif mediating a strong interaction with 14-3-3 proteins.  ,PF00244,14-3-3,14-3-3 protein,"R[^DE]{0,2}[^DEPG]([ST])(([FWYLMV].)|([^PRIKGN]P)|([^PRIKGN].{2,4}[VILMFWYP]))",RSSSRSSL,523,530,YAP1_MOUSE,Mus musculus,11118213,true positive,65,16,disordered
ELME000417,LIG_14-3-3_CanoR_1,14-3-3 binding phosphopeptide motif,LIG,Canonical Arg-containing phospho-motif mediating a strong interaction with 14-3-3 proteins.  ,PF00244,14-3-3,14-3-3 protein,"R[^DE]{0,2}[^DEPG]([ST])(([FWYLMV].)|([^PRIKGN]P)|([^PRIKGN].{2,4}[VILMFWYP]))",RSSLA,527,531,3BP2_HUMAN,Homo sapiens,12501243,true positive,65,16,disordered
ELME000417,LIG_14-3-3_CanoR_1,14-3-3 binding phosphopeptide motif,LIG,Canonical Arg-containing phospho-motif mediating a strong interaction with 14-3-3 proteins.  ,PF00244,14-3-3,14-3-3 protein,"R[^DE]{0,2}[^DEPG]([ST])(([FWYLMV].)|([^PRIKGN]P)|([^PRIKGN].{2,4}[VILMFWYP]))",RSSLA,527,531,ADA22_HUMAN,Homo sapiens,16868027,true positive,65,16,disordered
ELME000417,LIG_14-3-3_CanoR_1,14-3-3 binding phosphopeptide motif,LIG,Canonical Arg-containing phospho-motif mediating a strong interaction with 14-3-3 proteins.  ,PF00244,14-3-3,14-3-3 protein,"R[^DE]{0,2}[^DEPG]([ST])(([FWYLMV].)|([^PRIKGN]P)|([^PRIKGN].{2,4}[VILMFWYP]))",RSSLA,527,531,ATX1_HUMAN,Homo sapiens,20037628 12757707,true positive,65,16,disordered
ELME000417,LIG_14-3-3_CanoR_1,14-3-3 binding phosphopeptide motif,LIG,Canonical Arg-containing phospho-motif mediating a strong interaction with 14-3-3 proteins.  ,PF00244,14-3-3,14-3-3 protein,"R[^DE]{0,2}[^DEPG]([ST])(([FWYLMV].)|([^PRIKGN]P)|([^PRIKGN].{2,4}[VILMFWYP]))",RSSLA,527,531,B7UM88_ECO27,Escherichia coli O127:H6 str. E2348/69,15339273,true positive,65,16,disordered
ELME000417,LIG_14-3-3_CanoR_1,14-3-3 binding phosphopeptide motif,LIG,Canonical Arg-containing phospho-motif mediating a strong interaction with 14-3-3 proteins.  ,PF00244,14-3-3,14-3-3 protein,"R[^DE]{0,2}[^DEPG]([ST])(([FWYLMV].)|([^PRIKGN]P)|([^PRIKGN].{2,4}[VILMFWYP]))",RSSLA,527,531,BAD_MOUSE,Mus musculus,8929531,true positive,65,16,disordered
ELME000417,LIG_14-3-3_CanoR_1,14-3-3 binding phosphopeptide motif,LIG,Canonical Arg-containing phospho-motif mediating a strong interaction with 14-3-3 proteins.  ,PF00244,14-3-3,14-3-3 protein,"R[^DE]{0,2}[^DEPG]([ST])(([FWYLMV].)|([^PRIKGN]P)|([^PRIKGN].{2,4}[VILMFWYP]))",RSSLA,527,531,BAD_MOUSE,Mus musculus,8929531 10949026,true positive,65,16,disordered
ELME000417,LIG_14-3-3_CanoR_1,14-3-3 binding phosphopeptide motif,LIG,Canonical Arg-containing phospho-motif mediating a strong interaction with 14-3-3 proteins.  ,PF00244,14-3-3,14-3-3 protein,"R[^DE]{0,2}[^DEPG]([ST])(([FWYLMV].)|([^PRIKGN]P)|([^PRIKGN].{2,4}[VILMFWYP]))",RSSLA,527,531,BAD_RAT,Rattus norvegicus,9369453,true positive,65,16,disordered
ELME000417,LIG_14-3-3_CanoR_1,14-3-3 binding phosphopeptide motif,LIG,Canonical Arg-containing phospho-motif mediating a strong interaction with 14-3-3 proteins.  ,PF00244,14-3-3,14-3-3 protein,"R[^DE]{0,2}[^DEPG]([ST])(([FWYLMV].)|([^PRIKGN]P)|([^PRIKGN].{2,4}[VILMFWYP]))",RSSLA,527,531,CBY1_HUMAN,Homo sapiens,25909186,true positive,65,16,disordered
ELME000417,LIG_14-3-3_CanoR_1,14-3-3 binding phosphopeptide motif,LIG,Canonical Arg-containing phospho-motif mediating a strong interaction with 14-3-3 proteins.  ,PF00244,14-3-3,14-3-3 protein,"R[^DE]{0,2}[^DEPG]([ST])(([FWYLMV].)|([^PRIKGN]P)|([^PRIKGN].{2,4}[VILMFWYP]))",RSSLA,527,531,CFTR_HUMAN,Homo sapiens,26888287,true positive,65,16,disordered
ELME000417,LIG_14-3-3_CanoR_1,14-3-3 binding phosphopeptide motif,LIG,Canonical Arg-containing phospho-motif mediating a strong interaction with 14-3-3 proteins.  ,PF00244,14-3-3,14-3-3 protein,"R[^DE]{0,2}[^DEPG]([ST])(([FWYLMV].)|([^PRIKGN]P)|([^PRIKGN].{2,4}[VILMFWYP]))",RSSLA,527,531,FOXO3_HUMAN,Homo sapiens,11864996,true positive,65,16,disordered
ELME000417,LIG_14-3-3_CanoR_1,14-3-3 binding phosphopeptide motif,LIG,Canonical Arg-containing phospho-motif mediating a strong interaction with 14-3-3 proteins.  ,PF00244,14-3-3,14-3-3 protein,"R[^DE]{0,2}[^DEPG]([ST])(([FWYLMV].)|([^PRIKGN]P)|([^PRIKGN].{2,4}[VILMFWYP]))",RSSLA,527,531,FOXO4_HUMAN,Homo sapiens,14690436,true positive,65,16,disordered
ELME000417,LIG_14-3-3_CanoR_1,14-3-3 binding phosphopeptide motif,LIG,Canonical Arg-containing phospho-motif mediating a strong interaction with 14-3-3 proteins.  ,PF00244,14-3-3,14-3-3 protein,"R[^DE]{0,2}[^DEPG]([ST])(([FWYLMV].)|([^PRIKGN]P)|([^PRIKGN].{2,4}[VILMFWYP]))",RSSLA,527,531,FOXO4_HUMAN,Homo sapiens,16114898,true positive,65,16,disordered
ELME000417,LIG_14-3-3_CanoR_1,14-3-3 binding phosphopeptide motif,LIG,Canonical Arg-containing phospho-motif mediating a strong interaction with 14-3-3 proteins.  ,PF00244,14-3-3,14-3-3 protein,"R[^DE]{0,2}[^DEPG]([ST])(([FWYLMV].)|([^PRIKGN]P)|([^PRIKGN].{2,4}[VILMFWYP]))",RSSLA,527,531,GAB2_HUMAN,Homo sapiens,19172738,true positive,65,16,disordered
ELME000417,LIG_14-3-3_CanoR_1,14-3-3 binding phosphopeptide motif,LIG,Canonical Arg-containing phospho-motif mediating a strong interaction with 14-3-3 proteins.  ,PF00244,14-3-3,14-3-3 protein,"R[^DE]{0,2}[^DEPG]([ST])(([FWYLMV].)|([^PRIKGN]P)|([^PRIKGN].{2,4}[VILMFWYP]))",RSSLA,527,531,GFAP_HUMAN,Homo sapiens,17032734,true positive,65,16,disordered
ELME000417,LIG_14-3-3_CanoR_1,14-3-3 binding phosphopeptide motif,LIG,Canonical Arg-containing phospho-motif mediating a strong interaction with 14-3-3 proteins.  ,PF00244,14-3-3,14-3-3 protein,"R[^DE]{0,2}[^DEPG]([ST])(([FWYLMV].)|([^PRIKGN]P)|([^PRIKGN].{2,4}[VILMFWYP]))",RSSLA,527,531,H31_HUMAN,Homo sapiens,16246723,true positive,65,16,disordered
ELME000417,LIG_14-3-3_CanoR_1,14-3-3 binding phosphopeptide motif,LIG,Canonical Arg-containing phospho-motif mediating a strong interaction with 14-3-3 proteins.  ,PF00244,14-3-3,14-3-3 protein,"R[^DE]{0,2}[^DEPG]([ST])(([FWYLMV].)|([^PRIKGN]P)|([^PRIKGN].{2,4}[VILMFWYP]))",RSSLA,527,531,HDAC4_HUMAN,Homo sapiens,10958686 10869435,true positive,65,16,disordered
ELME000417,LIG_14-3-3_CanoR_1,14-3-3 binding phosphopeptide motif,LIG,Canonical Arg-containing phospho-motif mediating a strong interaction with 14-3-3 proteins.  ,PF00244,14-3-3,14-3-3 protein,"R[^DE]{0,2}[^DEPG]([ST])(([FWYLMV].)|([^PRIKGN]P)|([^PRIKGN].{2,4}[VILMFWYP]))",RSSLA,527,531,HDAC4_HUMAN,Homo sapiens,10869435,true positive,65,16,disordered
ELME000417,LIG_14-3-3_CanoR_1,14-3-3 binding phosphopeptide motif,LIG,Canonical Arg-containing phospho-motif mediating a strong interaction with 14-3-3 proteins.  ,PF00244,14-3-3,14-3-3 protein,"R[^DE]{0,2}[^DEPG]([ST])(([FWYLMV].)|([^PRIKGN]P)|([^PRIKGN].{2,4}[VILMFWYP]))",RSSLA,527,531,HDAC5_HUMAN,Homo sapiens,11114197,true positive,65,16,disordered
ELME000417,LIG_14-3-3_CanoR_1,14-3-3 binding phosphopeptide motif,LIG,Canonical Arg-containing phospho-motif mediating a strong interaction with 14-3-3 proteins.  ,PF00244,14-3-3,14-3-3 protein,"R[^DE]{0,2}[^DEPG]([ST])(([FWYLMV].)|([^PRIKGN]P)|([^PRIKGN].{2,4}[VILMFWYP]))",RSSLA,527,531,KIF1C_HUMAN,Homo sapiens,17085597 10559254,true positive,65,16,disordered
ELME000417,LIG_14-3-3_CanoR_1,14-3-3 binding phosphopeptide motif,LIG,Canonical Arg-containing phospho-motif mediating a strong interaction with 14-3-3 proteins.  ,PF00244,14-3-3,14-3-3 protein,"R[^DE]{0,2}[^DEPG]([ST])(([FWYLMV].)|([^PRIKGN]P)|([^PRIKGN].{2,4}[VILMFWYP]))",RSSLA,527,531,KLC2_HUMAN,Homo sapiens,21189416,true positive,65,16,disordered
ELME000417,LIG_14-3-3_CanoR_1,14-3-3 binding phosphopeptide motif,LIG,Canonical Arg-containing phospho-motif mediating a strong interaction with 14-3-3 proteins.  ,PF00244,14-3-3,14-3-3 protein,"R[^DE]{0,2}[^DEPG]([ST])(([FWYLMV].)|([^PRIKGN]P)|([^PRIKGN].{2,4}[VILMFWYP]))",RSSLA,527,531,KLC3_HUMAN,Homo sapiens,21189416,true positive,65,16,disordered
ELME000417,LIG_14-3-3_CanoR_1,14-3-3 binding phosphopeptide motif,LIG,Canonical Arg-containing phospho-motif mediating a strong interaction with 14-3-3 proteins.  ,PF00244,14-3-3,14-3-3 protein,"R[^DE]{0,2}[^DEPG]([ST])(([FWYLMV].)|([^PRIKGN]P)|([^PRIKGN].{2,4}[VILMFWYP]))",RSSLA,527,531,KPCE_HUMAN,Homo sapiens,19662078,true positive,65,16,disordered
ELME000417,LIG_14-3-3_CanoR_1,14-3-3 binding phosphopeptide motif,LIG,Canonical Arg-containing phospho-motif mediating a strong interaction with 14-3-3 proteins.  ,PF00244,14-3-3,14-3-3 protein,"R[^DE]{0,2}[^DEPG]([ST])(([FWYLMV].)|([^PRIKGN]P)|([^PRIKGN].{2,4}[VILMFWYP]))",RSSLA,527,531,KSR1_MOUSE,Mus musculus,9858547,true positive,65,16,disordered
ELME000417,LIG_14-3-3_CanoR_1,14-3-3 binding phosphopeptide motif,LIG,Canonical Arg-containing phospho-motif mediating a strong interaction with 14-3-3 proteins.  ,PF00244,14-3-3,14-3-3 protein,"R[^DE]{0,2}[^DEPG]([ST])(([FWYLMV].)|([^PRIKGN]P)|([^PRIKGN].{2,4}[VILMFWYP]))",RSSLA,527,531,M3K5_HUMAN,Homo sapiens,17085597 10411906,true positive,65,16,disordered
ELME000417,LIG_14-3-3_CanoR_1,14-3-3 binding phosphopeptide motif,LIG,Canonical Arg-containing phospho-motif mediating a strong interaction with 14-3-3 proteins.  ,PF00244,14-3-3,14-3-3 protein,"R[^DE]{0,2}[^DEPG]([ST])(([FWYLMV].)|([^PRIKGN]P)|([^PRIKGN].{2,4}[VILMFWYP]))",RSSLA,527,531,MDM4_HUMAN,Homo sapiens,16943424,true positive,65,16,disordered
ELME000417,LIG_14-3-3_CanoR_1,14-3-3 binding phosphopeptide motif,LIG,Canonical Arg-containing phospho-motif mediating a strong interaction with 14-3-3 proteins.  ,PF00244,14-3-3,14-3-3 protein,"R[^DE]{0,2}[^DEPG]([ST])(([FWYLMV].)|([^PRIKGN]P)|([^PRIKGN].{2,4}[VILMFWYP]))",RSSLA,527,531,MEFV_HUMAN,Homo sapiens,15934090,true positive,65,16,disordered
ELME000417,LIG_14-3-3_CanoR_1,14-3-3 binding phosphopeptide motif,LIG,Canonical Arg-containing phospho-motif mediating a strong interaction with 14-3-3 proteins.  ,PF00244,14-3-3,14-3-3 protein,"R[^DE]{0,2}[^DEPG]([ST])(([FWYLMV].)|([^PRIKGN]P)|([^PRIKGN].{2,4}[VILMFWYP]))",RSSLA,527,531,MEI2_SCHPO,Schizosaccharomyces pombe 972h-,11818066,true positive,65,16,disordered
ELME000417,LIG_14-3-3_CanoR_1,14-3-3 binding phosphopeptide motif,LIG,Canonical Arg-containing phospho-motif mediating a strong interaction with 14-3-3 proteins.  ,PF00244,14-3-3,14-3-3 protein,"R[^DE]{0,2}[^DEPG]([ST])(([FWYLMV].)|([^PRIKGN]P)|([^PRIKGN].{2,4}[VILMFWYP]))",RSSLA,527,531,MLF1_HUMAN,Homo sapiens,22151054,true positive,65,16,disordered
ELME000417,LIG_14-3-3_CanoR_1,14-3-3 binding phosphopeptide motif,LIG,Canonical Arg-containing phospho-motif mediating a strong interaction with 14-3-3 proteins.  ,PF00244,14-3-3,14-3-3 protein,"R[^DE]{0,2}[^DEPG]([ST])(([FWYLMV].)|([^PRIKGN]P)|([^PRIKGN].{2,4}[VILMFWYP]))",RSSLA,527,531,MT_POVM3,Mouse polyomavirus (strain 3),9428519,true positive,65,16,disordered
ELME000417,LIG_14-3-3_CanoR_1,14-3-3 binding phosphopeptide motif,LIG,Canonical Arg-containing phospho-motif mediating a strong interaction with 14-3-3 proteins.  ,PF00244,14-3-3,14-3-3 protein,"R[^DE]{0,2}[^DEPG]([ST])(([FWYLMV].)|([^PRIKGN]P)|([^PRIKGN].{2,4}[VILMFWYP]))",RSSLA,527,531,NAC1_HUMAN,Homo sapiens,16679322,true positive,65,16,disordered
ELME000417,LIG_14-3-3_CanoR_1,14-3-3 binding phosphopeptide motif,LIG,Canonical Arg-containing phospho-motif mediating a strong interaction with 14-3-3 proteins.  ,PF00244,14-3-3,14-3-3 protein,"R[^DE]{0,2}[^DEPG]([ST])(([FWYLMV].)|([^PRIKGN]P)|([^PRIKGN].{2,4}[VILMFWYP]))",RSSLA,527,531,NED4L_HUMAN,Homo sapiens,21900244,true positive,65,16,disordered
ELME000417,LIG_14-3-3_CanoR_1,14-3-3 binding phosphopeptide motif,LIG,Canonical Arg-containing phospho-motif mediating a strong interaction with 14-3-3 proteins.  ,PF00244,14-3-3,14-3-3 protein,"R[^DE]{0,2}[^DEPG]([ST])(([FWYLMV].)|([^PRIKGN]P)|([^PRIKGN].{2,4}[VILMFWYP]))",RSSLA,527,531,NED4L_HUMAN,Homo sapiens,15677482,true positive,65,16,disordered
ELME000417,LIG_14-3-3_CanoR_1,14-3-3 binding phosphopeptide motif,LIG,Canonical Arg-containing phospho-motif mediating a strong interaction with 14-3-3 proteins.  ,PF00244,14-3-3,14-3-3 protein,"R[^DE]{0,2}[^DEPG]([ST])(([FWYLMV].)|([^PRIKGN]P)|([^PRIKGN].{2,4}[VILMFWYP]))",RSSLA,527,531,PACS2_HUMAN,Homo sapiens,19481529,true positive,65,16,disordered
ELME000417,LIG_14-3-3_CanoR_1,14-3-3 binding phosphopeptide motif,LIG,Canonical Arg-containing phospho-motif mediating a strong interaction with 14-3-3 proteins.  ,PF00244,14-3-3,14-3-3 protein,"R[^DE]{0,2}[^DEPG]([ST])(([FWYLMV].)|([^PRIKGN]P)|([^PRIKGN].{2,4}[VILMFWYP]))",RSSLA,527,531,PADI6_HUMAN,Homo sapiens,22634725,true positive,65,16,disordered
ELME000417,LIG_14-3-3_CanoR_1,14-3-3 binding phosphopeptide motif,LIG,Canonical Arg-containing phospho-motif mediating a strong interaction with 14-3-3 proteins.  ,PF00244,14-3-3,14-3-3 protein,"R[^DE]{0,2}[^DEPG]([ST])(([FWYLMV].)|([^PRIKGN]P)|([^PRIKGN].{2,4}[VILMFWYP]))",RSSLA,527,531,PDE3A_HUMAN,Homo sapiens,16153182,true positive,65,16,disordered
ELME000417,LIG_14-3-3_CanoR_1,14-3-3 binding phosphopeptide motif,LIG,Canonical Arg-containing phospho-motif mediating a strong interaction with 14-3-3 proteins.  ,PF00244,14-3-3,14-3-3 protein,"R[^DE]{0,2}[^DEPG]([ST])(([FWYLMV].)|([^PRIKGN]P)|([^PRIKGN].{2,4}[VILMFWYP]))",RSSLA,527,531,PTN3_HUMAN,Homo sapiens,9341175,true positive,65,16,disordered
ELME000417,LIG_14-3-3_CanoR_1,14-3-3 binding phosphopeptide motif,LIG,Canonical Arg-containing phospho-motif mediating a strong interaction with 14-3-3 proteins.  ,PF00244,14-3-3,14-3-3 protein,"R[^DE]{0,2}[^DEPG]([ST])(([FWYLMV].)|([^PRIKGN]P)|([^PRIKGN].{2,4}[VILMFWYP]))",RSSLA,527,531,PTPN3_MOUSE,Mus musculus,9341175,true positive,65,16,disordered
ELME000417,LIG_14-3-3_CanoR_1,14-3-3 binding phosphopeptide motif,LIG,Canonical Arg-containing phospho-motif mediating a strong interaction with 14-3-3 proteins.  ,PF00244,14-3-3,14-3-3 protein,"R[^DE]{0,2}[^DEPG]([ST])(([FWYLMV].)|([^PRIKGN]P)|([^PRIKGN].{2,4}[VILMFWYP]))",RSSLA,527,531,Q888Y7_PSESM,Pseudomonas syringae pv. tomato str. DC3000,23417089,true positive,65,16,disordered
ELME000417,LIG_14-3-3_CanoR_1,14-3-3 binding phosphopeptide motif,LIG,Canonical Arg-containing phospho-motif mediating a strong interaction with 14-3-3 proteins.  ,PF00244,14-3-3,14-3-3 protein,"R[^DE]{0,2}[^DEPG]([ST])(([FWYLMV].)|([^PRIKGN]P)|([^PRIKGN].{2,4}[VILMFWYP]))",RSSLA,527,531,RAF1_HUMAN,Homo sapiens,23808890,true positive,65,16,disordered
ELME000417,LIG_14-3-3_CanoR_1,14-3-3 binding phosphopeptide motif,LIG,Canonical Arg-containing phospho-motif mediating a strong interaction with 14-3-3 proteins.  ,PF00244,14-3-3,14-3-3 protein,"R[^DE]{0,2}[^DEPG]([ST])(([FWYLMV].)|([^PRIKGN]P)|([^PRIKGN].{2,4}[VILMFWYP]))",RSSLA,527,531,RAF1_HUMAN,Homo sapiens,8601312 23808890 20679480,true positive,65,16,disordered
ELME000417,LIG_14-3-3_CanoR_1,14-3-3 binding phosphopeptide motif,LIG,Canonical Arg-containing phospho-motif mediating a strong interaction with 14-3-3 proteins.  ,PF00244,14-3-3,14-3-3 protein,"R[^DE]{0,2}[^DEPG]([ST])(([FWYLMV].)|([^PRIKGN]P)|([^PRIKGN].{2,4}[VILMFWYP]))",RSSLA,527,531,RAF1_HUMAN,Homo sapiens,23808890 8601312,true positive,65,16,disordered
ELME000417,LIG_14-3-3_CanoR_1,14-3-3 binding phosphopeptide motif,LIG,Canonical Arg-containing phospho-motif mediating a strong interaction with 14-3-3 proteins.  ,PF00244,14-3-3,14-3-3 protein,"R[^DE]{0,2}[^DEPG]([ST])(([FWYLMV].)|([^PRIKGN]P)|([^PRIKGN].{2,4}[VILMFWYP]))",RSSLA,527,531,RGS3_HUMAN,Homo sapiens,11985497,true positive,65,16,disordered
ELME000417,LIG_14-3-3_CanoR_1,14-3-3 binding phosphopeptide motif,LIG,Canonical Arg-containing phospho-motif mediating a strong interaction with 14-3-3 proteins.  ,PF00244,14-3-3,14-3-3 protein,"R[^DE]{0,2}[^DEPG]([ST])(([FWYLMV].)|([^PRIKGN]P)|([^PRIKGN].{2,4}[VILMFWYP]))",RSSLA,527,531,RIM15_YEAST,Saccharomyces cerevisiae,16308562,true positive,65,16,disordered
ELME000417,LIG_14-3-3_CanoR_1,14-3-3 binding phosphopeptide motif,LIG,Canonical Arg-containing phospho-motif mediating a strong interaction with 14-3-3 proteins.  ,PF00244,14-3-3,14-3-3 protein,"R[^DE]{0,2}[^DEPG]([ST])(([FWYLMV].)|([^PRIKGN]P)|([^PRIKGN].{2,4}[VILMFWYP]))",RSSLA,527,531,SLOB_DROME,Drosophila melanogaster,10230800,true positive,65,16,disordered
ELME000417,LIG_14-3-3_CanoR_1,14-3-3 binding phosphopeptide motif,LIG,Canonical Arg-containing phospho-motif mediating a strong interaction with 14-3-3 proteins.  ,PF00244,14-3-3,14-3-3 protein,"R[^DE]{0,2}[^DEPG]([ST])(([FWYLMV].)|([^PRIKGN]P)|([^PRIKGN].{2,4}[VILMFWYP]))",RSSLA,527,531,SNAT_SHEEP,Ovis aries,11336675,true positive,65,16,disordered
ELME000417,LIG_14-3-3_CanoR_1,14-3-3 binding phosphopeptide motif,LIG,Canonical Arg-containing phospho-motif mediating a strong interaction with 14-3-3 proteins.  ,PF00244,14-3-3,14-3-3 protein,"R[^DE]{0,2}[^DEPG]([ST])(([FWYLMV].)|([^PRIKGN]P)|([^PRIKGN].{2,4}[VILMFWYP]))",RSSLA,527,531,TBCD1_HUMAN,Homo sapiens,19531644,true positive,65,16,disordered
ELME000417,LIG_14-3-3_CanoR_1,14-3-3 binding phosphopeptide motif,LIG,Canonical Arg-containing phospho-motif mediating a strong interaction with 14-3-3 proteins.  ,PF00244,14-3-3,14-3-3 protein,"R[^DE]{0,2}[^DEPG]([ST])(([FWYLMV].)|([^PRIKGN]P)|([^PRIKGN].{2,4}[VILMFWYP]))",RSSLA,527,531,TESK1_RAT,Rattus norvegicus,11555644,true positive,65,16,disordered
ELME000417,LIG_14-3-3_CanoR_1,14-3-3 binding phosphopeptide motif,LIG,Canonical Arg-containing phospho-motif mediating a strong interaction with 14-3-3 proteins.  ,PF00244,14-3-3,14-3-3 protein,"R[^DE]{0,2}[^DEPG]([ST])(([FWYLMV].)|([^PRIKGN]P)|([^PRIKGN].{2,4}[VILMFWYP]))",RSSLA,527,531,TIR_ECO27,Escherichia coli O127:H6 str. E2348/69,16367866,true positive,65,16,disordered
ELME000417,LIG_14-3-3_CanoR_1,14-3-3 binding phosphopeptide motif,LIG,Canonical Arg-containing phospho-motif mediating a strong interaction with 14-3-3 proteins.  ,PF00244,14-3-3,14-3-3 protein,"R[^DE]{0,2}[^DEPG]([ST])(([FWYLMV].)|([^PRIKGN]P)|([^PRIKGN].{2,4}[VILMFWYP]))",RSSLA,527,531,WWTR1_HUMAN,Homo sapiens,11118213,true positive,65,16,disordered
ELME000417,LIG_14-3-3_CanoR_1,14-3-3 binding phosphopeptide motif,LIG,Canonical Arg-containing phospho-motif mediating a strong interaction with 14-3-3 proteins.  ,PF00244,14-3-3,14-3-3 protein,"R[^DE]{0,2}[^DEPG]([ST])(([FWYLMV].)|([^PRIKGN]P)|([^PRIKGN].{2,4}[VILMFWYP]))",RSSLA,527,531,WWTR1_MOUSE,Mus musculus,11118213,true positive,65,16,disordered
ELME000417,LIG_14-3-3_CanoR_1,14-3-3 binding phosphopeptide motif,LIG,Canonical Arg-containing phospho-motif mediating a strong interaction with 14-3-3 proteins.  ,PF00244,14-3-3,14-3-3 protein,"R[^DE]{0,2}[^DEPG]([ST])(([FWYLMV].)|([^PRIKGN]P)|([^PRIKGN].{2,4}[VILMFWYP]))",RSSLA,527,531,YAP1_HUMAN,Homo sapiens,20823509 12535517,true positive,65,16,disordered
ELME000417,LIG_14-3-3_CanoR_1,14-3-3 binding phosphopeptide motif,LIG,Canonical Arg-containing phospho-motif mediating a strong interaction with 14-3-3 proteins.  ,PF00244,14-3-3,14-3-3 protein,"R[^DE]{0,2}[^DEPG]([ST])(([FWYLMV].)|([^PRIKGN]P)|([^PRIKGN].{2,4}[VILMFWYP]))",RSSLA,527,531,YAP1_HUMAN,Homo sapiens,17974916,true positive,65,16,disordered
ELME000417,LIG_14-3-3_CanoR_1,14-3-3 binding phosphopeptide motif,LIG,Canonical Arg-containing phospho-motif mediating a strong interaction with 14-3-3 proteins.  ,PF00244,14-3-3,14-3-3 protein,"R[^DE]{0,2}[^DEPG]([ST])(([FWYLMV].)|([^PRIKGN]P)|([^PRIKGN].{2,4}[VILMFWYP]))",RSSLA,527,531,YAP1_MOUSE,Mus musculus,11118213,true positive,65,16,disordered
ELME000052,LIG_FHA_1,FHA phosphopeptide ligands,LIG,Phosphothreonine motif binding a subset of FHA domains that show a preference for a large aliphatic amino acid at the pT+3 position.,PF00498,FHA,FHA domain,..(T)..[ILV].,ENTEQLV,357,363,CHK2_HUMAN,Homo sapiens,12049740,true positive,6,3,disordered
ELME000052,LIG_FHA_1,FHA phosphopeptide ligands,LIG,Phosphothreonine motif binding a subset of FHA domains that show a preference for a large aliphatic amino acid at the pT+3 position.,PF00498,FHA,FHA domain,..(T)..[ILV].,ENTEQLV,357,363,CLV1_ARATH,Arabidopsis thaliana,16042389,true positive,6,3,disordered
ELME000052,LIG_FHA_1,FHA phosphopeptide ligands,LIG,Phosphothreonine motif binding a subset of FHA domains that show a preference for a large aliphatic amino acid at the pT+3 position.,PF00498,FHA,FHA domain,..(T)..[ILV].,ENTEQLV,357,363,GARA_MYCTU,Mycobacterium tuberculosis H37Rv,19318624,true positive,6,3,disordered
ELME000052,LIG_FHA_1,FHA phosphopeptide ligands,LIG,Phosphothreonine motif binding a subset of FHA domains that show a preference for a large aliphatic amino acid at the pT+3 position.,PF00498,FHA,FHA domain,..(T)..[ILV].,ENTEQLV,357,363,ODHI_CORGL,Corynebacterium glutamicum ATCC 13032,16522631,true positive,6,3,disordered
ELME000052,LIG_FHA_1,FHA phosphopeptide ligands,LIG,Phosphothreonine motif binding a subset of FHA domains that show a preference for a large aliphatic amino acid at the pT+3 position.,PF00498,FHA,FHA domain,..(T)..[ILV].,ENTEQLV,357,363,PIN4_YEAST,Saccharomyces cerevisiae,15024067 16231900,true positive,6,3,disordered
ELME000052,LIG_FHA_1,FHA phosphopeptide ligands,LIG,Phosphothreonine motif binding a subset of FHA domains that show a preference for a large aliphatic amino acid at the pT+3 position.,PF00498,FHA,FHA domain,..(T)..[ILV].,ENTEQLV,357,363,RAD9_YEAST,Saccharomyces cerevisiae,11846568,true positive,6,3,disordered
ELME000052,LIG_FHA_1,FHA phosphopeptide ligands,LIG,Phosphothreonine motif binding a subset of FHA domains that show a preference for a large aliphatic amino acid at the pT+3 position.,PF00498,FHA,FHA domain,..(T)..[ILV].,FRTPPIP,440,446,CHK2_HUMAN,Homo sapiens,12049740,true positive,6,3,disordered
ELME000052,LIG_FHA_1,FHA phosphopeptide ligands,LIG,Phosphothreonine motif binding a subset of FHA domains that show a preference for a large aliphatic amino acid at the pT+3 position.,PF00498,FHA,FHA domain,..(T)..[ILV].,FRTPPIP,440,446,CLV1_ARATH,Arabidopsis thaliana,16042389,true positive,6,3,disordered
ELME000052,LIG_FHA_1,FHA phosphopeptide ligands,LIG,Phosphothreonine motif binding a subset of FHA domains that show a preference for a large aliphatic amino acid at the pT+3 position.,PF00498,FHA,FHA domain,..(T)..[ILV].,FRTPPIP,440,446,GARA_MYCTU,Mycobacterium tuberculosis H37Rv,19318624,true positive,6,3,disordered
ELME000052,LIG_FHA_1,FHA phosphopeptide ligands,LIG,Phosphothreonine motif binding a subset of FHA domains that show a preference for a large aliphatic amino acid at the pT+3 position.,PF00498,FHA,FHA domain,..(T)..[ILV].,FRTPPIP,440,446,ODHI_CORGL,Corynebacterium glutamicum ATCC 13032,16522631,true positive,6,3,disordered
ELME000052,LIG_FHA_1,FHA phosphopeptide ligands,LIG,Phosphothreonine motif binding a subset of FHA domains that show a preference for a large aliphatic amino acid at the pT+3 position.,PF00498,FHA,FHA domain,..(T)..[ILV].,FRTPPIP,440,446,PIN4_YEAST,Saccharomyces cerevisiae,15024067 16231900,true positive,6,3,disordered
ELME000052,LIG_FHA_1,FHA phosphopeptide ligands,LIG,Phosphothreonine motif binding a subset of FHA domains that show a preference for a large aliphatic amino acid at the pT+3 position.,PF00498,FHA,FHA domain,..(T)..[ILV].,FRTPPIP,440,446,RAD9_YEAST,Saccharomyces cerevisiae,11846568,true positive,6,3,disordered
ELME000052,LIG_FHA_1,FHA phosphopeptide ligands,LIG,Phosphothreonine motif binding a subset of FHA domains that show a preference for a large aliphatic amino acid at the pT+3 position.,PF00498,FHA,FHA domain,..(T)..[ILV].,FRTPPVP,503,509,CHK2_HUMAN,Homo sapiens,12049740,true positive,6,3,disordered
ELME000052,LIG_FHA_1,FHA phosphopeptide ligands,LIG,Phosphothreonine motif binding a subset of FHA domains that show a preference for a large aliphatic amino acid at the pT+3 position.,PF00498,FHA,FHA domain,..(T)..[ILV].,FRTPPVP,503,509,CLV1_ARATH,Arabidopsis thaliana,16042389,true positive,6,3,disordered
ELME000052,LIG_FHA_1,FHA phosphopeptide ligands,LIG,Phosphothreonine motif binding a subset of FHA domains that show a preference for a large aliphatic amino acid at the pT+3 position.,PF00498,FHA,FHA domain,..(T)..[ILV].,FRTPPVP,503,509,GARA_MYCTU,Mycobacterium tuberculosis H37Rv,19318624,true positive,6,3,disordered
ELME000052,LIG_FHA_1,FHA phosphopeptide ligands,LIG,Phosphothreonine motif binding a subset of FHA domains that show a preference for a large aliphatic amino acid at the pT+3 position.,PF00498,FHA,FHA domain,..(T)..[ILV].,FRTPPVP,503,509,ODHI_CORGL,Corynebacterium glutamicum ATCC 13032,16522631,true positive,6,3,disordered
ELME000052,LIG_FHA_1,FHA phosphopeptide ligands,LIG,Phosphothreonine motif binding a subset of FHA domains that show a preference for a large aliphatic amino acid at the pT+3 position.,PF00498,FHA,FHA domain,..(T)..[ILV].,FRTPPVP,503,509,PIN4_YEAST,Saccharomyces cerevisiae,15024067 16231900,true positive,6,3,disordered
ELME000052,LIG_FHA_1,FHA phosphopeptide ligands,LIG,Phosphothreonine motif binding a subset of FHA domains that show a preference for a large aliphatic amino acid at the pT+3 position.,PF00498,FHA,FHA domain,..(T)..[ILV].,FRTPPVP,503,509,RAD9_YEAST,Saccharomyces cerevisiae,11846568,true positive,6,3,disordered
ELME000220,LIG_FHA_2,FHA phosphopeptide ligands,LIG,Phosphothreonine motif binding a subset of FHA domains that have a preference for an acidic amino acid at the pT+3 position.,PF00498,FHA,FHA domain,..(T)..[DE].,ESTSVDV,342,348,MRC1_SCHPO,Schizosaccharomyces pombe,14585996,true positive,6,2,disordered
ELME000220,LIG_FHA_2,FHA phosphopeptide ligands,LIG,Phosphothreonine motif binding a subset of FHA domains that have a preference for an acidic amino acid at the pT+3 position.,PF00498,FHA,FHA domain,..(T)..[DE].,ESTSVDV,342,348,RAD9_YEAST,Saccharomyces cerevisiae,11846567,true positive,6,2,disordered
ELME000220,LIG_FHA_2,FHA phosphopeptide ligands,LIG,Phosphothreonine motif binding a subset of FHA domains that have a preference for an acidic amino acid at the pT+3 position.,PF00498,FHA,FHA domain,..(T)..[DE].,ESTSVDV,342,348,XRCC1_HUMAN,Homo sapiens,15367657,true positive,6,2,disordered
ELME000220,LIG_FHA_2,FHA phosphopeptide ligands,LIG,Phosphothreonine motif binding a subset of FHA domains that have a preference for an acidic amino acid at the pT+3 position.,PF00498,FHA,FHA domain,..(T)..[DE].,ESTSVDV,342,348,XRCC4_HUMAN,Homo sapiens,15385968,true positive,6,2,disordered
ELME000220,LIG_FHA_2,FHA phosphopeptide ligands,LIG,Phosphothreonine motif binding a subset of FHA domains that have a preference for an acidic amino acid at the pT+3 position.,PF00498,FHA,FHA domain,..(T)..[DE].,ESTSVDV,342,348,XRCC4_MOUSE,Mus musculus,15749016,true positive,6,2,disordered
ELME000220,LIG_FHA_2,FHA phosphopeptide ligands,LIG,Phosphothreonine motif binding a subset of FHA domains that have a preference for an acidic amino acid at the pT+3 position.,PF00498,FHA,FHA domain,..(T)..[DE].,QSTSTDV,451,457,MRC1_SCHPO,Schizosaccharomyces pombe,14585996,true positive,6,2,disordered
ELME000220,LIG_FHA_2,FHA phosphopeptide ligands,LIG,Phosphothreonine motif binding a subset of FHA domains that have a preference for an acidic amino acid at the pT+3 position.,PF00498,FHA,FHA domain,..(T)..[DE].,QSTSTDV,451,457,RAD9_YEAST,Saccharomyces cerevisiae,11846567,true positive,6,2,disordered
ELME000220,LIG_FHA_2,FHA phosphopeptide ligands,LIG,Phosphothreonine motif binding a subset of FHA domains that have a preference for an acidic amino acid at the pT+3 position.,PF00498,FHA,FHA domain,..(T)..[DE].,QSTSTDV,451,457,XRCC1_HUMAN,Homo sapiens,15367657,true positive,6,2,disordered
ELME000220,LIG_FHA_2,FHA phosphopeptide ligands,LIG,Phosphothreonine motif binding a subset of FHA domains that have a preference for an acidic amino acid at the pT+3 position.,PF00498,FHA,FHA domain,..(T)..[DE].,QSTSTDV,451,457,XRCC4_HUMAN,Homo sapiens,15385968,true positive,6,2,disordered
ELME000220,LIG_FHA_2,FHA phosphopeptide ligands,LIG,Phosphothreonine motif binding a subset of FHA domains that have a preference for an acidic amino acid at the pT+3 position.,PF00498,FHA,FHA domain,..(T)..[DE].,QSTSTDV,451,457,XRCC4_MOUSE,Mus musculus,15749016,true positive,6,2,disordered
ELME000220,LIG_FHA_2,FHA phosphopeptide ligands,LIG,Phosphothreonine motif binding a subset of FHA domains that have a preference for an acidic amino acid at the pT+3 position.,PF00498,FHA,FHA domain,..(T)..[DE].,TSTDVDS,453,459,MRC1_SCHPO,Schizosaccharomyces pombe,14585996,true positive,6,2,disordered
ELME000220,LIG_FHA_2,FHA phosphopeptide ligands,LIG,Phosphothreonine motif binding a subset of FHA domains that have a preference for an acidic amino acid at the pT+3 position.,PF00498,FHA,FHA domain,..(T)..[DE].,TSTDVDS,453,459,RAD9_YEAST,Saccharomyces cerevisiae,11846567,true positive,6,2,disordered
ELME000220,LIG_FHA_2,FHA phosphopeptide ligands,LIG,Phosphothreonine motif binding a subset of FHA domains that have a preference for an acidic amino acid at the pT+3 position.,PF00498,FHA,FHA domain,..(T)..[DE].,TSTDVDS,453,459,XRCC1_HUMAN,Homo sapiens,15367657,true positive,6,2,disordered
ELME000220,LIG_FHA_2,FHA phosphopeptide ligands,LIG,Phosphothreonine motif binding a subset of FHA domains that have a preference for an acidic amino acid at the pT+3 position.,PF00498,FHA,FHA domain,..(T)..[DE].,TSTDVDS,453,459,XRCC4_HUMAN,Homo sapiens,15385968,true positive,6,2,disordered
ELME000220,LIG_FHA_2,FHA phosphopeptide ligands,LIG,Phosphothreonine motif binding a subset of FHA domains that have a preference for an acidic amino acid at the pT+3 position.,PF00498,FHA,FHA domain,..(T)..[DE].,TSTDVDS,453,459,XRCC4_MOUSE,Mus musculus,15749016,true positive,6,2,disordered
ELME000220,LIG_FHA_2,FHA phosphopeptide ligands,LIG,Phosphothreonine motif binding a subset of FHA domains that have a preference for an acidic amino acid at the pT+3 position.,PF00498,FHA,FHA domain,..(T)..[DE].,VITREEF,540,546,MRC1_SCHPO,Schizosaccharomyces pombe,14585996,true positive,6,2,disordered
ELME000220,LIG_FHA_2,FHA phosphopeptide ligands,LIG,Phosphothreonine motif binding a subset of FHA domains that have a preference for an acidic amino acid at the pT+3 position.,PF00498,FHA,FHA domain,..(T)..[DE].,VITREEF,540,546,RAD9_YEAST,Saccharomyces cerevisiae,11846567,true positive,6,2,disordered
ELME000220,LIG_FHA_2,FHA phosphopeptide ligands,LIG,Phosphothreonine motif binding a subset of FHA domains that have a preference for an acidic amino acid at the pT+3 position.,PF00498,FHA,FHA domain,..(T)..[DE].,VITREEF,540,546,XRCC1_HUMAN,Homo sapiens,15367657,true positive,6,2,disordered
ELME000220,LIG_FHA_2,FHA phosphopeptide ligands,LIG,Phosphothreonine motif binding a subset of FHA domains that have a preference for an acidic amino acid at the pT+3 position.,PF00498,FHA,FHA domain,..(T)..[DE].,VITREEF,540,546,XRCC4_HUMAN,Homo sapiens,15385968,true positive,6,2,disordered
ELME000220,LIG_FHA_2,FHA phosphopeptide ligands,LIG,Phosphothreonine motif binding a subset of FHA domains that have a preference for an acidic amino acid at the pT+3 position.,PF00498,FHA,FHA domain,..(T)..[DE].,VITREEF,540,546,XRCC4_MOUSE,Mus musculus,15749016,true positive,6,2,disordered
ELME000369,LIG_LIR_Apic_2,Atg8 protein family ligands,LIG,Apicomplexa specific variant of the canonical LIR motif that binds to Atg8 protein family members to mediate processes involved in autophagy.,PF02991,Atg8,Autophagy protein Atg8 ubiquitin like,"[EDST].{0,2}[WFY]..P",TIFRTP,438,443,C0H519_PLAF7,Plasmodium falciparum 3D7,22982544,true positive,1,1,disordered
ELME000369,LIG_LIR_Apic_2,Atg8 protein family ligands,LIG,Apicomplexa specific variant of the canonical LIR motif that binds to Atg8 protein family members to mediate processes involved in autophagy.,PF02991,Atg8,Autophagy protein Atg8 ubiquitin like,"[EDST].{0,2}[WFY]..P",TKFRTP,501,506,C0H519_PLAF7,Plasmodium falciparum 3D7,22982544,true positive,1,1,disordered
ELME000155,LIG_SH3_3,SH3 domain ligands,LIG,This is the motif recognized by those SH3 domains with a non-canonical class I recognition specificity,PF00018,SH3_1,SH3 domain,...[PV]..P,FRTPPIP,440,446,BIN1_HUMAN,Homo sapiens,15992821,true positive,26,1,disordered
ELME000155,LIG_SH3_3,SH3 domain ligands,LIG,This is the motif recognized by those SH3 domains with a non-canonical class I recognition specificity,PF00018,SH3_1,SH3 domain,...[PV]..P,FRTPPIP,440,446,CD2_HUMAN,Homo sapiens,12426371,true positive,26,1,disordered
ELME000155,LIG_SH3_3,SH3 domain ligands,LIG,This is the motif recognized by those SH3 domains with a non-canonical class I recognition specificity,PF00018,SH3_1,SH3 domain,...[PV]..P,FRTPPIP,440,446,CY24A_TURTR,Tursiops truncatus,9121467,true positive,26,1,disordered
ELME000155,LIG_SH3_3,SH3 domain ligands,LIG,This is the motif recognized by those SH3 domains with a non-canonical class I recognition specificity,PF00018,SH3_1,SH3 domain,...[PV]..P,FRTPPIP,440,446,DAG1_HUMAN,Homo sapiens,10903901,true positive,26,1,disordered
ELME000155,LIG_SH3_3,SH3 domain ligands,LIG,This is the motif recognized by those SH3 domains with a non-canonical class I recognition specificity,PF00018,SH3_1,SH3 domain,...[PV]..P,FRTPPIP,440,446,EPS8_HUMAN,Homo sapiens,21098279 22921828,true positive,26,1,disordered
ELME000155,LIG_SH3_3,SH3 domain ligands,LIG,This is the motif recognized by those SH3 domains with a non-canonical class I recognition specificity,PF00018,SH3_1,SH3 domain,...[PV]..P,FRTPPIP,440,446,ESPFU_ECO5T,Escherichia coli O157:H7 str. TW14359,21098279,true positive,26,1,disordered
ELME000155,LIG_SH3_3,SH3 domain ligands,LIG,This is the motif recognized by those SH3 domains with a non-canonical class I recognition specificity,PF00018,SH3_1,SH3 domain,...[PV]..P,FRTPPIP,440,446,LAS17_YEAST,Saccharomyces cerevisiae,10648568,true positive,26,1,disordered
ELME000155,LIG_SH3_3,SH3 domain ligands,LIG,This is the motif recognized by those SH3 domains with a non-canonical class I recognition specificity,PF00018,SH3_1,SH3 domain,...[PV]..P,FRTPPIP,440,446,NS1_I72A2,Influenza A virus (A/Udorn/307/1972(H3N2)),17881440,true positive,26,1,disordered
ELME000155,LIG_SH3_3,SH3 domain ligands,LIG,This is the motif recognized by those SH3 domains with a non-canonical class I recognition specificity,PF00018,SH3_1,SH3 domain,...[PV]..P,FRTPPIP,440,446,ORF3_HEVBU,Hepatitis E virus (strain Burma),11518702,true positive,26,1,disordered
ELME000155,LIG_SH3_3,SH3 domain ligands,LIG,This is the motif recognized by those SH3 domains with a non-canonical class I recognition specificity,PF00018,SH3_1,SH3 domain,...[PV]..P,FRTPPIP,440,446,P73_HUMAN,Homo sapiens,10391251,true positive,26,1,disordered
ELME000155,LIG_SH3_3,SH3 domain ligands,LIG,This is the motif recognized by those SH3 domains with a non-canonical class I recognition specificity,PF00018,SH3_1,SH3 domain,...[PV]..P,FRTPPIP,440,446,SOS1_MOUSE,Mus musculus,9135122,true positive,26,1,disordered
ELME000155,LIG_SH3_3,SH3 domain ligands,LIG,This is the motif recognized by those SH3 domains with a non-canonical class I recognition specificity,PF00018,SH3_1,SH3 domain,...[PV]..P,FRTPPIP,440,446,TAU_HUMAN,Homo sapiens,18467332,true positive,26,1,disordered
ELME000155,LIG_SH3_3,SH3 domain ligands,LIG,This is the motif recognized by those SH3 domains with a non-canonical class I recognition specificity,PF00018,SH3_1,SH3 domain,...[PV]..P,FRTPPIP,440,446,TIP_SHV24,Herpesvirus saimiri (strain 484-77),11040125,true positive,26,1,disordered
ELME000155,LIG_SH3_3,SH3 domain ligands,LIG,This is the motif recognized by those SH3 domains with a non-canonical class I recognition specificity,PF00018,SH3_1,SH3 domain,...[PV]..P,FRTPPIP,440,446,WASF1_MOUSE,Mus musculus,10970852,true positive,26,1,disordered
ELME000155,LIG_SH3_3,SH3 domain ligands,LIG,This is the motif recognized by those SH3 domains with a non-canonical class I recognition specificity,PF00018,SH3_1,SH3 domain,...[PV]..P,FRTPPVP,503,509,BIN1_HUMAN,Homo sapiens,15992821,true positive,26,1,disordered
ELME000155,LIG_SH3_3,SH3 domain ligands,LIG,This is the motif recognized by those SH3 domains with a non-canonical class I recognition specificity,PF00018,SH3_1,SH3 domain,...[PV]..P,FRTPPVP,503,509,CD2_HUMAN,Homo sapiens,12426371,true positive,26,1,disordered
ELME000155,LIG_SH3_3,SH3 domain ligands,LIG,This is the motif recognized by those SH3 domains with a non-canonical class I recognition specificity,PF00018,SH3_1,SH3 domain,...[PV]..P,FRTPPVP,503,509,CY24A_TURTR,Tursiops truncatus,9121467,true positive,26,1,disordered
ELME000155,LIG_SH3_3,SH3 domain ligands,LIG,This is the motif recognized by those SH3 domains with a non-canonical class I recognition specificity,PF00018,SH3_1,SH3 domain,...[PV]..P,FRTPPVP,503,509,DAG1_HUMAN,Homo sapiens,10903901,true positive,26,1,disordered
ELME000155,LIG_SH3_3,SH3 domain ligands,LIG,This is the motif recognized by those SH3 domains with a non-canonical class I recognition specificity,PF00018,SH3_1,SH3 domain,...[PV]..P,FRTPPVP,503,509,EPS8_HUMAN,Homo sapiens,21098279 22921828,true positive,26,1,disordered
ELME000155,LIG_SH3_3,SH3 domain ligands,LIG,This is the motif recognized by those SH3 domains with a non-canonical class I recognition specificity,PF00018,SH3_1,SH3 domain,...[PV]..P,FRTPPVP,503,509,ESPFU_ECO5T,Escherichia coli O157:H7 str. TW14359,21098279,true positive,26,1,disordered
ELME000155,LIG_SH3_3,SH3 domain ligands,LIG,This is the motif recognized by those SH3 domains with a non-canonical class I recognition specificity,PF00018,SH3_1,SH3 domain,...[PV]..P,FRTPPVP,503,509,LAS17_YEAST,Saccharomyces cerevisiae,10648568,true positive,26,1,disordered
ELME000155,LIG_SH3_3,SH3 domain ligands,LIG,This is the motif recognized by those SH3 domains with a non-canonical class I recognition specificity,PF00018,SH3_1,SH3 domain,...[PV]..P,FRTPPVP,503,509,NS1_I72A2,Influenza A virus (A/Udorn/307/1972(H3N2)),17881440,true positive,26,1,disordered
ELME000155,LIG_SH3_3,SH3 domain ligands,LIG,This is the motif recognized by those SH3 domains with a non-canonical class I recognition specificity,PF00018,SH3_1,SH3 domain,...[PV]..P,FRTPPVP,503,509,ORF3_HEVBU,Hepatitis E virus (strain Burma),11518702,true positive,26,1,disordered
ELME000155,LIG_SH3_3,SH3 domain ligands,LIG,This is the motif recognized by those SH3 domains with a non-canonical class I recognition specificity,PF00018,SH3_1,SH3 domain,...[PV]..P,FRTPPVP,503,509,P73_HUMAN,Homo sapiens,10391251,true positive,26,1,disordered
ELME000155,LIG_SH3_3,SH3 domain ligands,LIG,This is the motif recognized by those SH3 domains with a non-canonical class I recognition specificity,PF00018,SH3_1,SH3 domain,...[PV]..P,FRTPPVP,503,509,SOS1_MOUSE,Mus musculus,9135122,true positive,26,1,disordered
ELME000155,LIG_SH3_3,SH3 domain ligands,LIG,This is the motif recognized by those SH3 domains with a non-canonical class I recognition specificity,PF00018,SH3_1,SH3 domain,...[PV]..P,FRTPPVP,503,509,TAU_HUMAN,Homo sapiens,18467332,true positive,26,1,disordered
ELME000155,LIG_SH3_3,SH3 domain ligands,LIG,This is the motif recognized by those SH3 domains with a non-canonical class I recognition specificity,PF00018,SH3_1,SH3 domain,...[PV]..P,FRTPPVP,503,509,TIP_SHV24,Herpesvirus saimiri (strain 484-77),11040125,true positive,26,1,disordered
ELME000155,LIG_SH3_3,SH3 domain ligands,LIG,This is the motif recognized by those SH3 domains with a non-canonical class I recognition specificity,PF00018,SH3_1,SH3 domain,...[PV]..P,FRTPPVP,503,509,WASF1_MOUSE,Mus musculus,10970852,true positive,26,1,disordered
ELME000155,LIG_SH3_3,SH3 domain ligands,LIG,This is the motif recognized by those SH3 domains with a non-canonical class I recognition specificity,PF00018,SH3_1,SH3 domain,...[PV]..P,TPPVPKP,505,511,BIN1_HUMAN,Homo sapiens,15992821,true positive,26,1,disordered
ELME000155,LIG_SH3_3,SH3 domain ligands,LIG,This is the motif recognized by those SH3 domains with a non-canonical class I recognition specificity,PF00018,SH3_1,SH3 domain,...[PV]..P,TPPVPKP,505,511,CD2_HUMAN,Homo sapiens,12426371,true positive,26,1,disordered
ELME000155,LIG_SH3_3,SH3 domain ligands,LIG,This is the motif recognized by those SH3 domains with a non-canonical class I recognition specificity,PF00018,SH3_1,SH3 domain,...[PV]..P,TPPVPKP,505,511,CY24A_TURTR,Tursiops truncatus,9121467,true positive,26,1,disordered
ELME000155,LIG_SH3_3,SH3 domain ligands,LIG,This is the motif recognized by those SH3 domains with a non-canonical class I recognition specificity,PF00018,SH3_1,SH3 domain,...[PV]..P,TPPVPKP,505,511,DAG1_HUMAN,Homo sapiens,10903901,true positive,26,1,disordered
ELME000155,LIG_SH3_3,SH3 domain ligands,LIG,This is the motif recognized by those SH3 domains with a non-canonical class I recognition specificity,PF00018,SH3_1,SH3 domain,...[PV]..P,TPPVPKP,505,511,EPS8_HUMAN,Homo sapiens,21098279 22921828,true positive,26,1,disordered
ELME000155,LIG_SH3_3,SH3 domain ligands,LIG,This is the motif recognized by those SH3 domains with a non-canonical class I recognition specificity,PF00018,SH3_1,SH3 domain,...[PV]..P,TPPVPKP,505,511,ESPFU_ECO5T,Escherichia coli O157:H7 str. TW14359,21098279,true positive,26,1,disordered
ELME000155,LIG_SH3_3,SH3 domain ligands,LIG,This is the motif recognized by those SH3 domains with a non-canonical class I recognition specificity,PF00018,SH3_1,SH3 domain,...[PV]..P,TPPVPKP,505,511,LAS17_YEAST,Saccharomyces cerevisiae,10648568,true positive,26,1,disordered
ELME000155,LIG_SH3_3,SH3 domain ligands,LIG,This is the motif recognized by those SH3 domains with a non-canonical class I recognition specificity,PF00018,SH3_1,SH3 domain,...[PV]..P,TPPVPKP,505,511,NS1_I72A2,Influenza A virus (A/Udorn/307/1972(H3N2)),17881440,true positive,26,1,disordered
ELME000155,LIG_SH3_3,SH3 domain ligands,LIG,This is the motif recognized by those SH3 domains with a non-canonical class I recognition specificity,PF00018,SH3_1,SH3 domain,...[PV]..P,TPPVPKP,505,511,ORF3_HEVBU,Hepatitis E virus (strain Burma),11518702,true positive,26,1,disordered
ELME000155,LIG_SH3_3,SH3 domain ligands,LIG,This is the motif recognized by those SH3 domains with a non-canonical class I recognition specificity,PF00018,SH3_1,SH3 domain,...[PV]..P,TPPVPKP,505,511,P73_HUMAN,Homo sapiens,10391251,true positive,26,1,disordered
ELME000155,LIG_SH3_3,SH3 domain ligands,LIG,This is the motif recognized by those SH3 domains with a non-canonical class I recognition specificity,PF00018,SH3_1,SH3 domain,...[PV]..P,TPPVPKP,505,511,SOS1_MOUSE,Mus musculus,9135122,true positive,26,1,disordered
ELME000155,LIG_SH3_3,SH3 domain ligands,LIG,This is the motif recognized by those SH3 domains with a non-canonical class I recognition specificity,PF00018,SH3_1,SH3 domain,...[PV]..P,TPPVPKP,505,511,TAU_HUMAN,Homo sapiens,18467332,true positive,26,1,disordered
ELME000155,LIG_SH3_3,SH3 domain ligands,LIG,This is the motif recognized by those SH3 domains with a non-canonical class I recognition specificity,PF00018,SH3_1,SH3 domain,...[PV]..P,TPPVPKP,505,511,TIP_SHV24,Herpesvirus saimiri (strain 484-77),11040125,true positive,26,1,disordered
ELME000155,LIG_SH3_3,SH3 domain ligands,LIG,This is the motif recognized by those SH3 domains with a non-canonical class I recognition specificity,PF00018,SH3_1,SH3 domain,...[PV]..P,TPPVPKP,505,511,WASF1_MOUSE,Mus musculus,10970852,true positive,26,1,disordered
ELME000155,LIG_SH3_3,SH3 domain ligands,LIG,This is the motif recognized by those SH3 domains with a non-canonical class I recognition specificity,PF00018,SH3_1,SH3 domain,...[PV]..P,ARRPLHP,513,519,BIN1_HUMAN,Homo sapiens,15992821,true positive,26,1,disordered
ELME000155,LIG_SH3_3,SH3 domain ligands,LIG,This is the motif recognized by those SH3 domains with a non-canonical class I recognition specificity,PF00018,SH3_1,SH3 domain,...[PV]..P,ARRPLHP,513,519,CD2_HUMAN,Homo sapiens,12426371,true positive,26,1,disordered
ELME000155,LIG_SH3_3,SH3 domain ligands,LIG,This is the motif recognized by those SH3 domains with a non-canonical class I recognition specificity,PF00018,SH3_1,SH3 domain,...[PV]..P,ARRPLHP,513,519,CY24A_TURTR,Tursiops truncatus,9121467,true positive,26,1,disordered
ELME000155,LIG_SH3_3,SH3 domain ligands,LIG,This is the motif recognized by those SH3 domains with a non-canonical class I recognition specificity,PF00018,SH3_1,SH3 domain,...[PV]..P,ARRPLHP,513,519,DAG1_HUMAN,Homo sapiens,10903901,true positive,26,1,disordered
ELME000155,LIG_SH3_3,SH3 domain ligands,LIG,This is the motif recognized by those SH3 domains with a non-canonical class I recognition specificity,PF00018,SH3_1,SH3 domain,...[PV]..P,ARRPLHP,513,519,EPS8_HUMAN,Homo sapiens,21098279 22921828,true positive,26,1,disordered
ELME000155,LIG_SH3_3,SH3 domain ligands,LIG,This is the motif recognized by those SH3 domains with a non-canonical class I recognition specificity,PF00018,SH3_1,SH3 domain,...[PV]..P,ARRPLHP,513,519,ESPFU_ECO5T,Escherichia coli O157:H7 str. TW14359,21098279,true positive,26,1,disordered
ELME000155,LIG_SH3_3,SH3 domain ligands,LIG,This is the motif recognized by those SH3 domains with a non-canonical class I recognition specificity,PF00018,SH3_1,SH3 domain,...[PV]..P,ARRPLHP,513,519,LAS17_YEAST,Saccharomyces cerevisiae,10648568,true positive,26,1,disordered
ELME000155,LIG_SH3_3,SH3 domain ligands,LIG,This is the motif recognized by those SH3 domains with a non-canonical class I recognition specificity,PF00018,SH3_1,SH3 domain,...[PV]..P,ARRPLHP,513,519,NS1_I72A2,Influenza A virus (A/Udorn/307/1972(H3N2)),17881440,true positive,26,1,disordered
ELME000155,LIG_SH3_3,SH3 domain ligands,LIG,This is the motif recognized by those SH3 domains with a non-canonical class I recognition specificity,PF00018,SH3_1,SH3 domain,...[PV]..P,ARRPLHP,513,519,ORF3_HEVBU,Hepatitis E virus (strain Burma),11518702,true positive,26,1,disordered
ELME000155,LIG_SH3_3,SH3 domain ligands,LIG,This is the motif recognized by those SH3 domains with a non-canonical class I recognition specificity,PF00018,SH3_1,SH3 domain,...[PV]..P,ARRPLHP,513,519,P73_HUMAN,Homo sapiens,10391251,true positive,26,1,disordered
ELME000155,LIG_SH3_3,SH3 domain ligands,LIG,This is the motif recognized by those SH3 domains with a non-canonical class I recognition specificity,PF00018,SH3_1,SH3 domain,...[PV]..P,ARRPLHP,513,519,SOS1_MOUSE,Mus musculus,9135122,true positive,26,1,disordered
ELME000155,LIG_SH3_3,SH3 domain ligands,LIG,This is the motif recognized by those SH3 domains with a non-canonical class I recognition specificity,PF00018,SH3_1,SH3 domain,...[PV]..P,ARRPLHP,513,519,TAU_HUMAN,Homo sapiens,18467332,true positive,26,1,disordered
ELME000155,LIG_SH3_3,SH3 domain ligands,LIG,This is the motif recognized by those SH3 domains with a non-canonical class I recognition specificity,PF00018,SH3_1,SH3 domain,...[PV]..P,ARRPLHP,513,519,TIP_SHV24,Herpesvirus saimiri (strain 484-77),11040125,true positive,26,1,disordered
ELME000155,LIG_SH3_3,SH3 domain ligands,LIG,This is the motif recognized by those SH3 domains with a non-canonical class I recognition specificity,PF00018,SH3_1,SH3 domain,...[PV]..P,ARRPLHP,513,519,WASF1_MOUSE,Mus musculus,10970852,true positive,26,1,disordered
ELME000501,LIG_SH3_CIN85_PxpxPR_1,CIN85 and CD2AP SH3 domain binding motif ,LIG,"The non-canonical SH3-binding motif is recognized primarily by adaptor proteins CIN85 and CD2AP, which are involved in RTK regulation, endocytosis, lysosomal degradation, actin cytoskeleton dynamics regulation, and signal transduction",PF14604,SH3_9,Variant SH3 domain,P.[AP].PR,PIPRPR,444,449,3BP2_HUMAN,Homo sapiens,17306257,true positive,60,4,disordered
ELME000501,LIG_SH3_CIN85_PxpxPR_1,CIN85 and CD2AP SH3 domain binding motif ,LIG,"The non-canonical SH3-binding motif is recognized primarily by adaptor proteins CIN85 and CD2AP, which are involved in RTK regulation, endocytosis, lysosomal degradation, actin cytoskeleton dynamics regulation, and signal transduction",PF14604,SH3_9,Variant SH3 domain,P.[AP].PR,PIPRPR,444,449,A0A1B0SZV8_ORENI,Oreochromis niloticus,32247045,true positive,60,4,disordered
ELME000501,LIG_SH3_CIN85_PxpxPR_1,CIN85 and CD2AP SH3 domain binding motif ,LIG,"The non-canonical SH3-binding motif is recognized primarily by adaptor proteins CIN85 and CD2AP, which are involved in RTK regulation, endocytosis, lysosomal degradation, actin cytoskeleton dynamics regulation, and signal transduction",PF14604,SH3_9,Variant SH3 domain,P.[AP].PR,PIPRPR,444,449,ARAP3_HUMAN,Homo sapiens,15090612,true positive,60,4,disordered
ELME000501,LIG_SH3_CIN85_PxpxPR_1,CIN85 and CD2AP SH3 domain binding motif ,LIG,"The non-canonical SH3-binding motif is recognized primarily by adaptor proteins CIN85 and CD2AP, which are involved in RTK regulation, endocytosis, lysosomal degradation, actin cytoskeleton dynamics regulation, and signal transduction",PF14604,SH3_9,Variant SH3 domain,P.[AP].PR,PIPRPR,444,449,ASAP1_HUMAN,Homo sapiens,15090612,true positive,60,4,disordered
ELME000501,LIG_SH3_CIN85_PxpxPR_1,CIN85 and CD2AP SH3 domain binding motif ,LIG,"The non-canonical SH3-binding motif is recognized primarily by adaptor proteins CIN85 and CD2AP, which are involved in RTK regulation, endocytosis, lysosomal degradation, actin cytoskeleton dynamics regulation, and signal transduction",PF14604,SH3_9,Variant SH3 domain,P.[AP].PR,PIPRPR,444,449,ASAP1_MOUSE,Mus musculus,15632162,true positive,60,4,disordered
ELME000501,LIG_SH3_CIN85_PxpxPR_1,CIN85 and CD2AP SH3 domain binding motif ,LIG,"The non-canonical SH3-binding motif is recognized primarily by adaptor proteins CIN85 and CD2AP, which are involved in RTK regulation, endocytosis, lysosomal degradation, actin cytoskeleton dynamics regulation, and signal transduction",PF14604,SH3_9,Variant SH3 domain,P.[AP].PR,PIPRPR,444,449,BLNK_HUMAN,Homo sapiens,11071869 32051419 27353366,true positive,60,4,disordered
ELME000501,LIG_SH3_CIN85_PxpxPR_1,CIN85 and CD2AP SH3 domain binding motif ,LIG,"The non-canonical SH3-binding motif is recognized primarily by adaptor proteins CIN85 and CD2AP, which are involved in RTK regulation, endocytosis, lysosomal degradation, actin cytoskeleton dynamics regulation, and signal transduction",PF14604,SH3_9,Variant SH3 domain,P.[AP].PR,PIPRPR,444,449,BLNK_HUMAN,Homo sapiens,32051419 27353366,true positive,60,4,disordered
ELME000501,LIG_SH3_CIN85_PxpxPR_1,CIN85 and CD2AP SH3 domain binding motif ,LIG,"The non-canonical SH3-binding motif is recognized primarily by adaptor proteins CIN85 and CD2AP, which are involved in RTK regulation, endocytosis, lysosomal degradation, actin cytoskeleton dynamics regulation, and signal transduction",PF14604,SH3_9,Variant SH3 domain,P.[AP].PR,PIPRPR,444,449,CBLB_HUMAN,Homo sapiens,12177062 16228008 23663663 12874286 19268472 17020880,true positive,60,4,disordered
ELME000501,LIG_SH3_CIN85_PxpxPR_1,CIN85 and CD2AP SH3 domain binding motif ,LIG,"The non-canonical SH3-binding motif is recognized primarily by adaptor proteins CIN85 and CD2AP, which are involved in RTK regulation, endocytosis, lysosomal degradation, actin cytoskeleton dynamics regulation, and signal transduction",PF14604,SH3_9,Variant SH3 domain,P.[AP].PR,PIPRPR,444,449,CBL_HUMAN,Homo sapiens,11067845 16228008 11071869 10679202 12874286 19268472,true positive,60,4,disordered
ELME000501,LIG_SH3_CIN85_PxpxPR_1,CIN85 and CD2AP SH3 domain binding motif ,LIG,"The non-canonical SH3-binding motif is recognized primarily by adaptor proteins CIN85 and CD2AP, which are involved in RTK regulation, endocytosis, lysosomal degradation, actin cytoskeleton dynamics regulation, and signal transduction",PF14604,SH3_9,Variant SH3 domain,P.[AP].PR,PIPRPR,444,449,CD2_HUMAN,Homo sapiens,23663663 17020880 12690097,true positive,60,4,disordered
ELME000501,LIG_SH3_CIN85_PxpxPR_1,CIN85 and CD2AP SH3 domain binding motif ,LIG,"The non-canonical SH3-binding motif is recognized primarily by adaptor proteins CIN85 and CD2AP, which are involved in RTK regulation, endocytosis, lysosomal degradation, actin cytoskeleton dynamics regulation, and signal transduction",PF14604,SH3_9,Variant SH3 domain,P.[AP].PR,PIPRPR,444,449,CD2_MOUSE,Mus musculus,9741631,true positive,60,4,disordered
ELME000501,LIG_SH3_CIN85_PxpxPR_1,CIN85 and CD2AP SH3 domain binding motif ,LIG,"The non-canonical SH3-binding motif is recognized primarily by adaptor proteins CIN85 and CD2AP, which are involved in RTK regulation, endocytosis, lysosomal degradation, actin cytoskeleton dynamics regulation, and signal transduction",PF14604,SH3_9,Variant SH3 domain,P.[AP].PR,PIPRPR,444,449,DAB1_HUMAN,Homo sapiens,14596919,true positive,60,4,disordered
ELME000501,LIG_SH3_CIN85_PxpxPR_1,CIN85 and CD2AP SH3 domain binding motif ,LIG,"The non-canonical SH3-binding motif is recognized primarily by adaptor proteins CIN85 and CD2AP, which are involved in RTK regulation, endocytosis, lysosomal degradation, actin cytoskeleton dynamics regulation, and signal transduction",PF14604,SH3_9,Variant SH3 domain,P.[AP].PR,PIPRPR,444,449,DAB1_MOUSE,Mus musculus,18076569,true positive,60,4,disordered
ELME000501,LIG_SH3_CIN85_PxpxPR_1,CIN85 and CD2AP SH3 domain binding motif ,LIG,"The non-canonical SH3-binding motif is recognized primarily by adaptor proteins CIN85 and CD2AP, which are involved in RTK regulation, endocytosis, lysosomal degradation, actin cytoskeleton dynamics regulation, and signal transduction",PF14604,SH3_9,Variant SH3 domain,P.[AP].PR,PIPRPR,444,449,DAB2_HUMAN,Homo sapiens,14596919,true positive,60,4,disordered
ELME000501,LIG_SH3_CIN85_PxpxPR_1,CIN85 and CD2AP SH3 domain binding motif ,LIG,"The non-canonical SH3-binding motif is recognized primarily by adaptor proteins CIN85 and CD2AP, which are involved in RTK regulation, endocytosis, lysosomal degradation, actin cytoskeleton dynamics regulation, and signal transduction",PF14604,SH3_9,Variant SH3 domain,P.[AP].PR,PIPRPR,444,449,DEND_HUMAN,Homo sapiens,16751601,true positive,60,4,disordered
ELME000501,LIG_SH3_CIN85_PxpxPR_1,CIN85 and CD2AP SH3 domain binding motif ,LIG,"The non-canonical SH3-binding motif is recognized primarily by adaptor proteins CIN85 and CD2AP, which are involved in RTK regulation, endocytosis, lysosomal degradation, actin cytoskeleton dynamics regulation, and signal transduction",PF14604,SH3_9,Variant SH3 domain,P.[AP].PR,PIPRPR,444,449,HIP1R_MOUSE,Mus musculus,15090612,true positive,60,4,disordered
ELME000501,LIG_SH3_CIN85_PxpxPR_1,CIN85 and CD2AP SH3 domain binding motif ,LIG,"The non-canonical SH3-binding motif is recognized primarily by adaptor proteins CIN85 and CD2AP, which are involved in RTK regulation, endocytosis, lysosomal degradation, actin cytoskeleton dynamics regulation, and signal transduction",PF14604,SH3_9,Variant SH3 domain,P.[AP].PR,PIPRPR,444,449,ICP0_HHV11,Herpes simplex virus (type 1 / strain 17),15824310,true positive,60,4,disordered
ELME000501,LIG_SH3_CIN85_PxpxPR_1,CIN85 and CD2AP SH3 domain binding motif ,LIG,"The non-canonical SH3-binding motif is recognized primarily by adaptor proteins CIN85 and CD2AP, which are involved in RTK regulation, endocytosis, lysosomal degradation, actin cytoskeleton dynamics regulation, and signal transduction",PF14604,SH3_9,Variant SH3 domain,P.[AP].PR,PIPRPR,444,449,ITCH_HUMAN,Homo sapiens,17652093,true positive,60,4,disordered
ELME000501,LIG_SH3_CIN85_PxpxPR_1,CIN85 and CD2AP SH3 domain binding motif ,LIG,"The non-canonical SH3-binding motif is recognized primarily by adaptor proteins CIN85 and CD2AP, which are involved in RTK regulation, endocytosis, lysosomal degradation, actin cytoskeleton dynamics regulation, and signal transduction",PF14604,SH3_9,Variant SH3 domain,P.[AP].PR,PIPRPR,444,449,MB12A_HUMAN,Homo sapiens,16895919,true positive,60,4,disordered
ELME000501,LIG_SH3_CIN85_PxpxPR_1,CIN85 and CD2AP SH3 domain binding motif ,LIG,"The non-canonical SH3-binding motif is recognized primarily by adaptor proteins CIN85 and CD2AP, which are involved in RTK regulation, endocytosis, lysosomal degradation, actin cytoskeleton dynamics regulation, and signal transduction",PF14604,SH3_9,Variant SH3 domain,P.[AP].PR,PIPRPR,444,449,P85A_HUMAN,Homo sapiens,31723006,true positive,60,4,disordered
ELME000501,LIG_SH3_CIN85_PxpxPR_1,CIN85 and CD2AP SH3 domain binding motif ,LIG,"The non-canonical SH3-binding motif is recognized primarily by adaptor proteins CIN85 and CD2AP, which are involved in RTK regulation, endocytosis, lysosomal degradation, actin cytoskeleton dynamics regulation, and signal transduction",PF14604,SH3_9,Variant SH3 domain,P.[AP].PR,PIPRPR,444,449,PDC6I_HUMAN,Homo sapiens,26296892,true positive,60,4,disordered
ELME000501,LIG_SH3_CIN85_PxpxPR_1,CIN85 and CD2AP SH3 domain binding motif ,LIG,"The non-canonical SH3-binding motif is recognized primarily by adaptor proteins CIN85 and CD2AP, which are involved in RTK regulation, endocytosis, lysosomal degradation, actin cytoskeleton dynamics regulation, and signal transduction",PF14604,SH3_9,Variant SH3 domain,P.[AP].PR,PIPRPR,444,449,PDC6I_RAT,Rattus norvegicus,10858458 11152963,true positive,60,4,disordered
ELME000501,LIG_SH3_CIN85_PxpxPR_1,CIN85 and CD2AP SH3 domain binding motif ,LIG,"The non-canonical SH3-binding motif is recognized primarily by adaptor proteins CIN85 and CD2AP, which are involved in RTK regulation, endocytosis, lysosomal degradation, actin cytoskeleton dynamics regulation, and signal transduction",PF14604,SH3_9,Variant SH3 domain,P.[AP].PR,PIPRPR,444,449,POLG_HCVJF,Hepatitis C virus JFH-1,25872741,true positive,60,4,disordered
ELME000501,LIG_SH3_CIN85_PxpxPR_1,CIN85 and CD2AP SH3 domain binding motif ,LIG,"The non-canonical SH3-binding motif is recognized primarily by adaptor proteins CIN85 and CD2AP, which are involved in RTK regulation, endocytosis, lysosomal degradation, actin cytoskeleton dynamics regulation, and signal transduction",PF14604,SH3_9,Variant SH3 domain,P.[AP].PR,PIPRPR,444,449,POLN_BFV,Barmah Forest virus,29702546,true positive,60,4,disordered
ELME000501,LIG_SH3_CIN85_PxpxPR_1,CIN85 and CD2AP SH3 domain binding motif ,LIG,"The non-canonical SH3-binding motif is recognized primarily by adaptor proteins CIN85 and CD2AP, which are involved in RTK regulation, endocytosis, lysosomal degradation, actin cytoskeleton dynamics regulation, and signal transduction",PF14604,SH3_9,Variant SH3 domain,P.[AP].PR,PIPRPR,444,449,POLN_CHIKS,Chikungunya virus strain S27-African prototype,31493651,true positive,60,4,disordered
ELME000501,LIG_SH3_CIN85_PxpxPR_1,CIN85 and CD2AP SH3 domain binding motif ,LIG,"The non-canonical SH3-binding motif is recognized primarily by adaptor proteins CIN85 and CD2AP, which are involved in RTK regulation, endocytosis, lysosomal degradation, actin cytoskeleton dynamics regulation, and signal transduction",PF14604,SH3_9,Variant SH3 domain,P.[AP].PR,PIPRPR,444,449,POLN_EEVVT,Venezuelan equine encephalitis virus (strain Trinidad donkey),31694937,true positive,60,4,disordered
ELME000501,LIG_SH3_CIN85_PxpxPR_1,CIN85 and CD2AP SH3 domain binding motif ,LIG,"The non-canonical SH3-binding motif is recognized primarily by adaptor proteins CIN85 and CD2AP, which are involved in RTK regulation, endocytosis, lysosomal degradation, actin cytoskeleton dynamics regulation, and signal transduction",PF14604,SH3_9,Variant SH3 domain,P.[AP].PR,PIPRPR,444,449,POLN_SFV,Semliki forest virus,29702546,true positive,60,4,disordered
ELME000501,LIG_SH3_CIN85_PxpxPR_1,CIN85 and CD2AP SH3 domain binding motif ,LIG,"The non-canonical SH3-binding motif is recognized primarily by adaptor proteins CIN85 and CD2AP, which are involved in RTK regulation, endocytosis, lysosomal degradation, actin cytoskeleton dynamics regulation, and signal transduction",PF14604,SH3_9,Variant SH3 domain,P.[AP].PR,PIPRPR,444,449,PTCRA_HUMAN,Homo sapiens,17823309,true positive,60,4,disordered
ELME000501,LIG_SH3_CIN85_PxpxPR_1,CIN85 and CD2AP SH3 domain binding motif ,LIG,"The non-canonical SH3-binding motif is recognized primarily by adaptor proteins CIN85 and CD2AP, which are involved in RTK regulation, endocytosis, lysosomal degradation, actin cytoskeleton dynamics regulation, and signal transduction",PF14604,SH3_9,Variant SH3 domain,P.[AP].PR,PIPRPR,444,449,Q4UGW0_THEAN,Theileria annulata,29520916,unknown,60,4,disordered
ELME000501,LIG_SH3_CIN85_PxpxPR_1,CIN85 and CD2AP SH3 domain binding motif ,LIG,"The non-canonical SH3-binding motif is recognized primarily by adaptor proteins CIN85 and CD2AP, which are involved in RTK regulation, endocytosis, lysosomal degradation, actin cytoskeleton dynamics regulation, and signal transduction",PF14604,SH3_9,Variant SH3 domain,P.[AP].PR,PIPRPR,444,449,Q64ET4_HCMV,Human herpesvirus 5,30089695,unknown,60,4,disordered
ELME000501,LIG_SH3_CIN85_PxpxPR_1,CIN85 and CD2AP SH3 domain binding motif ,LIG,"The non-canonical SH3-binding motif is recognized primarily by adaptor proteins CIN85 and CD2AP, which are involved in RTK regulation, endocytosis, lysosomal degradation, actin cytoskeleton dynamics regulation, and signal transduction",PF14604,SH3_9,Variant SH3 domain,P.[AP].PR,PIPRPR,444,449,RHG27_RAT,Rattus norvegicus,15147912,true positive,60,4,disordered
ELME000501,LIG_SH3_CIN85_PxpxPR_1,CIN85 and CD2AP SH3 domain binding motif ,LIG,"The non-canonical SH3-binding motif is recognized primarily by adaptor proteins CIN85 and CD2AP, which are involved in RTK regulation, endocytosis, lysosomal degradation, actin cytoskeleton dynamics regulation, and signal transduction",PF14604,SH3_9,Variant SH3 domain,P.[AP].PR,PIPRPR,444,449,RIN3_HUMAN,Homo sapiens,26296892,true positive,60,4,disordered
ELME000501,LIG_SH3_CIN85_PxpxPR_1,CIN85 and CD2AP SH3 domain binding motif ,LIG,"The non-canonical SH3-binding motif is recognized primarily by adaptor proteins CIN85 and CD2AP, which are involved in RTK regulation, endocytosis, lysosomal degradation, actin cytoskeleton dynamics regulation, and signal transduction",PF14604,SH3_9,Variant SH3 domain,P.[AP].PR,PIPRPR,444,449,RON2_TOXGM,Toxoplasma gondii ME49,28848228,true positive,60,4,disordered
ELME000501,LIG_SH3_CIN85_PxpxPR_1,CIN85 and CD2AP SH3 domain binding motif ,LIG,"The non-canonical SH3-binding motif is recognized primarily by adaptor proteins CIN85 and CD2AP, which are involved in RTK regulation, endocytosis, lysosomal degradation, actin cytoskeleton dynamics regulation, and signal transduction",PF14604,SH3_9,Variant SH3 domain,P.[AP].PR,PIPRPR,444,449,RON4_TOXGO,Toxoplasma gondii,28848228,true positive,60,4,disordered
ELME000501,LIG_SH3_CIN85_PxpxPR_1,CIN85 and CD2AP SH3 domain binding motif ,LIG,"The non-canonical SH3-binding motif is recognized primarily by adaptor proteins CIN85 and CD2AP, which are involved in RTK regulation, endocytosis, lysosomal degradation, actin cytoskeleton dynamics regulation, and signal transduction",PF14604,SH3_9,Variant SH3 domain,P.[AP].PR,PIPRPR,444,449,S8ERS3_TOXGM,Toxoplasma gondii ME49,28848228,true positive,60,4,disordered
ELME000501,LIG_SH3_CIN85_PxpxPR_1,CIN85 and CD2AP SH3 domain binding motif ,LIG,"The non-canonical SH3-binding motif is recognized primarily by adaptor proteins CIN85 and CD2AP, which are involved in RTK regulation, endocytosis, lysosomal degradation, actin cytoskeleton dynamics regulation, and signal transduction",PF14604,SH3_9,Variant SH3 domain,P.[AP].PR,PIPRPR,444,449,SEPT9_HUMAN,Homo sapiens,25472714,true positive,60,4,disordered
ELME000501,LIG_SH3_CIN85_PxpxPR_1,CIN85 and CD2AP SH3 domain binding motif ,LIG,"The non-canonical SH3-binding motif is recognized primarily by adaptor proteins CIN85 and CD2AP, which are involved in RTK regulation, endocytosis, lysosomal degradation, actin cytoskeleton dynamics regulation, and signal transduction",PF14604,SH3_9,Variant SH3 domain,P.[AP].PR,PIPRPR,444,449,SHIP1_HUMAN,Homo sapiens,15090612,true positive,60,4,disordered
ELME000501,LIG_SH3_CIN85_PxpxPR_1,CIN85 and CD2AP SH3 domain binding motif ,LIG,"The non-canonical SH3-binding motif is recognized primarily by adaptor proteins CIN85 and CD2AP, which are involved in RTK regulation, endocytosis, lysosomal degradation, actin cytoskeleton dynamics regulation, and signal transduction",PF14604,SH3_9,Variant SH3 domain,P.[AP].PR,PIPRPR,444,449,SHKB1_MOUSE,Mus musculus,21830225,true positive,60,4,disordered
ELME000501,LIG_SH3_CIN85_PxpxPR_1,CIN85 and CD2AP SH3 domain binding motif ,LIG,"The non-canonical SH3-binding motif is recognized primarily by adaptor proteins CIN85 and CD2AP, which are involved in RTK regulation, endocytosis, lysosomal degradation, actin cytoskeleton dynamics regulation, and signal transduction",PF14604,SH3_9,Variant SH3 domain,P.[AP].PR,PIPRPR,444,449,SHKB1_RAT,Rattus norvegicus,11152963,true positive,60,4,disordered
ELME000501,LIG_SH3_CIN85_PxpxPR_1,CIN85 and CD2AP SH3 domain binding motif ,LIG,"The non-canonical SH3-binding motif is recognized primarily by adaptor proteins CIN85 and CD2AP, which are involved in RTK regulation, endocytosis, lysosomal degradation, actin cytoskeleton dynamics regulation, and signal transduction",PF14604,SH3_9,Variant SH3 domain,P.[AP].PR,PIPRPR,444,449,STAP1_MOUSE,Mus musculus,15090612,true positive,60,4,disordered
ELME000501,LIG_SH3_CIN85_PxpxPR_1,CIN85 and CD2AP SH3 domain binding motif ,LIG,"The non-canonical SH3-binding motif is recognized primarily by adaptor proteins CIN85 and CD2AP, which are involved in RTK regulation, endocytosis, lysosomal degradation, actin cytoskeleton dynamics regulation, and signal transduction",PF14604,SH3_9,Variant SH3 domain,P.[AP].PR,PIPRPR,444,449,SYNJ1_MOUSE,Mus musculus,12829691,true positive,60,4,disordered
ELME000501,LIG_SH3_CIN85_PxpxPR_1,CIN85 and CD2AP SH3 domain binding motif ,LIG,"The non-canonical SH3-binding motif is recognized primarily by adaptor proteins CIN85 and CD2AP, which are involved in RTK regulation, endocytosis, lysosomal degradation, actin cytoskeleton dynamics regulation, and signal transduction",PF14604,SH3_9,Variant SH3 domain,P.[AP].PR,PIPRPR,444,449,SYNJ2_RAT,Rattus norvegicus,15090612,true positive,60,4,disordered
ELME000501,LIG_SH3_CIN85_PxpxPR_1,CIN85 and CD2AP SH3 domain binding motif ,LIG,"The non-canonical SH3-binding motif is recognized primarily by adaptor proteins CIN85 and CD2AP, which are involved in RTK regulation, endocytosis, lysosomal degradation, actin cytoskeleton dynamics regulation, and signal transduction",PF14604,SH3_9,Variant SH3 domain,P.[AP].PR,PIPRPR,444,449,TTP_HUMAN,Homo sapiens,20221403,true positive,60,4,disordered
ELME000501,LIG_SH3_CIN85_PxpxPR_1,CIN85 and CD2AP SH3 domain binding motif ,LIG,"The non-canonical SH3-binding motif is recognized primarily by adaptor proteins CIN85 and CD2AP, which are involved in RTK regulation, endocytosis, lysosomal degradation, actin cytoskeleton dynamics regulation, and signal transduction",PF14604,SH3_9,Variant SH3 domain,P.[AP].PR,PVPKPR,507,512,3BP2_HUMAN,Homo sapiens,17306257,true positive,60,4,disordered
ELME000501,LIG_SH3_CIN85_PxpxPR_1,CIN85 and CD2AP SH3 domain binding motif ,LIG,"The non-canonical SH3-binding motif is recognized primarily by adaptor proteins CIN85 and CD2AP, which are involved in RTK regulation, endocytosis, lysosomal degradation, actin cytoskeleton dynamics regulation, and signal transduction",PF14604,SH3_9,Variant SH3 domain,P.[AP].PR,PVPKPR,507,512,A0A1B0SZV8_ORENI,Oreochromis niloticus,32247045,true positive,60,4,disordered
ELME000501,LIG_SH3_CIN85_PxpxPR_1,CIN85 and CD2AP SH3 domain binding motif ,LIG,"The non-canonical SH3-binding motif is recognized primarily by adaptor proteins CIN85 and CD2AP, which are involved in RTK regulation, endocytosis, lysosomal degradation, actin cytoskeleton dynamics regulation, and signal transduction",PF14604,SH3_9,Variant SH3 domain,P.[AP].PR,PVPKPR,507,512,ARAP3_HUMAN,Homo sapiens,15090612,true positive,60,4,disordered
ELME000501,LIG_SH3_CIN85_PxpxPR_1,CIN85 and CD2AP SH3 domain binding motif ,LIG,"The non-canonical SH3-binding motif is recognized primarily by adaptor proteins CIN85 and CD2AP, which are involved in RTK regulation, endocytosis, lysosomal degradation, actin cytoskeleton dynamics regulation, and signal transduction",PF14604,SH3_9,Variant SH3 domain,P.[AP].PR,PVPKPR,507,512,ASAP1_HUMAN,Homo sapiens,15090612,true positive,60,4,disordered
ELME000501,LIG_SH3_CIN85_PxpxPR_1,CIN85 and CD2AP SH3 domain binding motif ,LIG,"The non-canonical SH3-binding motif is recognized primarily by adaptor proteins CIN85 and CD2AP, which are involved in RTK regulation, endocytosis, lysosomal degradation, actin cytoskeleton dynamics regulation, and signal transduction",PF14604,SH3_9,Variant SH3 domain,P.[AP].PR,PVPKPR,507,512,ASAP1_MOUSE,Mus musculus,15632162,true positive,60,4,disordered
ELME000501,LIG_SH3_CIN85_PxpxPR_1,CIN85 and CD2AP SH3 domain binding motif ,LIG,"The non-canonical SH3-binding motif is recognized primarily by adaptor proteins CIN85 and CD2AP, which are involved in RTK regulation, endocytosis, lysosomal degradation, actin cytoskeleton dynamics regulation, and signal transduction",PF14604,SH3_9,Variant SH3 domain,P.[AP].PR,PVPKPR,507,512,BLNK_HUMAN,Homo sapiens,11071869 32051419 27353366,true positive,60,4,disordered
ELME000501,LIG_SH3_CIN85_PxpxPR_1,CIN85 and CD2AP SH3 domain binding motif ,LIG,"The non-canonical SH3-binding motif is recognized primarily by adaptor proteins CIN85 and CD2AP, which are involved in RTK regulation, endocytosis, lysosomal degradation, actin cytoskeleton dynamics regulation, and signal transduction",PF14604,SH3_9,Variant SH3 domain,P.[AP].PR,PVPKPR,507,512,BLNK_HUMAN,Homo sapiens,32051419 27353366,true positive,60,4,disordered
ELME000501,LIG_SH3_CIN85_PxpxPR_1,CIN85 and CD2AP SH3 domain binding motif ,LIG,"The non-canonical SH3-binding motif is recognized primarily by adaptor proteins CIN85 and CD2AP, which are involved in RTK regulation, endocytosis, lysosomal degradation, actin cytoskeleton dynamics regulation, and signal transduction",PF14604,SH3_9,Variant SH3 domain,P.[AP].PR,PVPKPR,507,512,CBLB_HUMAN,Homo sapiens,12177062 16228008 23663663 12874286 19268472 17020880,true positive,60,4,disordered
ELME000501,LIG_SH3_CIN85_PxpxPR_1,CIN85 and CD2AP SH3 domain binding motif ,LIG,"The non-canonical SH3-binding motif is recognized primarily by adaptor proteins CIN85 and CD2AP, which are involved in RTK regulation, endocytosis, lysosomal degradation, actin cytoskeleton dynamics regulation, and signal transduction",PF14604,SH3_9,Variant SH3 domain,P.[AP].PR,PVPKPR,507,512,CBL_HUMAN,Homo sapiens,11067845 16228008 11071869 10679202 12874286 19268472,true positive,60,4,disordered
ELME000501,LIG_SH3_CIN85_PxpxPR_1,CIN85 and CD2AP SH3 domain binding motif ,LIG,"The non-canonical SH3-binding motif is recognized primarily by adaptor proteins CIN85 and CD2AP, which are involved in RTK regulation, endocytosis, lysosomal degradation, actin cytoskeleton dynamics regulation, and signal transduction",PF14604,SH3_9,Variant SH3 domain,P.[AP].PR,PVPKPR,507,512,CD2_HUMAN,Homo sapiens,23663663 17020880 12690097,true positive,60,4,disordered
ELME000501,LIG_SH3_CIN85_PxpxPR_1,CIN85 and CD2AP SH3 domain binding motif ,LIG,"The non-canonical SH3-binding motif is recognized primarily by adaptor proteins CIN85 and CD2AP, which are involved in RTK regulation, endocytosis, lysosomal degradation, actin cytoskeleton dynamics regulation, and signal transduction",PF14604,SH3_9,Variant SH3 domain,P.[AP].PR,PVPKPR,507,512,CD2_MOUSE,Mus musculus,9741631,true positive,60,4,disordered
ELME000501,LIG_SH3_CIN85_PxpxPR_1,CIN85 and CD2AP SH3 domain binding motif ,LIG,"The non-canonical SH3-binding motif is recognized primarily by adaptor proteins CIN85 and CD2AP, which are involved in RTK regulation, endocytosis, lysosomal degradation, actin cytoskeleton dynamics regulation, and signal transduction",PF14604,SH3_9,Variant SH3 domain,P.[AP].PR,PVPKPR,507,512,DAB1_HUMAN,Homo sapiens,14596919,true positive,60,4,disordered
ELME000501,LIG_SH3_CIN85_PxpxPR_1,CIN85 and CD2AP SH3 domain binding motif ,LIG,"The non-canonical SH3-binding motif is recognized primarily by adaptor proteins CIN85 and CD2AP, which are involved in RTK regulation, endocytosis, lysosomal degradation, actin cytoskeleton dynamics regulation, and signal transduction",PF14604,SH3_9,Variant SH3 domain,P.[AP].PR,PVPKPR,507,512,DAB1_MOUSE,Mus musculus,18076569,true positive,60,4,disordered
ELME000501,LIG_SH3_CIN85_PxpxPR_1,CIN85 and CD2AP SH3 domain binding motif ,LIG,"The non-canonical SH3-binding motif is recognized primarily by adaptor proteins CIN85 and CD2AP, which are involved in RTK regulation, endocytosis, lysosomal degradation, actin cytoskeleton dynamics regulation, and signal transduction",PF14604,SH3_9,Variant SH3 domain,P.[AP].PR,PVPKPR,507,512,DAB2_HUMAN,Homo sapiens,14596919,true positive,60,4,disordered
ELME000501,LIG_SH3_CIN85_PxpxPR_1,CIN85 and CD2AP SH3 domain binding motif ,LIG,"The non-canonical SH3-binding motif is recognized primarily by adaptor proteins CIN85 and CD2AP, which are involved in RTK regulation, endocytosis, lysosomal degradation, actin cytoskeleton dynamics regulation, and signal transduction",PF14604,SH3_9,Variant SH3 domain,P.[AP].PR,PVPKPR,507,512,DEND_HUMAN,Homo sapiens,16751601,true positive,60,4,disordered
ELME000501,LIG_SH3_CIN85_PxpxPR_1,CIN85 and CD2AP SH3 domain binding motif ,LIG,"The non-canonical SH3-binding motif is recognized primarily by adaptor proteins CIN85 and CD2AP, which are involved in RTK regulation, endocytosis, lysosomal degradation, actin cytoskeleton dynamics regulation, and signal transduction",PF14604,SH3_9,Variant SH3 domain,P.[AP].PR,PVPKPR,507,512,HIP1R_MOUSE,Mus musculus,15090612,true positive,60,4,disordered
ELME000501,LIG_SH3_CIN85_PxpxPR_1,CIN85 and CD2AP SH3 domain binding motif ,LIG,"The non-canonical SH3-binding motif is recognized primarily by adaptor proteins CIN85 and CD2AP, which are involved in RTK regulation, endocytosis, lysosomal degradation, actin cytoskeleton dynamics regulation, and signal transduction",PF14604,SH3_9,Variant SH3 domain,P.[AP].PR,PVPKPR,507,512,ICP0_HHV11,Herpes simplex virus (type 1 / strain 17),15824310,true positive,60,4,disordered
ELME000501,LIG_SH3_CIN85_PxpxPR_1,CIN85 and CD2AP SH3 domain binding motif ,LIG,"The non-canonical SH3-binding motif is recognized primarily by adaptor proteins CIN85 and CD2AP, which are involved in RTK regulation, endocytosis, lysosomal degradation, actin cytoskeleton dynamics regulation, and signal transduction",PF14604,SH3_9,Variant SH3 domain,P.[AP].PR,PVPKPR,507,512,ITCH_HUMAN,Homo sapiens,17652093,true positive,60,4,disordered
ELME000501,LIG_SH3_CIN85_PxpxPR_1,CIN85 and CD2AP SH3 domain binding motif ,LIG,"The non-canonical SH3-binding motif is recognized primarily by adaptor proteins CIN85 and CD2AP, which are involved in RTK regulation, endocytosis, lysosomal degradation, actin cytoskeleton dynamics regulation, and signal transduction",PF14604,SH3_9,Variant SH3 domain,P.[AP].PR,PVPKPR,507,512,MB12A_HUMAN,Homo sapiens,16895919,true positive,60,4,disordered
ELME000501,LIG_SH3_CIN85_PxpxPR_1,CIN85 and CD2AP SH3 domain binding motif ,LIG,"The non-canonical SH3-binding motif is recognized primarily by adaptor proteins CIN85 and CD2AP, which are involved in RTK regulation, endocytosis, lysosomal degradation, actin cytoskeleton dynamics regulation, and signal transduction",PF14604,SH3_9,Variant SH3 domain,P.[AP].PR,PVPKPR,507,512,P85A_HUMAN,Homo sapiens,31723006,true positive,60,4,disordered
ELME000501,LIG_SH3_CIN85_PxpxPR_1,CIN85 and CD2AP SH3 domain binding motif ,LIG,"The non-canonical SH3-binding motif is recognized primarily by adaptor proteins CIN85 and CD2AP, which are involved in RTK regulation, endocytosis, lysosomal degradation, actin cytoskeleton dynamics regulation, and signal transduction",PF14604,SH3_9,Variant SH3 domain,P.[AP].PR,PVPKPR,507,512,PDC6I_HUMAN,Homo sapiens,26296892,true positive,60,4,disordered
ELME000501,LIG_SH3_CIN85_PxpxPR_1,CIN85 and CD2AP SH3 domain binding motif ,LIG,"The non-canonical SH3-binding motif is recognized primarily by adaptor proteins CIN85 and CD2AP, which are involved in RTK regulation, endocytosis, lysosomal degradation, actin cytoskeleton dynamics regulation, and signal transduction",PF14604,SH3_9,Variant SH3 domain,P.[AP].PR,PVPKPR,507,512,PDC6I_RAT,Rattus norvegicus,10858458 11152963,true positive,60,4,disordered
ELME000501,LIG_SH3_CIN85_PxpxPR_1,CIN85 and CD2AP SH3 domain binding motif ,LIG,"The non-canonical SH3-binding motif is recognized primarily by adaptor proteins CIN85 and CD2AP, which are involved in RTK regulation, endocytosis, lysosomal degradation, actin cytoskeleton dynamics regulation, and signal transduction",PF14604,SH3_9,Variant SH3 domain,P.[AP].PR,PVPKPR,507,512,POLG_HCVJF,Hepatitis C virus JFH-1,25872741,true positive,60,4,disordered
ELME000501,LIG_SH3_CIN85_PxpxPR_1,CIN85 and CD2AP SH3 domain binding motif ,LIG,"The non-canonical SH3-binding motif is recognized primarily by adaptor proteins CIN85 and CD2AP, which are involved in RTK regulation, endocytosis, lysosomal degradation, actin cytoskeleton dynamics regulation, and signal transduction",PF14604,SH3_9,Variant SH3 domain,P.[AP].PR,PVPKPR,507,512,POLN_BFV,Barmah Forest virus,29702546,true positive,60,4,disordered
ELME000501,LIG_SH3_CIN85_PxpxPR_1,CIN85 and CD2AP SH3 domain binding motif ,LIG,"The non-canonical SH3-binding motif is recognized primarily by adaptor proteins CIN85 and CD2AP, which are involved in RTK regulation, endocytosis, lysosomal degradation, actin cytoskeleton dynamics regulation, and signal transduction",PF14604,SH3_9,Variant SH3 domain,P.[AP].PR,PVPKPR,507,512,POLN_CHIKS,Chikungunya virus strain S27-African prototype,31493651,true positive,60,4,disordered
ELME000501,LIG_SH3_CIN85_PxpxPR_1,CIN85 and CD2AP SH3 domain binding motif ,LIG,"The non-canonical SH3-binding motif is recognized primarily by adaptor proteins CIN85 and CD2AP, which are involved in RTK regulation, endocytosis, lysosomal degradation, actin cytoskeleton dynamics regulation, and signal transduction",PF14604,SH3_9,Variant SH3 domain,P.[AP].PR,PVPKPR,507,512,POLN_EEVVT,Venezuelan equine encephalitis virus (strain Trinidad donkey),31694937,true positive,60,4,disordered
ELME000501,LIG_SH3_CIN85_PxpxPR_1,CIN85 and CD2AP SH3 domain binding motif ,LIG,"The non-canonical SH3-binding motif is recognized primarily by adaptor proteins CIN85 and CD2AP, which are involved in RTK regulation, endocytosis, lysosomal degradation, actin cytoskeleton dynamics regulation, and signal transduction",PF14604,SH3_9,Variant SH3 domain,P.[AP].PR,PVPKPR,507,512,POLN_SFV,Semliki forest virus,29702546,true positive,60,4,disordered
ELME000501,LIG_SH3_CIN85_PxpxPR_1,CIN85 and CD2AP SH3 domain binding motif ,LIG,"The non-canonical SH3-binding motif is recognized primarily by adaptor proteins CIN85 and CD2AP, which are involved in RTK regulation, endocytosis, lysosomal degradation, actin cytoskeleton dynamics regulation, and signal transduction",PF14604,SH3_9,Variant SH3 domain,P.[AP].PR,PVPKPR,507,512,PTCRA_HUMAN,Homo sapiens,17823309,true positive,60,4,disordered
ELME000501,LIG_SH3_CIN85_PxpxPR_1,CIN85 and CD2AP SH3 domain binding motif ,LIG,"The non-canonical SH3-binding motif is recognized primarily by adaptor proteins CIN85 and CD2AP, which are involved in RTK regulation, endocytosis, lysosomal degradation, actin cytoskeleton dynamics regulation, and signal transduction",PF14604,SH3_9,Variant SH3 domain,P.[AP].PR,PVPKPR,507,512,Q4UGW0_THEAN,Theileria annulata,29520916,unknown,60,4,disordered
ELME000501,LIG_SH3_CIN85_PxpxPR_1,CIN85 and CD2AP SH3 domain binding motif ,LIG,"The non-canonical SH3-binding motif is recognized primarily by adaptor proteins CIN85 and CD2AP, which are involved in RTK regulation, endocytosis, lysosomal degradation, actin cytoskeleton dynamics regulation, and signal transduction",PF14604,SH3_9,Variant SH3 domain,P.[AP].PR,PVPKPR,507,512,Q64ET4_HCMV,Human herpesvirus 5,30089695,unknown,60,4,disordered
ELME000501,LIG_SH3_CIN85_PxpxPR_1,CIN85 and CD2AP SH3 domain binding motif ,LIG,"The non-canonical SH3-binding motif is recognized primarily by adaptor proteins CIN85 and CD2AP, which are involved in RTK regulation, endocytosis, lysosomal degradation, actin cytoskeleton dynamics regulation, and signal transduction",PF14604,SH3_9,Variant SH3 domain,P.[AP].PR,PVPKPR,507,512,RHG27_RAT,Rattus norvegicus,15147912,true positive,60,4,disordered
ELME000501,LIG_SH3_CIN85_PxpxPR_1,CIN85 and CD2AP SH3 domain binding motif ,LIG,"The non-canonical SH3-binding motif is recognized primarily by adaptor proteins CIN85 and CD2AP, which are involved in RTK regulation, endocytosis, lysosomal degradation, actin cytoskeleton dynamics regulation, and signal transduction",PF14604,SH3_9,Variant SH3 domain,P.[AP].PR,PVPKPR,507,512,RIN3_HUMAN,Homo sapiens,26296892,true positive,60,4,disordered
ELME000501,LIG_SH3_CIN85_PxpxPR_1,CIN85 and CD2AP SH3 domain binding motif ,LIG,"The non-canonical SH3-binding motif is recognized primarily by adaptor proteins CIN85 and CD2AP, which are involved in RTK regulation, endocytosis, lysosomal degradation, actin cytoskeleton dynamics regulation, and signal transduction",PF14604,SH3_9,Variant SH3 domain,P.[AP].PR,PVPKPR,507,512,RON2_TOXGM,Toxoplasma gondii ME49,28848228,true positive,60,4,disordered
ELME000501,LIG_SH3_CIN85_PxpxPR_1,CIN85 and CD2AP SH3 domain binding motif ,LIG,"The non-canonical SH3-binding motif is recognized primarily by adaptor proteins CIN85 and CD2AP, which are involved in RTK regulation, endocytosis, lysosomal degradation, actin cytoskeleton dynamics regulation, and signal transduction",PF14604,SH3_9,Variant SH3 domain,P.[AP].PR,PVPKPR,507,512,RON4_TOXGO,Toxoplasma gondii,28848228,true positive,60,4,disordered
ELME000501,LIG_SH3_CIN85_PxpxPR_1,CIN85 and CD2AP SH3 domain binding motif ,LIG,"The non-canonical SH3-binding motif is recognized primarily by adaptor proteins CIN85 and CD2AP, which are involved in RTK regulation, endocytosis, lysosomal degradation, actin cytoskeleton dynamics regulation, and signal transduction",PF14604,SH3_9,Variant SH3 domain,P.[AP].PR,PVPKPR,507,512,S8ERS3_TOXGM,Toxoplasma gondii ME49,28848228,true positive,60,4,disordered
ELME000501,LIG_SH3_CIN85_PxpxPR_1,CIN85 and CD2AP SH3 domain binding motif ,LIG,"The non-canonical SH3-binding motif is recognized primarily by adaptor proteins CIN85 and CD2AP, which are involved in RTK regulation, endocytosis, lysosomal degradation, actin cytoskeleton dynamics regulation, and signal transduction",PF14604,SH3_9,Variant SH3 domain,P.[AP].PR,PVPKPR,507,512,SEPT9_HUMAN,Homo sapiens,25472714,true positive,60,4,disordered
ELME000501,LIG_SH3_CIN85_PxpxPR_1,CIN85 and CD2AP SH3 domain binding motif ,LIG,"The non-canonical SH3-binding motif is recognized primarily by adaptor proteins CIN85 and CD2AP, which are involved in RTK regulation, endocytosis, lysosomal degradation, actin cytoskeleton dynamics regulation, and signal transduction",PF14604,SH3_9,Variant SH3 domain,P.[AP].PR,PVPKPR,507,512,SHIP1_HUMAN,Homo sapiens,15090612,true positive,60,4,disordered
ELME000501,LIG_SH3_CIN85_PxpxPR_1,CIN85 and CD2AP SH3 domain binding motif ,LIG,"The non-canonical SH3-binding motif is recognized primarily by adaptor proteins CIN85 and CD2AP, which are involved in RTK regulation, endocytosis, lysosomal degradation, actin cytoskeleton dynamics regulation, and signal transduction",PF14604,SH3_9,Variant SH3 domain,P.[AP].PR,PVPKPR,507,512,SHKB1_MOUSE,Mus musculus,21830225,true positive,60,4,disordered
ELME000501,LIG_SH3_CIN85_PxpxPR_1,CIN85 and CD2AP SH3 domain binding motif ,LIG,"The non-canonical SH3-binding motif is recognized primarily by adaptor proteins CIN85 and CD2AP, which are involved in RTK regulation, endocytosis, lysosomal degradation, actin cytoskeleton dynamics regulation, and signal transduction",PF14604,SH3_9,Variant SH3 domain,P.[AP].PR,PVPKPR,507,512,SHKB1_RAT,Rattus norvegicus,11152963,true positive,60,4,disordered
ELME000501,LIG_SH3_CIN85_PxpxPR_1,CIN85 and CD2AP SH3 domain binding motif ,LIG,"The non-canonical SH3-binding motif is recognized primarily by adaptor proteins CIN85 and CD2AP, which are involved in RTK regulation, endocytosis, lysosomal degradation, actin cytoskeleton dynamics regulation, and signal transduction",PF14604,SH3_9,Variant SH3 domain,P.[AP].PR,PVPKPR,507,512,STAP1_MOUSE,Mus musculus,15090612,true positive,60,4,disordered
ELME000501,LIG_SH3_CIN85_PxpxPR_1,CIN85 and CD2AP SH3 domain binding motif ,LIG,"The non-canonical SH3-binding motif is recognized primarily by adaptor proteins CIN85 and CD2AP, which are involved in RTK regulation, endocytosis, lysosomal degradation, actin cytoskeleton dynamics regulation, and signal transduction",PF14604,SH3_9,Variant SH3 domain,P.[AP].PR,PVPKPR,507,512,SYNJ1_MOUSE,Mus musculus,12829691,true positive,60,4,disordered
ELME000501,LIG_SH3_CIN85_PxpxPR_1,CIN85 and CD2AP SH3 domain binding motif ,LIG,"The non-canonical SH3-binding motif is recognized primarily by adaptor proteins CIN85 and CD2AP, which are involved in RTK regulation, endocytosis, lysosomal degradation, actin cytoskeleton dynamics regulation, and signal transduction",PF14604,SH3_9,Variant SH3 domain,P.[AP].PR,PVPKPR,507,512,SYNJ2_RAT,Rattus norvegicus,15090612,true positive,60,4,disordered
ELME000501,LIG_SH3_CIN85_PxpxPR_1,CIN85 and CD2AP SH3 domain binding motif ,LIG,"The non-canonical SH3-binding motif is recognized primarily by adaptor proteins CIN85 and CD2AP, which are involved in RTK regulation, endocytosis, lysosomal degradation, actin cytoskeleton dynamics regulation, and signal transduction",PF14604,SH3_9,Variant SH3 domain,P.[AP].PR,PVPKPR,507,512,TTP_HUMAN,Homo sapiens,20221403,true positive,60,4,disordered
ELME000335,LIG_SUMO_SIM_anti_2,SUMO interaction site,LIG,Motif for the antiparallel beta augmentation mode of non-covalent binding to SUMO protein.,PF11976,Rad60-SLD,Ubiquitin-2 like Rad60 SUMO-like,"[DEST]{1,10}.{0,1}[VIL][DESTVILMA][VIL][VILM].[DEST]{0,5}",EEEDSISVLSDT,364,375,CBX4_HUMAN,Homo sapiens,20176810,true positive,17,2,disordered
ELME000335,LIG_SUMO_SIM_anti_2,SUMO interaction site,LIG,Motif for the antiparallel beta augmentation mode of non-covalent binding to SUMO protein.,PF11976,Rad60-SLD,Ubiquitin-2 like Rad60 SUMO-like,"[DEST]{1,10}.{0,1}[VIL][DESTVILMA][VIL][VILM].[DEST]{0,5}",EEEDSISVLSDT,364,375,CR025_HUMAN,Homo sapiens,16524884,true positive,17,2,disordered
ELME000335,LIG_SUMO_SIM_anti_2,SUMO interaction site,LIG,Motif for the antiparallel beta augmentation mode of non-covalent binding to SUMO protein.,PF11976,Rad60-SLD,Ubiquitin-2 like Rad60 SUMO-like,"[DEST]{1,10}.{0,1}[VIL][DESTVILMA][VIL][VILM].[DEST]{0,5}",EEEDSISVLSDT,364,375,DAXX_HUMAN,Homo sapiens,17081986 21474068,true positive,17,2,disordered
ELME000335,LIG_SUMO_SIM_anti_2,SUMO interaction site,LIG,Motif for the antiparallel beta augmentation mode of non-covalent binding to SUMO protein.,PF11976,Rad60-SLD,Ubiquitin-2 like Rad60 SUMO-like,"[DEST]{1,10}.{0,1}[VIL][DESTVILMA][VIL][VILM].[DEST]{0,5}",EEEDSISVLSDT,364,375,FIR1_YEAST,Saccharomyces cerevisiae S288c,15590687,true positive,17,2,disordered
ELME000335,LIG_SUMO_SIM_anti_2,SUMO interaction site,LIG,Motif for the antiparallel beta augmentation mode of non-covalent binding to SUMO protein.,PF11976,Rad60-SLD,Ubiquitin-2 like Rad60 SUMO-like,"[DEST]{1,10}.{0,1}[VIL][DESTVILMA][VIL][VILM].[DEST]{0,5}",EEEDSISVLSDT,364,375,HIPK2_HUMAN,Homo sapiens,12565818 21192925,true positive,17,2,disordered
ELME000335,LIG_SUMO_SIM_anti_2,SUMO interaction site,LIG,Motif for the antiparallel beta augmentation mode of non-covalent binding to SUMO protein.,PF11976,Rad60-SLD,Ubiquitin-2 like Rad60 SUMO-like,"[DEST]{1,10}.{0,1}[VIL][DESTVILMA][VIL][VILM].[DEST]{0,5}",EEEDSISVLSDT,364,375,PML_HUMAN,Homo sapiens,17081985,true positive,17,2,disordered
ELME000335,LIG_SUMO_SIM_anti_2,SUMO interaction site,LIG,Motif for the antiparallel beta augmentation mode of non-covalent binding to SUMO protein.,PF11976,Rad60-SLD,Ubiquitin-2 like Rad60 SUMO-like,"[DEST]{1,10}.{0,1}[VIL][DESTVILMA][VIL][VILM].[DEST]{0,5}",EEEDSISVLSDT,364,375,RBP2_HUMAN,Homo sapiens,15388847 15931224 16524884,true positive,17,2,disordered
ELME000335,LIG_SUMO_SIM_anti_2,SUMO interaction site,LIG,Motif for the antiparallel beta augmentation mode of non-covalent binding to SUMO protein.,PF11976,Rad60-SLD,Ubiquitin-2 like Rad60 SUMO-like,"[DEST]{1,10}.{0,1}[VIL][DESTVILMA][VIL][VILM].[DEST]{0,5}",EEEDSISVLSDT,364,375,RNF4_HUMAN,Homo sapiens,18408734,true positive,17,2,disordered
ELME000335,LIG_SUMO_SIM_anti_2,SUMO interaction site,LIG,Motif for the antiparallel beta augmentation mode of non-covalent binding to SUMO protein.,PF11976,Rad60-SLD,Ubiquitin-2 like Rad60 SUMO-like,"[DEST]{1,10}.{0,1}[VIL][DESTVILMA][VIL][VILM].[DEST]{0,5}",EEEDSISVLSDT,364,375,SAE2_HUMAN,Homo sapiens,15388847 10961991,true positive,17,2,disordered
ELME000335,LIG_SUMO_SIM_anti_2,SUMO interaction site,LIG,Motif for the antiparallel beta augmentation mode of non-covalent binding to SUMO protein.,PF11976,Rad60-SLD,Ubiquitin-2 like Rad60 SUMO-like,"[DEST]{1,10}.{0,1}[VIL][DESTVILMA][VIL][VILM].[DEST]{0,5}",EEEDSISVLSDT,364,375,SP100_HUMAN,Homo sapiens,16524884 18691969,true positive,17,2,disordered
ELME000335,LIG_SUMO_SIM_anti_2,SUMO interaction site,LIG,Motif for the antiparallel beta augmentation mode of non-covalent binding to SUMO protein.,PF11976,Rad60-SLD,Ubiquitin-2 like Rad60 SUMO-like,"[DEST]{1,10}.{0,1}[VIL][DESTVILMA][VIL][VILM].[DEST]{0,5}",EEEDSISVLSDT,364,375,ULS1_YEAST,Saccharomyces cerevisiae S288c,15590687,true positive,17,2,disordered
ELME000335,LIG_SUMO_SIM_anti_2,SUMO interaction site,LIG,Motif for the antiparallel beta augmentation mode of non-covalent binding to SUMO protein.,PF11976,Rad60-SLD,Ubiquitin-2 like Rad60 SUMO-like,"[DEST]{1,10}.{0,1}[VIL][DESTVILMA][VIL][VILM].[DEST]{0,5}",EEEDSISVLSDT,364,375,ZCH12_HUMAN,Homo sapiens,19416967,true positive,17,2,disordered
ELME000335,LIG_SUMO_SIM_anti_2,SUMO interaction site,LIG,Motif for the antiparallel beta augmentation mode of non-covalent binding to SUMO protein.,PF11976,Rad60-SLD,Ubiquitin-2 like Rad60 SUMO-like,"[DEST]{1,10}.{0,1}[VIL][DESTVILMA][VIL][VILM].[DEST]{0,5}",EEEDSISVLSDT,364,375,ZCHC7_HUMAN,Homo sapiens,16524884,true positive,17,2,disordered
ELME000335,LIG_SUMO_SIM_anti_2,SUMO interaction site,LIG,Motif for the antiparallel beta augmentation mode of non-covalent binding to SUMO protein.,PF11976,Rad60-SLD,Ubiquitin-2 like Rad60 SUMO-like,"[DEST]{1,10}.{0,1}[VIL][DESTVILMA][VIL][VILM].[DEST]{0,5}",EEEDSISVLSDT,364,375,ZN451_HUMAN,Homo sapiens,18656483,true positive,17,2,disordered
ELME000335,LIG_SUMO_SIM_anti_2,SUMO interaction site,LIG,Motif for the antiparallel beta augmentation mode of non-covalent binding to SUMO protein.,PF11976,Rad60-SLD,Ubiquitin-2 like Rad60 SUMO-like,"[DEST]{1,10}.{0,1}[VIL][DESTVILMA][VIL][VILM].[DEST]{0,5}",EEDSISVLSDT,365,375,CBX4_HUMAN,Homo sapiens,20176810,true positive,17,2,disordered
ELME000335,LIG_SUMO_SIM_anti_2,SUMO interaction site,LIG,Motif for the antiparallel beta augmentation mode of non-covalent binding to SUMO protein.,PF11976,Rad60-SLD,Ubiquitin-2 like Rad60 SUMO-like,"[DEST]{1,10}.{0,1}[VIL][DESTVILMA][VIL][VILM].[DEST]{0,5}",EEDSISVLSDT,365,375,CR025_HUMAN,Homo sapiens,16524884,true positive,17,2,disordered
ELME000335,LIG_SUMO_SIM_anti_2,SUMO interaction site,LIG,Motif for the antiparallel beta augmentation mode of non-covalent binding to SUMO protein.,PF11976,Rad60-SLD,Ubiquitin-2 like Rad60 SUMO-like,"[DEST]{1,10}.{0,1}[VIL][DESTVILMA][VIL][VILM].[DEST]{0,5}",EEDSISVLSDT,365,375,DAXX_HUMAN,Homo sapiens,17081986 21474068,true positive,17,2,disordered
ELME000335,LIG_SUMO_SIM_anti_2,SUMO interaction site,LIG,Motif for the antiparallel beta augmentation mode of non-covalent binding to SUMO protein.,PF11976,Rad60-SLD,Ubiquitin-2 like Rad60 SUMO-like,"[DEST]{1,10}.{0,1}[VIL][DESTVILMA][VIL][VILM].[DEST]{0,5}",EEDSISVLSDT,365,375,FIR1_YEAST,Saccharomyces cerevisiae S288c,15590687,true positive,17,2,disordered
ELME000335,LIG_SUMO_SIM_anti_2,SUMO interaction site,LIG,Motif for the antiparallel beta augmentation mode of non-covalent binding to SUMO protein.,PF11976,Rad60-SLD,Ubiquitin-2 like Rad60 SUMO-like,"[DEST]{1,10}.{0,1}[VIL][DESTVILMA][VIL][VILM].[DEST]{0,5}",EEDSISVLSDT,365,375,HIPK2_HUMAN,Homo sapiens,12565818 21192925,true positive,17,2,disordered
ELME000335,LIG_SUMO_SIM_anti_2,SUMO interaction site,LIG,Motif for the antiparallel beta augmentation mode of non-covalent binding to SUMO protein.,PF11976,Rad60-SLD,Ubiquitin-2 like Rad60 SUMO-like,"[DEST]{1,10}.{0,1}[VIL][DESTVILMA][VIL][VILM].[DEST]{0,5}",EEDSISVLSDT,365,375,PML_HUMAN,Homo sapiens,17081985,true positive,17,2,disordered
ELME000335,LIG_SUMO_SIM_anti_2,SUMO interaction site,LIG,Motif for the antiparallel beta augmentation mode of non-covalent binding to SUMO protein.,PF11976,Rad60-SLD,Ubiquitin-2 like Rad60 SUMO-like,"[DEST]{1,10}.{0,1}[VIL][DESTVILMA][VIL][VILM].[DEST]{0,5}",EEDSISVLSDT,365,375,RBP2_HUMAN,Homo sapiens,15388847 15931224 16524884,true positive,17,2,disordered
ELME000335,LIG_SUMO_SIM_anti_2,SUMO interaction site,LIG,Motif for the antiparallel beta augmentation mode of non-covalent binding to SUMO protein.,PF11976,Rad60-SLD,Ubiquitin-2 like Rad60 SUMO-like,"[DEST]{1,10}.{0,1}[VIL][DESTVILMA][VIL][VILM].[DEST]{0,5}",EEDSISVLSDT,365,375,RNF4_HUMAN,Homo sapiens,18408734,true positive,17,2,disordered
ELME000335,LIG_SUMO_SIM_anti_2,SUMO interaction site,LIG,Motif for the antiparallel beta augmentation mode of non-covalent binding to SUMO protein.,PF11976,Rad60-SLD,Ubiquitin-2 like Rad60 SUMO-like,"[DEST]{1,10}.{0,1}[VIL][DESTVILMA][VIL][VILM].[DEST]{0,5}",EEDSISVLSDT,365,375,SAE2_HUMAN,Homo sapiens,15388847 10961991,true positive,17,2,disordered
ELME000335,LIG_SUMO_SIM_anti_2,SUMO interaction site,LIG,Motif for the antiparallel beta augmentation mode of non-covalent binding to SUMO protein.,PF11976,Rad60-SLD,Ubiquitin-2 like Rad60 SUMO-like,"[DEST]{1,10}.{0,1}[VIL][DESTVILMA][VIL][VILM].[DEST]{0,5}",EEDSISVLSDT,365,375,SP100_HUMAN,Homo sapiens,16524884 18691969,true positive,17,2,disordered
ELME000335,LIG_SUMO_SIM_anti_2,SUMO interaction site,LIG,Motif for the antiparallel beta augmentation mode of non-covalent binding to SUMO protein.,PF11976,Rad60-SLD,Ubiquitin-2 like Rad60 SUMO-like,"[DEST]{1,10}.{0,1}[VIL][DESTVILMA][VIL][VILM].[DEST]{0,5}",EEDSISVLSDT,365,375,ULS1_YEAST,Saccharomyces cerevisiae S288c,15590687,true positive,17,2,disordered
ELME000335,LIG_SUMO_SIM_anti_2,SUMO interaction site,LIG,Motif for the antiparallel beta augmentation mode of non-covalent binding to SUMO protein.,PF11976,Rad60-SLD,Ubiquitin-2 like Rad60 SUMO-like,"[DEST]{1,10}.{0,1}[VIL][DESTVILMA][VIL][VILM].[DEST]{0,5}",EEDSISVLSDT,365,375,ZCH12_HUMAN,Homo sapiens,19416967,true positive,17,2,disordered
ELME000335,LIG_SUMO_SIM_anti_2,SUMO interaction site,LIG,Motif for the antiparallel beta augmentation mode of non-covalent binding to SUMO protein.,PF11976,Rad60-SLD,Ubiquitin-2 like Rad60 SUMO-like,"[DEST]{1,10}.{0,1}[VIL][DESTVILMA][VIL][VILM].[DEST]{0,5}",EEDSISVLSDT,365,375,ZCHC7_HUMAN,Homo sapiens,16524884,true positive,17,2,disordered
ELME000335,LIG_SUMO_SIM_anti_2,SUMO interaction site,LIG,Motif for the antiparallel beta augmentation mode of non-covalent binding to SUMO protein.,PF11976,Rad60-SLD,Ubiquitin-2 like Rad60 SUMO-like,"[DEST]{1,10}.{0,1}[VIL][DESTVILMA][VIL][VILM].[DEST]{0,5}",EEDSISVLSDT,365,375,ZN451_HUMAN,Homo sapiens,18656483,true positive,17,2,disordered
ELME000335,LIG_SUMO_SIM_anti_2,SUMO interaction site,LIG,Motif for the antiparallel beta augmentation mode of non-covalent binding to SUMO protein.,PF11976,Rad60-SLD,Ubiquitin-2 like Rad60 SUMO-like,"[DEST]{1,10}.{0,1}[VIL][DESTVILMA][VIL][VILM].[DEST]{0,5}",EDSISVLSDT,366,375,CBX4_HUMAN,Homo sapiens,20176810,true positive,17,2,disordered
ELME000335,LIG_SUMO_SIM_anti_2,SUMO interaction site,LIG,Motif for the antiparallel beta augmentation mode of non-covalent binding to SUMO protein.,PF11976,Rad60-SLD,Ubiquitin-2 like Rad60 SUMO-like,"[DEST]{1,10}.{0,1}[VIL][DESTVILMA][VIL][VILM].[DEST]{0,5}",EDSISVLSDT,366,375,CR025_HUMAN,Homo sapiens,16524884,true positive,17,2,disordered
ELME000335,LIG_SUMO_SIM_anti_2,SUMO interaction site,LIG,Motif for the antiparallel beta augmentation mode of non-covalent binding to SUMO protein.,PF11976,Rad60-SLD,Ubiquitin-2 like Rad60 SUMO-like,"[DEST]{1,10}.{0,1}[VIL][DESTVILMA][VIL][VILM].[DEST]{0,5}",EDSISVLSDT,366,375,DAXX_HUMAN,Homo sapiens,17081986 21474068,true positive,17,2,disordered
ELME000335,LIG_SUMO_SIM_anti_2,SUMO interaction site,LIG,Motif for the antiparallel beta augmentation mode of non-covalent binding to SUMO protein.,PF11976,Rad60-SLD,Ubiquitin-2 like Rad60 SUMO-like,"[DEST]{1,10}.{0,1}[VIL][DESTVILMA][VIL][VILM].[DEST]{0,5}",EDSISVLSDT,366,375,FIR1_YEAST,Saccharomyces cerevisiae S288c,15590687,true positive,17,2,disordered
ELME000335,LIG_SUMO_SIM_anti_2,SUMO interaction site,LIG,Motif for the antiparallel beta augmentation mode of non-covalent binding to SUMO protein.,PF11976,Rad60-SLD,Ubiquitin-2 like Rad60 SUMO-like,"[DEST]{1,10}.{0,1}[VIL][DESTVILMA][VIL][VILM].[DEST]{0,5}",EDSISVLSDT,366,375,HIPK2_HUMAN,Homo sapiens,12565818 21192925,true positive,17,2,disordered
ELME000335,LIG_SUMO_SIM_anti_2,SUMO interaction site,LIG,Motif for the antiparallel beta augmentation mode of non-covalent binding to SUMO protein.,PF11976,Rad60-SLD,Ubiquitin-2 like Rad60 SUMO-like,"[DEST]{1,10}.{0,1}[VIL][DESTVILMA][VIL][VILM].[DEST]{0,5}",EDSISVLSDT,366,375,PML_HUMAN,Homo sapiens,17081985,true positive,17,2,disordered
ELME000335,LIG_SUMO_SIM_anti_2,SUMO interaction site,LIG,Motif for the antiparallel beta augmentation mode of non-covalent binding to SUMO protein.,PF11976,Rad60-SLD,Ubiquitin-2 like Rad60 SUMO-like,"[DEST]{1,10}.{0,1}[VIL][DESTVILMA][VIL][VILM].[DEST]{0,5}",EDSISVLSDT,366,375,RBP2_HUMAN,Homo sapiens,15388847 15931224 16524884,true positive,17,2,disordered
ELME000335,LIG_SUMO_SIM_anti_2,SUMO interaction site,LIG,Motif for the antiparallel beta augmentation mode of non-covalent binding to SUMO protein.,PF11976,Rad60-SLD,Ubiquitin-2 like Rad60 SUMO-like,"[DEST]{1,10}.{0,1}[VIL][DESTVILMA][VIL][VILM].[DEST]{0,5}",EDSISVLSDT,366,375,RNF4_HUMAN,Homo sapiens,18408734,true positive,17,2,disordered
ELME000335,LIG_SUMO_SIM_anti_2,SUMO interaction site,LIG,Motif for the antiparallel beta augmentation mode of non-covalent binding to SUMO protein.,PF11976,Rad60-SLD,Ubiquitin-2 like Rad60 SUMO-like,"[DEST]{1,10}.{0,1}[VIL][DESTVILMA][VIL][VILM].[DEST]{0,5}",EDSISVLSDT,366,375,SAE2_HUMAN,Homo sapiens,15388847 10961991,true positive,17,2,disordered
ELME000335,LIG_SUMO_SIM_anti_2,SUMO interaction site,LIG,Motif for the antiparallel beta augmentation mode of non-covalent binding to SUMO protein.,PF11976,Rad60-SLD,Ubiquitin-2 like Rad60 SUMO-like,"[DEST]{1,10}.{0,1}[VIL][DESTVILMA][VIL][VILM].[DEST]{0,5}",EDSISVLSDT,366,375,SP100_HUMAN,Homo sapiens,16524884 18691969,true positive,17,2,disordered
ELME000335,LIG_SUMO_SIM_anti_2,SUMO interaction site,LIG,Motif for the antiparallel beta augmentation mode of non-covalent binding to SUMO protein.,PF11976,Rad60-SLD,Ubiquitin-2 like Rad60 SUMO-like,"[DEST]{1,10}.{0,1}[VIL][DESTVILMA][VIL][VILM].[DEST]{0,5}",EDSISVLSDT,366,375,ULS1_YEAST,Saccharomyces cerevisiae S288c,15590687,true positive,17,2,disordered
ELME000335,LIG_SUMO_SIM_anti_2,SUMO interaction site,LIG,Motif for the antiparallel beta augmentation mode of non-covalent binding to SUMO protein.,PF11976,Rad60-SLD,Ubiquitin-2 like Rad60 SUMO-like,"[DEST]{1,10}.{0,1}[VIL][DESTVILMA][VIL][VILM].[DEST]{0,5}",EDSISVLSDT,366,375,ZCH12_HUMAN,Homo sapiens,19416967,true positive,17,2,disordered
ELME000335,LIG_SUMO_SIM_anti_2,SUMO interaction site,LIG,Motif for the antiparallel beta augmentation mode of non-covalent binding to SUMO protein.,PF11976,Rad60-SLD,Ubiquitin-2 like Rad60 SUMO-like,"[DEST]{1,10}.{0,1}[VIL][DESTVILMA][VIL][VILM].[DEST]{0,5}",EDSISVLSDT,366,375,ZCHC7_HUMAN,Homo sapiens,16524884,true positive,17,2,disordered
ELME000335,LIG_SUMO_SIM_anti_2,SUMO interaction site,LIG,Motif for the antiparallel beta augmentation mode of non-covalent binding to SUMO protein.,PF11976,Rad60-SLD,Ubiquitin-2 like Rad60 SUMO-like,"[DEST]{1,10}.{0,1}[VIL][DESTVILMA][VIL][VILM].[DEST]{0,5}",EDSISVLSDT,366,375,ZN451_HUMAN,Homo sapiens,18656483,true positive,17,2,disordered
ELME000335,LIG_SUMO_SIM_anti_2,SUMO interaction site,LIG,Motif for the antiparallel beta augmentation mode of non-covalent binding to SUMO protein.,PF11976,Rad60-SLD,Ubiquitin-2 like Rad60 SUMO-like,"[DEST]{1,10}.{0,1}[VIL][DESTVILMA][VIL][VILM].[DEST]{0,5}",DSISVLSDT,367,375,CBX4_HUMAN,Homo sapiens,20176810,true positive,17,2,disordered
ELME000335,LIG_SUMO_SIM_anti_2,SUMO interaction site,LIG,Motif for the antiparallel beta augmentation mode of non-covalent binding to SUMO protein.,PF11976,Rad60-SLD,Ubiquitin-2 like Rad60 SUMO-like,"[DEST]{1,10}.{0,1}[VIL][DESTVILMA][VIL][VILM].[DEST]{0,5}",DSISVLSDT,367,375,CR025_HUMAN,Homo sapiens,16524884,true positive,17,2,disordered
ELME000335,LIG_SUMO_SIM_anti_2,SUMO interaction site,LIG,Motif for the antiparallel beta augmentation mode of non-covalent binding to SUMO protein.,PF11976,Rad60-SLD,Ubiquitin-2 like Rad60 SUMO-like,"[DEST]{1,10}.{0,1}[VIL][DESTVILMA][VIL][VILM].[DEST]{0,5}",DSISVLSDT,367,375,DAXX_HUMAN,Homo sapiens,17081986 21474068,true positive,17,2,disordered
ELME000335,LIG_SUMO_SIM_anti_2,SUMO interaction site,LIG,Motif for the antiparallel beta augmentation mode of non-covalent binding to SUMO protein.,PF11976,Rad60-SLD,Ubiquitin-2 like Rad60 SUMO-like,"[DEST]{1,10}.{0,1}[VIL][DESTVILMA][VIL][VILM].[DEST]{0,5}",DSISVLSDT,367,375,FIR1_YEAST,Saccharomyces cerevisiae S288c,15590687,true positive,17,2,disordered
ELME000335,LIG_SUMO_SIM_anti_2,SUMO interaction site,LIG,Motif for the antiparallel beta augmentation mode of non-covalent binding to SUMO protein.,PF11976,Rad60-SLD,Ubiquitin-2 like Rad60 SUMO-like,"[DEST]{1,10}.{0,1}[VIL][DESTVILMA][VIL][VILM].[DEST]{0,5}",DSISVLSDT,367,375,HIPK2_HUMAN,Homo sapiens,12565818 21192925,true positive,17,2,disordered
ELME000335,LIG_SUMO_SIM_anti_2,SUMO interaction site,LIG,Motif for the antiparallel beta augmentation mode of non-covalent binding to SUMO protein.,PF11976,Rad60-SLD,Ubiquitin-2 like Rad60 SUMO-like,"[DEST]{1,10}.{0,1}[VIL][DESTVILMA][VIL][VILM].[DEST]{0,5}",DSISVLSDT,367,375,PML_HUMAN,Homo sapiens,17081985,true positive,17,2,disordered
ELME000335,LIG_SUMO_SIM_anti_2,SUMO interaction site,LIG,Motif for the antiparallel beta augmentation mode of non-covalent binding to SUMO protein.,PF11976,Rad60-SLD,Ubiquitin-2 like Rad60 SUMO-like,"[DEST]{1,10}.{0,1}[VIL][DESTVILMA][VIL][VILM].[DEST]{0,5}",DSISVLSDT,367,375,RBP2_HUMAN,Homo sapiens,15388847 15931224 16524884,true positive,17,2,disordered
ELME000335,LIG_SUMO_SIM_anti_2,SUMO interaction site,LIG,Motif for the antiparallel beta augmentation mode of non-covalent binding to SUMO protein.,PF11976,Rad60-SLD,Ubiquitin-2 like Rad60 SUMO-like,"[DEST]{1,10}.{0,1}[VIL][DESTVILMA][VIL][VILM].[DEST]{0,5}",DSISVLSDT,367,375,RNF4_HUMAN,Homo sapiens,18408734,true positive,17,2,disordered
ELME000335,LIG_SUMO_SIM_anti_2,SUMO interaction site,LIG,Motif for the antiparallel beta augmentation mode of non-covalent binding to SUMO protein.,PF11976,Rad60-SLD,Ubiquitin-2 like Rad60 SUMO-like,"[DEST]{1,10}.{0,1}[VIL][DESTVILMA][VIL][VILM].[DEST]{0,5}",DSISVLSDT,367,375,SAE2_HUMAN,Homo sapiens,15388847 10961991,true positive,17,2,disordered
ELME000335,LIG_SUMO_SIM_anti_2,SUMO interaction site,LIG,Motif for the antiparallel beta augmentation mode of non-covalent binding to SUMO protein.,PF11976,Rad60-SLD,Ubiquitin-2 like Rad60 SUMO-like,"[DEST]{1,10}.{0,1}[VIL][DESTVILMA][VIL][VILM].[DEST]{0,5}",DSISVLSDT,367,375,SP100_HUMAN,Homo sapiens,16524884 18691969,true positive,17,2,disordered
ELME000335,LIG_SUMO_SIM_anti_2,SUMO interaction site,LIG,Motif for the antiparallel beta augmentation mode of non-covalent binding to SUMO protein.,PF11976,Rad60-SLD,Ubiquitin-2 like Rad60 SUMO-like,"[DEST]{1,10}.{0,1}[VIL][DESTVILMA][VIL][VILM].[DEST]{0,5}",DSISVLSDT,367,375,ULS1_YEAST,Saccharomyces cerevisiae S288c,15590687,true positive,17,2,disordered
ELME000335,LIG_SUMO_SIM_anti_2,SUMO interaction site,LIG,Motif for the antiparallel beta augmentation mode of non-covalent binding to SUMO protein.,PF11976,Rad60-SLD,Ubiquitin-2 like Rad60 SUMO-like,"[DEST]{1,10}.{0,1}[VIL][DESTVILMA][VIL][VILM].[DEST]{0,5}",DSISVLSDT,367,375,ZCH12_HUMAN,Homo sapiens,19416967,true positive,17,2,disordered
ELME000335,LIG_SUMO_SIM_anti_2,SUMO interaction site,LIG,Motif for the antiparallel beta augmentation mode of non-covalent binding to SUMO protein.,PF11976,Rad60-SLD,Ubiquitin-2 like Rad60 SUMO-like,"[DEST]{1,10}.{0,1}[VIL][DESTVILMA][VIL][VILM].[DEST]{0,5}",DSISVLSDT,367,375,ZCHC7_HUMAN,Homo sapiens,16524884,true positive,17,2,disordered
ELME000335,LIG_SUMO_SIM_anti_2,SUMO interaction site,LIG,Motif for the antiparallel beta augmentation mode of non-covalent binding to SUMO protein.,PF11976,Rad60-SLD,Ubiquitin-2 like Rad60 SUMO-like,"[DEST]{1,10}.{0,1}[VIL][DESTVILMA][VIL][VILM].[DEST]{0,5}",DSISVLSDT,367,375,ZN451_HUMAN,Homo sapiens,18656483,true positive,17,2,disordered
ELME000335,LIG_SUMO_SIM_anti_2,SUMO interaction site,LIG,Motif for the antiparallel beta augmentation mode of non-covalent binding to SUMO protein.,PF11976,Rad60-SLD,Ubiquitin-2 like Rad60 SUMO-like,"[DEST]{1,10}.{0,1}[VIL][DESTVILMA][VIL][VILM].[DEST]{0,5}",SISVLSDT,368,375,CBX4_HUMAN,Homo sapiens,20176810,true positive,17,2,disordered
ELME000335,LIG_SUMO_SIM_anti_2,SUMO interaction site,LIG,Motif for the antiparallel beta augmentation mode of non-covalent binding to SUMO protein.,PF11976,Rad60-SLD,Ubiquitin-2 like Rad60 SUMO-like,"[DEST]{1,10}.{0,1}[VIL][DESTVILMA][VIL][VILM].[DEST]{0,5}",SISVLSDT,368,375,CR025_HUMAN,Homo sapiens,16524884,true positive,17,2,disordered
ELME000335,LIG_SUMO_SIM_anti_2,SUMO interaction site,LIG,Motif for the antiparallel beta augmentation mode of non-covalent binding to SUMO protein.,PF11976,Rad60-SLD,Ubiquitin-2 like Rad60 SUMO-like,"[DEST]{1,10}.{0,1}[VIL][DESTVILMA][VIL][VILM].[DEST]{0,5}",SISVLSDT,368,375,DAXX_HUMAN,Homo sapiens,17081986 21474068,true positive,17,2,disordered
ELME000335,LIG_SUMO_SIM_anti_2,SUMO interaction site,LIG,Motif for the antiparallel beta augmentation mode of non-covalent binding to SUMO protein.,PF11976,Rad60-SLD,Ubiquitin-2 like Rad60 SUMO-like,"[DEST]{1,10}.{0,1}[VIL][DESTVILMA][VIL][VILM].[DEST]{0,5}",SISVLSDT,368,375,FIR1_YEAST,Saccharomyces cerevisiae S288c,15590687,true positive,17,2,disordered
ELME000335,LIG_SUMO_SIM_anti_2,SUMO interaction site,LIG,Motif for the antiparallel beta augmentation mode of non-covalent binding to SUMO protein.,PF11976,Rad60-SLD,Ubiquitin-2 like Rad60 SUMO-like,"[DEST]{1,10}.{0,1}[VIL][DESTVILMA][VIL][VILM].[DEST]{0,5}",SISVLSDT,368,375,HIPK2_HUMAN,Homo sapiens,12565818 21192925,true positive,17,2,disordered
ELME000335,LIG_SUMO_SIM_anti_2,SUMO interaction site,LIG,Motif for the antiparallel beta augmentation mode of non-covalent binding to SUMO protein.,PF11976,Rad60-SLD,Ubiquitin-2 like Rad60 SUMO-like,"[DEST]{1,10}.{0,1}[VIL][DESTVILMA][VIL][VILM].[DEST]{0,5}",SISVLSDT,368,375,PML_HUMAN,Homo sapiens,17081985,true positive,17,2,disordered
ELME000335,LIG_SUMO_SIM_anti_2,SUMO interaction site,LIG,Motif for the antiparallel beta augmentation mode of non-covalent binding to SUMO protein.,PF11976,Rad60-SLD,Ubiquitin-2 like Rad60 SUMO-like,"[DEST]{1,10}.{0,1}[VIL][DESTVILMA][VIL][VILM].[DEST]{0,5}",SISVLSDT,368,375,RBP2_HUMAN,Homo sapiens,15388847 15931224 16524884,true positive,17,2,disordered
ELME000335,LIG_SUMO_SIM_anti_2,SUMO interaction site,LIG,Motif for the antiparallel beta augmentation mode of non-covalent binding to SUMO protein.,PF11976,Rad60-SLD,Ubiquitin-2 like Rad60 SUMO-like,"[DEST]{1,10}.{0,1}[VIL][DESTVILMA][VIL][VILM].[DEST]{0,5}",SISVLSDT,368,375,RNF4_HUMAN,Homo sapiens,18408734,true positive,17,2,disordered
ELME000335,LIG_SUMO_SIM_anti_2,SUMO interaction site,LIG,Motif for the antiparallel beta augmentation mode of non-covalent binding to SUMO protein.,PF11976,Rad60-SLD,Ubiquitin-2 like Rad60 SUMO-like,"[DEST]{1,10}.{0,1}[VIL][DESTVILMA][VIL][VILM].[DEST]{0,5}",SISVLSDT,368,375,SAE2_HUMAN,Homo sapiens,15388847 10961991,true positive,17,2,disordered
ELME000335,LIG_SUMO_SIM_anti_2,SUMO interaction site,LIG,Motif for the antiparallel beta augmentation mode of non-covalent binding to SUMO protein.,PF11976,Rad60-SLD,Ubiquitin-2 like Rad60 SUMO-like,"[DEST]{1,10}.{0,1}[VIL][DESTVILMA][VIL][VILM].[DEST]{0,5}",SISVLSDT,368,375,SP100_HUMAN,Homo sapiens,16524884 18691969,true positive,17,2,disordered
ELME000335,LIG_SUMO_SIM_anti_2,SUMO interaction site,LIG,Motif for the antiparallel beta augmentation mode of non-covalent binding to SUMO protein.,PF11976,Rad60-SLD,Ubiquitin-2 like Rad60 SUMO-like,"[DEST]{1,10}.{0,1}[VIL][DESTVILMA][VIL][VILM].[DEST]{0,5}",SISVLSDT,368,375,ULS1_YEAST,Saccharomyces cerevisiae S288c,15590687,true positive,17,2,disordered
ELME000335,LIG_SUMO_SIM_anti_2,SUMO interaction site,LIG,Motif for the antiparallel beta augmentation mode of non-covalent binding to SUMO protein.,PF11976,Rad60-SLD,Ubiquitin-2 like Rad60 SUMO-like,"[DEST]{1,10}.{0,1}[VIL][DESTVILMA][VIL][VILM].[DEST]{0,5}",SISVLSDT,368,375,ZCH12_HUMAN,Homo sapiens,19416967,true positive,17,2,disordered
ELME000335,LIG_SUMO_SIM_anti_2,SUMO interaction site,LIG,Motif for the antiparallel beta augmentation mode of non-covalent binding to SUMO protein.,PF11976,Rad60-SLD,Ubiquitin-2 like Rad60 SUMO-like,"[DEST]{1,10}.{0,1}[VIL][DESTVILMA][VIL][VILM].[DEST]{0,5}",SISVLSDT,368,375,ZCHC7_HUMAN,Homo sapiens,16524884,true positive,17,2,disordered
ELME000335,LIG_SUMO_SIM_anti_2,SUMO interaction site,LIG,Motif for the antiparallel beta augmentation mode of non-covalent binding to SUMO protein.,PF11976,Rad60-SLD,Ubiquitin-2 like Rad60 SUMO-like,"[DEST]{1,10}.{0,1}[VIL][DESTVILMA][VIL][VILM].[DEST]{0,5}",SISVLSDT,368,375,ZN451_HUMAN,Homo sapiens,18656483,true positive,17,2,disordered
ELME000364,LIG_WD40_WDR5_VDV_1,"WDR5 WD40 repeat (blade 5,6)-binding ligand",LIG,"This WDR5-binding motif binds to a cleft between blades 5 and 6 of the WD40 repeat domain of WDR5, opposite of the Win motif-binding site, to mediate assembly of histone modification complexes.",IPR017986,IPR017986,WD40-repeat-containing domain,"[ED].{0,3}[VIL]D[VI]",ESTSVDV,342,348,KANL2_HUMAN,Homo sapiens,24788516,true positive,3,3,disordered
ELME000364,LIG_WD40_WDR5_VDV_1,"WDR5 WD40 repeat (blade 5,6)-binding ligand",LIG,"This WDR5-binding motif binds to a cleft between blades 5 and 6 of the WD40 repeat domain of WDR5, opposite of the Win motif-binding site, to mediate assembly of histone modification complexes.",IPR017986,IPR017986,WD40-repeat-containing domain,"[ED].{0,3}[VIL]D[VI]",ESTSVDV,342,348,Q9VAF4_DROME,Drosophila melanogaster,24788516,true positive,3,3,disordered
ELME000364,LIG_WD40_WDR5_VDV_1,"WDR5 WD40 repeat (blade 5,6)-binding ligand",LIG,"This WDR5-binding motif binds to a cleft between blades 5 and 6 of the WD40 repeat domain of WDR5, opposite of the Win motif-binding site, to mediate assembly of histone modification complexes.",IPR017986,IPR017986,WD40-repeat-containing domain,"[ED].{0,3}[VIL]D[VI]",ESTSVDV,342,348,RBBP5_MOUSE,Mus musculus,20716525,true positive,3,3,disordered
ELME000365,LIG_WD40_WDR5_VDV_2,"WDR5 WD40 repeat (blade 5,6)-binding ligand",LIG,"Fungi-specific variant of the WDR5-binding motif that binds to a cleft between blades 5 and 6 of the WD40 repeat domain of WDR5, opposite of the Win motif-binding site, to mediate assembly of histone modification complexes.",IPR017986,IPR017986,WD40-repeat-containing domain,"[EDSTY].{0,4}[VIPLA][TSDEKR][ILVA]",DAASA,332,336,SWD1_SCHPO,Schizosaccharomyces pombe 972h-,20716525,true positive,2,0,disordered
ELME000365,LIG_WD40_WDR5_VDV_2,"WDR5 WD40 repeat (blade 5,6)-binding ligand",LIG,"Fungi-specific variant of the WDR5-binding motif that binds to a cleft between blades 5 and 6 of the WD40 repeat domain of WDR5, opposite of the Win motif-binding site, to mediate assembly of histone modification complexes.",IPR017986,IPR017986,WD40-repeat-containing domain,"[EDSTY].{0,4}[VIPLA][TSDEKR][ILVA]",DAASA,332,336,SWD1_YEAST,Saccharomyces cerevisiae S288c,20716525,true positive,2,0,disordered
ELME000365,LIG_WD40_WDR5_VDV_2,"WDR5 WD40 repeat (blade 5,6)-binding ligand",LIG,"Fungi-specific variant of the WDR5-binding motif that binds to a cleft between blades 5 and 6 of the WD40 repeat domain of WDR5, opposite of the Win motif-binding site, to mediate assembly of histone modification complexes.",IPR017986,IPR017986,WD40-repeat-containing domain,"[EDSTY].{0,4}[VIPLA][TSDEKR][ILVA]",ESTSVDV,342,348,SWD1_SCHPO,Schizosaccharomyces pombe 972h-,20716525,true positive,2,0,disordered
ELME000365,LIG_WD40_WDR5_VDV_2,"WDR5 WD40 repeat (blade 5,6)-binding ligand",LIG,"Fungi-specific variant of the WDR5-binding motif that binds to a cleft between blades 5 and 6 of the WD40 repeat domain of WDR5, opposite of the Win motif-binding site, to mediate assembly of histone modification complexes.",IPR017986,IPR017986,WD40-repeat-containing domain,"[EDSTY].{0,4}[VIPLA][TSDEKR][ILVA]",ESTSVDV,342,348,SWD1_YEAST,Saccharomyces cerevisiae S288c,20716525,true positive,2,0,disordered
ELME000365,LIG_WD40_WDR5_VDV_2,"WDR5 WD40 repeat (blade 5,6)-binding ligand",LIG,"Fungi-specific variant of the WDR5-binding motif that binds to a cleft between blades 5 and 6 of the WD40 repeat domain of WDR5, opposite of the Win motif-binding site, to mediate assembly of histone modification complexes.",IPR017986,IPR017986,WD40-repeat-containing domain,"[EDSTY].{0,4}[VIPLA][TSDEKR][ILVA]",STSVDV,343,348,SWD1_SCHPO,Schizosaccharomyces pombe 972h-,20716525,true positive,2,0,disordered
ELME000365,LIG_WD40_WDR5_VDV_2,"WDR5 WD40 repeat (blade 5,6)-binding ligand",LIG,"Fungi-specific variant of the WDR5-binding motif that binds to a cleft between blades 5 and 6 of the WD40 repeat domain of WDR5, opposite of the Win motif-binding site, to mediate assembly of histone modification complexes.",IPR017986,IPR017986,WD40-repeat-containing domain,"[EDSTY].{0,4}[VIPLA][TSDEKR][ILVA]",STSVDV,343,348,SWD1_YEAST,Saccharomyces cerevisiae S288c,20716525,true positive,2,0,disordered
ELME000365,LIG_WD40_WDR5_VDV_2,"WDR5 WD40 repeat (blade 5,6)-binding ligand",LIG,"Fungi-specific variant of the WDR5-binding motif that binds to a cleft between blades 5 and 6 of the WD40 repeat domain of WDR5, opposite of the Win motif-binding site, to mediate assembly of histone modification complexes.",IPR017986,IPR017986,WD40-repeat-containing domain,"[EDSTY].{0,4}[VIPLA][TSDEKR][ILVA]",TSVDV,344,348,SWD1_SCHPO,Schizosaccharomyces pombe 972h-,20716525,true positive,2,0,disordered
ELME000365,LIG_WD40_WDR5_VDV_2,"WDR5 WD40 repeat (blade 5,6)-binding ligand",LIG,"Fungi-specific variant of the WDR5-binding motif that binds to a cleft between blades 5 and 6 of the WD40 repeat domain of WDR5, opposite of the Win motif-binding site, to mediate assembly of histone modification complexes.",IPR017986,IPR017986,WD40-repeat-containing domain,"[EDSTY].{0,4}[VIPLA][TSDEKR][ILVA]",TSVDV,344,348,SWD1_YEAST,Saccharomyces cerevisiae S288c,20716525,true positive,2,0,disordered
ELME000365,LIG_WD40_WDR5_VDV_2,"WDR5 WD40 repeat (blade 5,6)-binding ligand",LIG,"Fungi-specific variant of the WDR5-binding motif that binds to a cleft between blades 5 and 6 of the WD40 repeat domain of WDR5, opposite of the Win motif-binding site, to mediate assembly of histone modification complexes.",IPR017986,IPR017986,WD40-repeat-containing domain,"[EDSTY].{0,4}[VIPLA][TSDEKR][ILVA]",SVDV,345,348,SWD1_SCHPO,Schizosaccharomyces pombe 972h-,20716525,true positive,2,0,disordered
ELME000365,LIG_WD40_WDR5_VDV_2,"WDR5 WD40 repeat (blade 5,6)-binding ligand",LIG,"Fungi-specific variant of the WDR5-binding motif that binds to a cleft between blades 5 and 6 of the WD40 repeat domain of WDR5, opposite of the Win motif-binding site, to mediate assembly of histone modification complexes.",IPR017986,IPR017986,WD40-repeat-containing domain,"[EDSTY].{0,4}[VIPLA][TSDEKR][ILVA]",SVDV,345,348,SWD1_YEAST,Saccharomyces cerevisiae S288c,20716525,true positive,2,0,disordered
ELME000365,LIG_WD40_WDR5_VDV_2,"WDR5 WD40 repeat (blade 5,6)-binding ligand",LIG,"Fungi-specific variant of the WDR5-binding motif that binds to a cleft between blades 5 and 6 of the WD40 repeat domain of WDR5, opposite of the Win motif-binding site, to mediate assembly of histone modification complexes.",IPR017986,IPR017986,WD40-repeat-containing domain,"[EDSTY].{0,4}[VIPLA][TSDEKR][ILVA]",EEEDSISV,364,371,SWD1_SCHPO,Schizosaccharomyces pombe 972h-,20716525,true positive,2,0,disordered
ELME000365,LIG_WD40_WDR5_VDV_2,"WDR5 WD40 repeat (blade 5,6)-binding ligand",LIG,"Fungi-specific variant of the WDR5-binding motif that binds to a cleft between blades 5 and 6 of the WD40 repeat domain of WDR5, opposite of the Win motif-binding site, to mediate assembly of histone modification complexes.",IPR017986,IPR017986,WD40-repeat-containing domain,"[EDSTY].{0,4}[VIPLA][TSDEKR][ILVA]",EEEDSISV,364,371,SWD1_YEAST,Saccharomyces cerevisiae S288c,20716525,true positive,2,0,disordered
ELME000365,LIG_WD40_WDR5_VDV_2,"WDR5 WD40 repeat (blade 5,6)-binding ligand",LIG,"Fungi-specific variant of the WDR5-binding motif that binds to a cleft between blades 5 and 6 of the WD40 repeat domain of WDR5, opposite of the Win motif-binding site, to mediate assembly of histone modification complexes.",IPR017986,IPR017986,WD40-repeat-containing domain,"[EDSTY].{0,4}[VIPLA][TSDEKR][ILVA]",EEDSISV,365,371,SWD1_SCHPO,Schizosaccharomyces pombe 972h-,20716525,true positive,2,0,disordered
ELME000365,LIG_WD40_WDR5_VDV_2,"WDR5 WD40 repeat (blade 5,6)-binding ligand",LIG,"Fungi-specific variant of the WDR5-binding motif that binds to a cleft between blades 5 and 6 of the WD40 repeat domain of WDR5, opposite of the Win motif-binding site, to mediate assembly of histone modification complexes.",IPR017986,IPR017986,WD40-repeat-containing domain,"[EDSTY].{0,4}[VIPLA][TSDEKR][ILVA]",EEDSISV,365,371,SWD1_YEAST,Saccharomyces cerevisiae S288c,20716525,true positive,2,0,disordered
ELME000365,LIG_WD40_WDR5_VDV_2,"WDR5 WD40 repeat (blade 5,6)-binding ligand",LIG,"Fungi-specific variant of the WDR5-binding motif that binds to a cleft between blades 5 and 6 of the WD40 repeat domain of WDR5, opposite of the Win motif-binding site, to mediate assembly of histone modification complexes.",IPR017986,IPR017986,WD40-repeat-containing domain,"[EDSTY].{0,4}[VIPLA][TSDEKR][ILVA]",EDSISV,366,371,SWD1_SCHPO,Schizosaccharomyces pombe 972h-,20716525,true positive,2,0,disordered
ELME000365,LIG_WD40_WDR5_VDV_2,"WDR5 WD40 repeat (blade 5,6)-binding ligand",LIG,"Fungi-specific variant of the WDR5-binding motif that binds to a cleft between blades 5 and 6 of the WD40 repeat domain of WDR5, opposite of the Win motif-binding site, to mediate assembly of histone modification complexes.",IPR017986,IPR017986,WD40-repeat-containing domain,"[EDSTY].{0,4}[VIPLA][TSDEKR][ILVA]",EDSISV,366,371,SWD1_YEAST,Saccharomyces cerevisiae S288c,20716525,true positive,2,0,disordered
ELME000365,LIG_WD40_WDR5_VDV_2,"WDR5 WD40 repeat (blade 5,6)-binding ligand",LIG,"Fungi-specific variant of the WDR5-binding motif that binds to a cleft between blades 5 and 6 of the WD40 repeat domain of WDR5, opposite of the Win motif-binding site, to mediate assembly of histone modification complexes.",IPR017986,IPR017986,WD40-repeat-containing domain,"[EDSTY].{0,4}[VIPLA][TSDEKR][ILVA]",DSISV,367,371,SWD1_SCHPO,Schizosaccharomyces pombe 972h-,20716525,true positive,2,0,disordered
ELME000365,LIG_WD40_WDR5_VDV_2,"WDR5 WD40 repeat (blade 5,6)-binding ligand",LIG,"Fungi-specific variant of the WDR5-binding motif that binds to a cleft between blades 5 and 6 of the WD40 repeat domain of WDR5, opposite of the Win motif-binding site, to mediate assembly of histone modification complexes.",IPR017986,IPR017986,WD40-repeat-containing domain,"[EDSTY].{0,4}[VIPLA][TSDEKR][ILVA]",DSISV,367,371,SWD1_YEAST,Saccharomyces cerevisiae S288c,20716525,true positive,2,0,disordered
ELME000365,LIG_WD40_WDR5_VDV_2,"WDR5 WD40 repeat (blade 5,6)-binding ligand",LIG,"Fungi-specific variant of the WDR5-binding motif that binds to a cleft between blades 5 and 6 of the WD40 repeat domain of WDR5, opposite of the Win motif-binding site, to mediate assembly of histone modification complexes.",IPR017986,IPR017986,WD40-repeat-containing domain,"[EDSTY].{0,4}[VIPLA][TSDEKR][ILVA]",SISV,368,371,SWD1_SCHPO,Schizosaccharomyces pombe 972h-,20716525,true positive,2,0,disordered
ELME000365,LIG_WD40_WDR5_VDV_2,"WDR5 WD40 repeat (blade 5,6)-binding ligand",LIG,"Fungi-specific variant of the WDR5-binding motif that binds to a cleft between blades 5 and 6 of the WD40 repeat domain of WDR5, opposite of the Win motif-binding site, to mediate assembly of histone modification complexes.",IPR017986,IPR017986,WD40-repeat-containing domain,"[EDSTY].{0,4}[VIPLA][TSDEKR][ILVA]",SISV,368,371,SWD1_YEAST,Saccharomyces cerevisiae S288c,20716525,true positive,2,0,disordered
ELME000365,LIG_WD40_WDR5_VDV_2,"WDR5 WD40 repeat (blade 5,6)-binding ligand",LIG,"Fungi-specific variant of the WDR5-binding motif that binds to a cleft between blades 5 and 6 of the WD40 repeat domain of WDR5, opposite of the Win motif-binding site, to mediate assembly of histone modification complexes.",IPR017986,IPR017986,WD40-repeat-containing domain,"[EDSTY].{0,4}[VIPLA][TSDEKR][ILVA]",EAEV,383,386,SWD1_SCHPO,Schizosaccharomyces pombe 972h-,20716525,true positive,2,0,disordered
ELME000365,LIG_WD40_WDR5_VDV_2,"WDR5 WD40 repeat (blade 5,6)-binding ligand",LIG,"Fungi-specific variant of the WDR5-binding motif that binds to a cleft between blades 5 and 6 of the WD40 repeat domain of WDR5, opposite of the Win motif-binding site, to mediate assembly of histone modification complexes.",IPR017986,IPR017986,WD40-repeat-containing domain,"[EDSTY].{0,4}[VIPLA][TSDEKR][ILVA]",EAEV,383,386,SWD1_YEAST,Saccharomyces cerevisiae S288c,20716525,true positive,2,0,disordered
ELME000365,LIG_WD40_WDR5_VDV_2,"WDR5 WD40 repeat (blade 5,6)-binding ligand",LIG,"Fungi-specific variant of the WDR5-binding motif that binds to a cleft between blades 5 and 6 of the WD40 repeat domain of WDR5, opposite of the Win motif-binding site, to mediate assembly of histone modification complexes.",IPR017986,IPR017986,WD40-repeat-containing domain,"[EDSTY].{0,4}[VIPLA][TSDEKR][ILVA]",TDVDSISA,455,462,SWD1_SCHPO,Schizosaccharomyces pombe 972h-,20716525,true positive,2,0,disordered
ELME000365,LIG_WD40_WDR5_VDV_2,"WDR5 WD40 repeat (blade 5,6)-binding ligand",LIG,"Fungi-specific variant of the WDR5-binding motif that binds to a cleft between blades 5 and 6 of the WD40 repeat domain of WDR5, opposite of the Win motif-binding site, to mediate assembly of histone modification complexes.",IPR017986,IPR017986,WD40-repeat-containing domain,"[EDSTY].{0,4}[VIPLA][TSDEKR][ILVA]",TDVDSISA,455,462,SWD1_YEAST,Saccharomyces cerevisiae S288c,20716525,true positive,2,0,disordered
ELME000365,LIG_WD40_WDR5_VDV_2,"WDR5 WD40 repeat (blade 5,6)-binding ligand",LIG,"Fungi-specific variant of the WDR5-binding motif that binds to a cleft between blades 5 and 6 of the WD40 repeat domain of WDR5, opposite of the Win motif-binding site, to mediate assembly of histone modification complexes.",IPR017986,IPR017986,WD40-repeat-containing domain,"[EDSTY].{0,4}[VIPLA][TSDEKR][ILVA]",DVDSISA,456,462,SWD1_SCHPO,Schizosaccharomyces pombe 972h-,20716525,true positive,2,0,disordered
ELME000365,LIG_WD40_WDR5_VDV_2,"WDR5 WD40 repeat (blade 5,6)-binding ligand",LIG,"Fungi-specific variant of the WDR5-binding motif that binds to a cleft between blades 5 and 6 of the WD40 repeat domain of WDR5, opposite of the Win motif-binding site, to mediate assembly of histone modification complexes.",IPR017986,IPR017986,WD40-repeat-containing domain,"[EDSTY].{0,4}[VIPLA][TSDEKR][ILVA]",DVDSISA,456,462,SWD1_YEAST,Saccharomyces cerevisiae S288c,20716525,true positive,2,0,disordered
ELME000365,LIG_WD40_WDR5_VDV_2,"WDR5 WD40 repeat (blade 5,6)-binding ligand",LIG,"Fungi-specific variant of the WDR5-binding motif that binds to a cleft between blades 5 and 6 of the WD40 repeat domain of WDR5, opposite of the Win motif-binding site, to mediate assembly of histone modification complexes.",IPR017986,IPR017986,WD40-repeat-containing domain,"[EDSTY].{0,4}[VIPLA][TSDEKR][ILVA]",DSISA,458,462,SWD1_SCHPO,Schizosaccharomyces pombe 972h-,20716525,true positive,2,0,disordered
ELME000365,LIG_WD40_WDR5_VDV_2,"WDR5 WD40 repeat (blade 5,6)-binding ligand",LIG,"Fungi-specific variant of the WDR5-binding motif that binds to a cleft between blades 5 and 6 of the WD40 repeat domain of WDR5, opposite of the Win motif-binding site, to mediate assembly of histone modification complexes.",IPR017986,IPR017986,WD40-repeat-containing domain,"[EDSTY].{0,4}[VIPLA][TSDEKR][ILVA]",DSISA,458,462,SWD1_YEAST,Saccharomyces cerevisiae S288c,20716525,true positive,2,0,disordered
ELME000365,LIG_WD40_WDR5_VDV_2,"WDR5 WD40 repeat (blade 5,6)-binding ligand",LIG,"Fungi-specific variant of the WDR5-binding motif that binds to a cleft between blades 5 and 6 of the WD40 repeat domain of WDR5, opposite of the Win motif-binding site, to mediate assembly of histone modification complexes.",IPR017986,IPR017986,WD40-repeat-containing domain,"[EDSTY].{0,4}[VIPLA][TSDEKR][ILVA]",SISA,459,462,SWD1_SCHPO,Schizosaccharomyces pombe 972h-,20716525,true positive,2,0,disordered
ELME000365,LIG_WD40_WDR5_VDV_2,"WDR5 WD40 repeat (blade 5,6)-binding ligand",LIG,"Fungi-specific variant of the WDR5-binding motif that binds to a cleft between blades 5 and 6 of the WD40 repeat domain of WDR5, opposite of the Win motif-binding site, to mediate assembly of histone modification complexes.",IPR017986,IPR017986,WD40-repeat-containing domain,"[EDSTY].{0,4}[VIPLA][TSDEKR][ILVA]",SISA,459,462,SWD1_YEAST,Saccharomyces cerevisiae S288c,20716525,true positive,2,0,disordered
ELME000063,MOD_CK1_1,Casein kinase 1 (CK1) Phosphorylation site,MOD,CK1 phosphorylation site,PF00069,Pkinase,Protein kinase domain,S..([ST])...,SVLSDTP,370,376,APC_HUMAN,Homo sapiens,17910481,true positive,27,0,disordered
ELME000063,MOD_CK1_1,Casein kinase 1 (CK1) Phosphorylation site,MOD,CK1 phosphorylation site,PF00069,Pkinase,Protein kinase domain,S..([ST])...,SVLSDTP,370,376,ATOH1_HUMAN,Homo sapiens,27542412,true positive,27,0,disordered
ELME000063,MOD_CK1_1,Casein kinase 1 (CK1) Phosphorylation site,MOD,CK1 phosphorylation site,PF00069,Pkinase,Protein kinase domain,S..([ST])...,SVLSDTP,370,376,BECN1_HUMAN,Homo sapiens,26008601,true positive,27,0,disordered
ELME000063,MOD_CK1_1,Casein kinase 1 (CK1) Phosphorylation site,MOD,CK1 phosphorylation site,PF00069,Pkinase,Protein kinase domain,S..([ST])...,SVLSDTP,370,376,BID_MOUSE,Mus musculus,11583622,true positive,27,0,disordered
ELME000063,MOD_CK1_1,Casein kinase 1 (CK1) Phosphorylation site,MOD,CK1 phosphorylation site,PF00069,Pkinase,Protein kinase domain,S..([ST])...,SVLSDTP,370,376,CADH1_MOUSE,Mus musculus,17353278,true positive,27,0,disordered
ELME000063,MOD_CK1_1,Casein kinase 1 (CK1) Phosphorylation site,MOD,CK1 phosphorylation site,PF00069,Pkinase,Protein kinase domain,S..([ST])...,SVLSDTP,370,376,CRY2_ARATH,Arabidopsis thaliana,23897926,true positive,27,0,disordered
ELME000063,MOD_CK1_1,Casein kinase 1 (CK1) Phosphorylation site,MOD,CK1 phosphorylation site,PF00069,Pkinase,Protein kinase domain,S..([ST])...,SVLSDTP,370,376,DNMT1_MOUSE,Mus musculus,20192920,true positive,27,0,disordered
ELME000063,MOD_CK1_1,Casein kinase 1 (CK1) Phosphorylation site,MOD,CK1 phosphorylation site,PF00069,Pkinase,Protein kinase domain,S..([ST])...,SVLSDTP,370,376,DVL1_MOUSE,Mus musculus,16965538,true positive,27,0,disordered
ELME000063,MOD_CK1_1,Casein kinase 1 (CK1) Phosphorylation site,MOD,CK1 phosphorylation site,PF00069,Pkinase,Protein kinase domain,S..([ST])...,SVLSDTP,370,376,EPAS1_HUMAN,Homo sapiens,27686097,true positive,27,0,disordered
ELME000063,MOD_CK1_1,Casein kinase 1 (CK1) Phosphorylation site,MOD,CK1 phosphorylation site,PF00069,Pkinase,Protein kinase domain,S..([ST])...,SVLSDTP,370,376,FADD_HUMAN,Homo sapiens,16061179,true positive,27,0,disordered
ELME000063,MOD_CK1_1,Casein kinase 1 (CK1) Phosphorylation site,MOD,CK1 phosphorylation site,PF00069,Pkinase,Protein kinase domain,S..([ST])...,SVLSDTP,370,376,FOXO1_HUMAN,Homo sapiens,14710188 11980723,true positive,27,0,disordered
ELME000063,MOD_CK1_1,Casein kinase 1 (CK1) Phosphorylation site,MOD,CK1 phosphorylation site,PF00069,Pkinase,Protein kinase domain,S..([ST])...,SVLSDTP,370,376,HIF1A_HUMAN,Homo sapiens,20699359,true positive,27,0,disordered
ELME000063,MOD_CK1_1,Casein kinase 1 (CK1) Phosphorylation site,MOD,CK1 phosphorylation site,PF00069,Pkinase,Protein kinase domain,S..([ST])...,SVLSDTP,370,376,JADE1_HUMAN,Homo sapiens,25100726,true positive,27,0,disordered
ELME000063,MOD_CK1_1,Casein kinase 1 (CK1) Phosphorylation site,MOD,CK1 phosphorylation site,PF00069,Pkinase,Protein kinase domain,S..([ST])...,SVLSDTP,370,376,KPCD2_HUMAN,Homo sapiens,17962809,true positive,27,0,disordered
ELME000063,MOD_CK1_1,Casein kinase 1 (CK1) Phosphorylation site,MOD,CK1 phosphorylation site,PF00069,Pkinase,Protein kinase domain,S..([ST])...,SVLSDTP,370,376,LRRK2_MOUSE,Mus musculus,25500533,true positive,27,0,disordered
ELME000063,MOD_CK1_1,Casein kinase 1 (CK1) Phosphorylation site,MOD,CK1 phosphorylation site,PF00069,Pkinase,Protein kinase domain,S..([ST])...,SVLSDTP,370,376,MDM2_HUMAN,Homo sapiens,20708156,true positive,27,0,disordered
ELME000063,MOD_CK1_1,Casein kinase 1 (CK1) Phosphorylation site,MOD,CK1 phosphorylation site,PF00069,Pkinase,Protein kinase domain,S..([ST])...,SVLSDTP,370,376,MDM4_HUMAN,Homo sapiens,16024788,true positive,27,0,disordered
ELME000063,MOD_CK1_1,Casein kinase 1 (CK1) Phosphorylation site,MOD,CK1 phosphorylation site,PF00069,Pkinase,Protein kinase domain,S..([ST])...,SVLSDTP,370,376,MPIP1_HUMAN,Homo sapiens,20348946,true positive,27,0,disordered
ELME000063,MOD_CK1_1,Casein kinase 1 (CK1) Phosphorylation site,MOD,CK1 phosphorylation site,PF00069,Pkinase,Protein kinase domain,S..([ST])...,SVLSDTP,370,376,MTSS1_HUMAN,Homo sapiens,24318128,true positive,27,0,disordered
ELME000063,MOD_CK1_1,Casein kinase 1 (CK1) Phosphorylation site,MOD,CK1 phosphorylation site,PF00069,Pkinase,Protein kinase domain,S..([ST])...,SVLSDTP,370,376,NCOA3_HUMAN,Homo sapiens,19339517,true positive,27,0,disordered
ELME000063,MOD_CK1_1,Casein kinase 1 (CK1) Phosphorylation site,MOD,CK1 phosphorylation site,PF00069,Pkinase,Protein kinase domain,S..([ST])...,SVLSDTP,370,376,NFAT5_HUMAN,Homo sapiens,18411282,true positive,27,0,disordered
ELME000063,MOD_CK1_1,Casein kinase 1 (CK1) Phosphorylation site,MOD,CK1 phosphorylation site,PF00069,Pkinase,Protein kinase domain,S..([ST])...,SVLSDTP,370,376,P53_HUMAN,Homo sapiens,10734067 10606744,true positive,27,0,disordered
ELME000063,MOD_CK1_1,Casein kinase 1 (CK1) Phosphorylation site,MOD,CK1 phosphorylation site,PF00069,Pkinase,Protein kinase domain,S..([ST])...,SVLSDTP,370,376,PER2_HUMAN,Homo sapiens,21324900,true positive,27,0,disordered
ELME000063,MOD_CK1_1,Casein kinase 1 (CK1) Phosphorylation site,MOD,CK1 phosphorylation site,PF00069,Pkinase,Protein kinase domain,S..([ST])...,SVLSDTP,370,376,PYRG2_HUMAN,Homo sapiens,20739275,true positive,27,0,disordered
ELME000063,MOD_CK1_1,Casein kinase 1 (CK1) Phosphorylation site,MOD,CK1 phosphorylation site,PF00069,Pkinase,Protein kinase domain,S..([ST])...,SVLSDTP,370,376,TRAF3_HUMAN,Homo sapiens,26928339,true positive,27,0,disordered
ELME000063,MOD_CK1_1,Casein kinase 1 (CK1) Phosphorylation site,MOD,CK1 phosphorylation site,PF00069,Pkinase,Protein kinase domain,S..([ST])...,SVLSDTP,370,376,TRPM4_HUMAN,Homo sapiens,25231975,true positive,27,0,disordered
ELME000063,MOD_CK1_1,Casein kinase 1 (CK1) Phosphorylation site,MOD,CK1 phosphorylation site,PF00069,Pkinase,Protein kinase domain,S..([ST])...,SVLSDTP,370,376,YAP1_HUMAN,Homo sapiens,20048001,true positive,27,0,disordered
ELME000063,MOD_CK1_1,Casein kinase 1 (CK1) Phosphorylation site,MOD,CK1 phosphorylation site,PF00069,Pkinase,Protein kinase domain,S..([ST])...,STSTDVD,452,458,APC_HUMAN,Homo sapiens,17910481,true positive,27,0,disordered
ELME000063,MOD_CK1_1,Casein kinase 1 (CK1) Phosphorylation site,MOD,CK1 phosphorylation site,PF00069,Pkinase,Protein kinase domain,S..([ST])...,STSTDVD,452,458,ATOH1_HUMAN,Homo sapiens,27542412,true positive,27,0,disordered
ELME000063,MOD_CK1_1,Casein kinase 1 (CK1) Phosphorylation site,MOD,CK1 phosphorylation site,PF00069,Pkinase,Protein kinase domain,S..([ST])...,STSTDVD,452,458,BECN1_HUMAN,Homo sapiens,26008601,true positive,27,0,disordered
ELME000063,MOD_CK1_1,Casein kinase 1 (CK1) Phosphorylation site,MOD,CK1 phosphorylation site,PF00069,Pkinase,Protein kinase domain,S..([ST])...,STSTDVD,452,458,BID_MOUSE,Mus musculus,11583622,true positive,27,0,disordered
ELME000063,MOD_CK1_1,Casein kinase 1 (CK1) Phosphorylation site,MOD,CK1 phosphorylation site,PF00069,Pkinase,Protein kinase domain,S..([ST])...,STSTDVD,452,458,CADH1_MOUSE,Mus musculus,17353278,true positive,27,0,disordered
ELME000063,MOD_CK1_1,Casein kinase 1 (CK1) Phosphorylation site,MOD,CK1 phosphorylation site,PF00069,Pkinase,Protein kinase domain,S..([ST])...,STSTDVD,452,458,CRY2_ARATH,Arabidopsis thaliana,23897926,true positive,27,0,disordered
ELME000063,MOD_CK1_1,Casein kinase 1 (CK1) Phosphorylation site,MOD,CK1 phosphorylation site,PF00069,Pkinase,Protein kinase domain,S..([ST])...,STSTDVD,452,458,DNMT1_MOUSE,Mus musculus,20192920,true positive,27,0,disordered
ELME000063,MOD_CK1_1,Casein kinase 1 (CK1) Phosphorylation site,MOD,CK1 phosphorylation site,PF00069,Pkinase,Protein kinase domain,S..([ST])...,STSTDVD,452,458,DVL1_MOUSE,Mus musculus,16965538,true positive,27,0,disordered
ELME000063,MOD_CK1_1,Casein kinase 1 (CK1) Phosphorylation site,MOD,CK1 phosphorylation site,PF00069,Pkinase,Protein kinase domain,S..([ST])...,STSTDVD,452,458,EPAS1_HUMAN,Homo sapiens,27686097,true positive,27,0,disordered
ELME000063,MOD_CK1_1,Casein kinase 1 (CK1) Phosphorylation site,MOD,CK1 phosphorylation site,PF00069,Pkinase,Protein kinase domain,S..([ST])...,STSTDVD,452,458,FADD_HUMAN,Homo sapiens,16061179,true positive,27,0,disordered
ELME000063,MOD_CK1_1,Casein kinase 1 (CK1) Phosphorylation site,MOD,CK1 phosphorylation site,PF00069,Pkinase,Protein kinase domain,S..([ST])...,STSTDVD,452,458,FOXO1_HUMAN,Homo sapiens,14710188 11980723,true positive,27,0,disordered
ELME000063,MOD_CK1_1,Casein kinase 1 (CK1) Phosphorylation site,MOD,CK1 phosphorylation site,PF00069,Pkinase,Protein kinase domain,S..([ST])...,STSTDVD,452,458,HIF1A_HUMAN,Homo sapiens,20699359,true positive,27,0,disordered
ELME000063,MOD_CK1_1,Casein kinase 1 (CK1) Phosphorylation site,MOD,CK1 phosphorylation site,PF00069,Pkinase,Protein kinase domain,S..([ST])...,STSTDVD,452,458,JADE1_HUMAN,Homo sapiens,25100726,true positive,27,0,disordered
ELME000063,MOD_CK1_1,Casein kinase 1 (CK1) Phosphorylation site,MOD,CK1 phosphorylation site,PF00069,Pkinase,Protein kinase domain,S..([ST])...,STSTDVD,452,458,KPCD2_HUMAN,Homo sapiens,17962809,true positive,27,0,disordered
ELME000063,MOD_CK1_1,Casein kinase 1 (CK1) Phosphorylation site,MOD,CK1 phosphorylation site,PF00069,Pkinase,Protein kinase domain,S..([ST])...,STSTDVD,452,458,LRRK2_MOUSE,Mus musculus,25500533,true positive,27,0,disordered
ELME000063,MOD_CK1_1,Casein kinase 1 (CK1) Phosphorylation site,MOD,CK1 phosphorylation site,PF00069,Pkinase,Protein kinase domain,S..([ST])...,STSTDVD,452,458,MDM2_HUMAN,Homo sapiens,20708156,true positive,27,0,disordered
ELME000063,MOD_CK1_1,Casein kinase 1 (CK1) Phosphorylation site,MOD,CK1 phosphorylation site,PF00069,Pkinase,Protein kinase domain,S..([ST])...,STSTDVD,452,458,MDM4_HUMAN,Homo sapiens,16024788,true positive,27,0,disordered
ELME000063,MOD_CK1_1,Casein kinase 1 (CK1) Phosphorylation site,MOD,CK1 phosphorylation site,PF00069,Pkinase,Protein kinase domain,S..([ST])...,STSTDVD,452,458,MPIP1_HUMAN,Homo sapiens,20348946,true positive,27,0,disordered
ELME000063,MOD_CK1_1,Casein kinase 1 (CK1) Phosphorylation site,MOD,CK1 phosphorylation site,PF00069,Pkinase,Protein kinase domain,S..([ST])...,STSTDVD,452,458,MTSS1_HUMAN,Homo sapiens,24318128,true positive,27,0,disordered
ELME000063,MOD_CK1_1,Casein kinase 1 (CK1) Phosphorylation site,MOD,CK1 phosphorylation site,PF00069,Pkinase,Protein kinase domain,S..([ST])...,STSTDVD,452,458,NCOA3_HUMAN,Homo sapiens,19339517,true positive,27,0,disordered
ELME000063,MOD_CK1_1,Casein kinase 1 (CK1) Phosphorylation site,MOD,CK1 phosphorylation site,PF00069,Pkinase,Protein kinase domain,S..([ST])...,STSTDVD,452,458,NFAT5_HUMAN,Homo sapiens,18411282,true positive,27,0,disordered
ELME000063,MOD_CK1_1,Casein kinase 1 (CK1) Phosphorylation site,MOD,CK1 phosphorylation site,PF00069,Pkinase,Protein kinase domain,S..([ST])...,STSTDVD,452,458,P53_HUMAN,Homo sapiens,10734067 10606744,true positive,27,0,disordered
ELME000063,MOD_CK1_1,Casein kinase 1 (CK1) Phosphorylation site,MOD,CK1 phosphorylation site,PF00069,Pkinase,Protein kinase domain,S..([ST])...,STSTDVD,452,458,PER2_HUMAN,Homo sapiens,21324900,true positive,27,0,disordered
ELME000063,MOD_CK1_1,Casein kinase 1 (CK1) Phosphorylation site,MOD,CK1 phosphorylation site,PF00069,Pkinase,Protein kinase domain,S..([ST])...,STSTDVD,452,458,PYRG2_HUMAN,Homo sapiens,20739275,true positive,27,0,disordered
ELME000063,MOD_CK1_1,Casein kinase 1 (CK1) Phosphorylation site,MOD,CK1 phosphorylation site,PF00069,Pkinase,Protein kinase domain,S..([ST])...,STSTDVD,452,458,TRAF3_HUMAN,Homo sapiens,26928339,true positive,27,0,disordered
ELME000063,MOD_CK1_1,Casein kinase 1 (CK1) Phosphorylation site,MOD,CK1 phosphorylation site,PF00069,Pkinase,Protein kinase domain,S..([ST])...,STSTDVD,452,458,TRPM4_HUMAN,Homo sapiens,25231975,true positive,27,0,disordered
ELME000063,MOD_CK1_1,Casein kinase 1 (CK1) Phosphorylation site,MOD,CK1 phosphorylation site,PF00069,Pkinase,Protein kinase domain,S..([ST])...,STSTDVD,452,458,YAP1_HUMAN,Homo sapiens,20048001,true positive,27,0,disordered
ELME000063,MOD_CK1_1,Casein kinase 1 (CK1) Phosphorylation site,MOD,CK1 phosphorylation site,PF00069,Pkinase,Protein kinase domain,S..([ST])...,SCDSTSD,465,471,APC_HUMAN,Homo sapiens,17910481,true positive,27,0,disordered
ELME000063,MOD_CK1_1,Casein kinase 1 (CK1) Phosphorylation site,MOD,CK1 phosphorylation site,PF00069,Pkinase,Protein kinase domain,S..([ST])...,SCDSTSD,465,471,ATOH1_HUMAN,Homo sapiens,27542412,true positive,27,0,disordered
ELME000063,MOD_CK1_1,Casein kinase 1 (CK1) Phosphorylation site,MOD,CK1 phosphorylation site,PF00069,Pkinase,Protein kinase domain,S..([ST])...,SCDSTSD,465,471,BECN1_HUMAN,Homo sapiens,26008601,true positive,27,0,disordered
ELME000063,MOD_CK1_1,Casein kinase 1 (CK1) Phosphorylation site,MOD,CK1 phosphorylation site,PF00069,Pkinase,Protein kinase domain,S..([ST])...,SCDSTSD,465,471,BID_MOUSE,Mus musculus,11583622,true positive,27,0,disordered
ELME000063,MOD_CK1_1,Casein kinase 1 (CK1) Phosphorylation site,MOD,CK1 phosphorylation site,PF00069,Pkinase,Protein kinase domain,S..([ST])...,SCDSTSD,465,471,CADH1_MOUSE,Mus musculus,17353278,true positive,27,0,disordered
ELME000063,MOD_CK1_1,Casein kinase 1 (CK1) Phosphorylation site,MOD,CK1 phosphorylation site,PF00069,Pkinase,Protein kinase domain,S..([ST])...,SCDSTSD,465,471,CRY2_ARATH,Arabidopsis thaliana,23897926,true positive,27,0,disordered
ELME000063,MOD_CK1_1,Casein kinase 1 (CK1) Phosphorylation site,MOD,CK1 phosphorylation site,PF00069,Pkinase,Protein kinase domain,S..([ST])...,SCDSTSD,465,471,DNMT1_MOUSE,Mus musculus,20192920,true positive,27,0,disordered
ELME000063,MOD_CK1_1,Casein kinase 1 (CK1) Phosphorylation site,MOD,CK1 phosphorylation site,PF00069,Pkinase,Protein kinase domain,S..([ST])...,SCDSTSD,465,471,DVL1_MOUSE,Mus musculus,16965538,true positive,27,0,disordered
ELME000063,MOD_CK1_1,Casein kinase 1 (CK1) Phosphorylation site,MOD,CK1 phosphorylation site,PF00069,Pkinase,Protein kinase domain,S..([ST])...,SCDSTSD,465,471,EPAS1_HUMAN,Homo sapiens,27686097,true positive,27,0,disordered
ELME000063,MOD_CK1_1,Casein kinase 1 (CK1) Phosphorylation site,MOD,CK1 phosphorylation site,PF00069,Pkinase,Protein kinase domain,S..([ST])...,SCDSTSD,465,471,FADD_HUMAN,Homo sapiens,16061179,true positive,27,0,disordered
ELME000063,MOD_CK1_1,Casein kinase 1 (CK1) Phosphorylation site,MOD,CK1 phosphorylation site,PF00069,Pkinase,Protein kinase domain,S..([ST])...,SCDSTSD,465,471,FOXO1_HUMAN,Homo sapiens,14710188 11980723,true positive,27,0,disordered
ELME000063,MOD_CK1_1,Casein kinase 1 (CK1) Phosphorylation site,MOD,CK1 phosphorylation site,PF00069,Pkinase,Protein kinase domain,S..([ST])...,SCDSTSD,465,471,HIF1A_HUMAN,Homo sapiens,20699359,true positive,27,0,disordered
ELME000063,MOD_CK1_1,Casein kinase 1 (CK1) Phosphorylation site,MOD,CK1 phosphorylation site,PF00069,Pkinase,Protein kinase domain,S..([ST])...,SCDSTSD,465,471,JADE1_HUMAN,Homo sapiens,25100726,true positive,27,0,disordered
ELME000063,MOD_CK1_1,Casein kinase 1 (CK1) Phosphorylation site,MOD,CK1 phosphorylation site,PF00069,Pkinase,Protein kinase domain,S..([ST])...,SCDSTSD,465,471,KPCD2_HUMAN,Homo sapiens,17962809,true positive,27,0,disordered
ELME000063,MOD_CK1_1,Casein kinase 1 (CK1) Phosphorylation site,MOD,CK1 phosphorylation site,PF00069,Pkinase,Protein kinase domain,S..([ST])...,SCDSTSD,465,471,LRRK2_MOUSE,Mus musculus,25500533,true positive,27,0,disordered
ELME000063,MOD_CK1_1,Casein kinase 1 (CK1) Phosphorylation site,MOD,CK1 phosphorylation site,PF00069,Pkinase,Protein kinase domain,S..([ST])...,SCDSTSD,465,471,MDM2_HUMAN,Homo sapiens,20708156,true positive,27,0,disordered
ELME000063,MOD_CK1_1,Casein kinase 1 (CK1) Phosphorylation site,MOD,CK1 phosphorylation site,PF00069,Pkinase,Protein kinase domain,S..([ST])...,SCDSTSD,465,471,MDM4_HUMAN,Homo sapiens,16024788,true positive,27,0,disordered
ELME000063,MOD_CK1_1,Casein kinase 1 (CK1) Phosphorylation site,MOD,CK1 phosphorylation site,PF00069,Pkinase,Protein kinase domain,S..([ST])...,SCDSTSD,465,471,MPIP1_HUMAN,Homo sapiens,20348946,true positive,27,0,disordered
ELME000063,MOD_CK1_1,Casein kinase 1 (CK1) Phosphorylation site,MOD,CK1 phosphorylation site,PF00069,Pkinase,Protein kinase domain,S..([ST])...,SCDSTSD,465,471,MTSS1_HUMAN,Homo sapiens,24318128,true positive,27,0,disordered
ELME000063,MOD_CK1_1,Casein kinase 1 (CK1) Phosphorylation site,MOD,CK1 phosphorylation site,PF00069,Pkinase,Protein kinase domain,S..([ST])...,SCDSTSD,465,471,NCOA3_HUMAN,Homo sapiens,19339517,true positive,27,0,disordered
ELME000063,MOD_CK1_1,Casein kinase 1 (CK1) Phosphorylation site,MOD,CK1 phosphorylation site,PF00069,Pkinase,Protein kinase domain,S..([ST])...,SCDSTSD,465,471,NFAT5_HUMAN,Homo sapiens,18411282,true positive,27,0,disordered
ELME000063,MOD_CK1_1,Casein kinase 1 (CK1) Phosphorylation site,MOD,CK1 phosphorylation site,PF00069,Pkinase,Protein kinase domain,S..([ST])...,SCDSTSD,465,471,P53_HUMAN,Homo sapiens,10734067 10606744,true positive,27,0,disordered
ELME000063,MOD_CK1_1,Casein kinase 1 (CK1) Phosphorylation site,MOD,CK1 phosphorylation site,PF00069,Pkinase,Protein kinase domain,S..([ST])...,SCDSTSD,465,471,PER2_HUMAN,Homo sapiens,21324900,true positive,27,0,disordered
ELME000063,MOD_CK1_1,Casein kinase 1 (CK1) Phosphorylation site,MOD,CK1 phosphorylation site,PF00069,Pkinase,Protein kinase domain,S..([ST])...,SCDSTSD,465,471,PYRG2_HUMAN,Homo sapiens,20739275,true positive,27,0,disordered
ELME000063,MOD_CK1_1,Casein kinase 1 (CK1) Phosphorylation site,MOD,CK1 phosphorylation site,PF00069,Pkinase,Protein kinase domain,S..([ST])...,SCDSTSD,465,471,TRAF3_HUMAN,Homo sapiens,26928339,true positive,27,0,disordered
ELME000063,MOD_CK1_1,Casein kinase 1 (CK1) Phosphorylation site,MOD,CK1 phosphorylation site,PF00069,Pkinase,Protein kinase domain,S..([ST])...,SCDSTSD,465,471,TRPM4_HUMAN,Homo sapiens,25231975,true positive,27,0,disordered
ELME000063,MOD_CK1_1,Casein kinase 1 (CK1) Phosphorylation site,MOD,CK1 phosphorylation site,PF00069,Pkinase,Protein kinase domain,S..([ST])...,SCDSTSD,465,471,YAP1_HUMAN,Homo sapiens,20048001,true positive,27,0,disordered
ELME000063,MOD_CK1_1,Casein kinase 1 (CK1) Phosphorylation site,MOD,CK1 phosphorylation site,PF00069,Pkinase,Protein kinase domain,S..([ST])...,SSRSSSR,521,527,APC_HUMAN,Homo sapiens,17910481,true positive,27,0,disordered
ELME000063,MOD_CK1_1,Casein kinase 1 (CK1) Phosphorylation site,MOD,CK1 phosphorylation site,PF00069,Pkinase,Protein kinase domain,S..([ST])...,SSRSSSR,521,527,ATOH1_HUMAN,Homo sapiens,27542412,true positive,27,0,disordered
ELME000063,MOD_CK1_1,Casein kinase 1 (CK1) Phosphorylation site,MOD,CK1 phosphorylation site,PF00069,Pkinase,Protein kinase domain,S..([ST])...,SSRSSSR,521,527,BECN1_HUMAN,Homo sapiens,26008601,true positive,27,0,disordered
ELME000063,MOD_CK1_1,Casein kinase 1 (CK1) Phosphorylation site,MOD,CK1 phosphorylation site,PF00069,Pkinase,Protein kinase domain,S..([ST])...,SSRSSSR,521,527,BID_MOUSE,Mus musculus,11583622,true positive,27,0,disordered
ELME000063,MOD_CK1_1,Casein kinase 1 (CK1) Phosphorylation site,MOD,CK1 phosphorylation site,PF00069,Pkinase,Protein kinase domain,S..([ST])...,SSRSSSR,521,527,CADH1_MOUSE,Mus musculus,17353278,true positive,27,0,disordered
ELME000063,MOD_CK1_1,Casein kinase 1 (CK1) Phosphorylation site,MOD,CK1 phosphorylation site,PF00069,Pkinase,Protein kinase domain,S..([ST])...,SSRSSSR,521,527,CRY2_ARATH,Arabidopsis thaliana,23897926,true positive,27,0,disordered
ELME000063,MOD_CK1_1,Casein kinase 1 (CK1) Phosphorylation site,MOD,CK1 phosphorylation site,PF00069,Pkinase,Protein kinase domain,S..([ST])...,SSRSSSR,521,527,DNMT1_MOUSE,Mus musculus,20192920,true positive,27,0,disordered
ELME000063,MOD_CK1_1,Casein kinase 1 (CK1) Phosphorylation site,MOD,CK1 phosphorylation site,PF00069,Pkinase,Protein kinase domain,S..([ST])...,SSRSSSR,521,527,DVL1_MOUSE,Mus musculus,16965538,true positive,27,0,disordered
ELME000063,MOD_CK1_1,Casein kinase 1 (CK1) Phosphorylation site,MOD,CK1 phosphorylation site,PF00069,Pkinase,Protein kinase domain,S..([ST])...,SSRSSSR,521,527,EPAS1_HUMAN,Homo sapiens,27686097,true positive,27,0,disordered
ELME000063,MOD_CK1_1,Casein kinase 1 (CK1) Phosphorylation site,MOD,CK1 phosphorylation site,PF00069,Pkinase,Protein kinase domain,S..([ST])...,SSRSSSR,521,527,FADD_HUMAN,Homo sapiens,16061179,true positive,27,0,disordered
ELME000063,MOD_CK1_1,Casein kinase 1 (CK1) Phosphorylation site,MOD,CK1 phosphorylation site,PF00069,Pkinase,Protein kinase domain,S..([ST])...,SSRSSSR,521,527,FOXO1_HUMAN,Homo sapiens,14710188 11980723,true positive,27,0,disordered
ELME000063,MOD_CK1_1,Casein kinase 1 (CK1) Phosphorylation site,MOD,CK1 phosphorylation site,PF00069,Pkinase,Protein kinase domain,S..([ST])...,SSRSSSR,521,527,HIF1A_HUMAN,Homo sapiens,20699359,true positive,27,0,disordered
ELME000063,MOD_CK1_1,Casein kinase 1 (CK1) Phosphorylation site,MOD,CK1 phosphorylation site,PF00069,Pkinase,Protein kinase domain,S..([ST])...,SSRSSSR,521,527,JADE1_HUMAN,Homo sapiens,25100726,true positive,27,0,disordered
ELME000063,MOD_CK1_1,Casein kinase 1 (CK1) Phosphorylation site,MOD,CK1 phosphorylation site,PF00069,Pkinase,Protein kinase domain,S..([ST])...,SSRSSSR,521,527,KPCD2_HUMAN,Homo sapiens,17962809,true positive,27,0,disordered
ELME000063,MOD_CK1_1,Casein kinase 1 (CK1) Phosphorylation site,MOD,CK1 phosphorylation site,PF00069,Pkinase,Protein kinase domain,S..([ST])...,SSRSSSR,521,527,LRRK2_MOUSE,Mus musculus,25500533,true positive,27,0,disordered
ELME000063,MOD_CK1_1,Casein kinase 1 (CK1) Phosphorylation site,MOD,CK1 phosphorylation site,PF00069,Pkinase,Protein kinase domain,S..([ST])...,SSRSSSR,521,527,MDM2_HUMAN,Homo sapiens,20708156,true positive,27,0,disordered
ELME000063,MOD_CK1_1,Casein kinase 1 (CK1) Phosphorylation site,MOD,CK1 phosphorylation site,PF00069,Pkinase,Protein kinase domain,S..([ST])...,SSRSSSR,521,527,MDM4_HUMAN,Homo sapiens,16024788,true positive,27,0,disordered
ELME000063,MOD_CK1_1,Casein kinase 1 (CK1) Phosphorylation site,MOD,CK1 phosphorylation site,PF00069,Pkinase,Protein kinase domain,S..([ST])...,SSRSSSR,521,527,MPIP1_HUMAN,Homo sapiens,20348946,true positive,27,0,disordered
ELME000063,MOD_CK1_1,Casein kinase 1 (CK1) Phosphorylation site,MOD,CK1 phosphorylation site,PF00069,Pkinase,Protein kinase domain,S..([ST])...,SSRSSSR,521,527,MTSS1_HUMAN,Homo sapiens,24318128,true positive,27,0,disordered
ELME000063,MOD_CK1_1,Casein kinase 1 (CK1) Phosphorylation site,MOD,CK1 phosphorylation site,PF00069,Pkinase,Protein kinase domain,S..([ST])...,SSRSSSR,521,527,NCOA3_HUMAN,Homo sapiens,19339517,true positive,27,0,disordered
ELME000063,MOD_CK1_1,Casein kinase 1 (CK1) Phosphorylation site,MOD,CK1 phosphorylation site,PF00069,Pkinase,Protein kinase domain,S..([ST])...,SSRSSSR,521,527,NFAT5_HUMAN,Homo sapiens,18411282,true positive,27,0,disordered
ELME000063,MOD_CK1_1,Casein kinase 1 (CK1) Phosphorylation site,MOD,CK1 phosphorylation site,PF00069,Pkinase,Protein kinase domain,S..([ST])...,SSRSSSR,521,527,P53_HUMAN,Homo sapiens,10734067 10606744,true positive,27,0,disordered
ELME000063,MOD_CK1_1,Casein kinase 1 (CK1) Phosphorylation site,MOD,CK1 phosphorylation site,PF00069,Pkinase,Protein kinase domain,S..([ST])...,SSRSSSR,521,527,PER2_HUMAN,Homo sapiens,21324900,true positive,27,0,disordered
ELME000063,MOD_CK1_1,Casein kinase 1 (CK1) Phosphorylation site,MOD,CK1 phosphorylation site,PF00069,Pkinase,Protein kinase domain,S..([ST])...,SSRSSSR,521,527,PYRG2_HUMAN,Homo sapiens,20739275,true positive,27,0,disordered
ELME000063,MOD_CK1_1,Casein kinase 1 (CK1) Phosphorylation site,MOD,CK1 phosphorylation site,PF00069,Pkinase,Protein kinase domain,S..([ST])...,SSRSSSR,521,527,TRAF3_HUMAN,Homo sapiens,26928339,true positive,27,0,disordered
ELME000063,MOD_CK1_1,Casein kinase 1 (CK1) Phosphorylation site,MOD,CK1 phosphorylation site,PF00069,Pkinase,Protein kinase domain,S..([ST])...,SSRSSSR,521,527,TRPM4_HUMAN,Homo sapiens,25231975,true positive,27,0,disordered
ELME000063,MOD_CK1_1,Casein kinase 1 (CK1) Phosphorylation site,MOD,CK1 phosphorylation site,PF00069,Pkinase,Protein kinase domain,S..([ST])...,SSRSSSR,521,527,YAP1_HUMAN,Homo sapiens,20048001,true positive,27,0,disordered
ELME000063,MOD_CK1_1,Casein kinase 1 (CK1) Phosphorylation site,MOD,CK1 phosphorylation site,PF00069,Pkinase,Protein kinase domain,S..([ST])...,SRSSSRS,522,528,APC_HUMAN,Homo sapiens,17910481,true positive,27,0,disordered
ELME000063,MOD_CK1_1,Casein kinase 1 (CK1) Phosphorylation site,MOD,CK1 phosphorylation site,PF00069,Pkinase,Protein kinase domain,S..([ST])...,SRSSSRS,522,528,ATOH1_HUMAN,Homo sapiens,27542412,true positive,27,0,disordered
ELME000063,MOD_CK1_1,Casein kinase 1 (CK1) Phosphorylation site,MOD,CK1 phosphorylation site,PF00069,Pkinase,Protein kinase domain,S..([ST])...,SRSSSRS,522,528,BECN1_HUMAN,Homo sapiens,26008601,true positive,27,0,disordered
ELME000063,MOD_CK1_1,Casein kinase 1 (CK1) Phosphorylation site,MOD,CK1 phosphorylation site,PF00069,Pkinase,Protein kinase domain,S..([ST])...,SRSSSRS,522,528,BID_MOUSE,Mus musculus,11583622,true positive,27,0,disordered
ELME000063,MOD_CK1_1,Casein kinase 1 (CK1) Phosphorylation site,MOD,CK1 phosphorylation site,PF00069,Pkinase,Protein kinase domain,S..([ST])...,SRSSSRS,522,528,CADH1_MOUSE,Mus musculus,17353278,true positive,27,0,disordered
ELME000063,MOD_CK1_1,Casein kinase 1 (CK1) Phosphorylation site,MOD,CK1 phosphorylation site,PF00069,Pkinase,Protein kinase domain,S..([ST])...,SRSSSRS,522,528,CRY2_ARATH,Arabidopsis thaliana,23897926,true positive,27,0,disordered
ELME000063,MOD_CK1_1,Casein kinase 1 (CK1) Phosphorylation site,MOD,CK1 phosphorylation site,PF00069,Pkinase,Protein kinase domain,S..([ST])...,SRSSSRS,522,528,DNMT1_MOUSE,Mus musculus,20192920,true positive,27,0,disordered
ELME000063,MOD_CK1_1,Casein kinase 1 (CK1) Phosphorylation site,MOD,CK1 phosphorylation site,PF00069,Pkinase,Protein kinase domain,S..([ST])...,SRSSSRS,522,528,DVL1_MOUSE,Mus musculus,16965538,true positive,27,0,disordered
ELME000063,MOD_CK1_1,Casein kinase 1 (CK1) Phosphorylation site,MOD,CK1 phosphorylation site,PF00069,Pkinase,Protein kinase domain,S..([ST])...,SRSSSRS,522,528,EPAS1_HUMAN,Homo sapiens,27686097,true positive,27,0,disordered
ELME000063,MOD_CK1_1,Casein kinase 1 (CK1) Phosphorylation site,MOD,CK1 phosphorylation site,PF00069,Pkinase,Protein kinase domain,S..([ST])...,SRSSSRS,522,528,FADD_HUMAN,Homo sapiens,16061179,true positive,27,0,disordered
ELME000063,MOD_CK1_1,Casein kinase 1 (CK1) Phosphorylation site,MOD,CK1 phosphorylation site,PF00069,Pkinase,Protein kinase domain,S..([ST])...,SRSSSRS,522,528,FOXO1_HUMAN,Homo sapiens,14710188 11980723,true positive,27,0,disordered
ELME000063,MOD_CK1_1,Casein kinase 1 (CK1) Phosphorylation site,MOD,CK1 phosphorylation site,PF00069,Pkinase,Protein kinase domain,S..([ST])...,SRSSSRS,522,528,HIF1A_HUMAN,Homo sapiens,20699359,true positive,27,0,disordered
ELME000063,MOD_CK1_1,Casein kinase 1 (CK1) Phosphorylation site,MOD,CK1 phosphorylation site,PF00069,Pkinase,Protein kinase domain,S..([ST])...,SRSSSRS,522,528,JADE1_HUMAN,Homo sapiens,25100726,true positive,27,0,disordered
ELME000063,MOD_CK1_1,Casein kinase 1 (CK1) Phosphorylation site,MOD,CK1 phosphorylation site,PF00069,Pkinase,Protein kinase domain,S..([ST])...,SRSSSRS,522,528,KPCD2_HUMAN,Homo sapiens,17962809,true positive,27,0,disordered
ELME000063,MOD_CK1_1,Casein kinase 1 (CK1) Phosphorylation site,MOD,CK1 phosphorylation site,PF00069,Pkinase,Protein kinase domain,S..([ST])...,SRSSSRS,522,528,LRRK2_MOUSE,Mus musculus,25500533,true positive,27,0,disordered
ELME000063,MOD_CK1_1,Casein kinase 1 (CK1) Phosphorylation site,MOD,CK1 phosphorylation site,PF00069,Pkinase,Protein kinase domain,S..([ST])...,SRSSSRS,522,528,MDM2_HUMAN,Homo sapiens,20708156,true positive,27,0,disordered
ELME000063,MOD_CK1_1,Casein kinase 1 (CK1) Phosphorylation site,MOD,CK1 phosphorylation site,PF00069,Pkinase,Protein kinase domain,S..([ST])...,SRSSSRS,522,528,MDM4_HUMAN,Homo sapiens,16024788,true positive,27,0,disordered
ELME000063,MOD_CK1_1,Casein kinase 1 (CK1) Phosphorylation site,MOD,CK1 phosphorylation site,PF00069,Pkinase,Protein kinase domain,S..([ST])...,SRSSSRS,522,528,MPIP1_HUMAN,Homo sapiens,20348946,true positive,27,0,disordered
ELME000063,MOD_CK1_1,Casein kinase 1 (CK1) Phosphorylation site,MOD,CK1 phosphorylation site,PF00069,Pkinase,Protein kinase domain,S..([ST])...,SRSSSRS,522,528,MTSS1_HUMAN,Homo sapiens,24318128,true positive,27,0,disordered
ELME000063,MOD_CK1_1,Casein kinase 1 (CK1) Phosphorylation site,MOD,CK1 phosphorylation site,PF00069,Pkinase,Protein kinase domain,S..([ST])...,SRSSSRS,522,528,NCOA3_HUMAN,Homo sapiens,19339517,true positive,27,0,disordered
ELME000063,MOD_CK1_1,Casein kinase 1 (CK1) Phosphorylation site,MOD,CK1 phosphorylation site,PF00069,Pkinase,Protein kinase domain,S..([ST])...,SRSSSRS,522,528,NFAT5_HUMAN,Homo sapiens,18411282,true positive,27,0,disordered
ELME000063,MOD_CK1_1,Casein kinase 1 (CK1) Phosphorylation site,MOD,CK1 phosphorylation site,PF00069,Pkinase,Protein kinase domain,S..([ST])...,SRSSSRS,522,528,P53_HUMAN,Homo sapiens,10734067 10606744,true positive,27,0,disordered
ELME000063,MOD_CK1_1,Casein kinase 1 (CK1) Phosphorylation site,MOD,CK1 phosphorylation site,PF00069,Pkinase,Protein kinase domain,S..([ST])...,SRSSSRS,522,528,PER2_HUMAN,Homo sapiens,21324900,true positive,27,0,disordered
ELME000063,MOD_CK1_1,Casein kinase 1 (CK1) Phosphorylation site,MOD,CK1 phosphorylation site,PF00069,Pkinase,Protein kinase domain,S..([ST])...,SRSSSRS,522,528,PYRG2_HUMAN,Homo sapiens,20739275,true positive,27,0,disordered
ELME000063,MOD_CK1_1,Casein kinase 1 (CK1) Phosphorylation site,MOD,CK1 phosphorylation site,PF00069,Pkinase,Protein kinase domain,S..([ST])...,SRSSSRS,522,528,TRAF3_HUMAN,Homo sapiens,26928339,true positive,27,0,disordered
ELME000063,MOD_CK1_1,Casein kinase 1 (CK1) Phosphorylation site,MOD,CK1 phosphorylation site,PF00069,Pkinase,Protein kinase domain,S..([ST])...,SRSSSRS,522,528,TRPM4_HUMAN,Homo sapiens,25231975,true positive,27,0,disordered
ELME000063,MOD_CK1_1,Casein kinase 1 (CK1) Phosphorylation site,MOD,CK1 phosphorylation site,PF00069,Pkinase,Protein kinase domain,S..([ST])...,SRSSSRS,522,528,YAP1_HUMAN,Homo sapiens,20048001,true positive,27,0,disordered
ELME000063,MOD_CK1_1,Casein kinase 1 (CK1) Phosphorylation site,MOD,CK1 phosphorylation site,PF00069,Pkinase,Protein kinase domain,S..([ST])...,SSRSSLA,525,531,APC_HUMAN,Homo sapiens,17910481,true positive,27,0,disordered
ELME000063,MOD_CK1_1,Casein kinase 1 (CK1) Phosphorylation site,MOD,CK1 phosphorylation site,PF00069,Pkinase,Protein kinase domain,S..([ST])...,SSRSSLA,525,531,ATOH1_HUMAN,Homo sapiens,27542412,true positive,27,0,disordered
ELME000063,MOD_CK1_1,Casein kinase 1 (CK1) Phosphorylation site,MOD,CK1 phosphorylation site,PF00069,Pkinase,Protein kinase domain,S..([ST])...,SSRSSLA,525,531,BECN1_HUMAN,Homo sapiens,26008601,true positive,27,0,disordered
ELME000063,MOD_CK1_1,Casein kinase 1 (CK1) Phosphorylation site,MOD,CK1 phosphorylation site,PF00069,Pkinase,Protein kinase domain,S..([ST])...,SSRSSLA,525,531,BID_MOUSE,Mus musculus,11583622,true positive,27,0,disordered
ELME000063,MOD_CK1_1,Casein kinase 1 (CK1) Phosphorylation site,MOD,CK1 phosphorylation site,PF00069,Pkinase,Protein kinase domain,S..([ST])...,SSRSSLA,525,531,CADH1_MOUSE,Mus musculus,17353278,true positive,27,0,disordered
ELME000063,MOD_CK1_1,Casein kinase 1 (CK1) Phosphorylation site,MOD,CK1 phosphorylation site,PF00069,Pkinase,Protein kinase domain,S..([ST])...,SSRSSLA,525,531,CRY2_ARATH,Arabidopsis thaliana,23897926,true positive,27,0,disordered
ELME000063,MOD_CK1_1,Casein kinase 1 (CK1) Phosphorylation site,MOD,CK1 phosphorylation site,PF00069,Pkinase,Protein kinase domain,S..([ST])...,SSRSSLA,525,531,DNMT1_MOUSE,Mus musculus,20192920,true positive,27,0,disordered
ELME000063,MOD_CK1_1,Casein kinase 1 (CK1) Phosphorylation site,MOD,CK1 phosphorylation site,PF00069,Pkinase,Protein kinase domain,S..([ST])...,SSRSSLA,525,531,DVL1_MOUSE,Mus musculus,16965538,true positive,27,0,disordered
ELME000063,MOD_CK1_1,Casein kinase 1 (CK1) Phosphorylation site,MOD,CK1 phosphorylation site,PF00069,Pkinase,Protein kinase domain,S..([ST])...,SSRSSLA,525,531,EPAS1_HUMAN,Homo sapiens,27686097,true positive,27,0,disordered
ELME000063,MOD_CK1_1,Casein kinase 1 (CK1) Phosphorylation site,MOD,CK1 phosphorylation site,PF00069,Pkinase,Protein kinase domain,S..([ST])...,SSRSSLA,525,531,FADD_HUMAN,Homo sapiens,16061179,true positive,27,0,disordered
ELME000063,MOD_CK1_1,Casein kinase 1 (CK1) Phosphorylation site,MOD,CK1 phosphorylation site,PF00069,Pkinase,Protein kinase domain,S..([ST])...,SSRSSLA,525,531,FOXO1_HUMAN,Homo sapiens,14710188 11980723,true positive,27,0,disordered
ELME000063,MOD_CK1_1,Casein kinase 1 (CK1) Phosphorylation site,MOD,CK1 phosphorylation site,PF00069,Pkinase,Protein kinase domain,S..([ST])...,SSRSSLA,525,531,HIF1A_HUMAN,Homo sapiens,20699359,true positive,27,0,disordered
ELME000063,MOD_CK1_1,Casein kinase 1 (CK1) Phosphorylation site,MOD,CK1 phosphorylation site,PF00069,Pkinase,Protein kinase domain,S..([ST])...,SSRSSLA,525,531,JADE1_HUMAN,Homo sapiens,25100726,true positive,27,0,disordered
ELME000063,MOD_CK1_1,Casein kinase 1 (CK1) Phosphorylation site,MOD,CK1 phosphorylation site,PF00069,Pkinase,Protein kinase domain,S..([ST])...,SSRSSLA,525,531,KPCD2_HUMAN,Homo sapiens,17962809,true positive,27,0,disordered
ELME000063,MOD_CK1_1,Casein kinase 1 (CK1) Phosphorylation site,MOD,CK1 phosphorylation site,PF00069,Pkinase,Protein kinase domain,S..([ST])...,SSRSSLA,525,531,LRRK2_MOUSE,Mus musculus,25500533,true positive,27,0,disordered
ELME000063,MOD_CK1_1,Casein kinase 1 (CK1) Phosphorylation site,MOD,CK1 phosphorylation site,PF00069,Pkinase,Protein kinase domain,S..([ST])...,SSRSSLA,525,531,MDM2_HUMAN,Homo sapiens,20708156,true positive,27,0,disordered
ELME000063,MOD_CK1_1,Casein kinase 1 (CK1) Phosphorylation site,MOD,CK1 phosphorylation site,PF00069,Pkinase,Protein kinase domain,S..([ST])...,SSRSSLA,525,531,MDM4_HUMAN,Homo sapiens,16024788,true positive,27,0,disordered
ELME000063,MOD_CK1_1,Casein kinase 1 (CK1) Phosphorylation site,MOD,CK1 phosphorylation site,PF00069,Pkinase,Protein kinase domain,S..([ST])...,SSRSSLA,525,531,MPIP1_HUMAN,Homo sapiens,20348946,true positive,27,0,disordered
ELME000063,MOD_CK1_1,Casein kinase 1 (CK1) Phosphorylation site,MOD,CK1 phosphorylation site,PF00069,Pkinase,Protein kinase domain,S..([ST])...,SSRSSLA,525,531,MTSS1_HUMAN,Homo sapiens,24318128,true positive,27,0,disordered
ELME000063,MOD_CK1_1,Casein kinase 1 (CK1) Phosphorylation site,MOD,CK1 phosphorylation site,PF00069,Pkinase,Protein kinase domain,S..([ST])...,SSRSSLA,525,531,NCOA3_HUMAN,Homo sapiens,19339517,true positive,27,0,disordered
ELME000063,MOD_CK1_1,Casein kinase 1 (CK1) Phosphorylation site,MOD,CK1 phosphorylation site,PF00069,Pkinase,Protein kinase domain,S..([ST])...,SSRSSLA,525,531,NFAT5_HUMAN,Homo sapiens,18411282,true positive,27,0,disordered
ELME000063,MOD_CK1_1,Casein kinase 1 (CK1) Phosphorylation site,MOD,CK1 phosphorylation site,PF00069,Pkinase,Protein kinase domain,S..([ST])...,SSRSSLA,525,531,P53_HUMAN,Homo sapiens,10734067 10606744,true positive,27,0,disordered
ELME000063,MOD_CK1_1,Casein kinase 1 (CK1) Phosphorylation site,MOD,CK1 phosphorylation site,PF00069,Pkinase,Protein kinase domain,S..([ST])...,SSRSSLA,525,531,PER2_HUMAN,Homo sapiens,21324900,true positive,27,0,disordered
ELME000063,MOD_CK1_1,Casein kinase 1 (CK1) Phosphorylation site,MOD,CK1 phosphorylation site,PF00069,Pkinase,Protein kinase domain,S..([ST])...,SSRSSLA,525,531,PYRG2_HUMAN,Homo sapiens,20739275,true positive,27,0,disordered
ELME000063,MOD_CK1_1,Casein kinase 1 (CK1) Phosphorylation site,MOD,CK1 phosphorylation site,PF00069,Pkinase,Protein kinase domain,S..([ST])...,SSRSSLA,525,531,TRAF3_HUMAN,Homo sapiens,26928339,true positive,27,0,disordered
ELME000063,MOD_CK1_1,Casein kinase 1 (CK1) Phosphorylation site,MOD,CK1 phosphorylation site,PF00069,Pkinase,Protein kinase domain,S..([ST])...,SSRSSLA,525,531,TRPM4_HUMAN,Homo sapiens,25231975,true positive,27,0,disordered
ELME000063,MOD_CK1_1,Casein kinase 1 (CK1) Phosphorylation site,MOD,CK1 phosphorylation site,PF00069,Pkinase,Protein kinase domain,S..([ST])...,SSRSSLA,525,531,YAP1_HUMAN,Homo sapiens,20048001,true positive,27,0,disordered
ELME000063,MOD_CK1_1,Casein kinase 1 (CK1) Phosphorylation site,MOD,CK1 phosphorylation site,PF00069,Pkinase,Protein kinase domain,S..([ST])...,SRSSLAS,526,532,APC_HUMAN,Homo sapiens,17910481,true positive,27,0,disordered
ELME000063,MOD_CK1_1,Casein kinase 1 (CK1) Phosphorylation site,MOD,CK1 phosphorylation site,PF00069,Pkinase,Protein kinase domain,S..([ST])...,SRSSLAS,526,532,ATOH1_HUMAN,Homo sapiens,27542412,true positive,27,0,disordered
ELME000063,MOD_CK1_1,Casein kinase 1 (CK1) Phosphorylation site,MOD,CK1 phosphorylation site,PF00069,Pkinase,Protein kinase domain,S..([ST])...,SRSSLAS,526,532,BECN1_HUMAN,Homo sapiens,26008601,true positive,27,0,disordered
ELME000063,MOD_CK1_1,Casein kinase 1 (CK1) Phosphorylation site,MOD,CK1 phosphorylation site,PF00069,Pkinase,Protein kinase domain,S..([ST])...,SRSSLAS,526,532,BID_MOUSE,Mus musculus,11583622,true positive,27,0,disordered
ELME000063,MOD_CK1_1,Casein kinase 1 (CK1) Phosphorylation site,MOD,CK1 phosphorylation site,PF00069,Pkinase,Protein kinase domain,S..([ST])...,SRSSLAS,526,532,CADH1_MOUSE,Mus musculus,17353278,true positive,27,0,disordered
ELME000063,MOD_CK1_1,Casein kinase 1 (CK1) Phosphorylation site,MOD,CK1 phosphorylation site,PF00069,Pkinase,Protein kinase domain,S..([ST])...,SRSSLAS,526,532,CRY2_ARATH,Arabidopsis thaliana,23897926,true positive,27,0,disordered
ELME000063,MOD_CK1_1,Casein kinase 1 (CK1) Phosphorylation site,MOD,CK1 phosphorylation site,PF00069,Pkinase,Protein kinase domain,S..([ST])...,SRSSLAS,526,532,DNMT1_MOUSE,Mus musculus,20192920,true positive,27,0,disordered
ELME000063,MOD_CK1_1,Casein kinase 1 (CK1) Phosphorylation site,MOD,CK1 phosphorylation site,PF00069,Pkinase,Protein kinase domain,S..([ST])...,SRSSLAS,526,532,DVL1_MOUSE,Mus musculus,16965538,true positive,27,0,disordered
ELME000063,MOD_CK1_1,Casein kinase 1 (CK1) Phosphorylation site,MOD,CK1 phosphorylation site,PF00069,Pkinase,Protein kinase domain,S..([ST])...,SRSSLAS,526,532,EPAS1_HUMAN,Homo sapiens,27686097,true positive,27,0,disordered
ELME000063,MOD_CK1_1,Casein kinase 1 (CK1) Phosphorylation site,MOD,CK1 phosphorylation site,PF00069,Pkinase,Protein kinase domain,S..([ST])...,SRSSLAS,526,532,FADD_HUMAN,Homo sapiens,16061179,true positive,27,0,disordered
ELME000063,MOD_CK1_1,Casein kinase 1 (CK1) Phosphorylation site,MOD,CK1 phosphorylation site,PF00069,Pkinase,Protein kinase domain,S..([ST])...,SRSSLAS,526,532,FOXO1_HUMAN,Homo sapiens,14710188 11980723,true positive,27,0,disordered
ELME000063,MOD_CK1_1,Casein kinase 1 (CK1) Phosphorylation site,MOD,CK1 phosphorylation site,PF00069,Pkinase,Protein kinase domain,S..([ST])...,SRSSLAS,526,532,HIF1A_HUMAN,Homo sapiens,20699359,true positive,27,0,disordered
ELME000063,MOD_CK1_1,Casein kinase 1 (CK1) Phosphorylation site,MOD,CK1 phosphorylation site,PF00069,Pkinase,Protein kinase domain,S..([ST])...,SRSSLAS,526,532,JADE1_HUMAN,Homo sapiens,25100726,true positive,27,0,disordered
ELME000063,MOD_CK1_1,Casein kinase 1 (CK1) Phosphorylation site,MOD,CK1 phosphorylation site,PF00069,Pkinase,Protein kinase domain,S..([ST])...,SRSSLAS,526,532,KPCD2_HUMAN,Homo sapiens,17962809,true positive,27,0,disordered
ELME000063,MOD_CK1_1,Casein kinase 1 (CK1) Phosphorylation site,MOD,CK1 phosphorylation site,PF00069,Pkinase,Protein kinase domain,S..([ST])...,SRSSLAS,526,532,LRRK2_MOUSE,Mus musculus,25500533,true positive,27,0,disordered
ELME000063,MOD_CK1_1,Casein kinase 1 (CK1) Phosphorylation site,MOD,CK1 phosphorylation site,PF00069,Pkinase,Protein kinase domain,S..([ST])...,SRSSLAS,526,532,MDM2_HUMAN,Homo sapiens,20708156,true positive,27,0,disordered
ELME000063,MOD_CK1_1,Casein kinase 1 (CK1) Phosphorylation site,MOD,CK1 phosphorylation site,PF00069,Pkinase,Protein kinase domain,S..([ST])...,SRSSLAS,526,532,MDM4_HUMAN,Homo sapiens,16024788,true positive,27,0,disordered
ELME000063,MOD_CK1_1,Casein kinase 1 (CK1) Phosphorylation site,MOD,CK1 phosphorylation site,PF00069,Pkinase,Protein kinase domain,S..([ST])...,SRSSLAS,526,532,MPIP1_HUMAN,Homo sapiens,20348946,true positive,27,0,disordered
ELME000063,MOD_CK1_1,Casein kinase 1 (CK1) Phosphorylation site,MOD,CK1 phosphorylation site,PF00069,Pkinase,Protein kinase domain,S..([ST])...,SRSSLAS,526,532,MTSS1_HUMAN,Homo sapiens,24318128,true positive,27,0,disordered
ELME000063,MOD_CK1_1,Casein kinase 1 (CK1) Phosphorylation site,MOD,CK1 phosphorylation site,PF00069,Pkinase,Protein kinase domain,S..([ST])...,SRSSLAS,526,532,NCOA3_HUMAN,Homo sapiens,19339517,true positive,27,0,disordered
ELME000063,MOD_CK1_1,Casein kinase 1 (CK1) Phosphorylation site,MOD,CK1 phosphorylation site,PF00069,Pkinase,Protein kinase domain,S..([ST])...,SRSSLAS,526,532,NFAT5_HUMAN,Homo sapiens,18411282,true positive,27,0,disordered
ELME000063,MOD_CK1_1,Casein kinase 1 (CK1) Phosphorylation site,MOD,CK1 phosphorylation site,PF00069,Pkinase,Protein kinase domain,S..([ST])...,SRSSLAS,526,532,P53_HUMAN,Homo sapiens,10734067 10606744,true positive,27,0,disordered
ELME000063,MOD_CK1_1,Casein kinase 1 (CK1) Phosphorylation site,MOD,CK1 phosphorylation site,PF00069,Pkinase,Protein kinase domain,S..([ST])...,SRSSLAS,526,532,PER2_HUMAN,Homo sapiens,21324900,true positive,27,0,disordered
ELME000063,MOD_CK1_1,Casein kinase 1 (CK1) Phosphorylation site,MOD,CK1 phosphorylation site,PF00069,Pkinase,Protein kinase domain,S..([ST])...,SRSSLAS,526,532,PYRG2_HUMAN,Homo sapiens,20739275,true positive,27,0,disordered
ELME000063,MOD_CK1_1,Casein kinase 1 (CK1) Phosphorylation site,MOD,CK1 phosphorylation site,PF00069,Pkinase,Protein kinase domain,S..([ST])...,SRSSLAS,526,532,TRAF3_HUMAN,Homo sapiens,26928339,true positive,27,0,disordered
ELME000063,MOD_CK1_1,Casein kinase 1 (CK1) Phosphorylation site,MOD,CK1 phosphorylation site,PF00069,Pkinase,Protein kinase domain,S..([ST])...,SRSSLAS,526,532,TRPM4_HUMAN,Homo sapiens,25231975,true positive,27,0,disordered
ELME000063,MOD_CK1_1,Casein kinase 1 (CK1) Phosphorylation site,MOD,CK1 phosphorylation site,PF00069,Pkinase,Protein kinase domain,S..([ST])...,SRSSLAS,526,532,YAP1_HUMAN,Homo sapiens,20048001,true positive,27,0,disordered
ELME000063,MOD_CK1_1,Casein kinase 1 (CK1) Phosphorylation site,MOD,CK1 phosphorylation site,PF00069,Pkinase,Protein kinase domain,S..([ST])...,SLASNPP,529,535,APC_HUMAN,Homo sapiens,17910481,true positive,27,0,disordered
ELME000063,MOD_CK1_1,Casein kinase 1 (CK1) Phosphorylation site,MOD,CK1 phosphorylation site,PF00069,Pkinase,Protein kinase domain,S..([ST])...,SLASNPP,529,535,ATOH1_HUMAN,Homo sapiens,27542412,true positive,27,0,disordered
ELME000063,MOD_CK1_1,Casein kinase 1 (CK1) Phosphorylation site,MOD,CK1 phosphorylation site,PF00069,Pkinase,Protein kinase domain,S..([ST])...,SLASNPP,529,535,BECN1_HUMAN,Homo sapiens,26008601,true positive,27,0,disordered
ELME000063,MOD_CK1_1,Casein kinase 1 (CK1) Phosphorylation site,MOD,CK1 phosphorylation site,PF00069,Pkinase,Protein kinase domain,S..([ST])...,SLASNPP,529,535,BID_MOUSE,Mus musculus,11583622,true positive,27,0,disordered
ELME000063,MOD_CK1_1,Casein kinase 1 (CK1) Phosphorylation site,MOD,CK1 phosphorylation site,PF00069,Pkinase,Protein kinase domain,S..([ST])...,SLASNPP,529,535,CADH1_MOUSE,Mus musculus,17353278,true positive,27,0,disordered
ELME000063,MOD_CK1_1,Casein kinase 1 (CK1) Phosphorylation site,MOD,CK1 phosphorylation site,PF00069,Pkinase,Protein kinase domain,S..([ST])...,SLASNPP,529,535,CRY2_ARATH,Arabidopsis thaliana,23897926,true positive,27,0,disordered
ELME000063,MOD_CK1_1,Casein kinase 1 (CK1) Phosphorylation site,MOD,CK1 phosphorylation site,PF00069,Pkinase,Protein kinase domain,S..([ST])...,SLASNPP,529,535,DNMT1_MOUSE,Mus musculus,20192920,true positive,27,0,disordered
ELME000063,MOD_CK1_1,Casein kinase 1 (CK1) Phosphorylation site,MOD,CK1 phosphorylation site,PF00069,Pkinase,Protein kinase domain,S..([ST])...,SLASNPP,529,535,DVL1_MOUSE,Mus musculus,16965538,true positive,27,0,disordered
ELME000063,MOD_CK1_1,Casein kinase 1 (CK1) Phosphorylation site,MOD,CK1 phosphorylation site,PF00069,Pkinase,Protein kinase domain,S..([ST])...,SLASNPP,529,535,EPAS1_HUMAN,Homo sapiens,27686097,true positive,27,0,disordered
ELME000063,MOD_CK1_1,Casein kinase 1 (CK1) Phosphorylation site,MOD,CK1 phosphorylation site,PF00069,Pkinase,Protein kinase domain,S..([ST])...,SLASNPP,529,535,FADD_HUMAN,Homo sapiens,16061179,true positive,27,0,disordered
ELME000063,MOD_CK1_1,Casein kinase 1 (CK1) Phosphorylation site,MOD,CK1 phosphorylation site,PF00069,Pkinase,Protein kinase domain,S..([ST])...,SLASNPP,529,535,FOXO1_HUMAN,Homo sapiens,14710188 11980723,true positive,27,0,disordered
ELME000063,MOD_CK1_1,Casein kinase 1 (CK1) Phosphorylation site,MOD,CK1 phosphorylation site,PF00069,Pkinase,Protein kinase domain,S..([ST])...,SLASNPP,529,535,HIF1A_HUMAN,Homo sapiens,20699359,true positive,27,0,disordered
ELME000063,MOD_CK1_1,Casein kinase 1 (CK1) Phosphorylation site,MOD,CK1 phosphorylation site,PF00069,Pkinase,Protein kinase domain,S..([ST])...,SLASNPP,529,535,JADE1_HUMAN,Homo sapiens,25100726,true positive,27,0,disordered
ELME000063,MOD_CK1_1,Casein kinase 1 (CK1) Phosphorylation site,MOD,CK1 phosphorylation site,PF00069,Pkinase,Protein kinase domain,S..([ST])...,SLASNPP,529,535,KPCD2_HUMAN,Homo sapiens,17962809,true positive,27,0,disordered
ELME000063,MOD_CK1_1,Casein kinase 1 (CK1) Phosphorylation site,MOD,CK1 phosphorylation site,PF00069,Pkinase,Protein kinase domain,S..([ST])...,SLASNPP,529,535,LRRK2_MOUSE,Mus musculus,25500533,true positive,27,0,disordered
ELME000063,MOD_CK1_1,Casein kinase 1 (CK1) Phosphorylation site,MOD,CK1 phosphorylation site,PF00069,Pkinase,Protein kinase domain,S..([ST])...,SLASNPP,529,535,MDM2_HUMAN,Homo sapiens,20708156,true positive,27,0,disordered
ELME000063,MOD_CK1_1,Casein kinase 1 (CK1) Phosphorylation site,MOD,CK1 phosphorylation site,PF00069,Pkinase,Protein kinase domain,S..([ST])...,SLASNPP,529,535,MDM4_HUMAN,Homo sapiens,16024788,true positive,27,0,disordered
ELME000063,MOD_CK1_1,Casein kinase 1 (CK1) Phosphorylation site,MOD,CK1 phosphorylation site,PF00069,Pkinase,Protein kinase domain,S..([ST])...,SLASNPP,529,535,MPIP1_HUMAN,Homo sapiens,20348946,true positive,27,0,disordered
ELME000063,MOD_CK1_1,Casein kinase 1 (CK1) Phosphorylation site,MOD,CK1 phosphorylation site,PF00069,Pkinase,Protein kinase domain,S..([ST])...,SLASNPP,529,535,MTSS1_HUMAN,Homo sapiens,24318128,true positive,27,0,disordered
ELME000063,MOD_CK1_1,Casein kinase 1 (CK1) Phosphorylation site,MOD,CK1 phosphorylation site,PF00069,Pkinase,Protein kinase domain,S..([ST])...,SLASNPP,529,535,NCOA3_HUMAN,Homo sapiens,19339517,true positive,27,0,disordered
ELME000063,MOD_CK1_1,Casein kinase 1 (CK1) Phosphorylation site,MOD,CK1 phosphorylation site,PF00069,Pkinase,Protein kinase domain,S..([ST])...,SLASNPP,529,535,NFAT5_HUMAN,Homo sapiens,18411282,true positive,27,0,disordered
ELME000063,MOD_CK1_1,Casein kinase 1 (CK1) Phosphorylation site,MOD,CK1 phosphorylation site,PF00069,Pkinase,Protein kinase domain,S..([ST])...,SLASNPP,529,535,P53_HUMAN,Homo sapiens,10734067 10606744,true positive,27,0,disordered
ELME000063,MOD_CK1_1,Casein kinase 1 (CK1) Phosphorylation site,MOD,CK1 phosphorylation site,PF00069,Pkinase,Protein kinase domain,S..([ST])...,SLASNPP,529,535,PER2_HUMAN,Homo sapiens,21324900,true positive,27,0,disordered
ELME000063,MOD_CK1_1,Casein kinase 1 (CK1) Phosphorylation site,MOD,CK1 phosphorylation site,PF00069,Pkinase,Protein kinase domain,S..([ST])...,SLASNPP,529,535,PYRG2_HUMAN,Homo sapiens,20739275,true positive,27,0,disordered
ELME000063,MOD_CK1_1,Casein kinase 1 (CK1) Phosphorylation site,MOD,CK1 phosphorylation site,PF00069,Pkinase,Protein kinase domain,S..([ST])...,SLASNPP,529,535,TRAF3_HUMAN,Homo sapiens,26928339,true positive,27,0,disordered
ELME000063,MOD_CK1_1,Casein kinase 1 (CK1) Phosphorylation site,MOD,CK1 phosphorylation site,PF00069,Pkinase,Protein kinase domain,S..([ST])...,SLASNPP,529,535,TRPM4_HUMAN,Homo sapiens,25231975,true positive,27,0,disordered
ELME000063,MOD_CK1_1,Casein kinase 1 (CK1) Phosphorylation site,MOD,CK1 phosphorylation site,PF00069,Pkinase,Protein kinase domain,S..([ST])...,SLASNPP,529,535,YAP1_HUMAN,Homo sapiens,20048001,true positive,27,0,disordered
ELME000064,MOD_CK2_1,Casein kinase 2 (CK2) Phosphorylation site,MOD,Casein kinase 2 (CK2) phosphorylation site,PF00069,Pkinase,Protein kinase domain,...([ST])..E,DSISALE,458,464,AKT1_HUMAN,Homo sapiens,15818404,true positive,34,0,disordered
ELME000064,MOD_CK2_1,Casein kinase 2 (CK2) Phosphorylation site,MOD,Casein kinase 2 (CK2) phosphorylation site,PF00069,Pkinase,Protein kinase domain,...([ST])..E,DSISALE,458,464,AP2A_HUMAN,Homo sapiens,21777522,true positive,34,0,disordered
ELME000064,MOD_CK2_1,Casein kinase 2 (CK2) Phosphorylation site,MOD,Casein kinase 2 (CK2) phosphorylation site,PF00069,Pkinase,Protein kinase domain,...([ST])..E,DSISALE,458,464,BRMS1_HUMAN,Homo sapiens,26980766,true positive,34,0,disordered
ELME000064,MOD_CK2_1,Casein kinase 2 (CK2) Phosphorylation site,MOD,Casein kinase 2 (CK2) phosphorylation site,PF00069,Pkinase,Protein kinase domain,...([ST])..E,DSISALE,458,464,CASP9_MOUSE,Mus musculus,18467326,true positive,34,0,disordered
ELME000064,MOD_CK2_1,Casein kinase 2 (CK2) Phosphorylation site,MOD,Casein kinase 2 (CK2) phosphorylation site,PF00069,Pkinase,Protein kinase domain,...([ST])..E,DSISALE,458,464,COR1C_HUMAN,Homo sapiens,22355754,true positive,34,0,disordered
ELME000064,MOD_CK2_1,Casein kinase 2 (CK2) Phosphorylation site,MOD,Casein kinase 2 (CK2) phosphorylation site,PF00069,Pkinase,Protein kinase domain,...([ST])..E,DSISALE,458,464,DNJB2_HUMAN,Homo sapiens,28031292,true positive,34,0,disordered
ELME000064,MOD_CK2_1,Casein kinase 2 (CK2) Phosphorylation site,MOD,Casein kinase 2 (CK2) phosphorylation site,PF00069,Pkinase,Protein kinase domain,...([ST])..E,DSISALE,458,464,DOK7_MOUSE,Mus musculus,26198629,true positive,34,0,disordered
ELME000064,MOD_CK2_1,Casein kinase 2 (CK2) Phosphorylation site,MOD,Casein kinase 2 (CK2) phosphorylation site,PF00069,Pkinase,Protein kinase domain,...([ST])..E,DSISALE,458,464,EIF3J_HUMAN,Homo sapiens,25887626,true positive,34,0,disordered
ELME000064,MOD_CK2_1,Casein kinase 2 (CK2) Phosphorylation site,MOD,Casein kinase 2 (CK2) phosphorylation site,PF00069,Pkinase,Protein kinase domain,...([ST])..E,DSISALE,458,464,FADD_HUMAN,Homo sapiens,26253696,unknown,34,0,disordered
ELME000064,MOD_CK2_1,Casein kinase 2 (CK2) Phosphorylation site,MOD,Casein kinase 2 (CK2) phosphorylation site,PF00069,Pkinase,Protein kinase domain,...([ST])..E,DSISALE,458,464,FMR1_MOUSE,Mus musculus,27957526,true positive,34,0,disordered
ELME000064,MOD_CK2_1,Casein kinase 2 (CK2) Phosphorylation site,MOD,Casein kinase 2 (CK2) phosphorylation site,PF00069,Pkinase,Protein kinase domain,...([ST])..E,DSISALE,458,464,HS90B_HUMAN,Homo sapiens,25995454,true positive,34,0,disordered
ELME000064,MOD_CK2_1,Casein kinase 2 (CK2) Phosphorylation site,MOD,Casein kinase 2 (CK2) phosphorylation site,PF00069,Pkinase,Protein kinase domain,...([ST])..E,DSISALE,458,464,IRS1_HUMAN,Homo sapiens,,unknown,34,0,disordered
ELME000064,MOD_CK2_1,Casein kinase 2 (CK2) Phosphorylation site,MOD,Casein kinase 2 (CK2) phosphorylation site,PF00069,Pkinase,Protein kinase domain,...([ST])..E,DSISALE,458,464,IRS1_RAT,Rattus norvegicus,8349691,true positive,34,0,disordered
ELME000064,MOD_CK2_1,Casein kinase 2 (CK2) Phosphorylation site,MOD,Casein kinase 2 (CK2) phosphorylation site,PF00069,Pkinase,Protein kinase domain,...([ST])..E,DSISALE,458,464,KDM1A_HUMAN,Homo sapiens,25999347,true positive,34,0,disordered
ELME000064,MOD_CK2_1,Casein kinase 2 (CK2) Phosphorylation site,MOD,Casein kinase 2 (CK2) phosphorylation site,PF00069,Pkinase,Protein kinase domain,...([ST])..E,DSISALE,458,464,KS6B1_RAT,Rattus norvegicus,16895915,true positive,34,0,disordered
ELME000064,MOD_CK2_1,Casein kinase 2 (CK2) Phosphorylation site,MOD,Casein kinase 2 (CK2) phosphorylation site,PF00069,Pkinase,Protein kinase domain,...([ST])..E,DSISALE,458,464,MUSK_RAT,Rattus norvegicus,16818610,true positive,34,0,disordered
ELME000064,MOD_CK2_1,Casein kinase 2 (CK2) Phosphorylation site,MOD,Casein kinase 2 (CK2) phosphorylation site,PF00069,Pkinase,Protein kinase domain,...([ST])..E,DSISALE,458,464,NKX31_HUMAN,Homo sapiens,16581776,true positive,34,0,disordered
ELME000064,MOD_CK2_1,Casein kinase 2 (CK2) Phosphorylation site,MOD,Casein kinase 2 (CK2) phosphorylation site,PF00069,Pkinase,Protein kinase domain,...([ST])..E,DSISALE,458,464,NOL3_RAT,Rattus norvegicus,12191471,true positive,34,0,disordered
ELME000064,MOD_CK2_1,Casein kinase 2 (CK2) Phosphorylation site,MOD,Casein kinase 2 (CK2) phosphorylation site,PF00069,Pkinase,Protein kinase domain,...([ST])..E,DSISALE,458,464,OLIG2_HUMAN,Homo sapiens,28355568,true positive,34,0,disordered
ELME000064,MOD_CK2_1,Casein kinase 2 (CK2) Phosphorylation site,MOD,Casein kinase 2 (CK2) phosphorylation site,PF00069,Pkinase,Protein kinase domain,...([ST])..E,DSISALE,458,464,OTUB1_HUMAN,Homo sapiens,25872870,true positive,34,0,disordered
ELME000064,MOD_CK2_1,Casein kinase 2 (CK2) Phosphorylation site,MOD,Casein kinase 2 (CK2) phosphorylation site,PF00069,Pkinase,Protein kinase domain,...([ST])..E,DSISALE,458,464,PAWR_HUMAN,Homo sapiens,24457960,true positive,34,0,disordered
ELME000064,MOD_CK2_1,Casein kinase 2 (CK2) Phosphorylation site,MOD,Casein kinase 2 (CK2) phosphorylation site,PF00069,Pkinase,Protein kinase domain,...([ST])..E,DSISALE,458,464,PAWR_RAT,Rattus norvegicus,24457960,true positive,34,0,disordered
ELME000064,MOD_CK2_1,Casein kinase 2 (CK2) Phosphorylation site,MOD,Casein kinase 2 (CK2) phosphorylation site,PF00069,Pkinase,Protein kinase domain,...([ST])..E,DSISALE,458,464,PDX1_MOUSE,Mus musculus,28036027,true positive,34,0,disordered
ELME000064,MOD_CK2_1,Casein kinase 2 (CK2) Phosphorylation site,MOD,Casein kinase 2 (CK2) phosphorylation site,PF00069,Pkinase,Protein kinase domain,...([ST])..E,DSISALE,458,464,PTEN_HUMAN,Homo sapiens,12788938,true positive,34,0,disordered
ELME000064,MOD_CK2_1,Casein kinase 2 (CK2) Phosphorylation site,MOD,Casein kinase 2 (CK2) phosphorylation site,PF00069,Pkinase,Protein kinase domain,...([ST])..E,DSISALE,458,464,VPU_HV1BR,Human immunodeficiency virus type 1 (BRU ISOLATE),8139011,true positive,34,0,disordered
ELME000064,MOD_CK2_1,Casein kinase 2 (CK2) Phosphorylation site,MOD,Casein kinase 2 (CK2) phosphorylation site,PF00069,Pkinase,Protein kinase domain,...([ST])..E,DSISALE,458,464,XRCC1_HUMAN,Homo sapiens,19155274,true positive,34,0,disordered
ELME000064,MOD_CK2_1,Casein kinase 2 (CK2) Phosphorylation site,MOD,Casein kinase 2 (CK2) phosphorylation site,PF00069,Pkinase,Protein kinase domain,...([ST])..E,DSISALE,458,464,XRCC1_HUMAN,Homo sapiens,19155274 15066279,true positive,34,0,disordered
ELME000064,MOD_CK2_1,Casein kinase 2 (CK2) Phosphorylation site,MOD,Casein kinase 2 (CK2) phosphorylation site,PF00069,Pkinase,Protein kinase domain,...([ST])..E,RVITREE,539,545,AKT1_HUMAN,Homo sapiens,15818404,true positive,34,0,disordered
ELME000064,MOD_CK2_1,Casein kinase 2 (CK2) Phosphorylation site,MOD,Casein kinase 2 (CK2) phosphorylation site,PF00069,Pkinase,Protein kinase domain,...([ST])..E,RVITREE,539,545,AP2A_HUMAN,Homo sapiens,21777522,true positive,34,0,disordered
ELME000064,MOD_CK2_1,Casein kinase 2 (CK2) Phosphorylation site,MOD,Casein kinase 2 (CK2) phosphorylation site,PF00069,Pkinase,Protein kinase domain,...([ST])..E,RVITREE,539,545,BRMS1_HUMAN,Homo sapiens,26980766,true positive,34,0,disordered
ELME000064,MOD_CK2_1,Casein kinase 2 (CK2) Phosphorylation site,MOD,Casein kinase 2 (CK2) phosphorylation site,PF00069,Pkinase,Protein kinase domain,...([ST])..E,RVITREE,539,545,CASP9_MOUSE,Mus musculus,18467326,true positive,34,0,disordered
ELME000064,MOD_CK2_1,Casein kinase 2 (CK2) Phosphorylation site,MOD,Casein kinase 2 (CK2) phosphorylation site,PF00069,Pkinase,Protein kinase domain,...([ST])..E,RVITREE,539,545,COR1C_HUMAN,Homo sapiens,22355754,true positive,34,0,disordered
ELME000064,MOD_CK2_1,Casein kinase 2 (CK2) Phosphorylation site,MOD,Casein kinase 2 (CK2) phosphorylation site,PF00069,Pkinase,Protein kinase domain,...([ST])..E,RVITREE,539,545,DNJB2_HUMAN,Homo sapiens,28031292,true positive,34,0,disordered
ELME000064,MOD_CK2_1,Casein kinase 2 (CK2) Phosphorylation site,MOD,Casein kinase 2 (CK2) phosphorylation site,PF00069,Pkinase,Protein kinase domain,...([ST])..E,RVITREE,539,545,DOK7_MOUSE,Mus musculus,26198629,true positive,34,0,disordered
ELME000064,MOD_CK2_1,Casein kinase 2 (CK2) Phosphorylation site,MOD,Casein kinase 2 (CK2) phosphorylation site,PF00069,Pkinase,Protein kinase domain,...([ST])..E,RVITREE,539,545,EIF3J_HUMAN,Homo sapiens,25887626,true positive,34,0,disordered
ELME000064,MOD_CK2_1,Casein kinase 2 (CK2) Phosphorylation site,MOD,Casein kinase 2 (CK2) phosphorylation site,PF00069,Pkinase,Protein kinase domain,...([ST])..E,RVITREE,539,545,FADD_HUMAN,Homo sapiens,26253696,unknown,34,0,disordered
ELME000064,MOD_CK2_1,Casein kinase 2 (CK2) Phosphorylation site,MOD,Casein kinase 2 (CK2) phosphorylation site,PF00069,Pkinase,Protein kinase domain,...([ST])..E,RVITREE,539,545,FMR1_MOUSE,Mus musculus,27957526,true positive,34,0,disordered
ELME000064,MOD_CK2_1,Casein kinase 2 (CK2) Phosphorylation site,MOD,Casein kinase 2 (CK2) phosphorylation site,PF00069,Pkinase,Protein kinase domain,...([ST])..E,RVITREE,539,545,HS90B_HUMAN,Homo sapiens,25995454,true positive,34,0,disordered
ELME000064,MOD_CK2_1,Casein kinase 2 (CK2) Phosphorylation site,MOD,Casein kinase 2 (CK2) phosphorylation site,PF00069,Pkinase,Protein kinase domain,...([ST])..E,RVITREE,539,545,IRS1_HUMAN,Homo sapiens,,unknown,34,0,disordered
ELME000064,MOD_CK2_1,Casein kinase 2 (CK2) Phosphorylation site,MOD,Casein kinase 2 (CK2) phosphorylation site,PF00069,Pkinase,Protein kinase domain,...([ST])..E,RVITREE,539,545,IRS1_RAT,Rattus norvegicus,8349691,true positive,34,0,disordered
ELME000064,MOD_CK2_1,Casein kinase 2 (CK2) Phosphorylation site,MOD,Casein kinase 2 (CK2) phosphorylation site,PF00069,Pkinase,Protein kinase domain,...([ST])..E,RVITREE,539,545,KDM1A_HUMAN,Homo sapiens,25999347,true positive,34,0,disordered
ELME000064,MOD_CK2_1,Casein kinase 2 (CK2) Phosphorylation site,MOD,Casein kinase 2 (CK2) phosphorylation site,PF00069,Pkinase,Protein kinase domain,...([ST])..E,RVITREE,539,545,KS6B1_RAT,Rattus norvegicus,16895915,true positive,34,0,disordered
ELME000064,MOD_CK2_1,Casein kinase 2 (CK2) Phosphorylation site,MOD,Casein kinase 2 (CK2) phosphorylation site,PF00069,Pkinase,Protein kinase domain,...([ST])..E,RVITREE,539,545,MUSK_RAT,Rattus norvegicus,16818610,true positive,34,0,disordered
ELME000064,MOD_CK2_1,Casein kinase 2 (CK2) Phosphorylation site,MOD,Casein kinase 2 (CK2) phosphorylation site,PF00069,Pkinase,Protein kinase domain,...([ST])..E,RVITREE,539,545,NKX31_HUMAN,Homo sapiens,16581776,true positive,34,0,disordered
ELME000064,MOD_CK2_1,Casein kinase 2 (CK2) Phosphorylation site,MOD,Casein kinase 2 (CK2) phosphorylation site,PF00069,Pkinase,Protein kinase domain,...([ST])..E,RVITREE,539,545,NOL3_RAT,Rattus norvegicus,12191471,true positive,34,0,disordered
ELME000064,MOD_CK2_1,Casein kinase 2 (CK2) Phosphorylation site,MOD,Casein kinase 2 (CK2) phosphorylation site,PF00069,Pkinase,Protein kinase domain,...([ST])..E,RVITREE,539,545,OLIG2_HUMAN,Homo sapiens,28355568,true positive,34,0,disordered
ELME000064,MOD_CK2_1,Casein kinase 2 (CK2) Phosphorylation site,MOD,Casein kinase 2 (CK2) phosphorylation site,PF00069,Pkinase,Protein kinase domain,...([ST])..E,RVITREE,539,545,OTUB1_HUMAN,Homo sapiens,25872870,true positive,34,0,disordered
ELME000064,MOD_CK2_1,Casein kinase 2 (CK2) Phosphorylation site,MOD,Casein kinase 2 (CK2) phosphorylation site,PF00069,Pkinase,Protein kinase domain,...([ST])..E,RVITREE,539,545,PAWR_HUMAN,Homo sapiens,24457960,true positive,34,0,disordered
ELME000064,MOD_CK2_1,Casein kinase 2 (CK2) Phosphorylation site,MOD,Casein kinase 2 (CK2) phosphorylation site,PF00069,Pkinase,Protein kinase domain,...([ST])..E,RVITREE,539,545,PAWR_RAT,Rattus norvegicus,24457960,true positive,34,0,disordered
ELME000064,MOD_CK2_1,Casein kinase 2 (CK2) Phosphorylation site,MOD,Casein kinase 2 (CK2) phosphorylation site,PF00069,Pkinase,Protein kinase domain,...([ST])..E,RVITREE,539,545,PDX1_MOUSE,Mus musculus,28036027,true positive,34,0,disordered
ELME000064,MOD_CK2_1,Casein kinase 2 (CK2) Phosphorylation site,MOD,Casein kinase 2 (CK2) phosphorylation site,PF00069,Pkinase,Protein kinase domain,...([ST])..E,RVITREE,539,545,PTEN_HUMAN,Homo sapiens,12788938,true positive,34,0,disordered
ELME000064,MOD_CK2_1,Casein kinase 2 (CK2) Phosphorylation site,MOD,Casein kinase 2 (CK2) phosphorylation site,PF00069,Pkinase,Protein kinase domain,...([ST])..E,RVITREE,539,545,VPU_HV1BR,Human immunodeficiency virus type 1 (BRU ISOLATE),8139011,true positive,34,0,disordered
ELME000064,MOD_CK2_1,Casein kinase 2 (CK2) Phosphorylation site,MOD,Casein kinase 2 (CK2) phosphorylation site,PF00069,Pkinase,Protein kinase domain,...([ST])..E,RVITREE,539,545,XRCC1_HUMAN,Homo sapiens,19155274,true positive,34,0,disordered
ELME000064,MOD_CK2_1,Casein kinase 2 (CK2) Phosphorylation site,MOD,Casein kinase 2 (CK2) phosphorylation site,PF00069,Pkinase,Protein kinase domain,...([ST])..E,RVITREE,539,545,XRCC1_HUMAN,Homo sapiens,19155274 15066279,true positive,34,0,disordered
ELME000085,MOD_GlcNHglycan,Glycosaminoglycan attachment site,MOD,Glycosaminoglycan attachment site,PF02485,Branch,Core-2/I-Branching enzyme,"[ED]{0,3}.(S)[GA].",ASAN,334,337,SDC1_MOUSE,Mus musculus,8163535,true positive,6,0,disordered
ELME000085,MOD_GlcNHglycan,Glycosaminoglycan attachment site,MOD,Glycosaminoglycan attachment site,PF01048,PNP_UDP_1,Phosphorylase superfamily,"[ED]{0,3}.(S)[GA].",ASAN,334,337,SDC1_MOUSE,Mus musculus,8163535,true positive,6,0,disordered
ELME000085,MOD_GlcNHglycan,Glycosaminoglycan attachment site,MOD,Glycosaminoglycan attachment site,PF02485,Branch,Core-2/I-Branching enzyme,"[ED]{0,3}.(S)[GA].",ASAN,334,337,SDC_CAEEL,Caenorhabditis elegans,17369258,true positive,6,0,disordered
ELME000085,MOD_GlcNHglycan,Glycosaminoglycan attachment site,MOD,Glycosaminoglycan attachment site,PF01048,PNP_UDP_1,Phosphorylase superfamily,"[ED]{0,3}.(S)[GA].",ASAN,334,337,SDC_CAEEL,Caenorhabditis elegans,17369258,true positive,6,0,disordered
ELME000085,MOD_GlcNHglycan,Glycosaminoglycan attachment site,MOD,Glycosaminoglycan attachment site,PF02485,Branch,Core-2/I-Branching enzyme,"[ED]{0,3}.(S)[GA].",ISAL,460,463,SDC1_MOUSE,Mus musculus,8163535,true positive,6,0,disordered
ELME000085,MOD_GlcNHglycan,Glycosaminoglycan attachment site,MOD,Glycosaminoglycan attachment site,PF01048,PNP_UDP_1,Phosphorylase superfamily,"[ED]{0,3}.(S)[GA].",ISAL,460,463,SDC1_MOUSE,Mus musculus,8163535,true positive,6,0,disordered
ELME000085,MOD_GlcNHglycan,Glycosaminoglycan attachment site,MOD,Glycosaminoglycan attachment site,PF02485,Branch,Core-2/I-Branching enzyme,"[ED]{0,3}.(S)[GA].",ISAL,460,463,SDC_CAEEL,Caenorhabditis elegans,17369258,true positive,6,0,disordered
ELME000085,MOD_GlcNHglycan,Glycosaminoglycan attachment site,MOD,Glycosaminoglycan attachment site,PF01048,PNP_UDP_1,Phosphorylase superfamily,"[ED]{0,3}.(S)[GA].",ISAL,460,463,SDC_CAEEL,Caenorhabditis elegans,17369258,true positive,6,0,disordered
ELME000053,MOD_GSK3_1,GSK3 phosphorylation site,MOD,GSK3 phosphorylation recognition site,PF00069,Pkinase,Protein kinase domain,...([ST])...[ST],LEESPENT,352,359,ATX3_HUMAN,Homo sapiens,17434145,true positive,22,0,disordered
ELME000053,MOD_GSK3_1,GSK3 phosphorylation site,MOD,GSK3 phosphorylation recognition site,PF00069,Pkinase,Protein kinase domain,...([ST])...[ST],LEESPENT,352,359,CCNE1_HUMAN,Homo sapiens,14536078,true positive,22,0,disordered
ELME000053,MOD_GSK3_1,GSK3 phosphorylation site,MOD,GSK3 phosphorylation recognition site,PF00069,Pkinase,Protein kinase domain,...([ST])...[ST],LEESPENT,352,359,CTNB1_HUMAN,Homo sapiens,11955436 19061640 10074433,true positive,22,0,disordered
ELME000053,MOD_GSK3_1,GSK3 phosphorylation site,MOD,GSK3 phosphorylation recognition site,PF00069,Pkinase,Protein kinase domain,...([ST])...[ST],LEESPENT,352,359,CTNB1_MOUSE,Mus musculus,12417018,true positive,22,0,disordered
ELME000053,MOD_GSK3_1,GSK3 phosphorylation site,MOD,GSK3 phosphorylation recognition site,PF00069,Pkinase,Protein kinase domain,...([ST])...[ST],LEESPENT,352,359,ESR2_HUMAN,Homo sapiens,22586270,true positive,22,0,disordered
ELME000053,MOD_GSK3_1,GSK3 phosphorylation site,MOD,GSK3 phosphorylation recognition site,PF00069,Pkinase,Protein kinase domain,...([ST])...[ST],LEESPENT,352,359,FGD1_HUMAN,Homo sapiens,15743413,true positive,22,0,disordered
ELME000053,MOD_GSK3_1,GSK3 phosphorylation site,MOD,GSK3 phosphorylation recognition site,PF00069,Pkinase,Protein kinase domain,...([ST])...[ST],LEESPENT,352,359,FGD3_HUMAN,Homo sapiens,18363964,true positive,22,0,disordered
ELME000053,MOD_GSK3_1,GSK3 phosphorylation site,MOD,GSK3 phosphorylation recognition site,PF00069,Pkinase,Protein kinase domain,...([ST])...[ST],LEESPENT,352,359,HSF1_HUMAN,Homo sapiens,8940068,true positive,22,0,disordered
ELME000053,MOD_GSK3_1,GSK3 phosphorylation site,MOD,GSK3 phosphorylation recognition site,PF00069,Pkinase,Protein kinase domain,...([ST])...[ST],LEESPENT,352,359,JUN_HUMAN,Homo sapiens,1846781,true positive,22,0,disordered
ELME000053,MOD_GSK3_1,GSK3 phosphorylation site,MOD,GSK3 phosphorylation recognition site,PF00069,Pkinase,Protein kinase domain,...([ST])...[ST],LEESPENT,352,359,MK67I_HUMAN,Homo sapiens,16244663,true positive,22,0,disordered
ELME000053,MOD_GSK3_1,GSK3 phosphorylation site,MOD,GSK3 phosphorylation recognition site,PF00069,Pkinase,Protein kinase domain,...([ST])...[ST],LEESPENT,352,359,MYC_HUMAN,Homo sapiens,14563837,true positive,22,0,disordered
ELME000053,MOD_GSK3_1,GSK3 phosphorylation site,MOD,GSK3 phosphorylation recognition site,PF00069,Pkinase,Protein kinase domain,...([ST])...[ST],LEESPENT,352,359,NFAC1_HUMAN,Homo sapiens,12351631,true positive,22,0,disordered
ELME000053,MOD_GSK3_1,GSK3 phosphorylation site,MOD,GSK3 phosphorylation recognition site,PF00069,Pkinase,Protein kinase domain,...([ST])...[ST],LEESPENT,352,359,P53_HUMAN,Homo sapiens,11483158,true positive,22,0,disordered
ELME000053,MOD_GSK3_1,GSK3 phosphorylation site,MOD,GSK3 phosphorylation recognition site,PF00069,Pkinase,Protein kinase domain,...([ST])...[ST],LEESPENT,352,359,SMAD1_HUMAN,Homo sapiens,17289590,true positive,22,0,disordered
ELME000053,MOD_GSK3_1,GSK3 phosphorylation site,MOD,GSK3 phosphorylation recognition site,PF00069,Pkinase,Protein kinase domain,...([ST])...[ST],LEESPENT,352,359,SMAD1_HUMAN,Homo sapiens,18045539,true positive,22,0,disordered
ELME000053,MOD_GSK3_1,GSK3 phosphorylation site,MOD,GSK3 phosphorylation recognition site,PF00069,Pkinase,Protein kinase domain,...([ST])...[ST],LEESPENT,352,359,SMAD3_HUMAN,Homo sapiens,19218245,true positive,22,0,disordered
ELME000053,MOD_GSK3_1,GSK3 phosphorylation site,MOD,GSK3 phosphorylation recognition site,PF00069,Pkinase,Protein kinase domain,...([ST])...[ST],LEESPENT,352,359,SNAI1_HUMAN,Homo sapiens,15448698,true positive,22,0,disordered
ELME000053,MOD_GSK3_1,GSK3 phosphorylation site,MOD,GSK3 phosphorylation recognition site,PF00069,Pkinase,Protein kinase domain,...([ST])...[ST],DTISMVSS,421,428,ATX3_HUMAN,Homo sapiens,17434145,true positive,22,0,disordered
ELME000053,MOD_GSK3_1,GSK3 phosphorylation site,MOD,GSK3 phosphorylation recognition site,PF00069,Pkinase,Protein kinase domain,...([ST])...[ST],DTISMVSS,421,428,CCNE1_HUMAN,Homo sapiens,14536078,true positive,22,0,disordered
ELME000053,MOD_GSK3_1,GSK3 phosphorylation site,MOD,GSK3 phosphorylation recognition site,PF00069,Pkinase,Protein kinase domain,...([ST])...[ST],DTISMVSS,421,428,CTNB1_HUMAN,Homo sapiens,11955436 19061640 10074433,true positive,22,0,disordered
ELME000053,MOD_GSK3_1,GSK3 phosphorylation site,MOD,GSK3 phosphorylation recognition site,PF00069,Pkinase,Protein kinase domain,...([ST])...[ST],DTISMVSS,421,428,CTNB1_MOUSE,Mus musculus,12417018,true positive,22,0,disordered
ELME000053,MOD_GSK3_1,GSK3 phosphorylation site,MOD,GSK3 phosphorylation recognition site,PF00069,Pkinase,Protein kinase domain,...([ST])...[ST],DTISMVSS,421,428,ESR2_HUMAN,Homo sapiens,22586270,true positive,22,0,disordered
ELME000053,MOD_GSK3_1,GSK3 phosphorylation site,MOD,GSK3 phosphorylation recognition site,PF00069,Pkinase,Protein kinase domain,...([ST])...[ST],DTISMVSS,421,428,FGD1_HUMAN,Homo sapiens,15743413,true positive,22,0,disordered
ELME000053,MOD_GSK3_1,GSK3 phosphorylation site,MOD,GSK3 phosphorylation recognition site,PF00069,Pkinase,Protein kinase domain,...([ST])...[ST],DTISMVSS,421,428,FGD3_HUMAN,Homo sapiens,18363964,true positive,22,0,disordered
ELME000053,MOD_GSK3_1,GSK3 phosphorylation site,MOD,GSK3 phosphorylation recognition site,PF00069,Pkinase,Protein kinase domain,...([ST])...[ST],DTISMVSS,421,428,HSF1_HUMAN,Homo sapiens,8940068,true positive,22,0,disordered
ELME000053,MOD_GSK3_1,GSK3 phosphorylation site,MOD,GSK3 phosphorylation recognition site,PF00069,Pkinase,Protein kinase domain,...([ST])...[ST],DTISMVSS,421,428,JUN_HUMAN,Homo sapiens,1846781,true positive,22,0,disordered
ELME000053,MOD_GSK3_1,GSK3 phosphorylation site,MOD,GSK3 phosphorylation recognition site,PF00069,Pkinase,Protein kinase domain,...([ST])...[ST],DTISMVSS,421,428,MK67I_HUMAN,Homo sapiens,16244663,true positive,22,0,disordered
ELME000053,MOD_GSK3_1,GSK3 phosphorylation site,MOD,GSK3 phosphorylation recognition site,PF00069,Pkinase,Protein kinase domain,...([ST])...[ST],DTISMVSS,421,428,MYC_HUMAN,Homo sapiens,14563837,true positive,22,0,disordered
ELME000053,MOD_GSK3_1,GSK3 phosphorylation site,MOD,GSK3 phosphorylation recognition site,PF00069,Pkinase,Protein kinase domain,...([ST])...[ST],DTISMVSS,421,428,NFAC1_HUMAN,Homo sapiens,12351631,true positive,22,0,disordered
ELME000053,MOD_GSK3_1,GSK3 phosphorylation site,MOD,GSK3 phosphorylation recognition site,PF00069,Pkinase,Protein kinase domain,...([ST])...[ST],DTISMVSS,421,428,P53_HUMAN,Homo sapiens,11483158,true positive,22,0,disordered
ELME000053,MOD_GSK3_1,GSK3 phosphorylation site,MOD,GSK3 phosphorylation recognition site,PF00069,Pkinase,Protein kinase domain,...([ST])...[ST],DTISMVSS,421,428,SMAD1_HUMAN,Homo sapiens,17289590,true positive,22,0,disordered
ELME000053,MOD_GSK3_1,GSK3 phosphorylation site,MOD,GSK3 phosphorylation recognition site,PF00069,Pkinase,Protein kinase domain,...([ST])...[ST],DTISMVSS,421,428,SMAD1_HUMAN,Homo sapiens,18045539,true positive,22,0,disordered
ELME000053,MOD_GSK3_1,GSK3 phosphorylation site,MOD,GSK3 phosphorylation recognition site,PF00069,Pkinase,Protein kinase domain,...([ST])...[ST],DTISMVSS,421,428,SMAD3_HUMAN,Homo sapiens,19218245,true positive,22,0,disordered
ELME000053,MOD_GSK3_1,GSK3 phosphorylation site,MOD,GSK3 phosphorylation recognition site,PF00069,Pkinase,Protein kinase domain,...([ST])...[ST],DTISMVSS,421,428,SNAI1_HUMAN,Homo sapiens,15448698,true positive,22,0,disordered
ELME000053,MOD_GSK3_1,GSK3 phosphorylation site,MOD,GSK3 phosphorylation recognition site,PF00069,Pkinase,Protein kinase domain,...([ST])...[ST],STSTDVDS,452,459,ATX3_HUMAN,Homo sapiens,17434145,true positive,22,0,disordered
ELME000053,MOD_GSK3_1,GSK3 phosphorylation site,MOD,GSK3 phosphorylation recognition site,PF00069,Pkinase,Protein kinase domain,...([ST])...[ST],STSTDVDS,452,459,CCNE1_HUMAN,Homo sapiens,14536078,true positive,22,0,disordered
ELME000053,MOD_GSK3_1,GSK3 phosphorylation site,MOD,GSK3 phosphorylation recognition site,PF00069,Pkinase,Protein kinase domain,...([ST])...[ST],STSTDVDS,452,459,CTNB1_HUMAN,Homo sapiens,11955436 19061640 10074433,true positive,22,0,disordered
ELME000053,MOD_GSK3_1,GSK3 phosphorylation site,MOD,GSK3 phosphorylation recognition site,PF00069,Pkinase,Protein kinase domain,...([ST])...[ST],STSTDVDS,452,459,CTNB1_MOUSE,Mus musculus,12417018,true positive,22,0,disordered
ELME000053,MOD_GSK3_1,GSK3 phosphorylation site,MOD,GSK3 phosphorylation recognition site,PF00069,Pkinase,Protein kinase domain,...([ST])...[ST],STSTDVDS,452,459,ESR2_HUMAN,Homo sapiens,22586270,true positive,22,0,disordered
ELME000053,MOD_GSK3_1,GSK3 phosphorylation site,MOD,GSK3 phosphorylation recognition site,PF00069,Pkinase,Protein kinase domain,...([ST])...[ST],STSTDVDS,452,459,FGD1_HUMAN,Homo sapiens,15743413,true positive,22,0,disordered
ELME000053,MOD_GSK3_1,GSK3 phosphorylation site,MOD,GSK3 phosphorylation recognition site,PF00069,Pkinase,Protein kinase domain,...([ST])...[ST],STSTDVDS,452,459,FGD3_HUMAN,Homo sapiens,18363964,true positive,22,0,disordered
ELME000053,MOD_GSK3_1,GSK3 phosphorylation site,MOD,GSK3 phosphorylation recognition site,PF00069,Pkinase,Protein kinase domain,...([ST])...[ST],STSTDVDS,452,459,HSF1_HUMAN,Homo sapiens,8940068,true positive,22,0,disordered
ELME000053,MOD_GSK3_1,GSK3 phosphorylation site,MOD,GSK3 phosphorylation recognition site,PF00069,Pkinase,Protein kinase domain,...([ST])...[ST],STSTDVDS,452,459,JUN_HUMAN,Homo sapiens,1846781,true positive,22,0,disordered
ELME000053,MOD_GSK3_1,GSK3 phosphorylation site,MOD,GSK3 phosphorylation recognition site,PF00069,Pkinase,Protein kinase domain,...([ST])...[ST],STSTDVDS,452,459,MK67I_HUMAN,Homo sapiens,16244663,true positive,22,0,disordered
ELME000053,MOD_GSK3_1,GSK3 phosphorylation site,MOD,GSK3 phosphorylation recognition site,PF00069,Pkinase,Protein kinase domain,...([ST])...[ST],STSTDVDS,452,459,MYC_HUMAN,Homo sapiens,14563837,true positive,22,0,disordered
ELME000053,MOD_GSK3_1,GSK3 phosphorylation site,MOD,GSK3 phosphorylation recognition site,PF00069,Pkinase,Protein kinase domain,...([ST])...[ST],STSTDVDS,452,459,NFAC1_HUMAN,Homo sapiens,12351631,true positive,22,0,disordered
ELME000053,MOD_GSK3_1,GSK3 phosphorylation site,MOD,GSK3 phosphorylation recognition site,PF00069,Pkinase,Protein kinase domain,...([ST])...[ST],STSTDVDS,452,459,P53_HUMAN,Homo sapiens,11483158,true positive,22,0,disordered
ELME000053,MOD_GSK3_1,GSK3 phosphorylation site,MOD,GSK3 phosphorylation recognition site,PF00069,Pkinase,Protein kinase domain,...([ST])...[ST],STSTDVDS,452,459,SMAD1_HUMAN,Homo sapiens,17289590,true positive,22,0,disordered
ELME000053,MOD_GSK3_1,GSK3 phosphorylation site,MOD,GSK3 phosphorylation recognition site,PF00069,Pkinase,Protein kinase domain,...([ST])...[ST],STSTDVDS,452,459,SMAD1_HUMAN,Homo sapiens,18045539,true positive,22,0,disordered
ELME000053,MOD_GSK3_1,GSK3 phosphorylation site,MOD,GSK3 phosphorylation recognition site,PF00069,Pkinase,Protein kinase domain,...([ST])...[ST],STSTDVDS,452,459,SMAD3_HUMAN,Homo sapiens,19218245,true positive,22,0,disordered
ELME000053,MOD_GSK3_1,GSK3 phosphorylation site,MOD,GSK3 phosphorylation recognition site,PF00069,Pkinase,Protein kinase domain,...([ST])...[ST],STSTDVDS,452,459,SNAI1_HUMAN,Homo sapiens,15448698,true positive,22,0,disordered
ELME000053,MOD_GSK3_1,GSK3 phosphorylation site,MOD,GSK3 phosphorylation recognition site,PF00069,Pkinase,Protein kinase domain,...([ST])...[ST],DSISALES,458,465,ATX3_HUMAN,Homo sapiens,17434145,true positive,22,0,disordered
ELME000053,MOD_GSK3_1,GSK3 phosphorylation site,MOD,GSK3 phosphorylation recognition site,PF00069,Pkinase,Protein kinase domain,...([ST])...[ST],DSISALES,458,465,CCNE1_HUMAN,Homo sapiens,14536078,true positive,22,0,disordered
ELME000053,MOD_GSK3_1,GSK3 phosphorylation site,MOD,GSK3 phosphorylation recognition site,PF00069,Pkinase,Protein kinase domain,...([ST])...[ST],DSISALES,458,465,CTNB1_HUMAN,Homo sapiens,11955436 19061640 10074433,true positive,22,0,disordered
ELME000053,MOD_GSK3_1,GSK3 phosphorylation site,MOD,GSK3 phosphorylation recognition site,PF00069,Pkinase,Protein kinase domain,...([ST])...[ST],DSISALES,458,465,CTNB1_MOUSE,Mus musculus,12417018,true positive,22,0,disordered
ELME000053,MOD_GSK3_1,GSK3 phosphorylation site,MOD,GSK3 phosphorylation recognition site,PF00069,Pkinase,Protein kinase domain,...([ST])...[ST],DSISALES,458,465,ESR2_HUMAN,Homo sapiens,22586270,true positive,22,0,disordered
ELME000053,MOD_GSK3_1,GSK3 phosphorylation site,MOD,GSK3 phosphorylation recognition site,PF00069,Pkinase,Protein kinase domain,...([ST])...[ST],DSISALES,458,465,FGD1_HUMAN,Homo sapiens,15743413,true positive,22,0,disordered
ELME000053,MOD_GSK3_1,GSK3 phosphorylation site,MOD,GSK3 phosphorylation recognition site,PF00069,Pkinase,Protein kinase domain,...([ST])...[ST],DSISALES,458,465,FGD3_HUMAN,Homo sapiens,18363964,true positive,22,0,disordered
ELME000053,MOD_GSK3_1,GSK3 phosphorylation site,MOD,GSK3 phosphorylation recognition site,PF00069,Pkinase,Protein kinase domain,...([ST])...[ST],DSISALES,458,465,HSF1_HUMAN,Homo sapiens,8940068,true positive,22,0,disordered
ELME000053,MOD_GSK3_1,GSK3 phosphorylation site,MOD,GSK3 phosphorylation recognition site,PF00069,Pkinase,Protein kinase domain,...([ST])...[ST],DSISALES,458,465,JUN_HUMAN,Homo sapiens,1846781,true positive,22,0,disordered
ELME000053,MOD_GSK3_1,GSK3 phosphorylation site,MOD,GSK3 phosphorylation recognition site,PF00069,Pkinase,Protein kinase domain,...([ST])...[ST],DSISALES,458,465,MK67I_HUMAN,Homo sapiens,16244663,true positive,22,0,disordered
ELME000053,MOD_GSK3_1,GSK3 phosphorylation site,MOD,GSK3 phosphorylation recognition site,PF00069,Pkinase,Protein kinase domain,...([ST])...[ST],DSISALES,458,465,MYC_HUMAN,Homo sapiens,14563837,true positive,22,0,disordered
ELME000053,MOD_GSK3_1,GSK3 phosphorylation site,MOD,GSK3 phosphorylation recognition site,PF00069,Pkinase,Protein kinase domain,...([ST])...[ST],DSISALES,458,465,NFAC1_HUMAN,Homo sapiens,12351631,true positive,22,0,disordered
ELME000053,MOD_GSK3_1,GSK3 phosphorylation site,MOD,GSK3 phosphorylation recognition site,PF00069,Pkinase,Protein kinase domain,...([ST])...[ST],DSISALES,458,465,P53_HUMAN,Homo sapiens,11483158,true positive,22,0,disordered
ELME000053,MOD_GSK3_1,GSK3 phosphorylation site,MOD,GSK3 phosphorylation recognition site,PF00069,Pkinase,Protein kinase domain,...([ST])...[ST],DSISALES,458,465,SMAD1_HUMAN,Homo sapiens,17289590,true positive,22,0,disordered
ELME000053,MOD_GSK3_1,GSK3 phosphorylation site,MOD,GSK3 phosphorylation recognition site,PF00069,Pkinase,Protein kinase domain,...([ST])...[ST],DSISALES,458,465,SMAD1_HUMAN,Homo sapiens,18045539,true positive,22,0,disordered
ELME000053,MOD_GSK3_1,GSK3 phosphorylation site,MOD,GSK3 phosphorylation recognition site,PF00069,Pkinase,Protein kinase domain,...([ST])...[ST],DSISALES,458,465,SMAD3_HUMAN,Homo sapiens,19218245,true positive,22,0,disordered
ELME000053,MOD_GSK3_1,GSK3 phosphorylation site,MOD,GSK3 phosphorylation recognition site,PF00069,Pkinase,Protein kinase domain,...([ST])...[ST],DSISALES,458,465,SNAI1_HUMAN,Homo sapiens,15448698,true positive,22,0,disordered
ELME000053,MOD_GSK3_1,GSK3 phosphorylation site,MOD,GSK3 phosphorylation recognition site,PF00069,Pkinase,Protein kinase domain,...([ST])...[ST],ALESCDST,462,469,ATX3_HUMAN,Homo sapiens,17434145,true positive,22,0,disordered
ELME000053,MOD_GSK3_1,GSK3 phosphorylation site,MOD,GSK3 phosphorylation recognition site,PF00069,Pkinase,Protein kinase domain,...([ST])...[ST],ALESCDST,462,469,CCNE1_HUMAN,Homo sapiens,14536078,true positive,22,0,disordered
ELME000053,MOD_GSK3_1,GSK3 phosphorylation site,MOD,GSK3 phosphorylation recognition site,PF00069,Pkinase,Protein kinase domain,...([ST])...[ST],ALESCDST,462,469,CTNB1_HUMAN,Homo sapiens,11955436 19061640 10074433,true positive,22,0,disordered
ELME000053,MOD_GSK3_1,GSK3 phosphorylation site,MOD,GSK3 phosphorylation recognition site,PF00069,Pkinase,Protein kinase domain,...([ST])...[ST],ALESCDST,462,469,CTNB1_MOUSE,Mus musculus,12417018,true positive,22,0,disordered
ELME000053,MOD_GSK3_1,GSK3 phosphorylation site,MOD,GSK3 phosphorylation recognition site,PF00069,Pkinase,Protein kinase domain,...([ST])...[ST],ALESCDST,462,469,ESR2_HUMAN,Homo sapiens,22586270,true positive,22,0,disordered
ELME000053,MOD_GSK3_1,GSK3 phosphorylation site,MOD,GSK3 phosphorylation recognition site,PF00069,Pkinase,Protein kinase domain,...([ST])...[ST],ALESCDST,462,469,FGD1_HUMAN,Homo sapiens,15743413,true positive,22,0,disordered
ELME000053,MOD_GSK3_1,GSK3 phosphorylation site,MOD,GSK3 phosphorylation recognition site,PF00069,Pkinase,Protein kinase domain,...([ST])...[ST],ALESCDST,462,469,FGD3_HUMAN,Homo sapiens,18363964,true positive,22,0,disordered
ELME000053,MOD_GSK3_1,GSK3 phosphorylation site,MOD,GSK3 phosphorylation recognition site,PF00069,Pkinase,Protein kinase domain,...([ST])...[ST],ALESCDST,462,469,HSF1_HUMAN,Homo sapiens,8940068,true positive,22,0,disordered
ELME000053,MOD_GSK3_1,GSK3 phosphorylation site,MOD,GSK3 phosphorylation recognition site,PF00069,Pkinase,Protein kinase domain,...([ST])...[ST],ALESCDST,462,469,JUN_HUMAN,Homo sapiens,1846781,true positive,22,0,disordered
ELME000053,MOD_GSK3_1,GSK3 phosphorylation site,MOD,GSK3 phosphorylation recognition site,PF00069,Pkinase,Protein kinase domain,...([ST])...[ST],ALESCDST,462,469,MK67I_HUMAN,Homo sapiens,16244663,true positive,22,0,disordered
ELME000053,MOD_GSK3_1,GSK3 phosphorylation site,MOD,GSK3 phosphorylation recognition site,PF00069,Pkinase,Protein kinase domain,...([ST])...[ST],ALESCDST,462,469,MYC_HUMAN,Homo sapiens,14563837,true positive,22,0,disordered
ELME000053,MOD_GSK3_1,GSK3 phosphorylation site,MOD,GSK3 phosphorylation recognition site,PF00069,Pkinase,Protein kinase domain,...([ST])...[ST],ALESCDST,462,469,NFAC1_HUMAN,Homo sapiens,12351631,true positive,22,0,disordered
ELME000053,MOD_GSK3_1,GSK3 phosphorylation site,MOD,GSK3 phosphorylation recognition site,PF00069,Pkinase,Protein kinase domain,...([ST])...[ST],ALESCDST,462,469,P53_HUMAN,Homo sapiens,11483158,true positive,22,0,disordered
ELME000053,MOD_GSK3_1,GSK3 phosphorylation site,MOD,GSK3 phosphorylation recognition site,PF00069,Pkinase,Protein kinase domain,...([ST])...[ST],ALESCDST,462,469,SMAD1_HUMAN,Homo sapiens,17289590,true positive,22,0,disordered
ELME000053,MOD_GSK3_1,GSK3 phosphorylation site,MOD,GSK3 phosphorylation recognition site,PF00069,Pkinase,Protein kinase domain,...([ST])...[ST],ALESCDST,462,469,SMAD1_HUMAN,Homo sapiens,18045539,true positive,22,0,disordered
ELME000053,MOD_GSK3_1,GSK3 phosphorylation site,MOD,GSK3 phosphorylation recognition site,PF00069,Pkinase,Protein kinase domain,...([ST])...[ST],ALESCDST,462,469,SMAD3_HUMAN,Homo sapiens,19218245,true positive,22,0,disordered
ELME000053,MOD_GSK3_1,GSK3 phosphorylation site,MOD,GSK3 phosphorylation recognition site,PF00069,Pkinase,Protein kinase domain,...([ST])...[ST],ALESCDST,462,469,SNAI1_HUMAN,Homo sapiens,15448698,true positive,22,0,disordered
ELME000053,MOD_GSK3_1,GSK3 phosphorylation site,MOD,GSK3 phosphorylation recognition site,PF00069,Pkinase,Protein kinase domain,...([ST])...[ST],DSTSDARS,467,474,ATX3_HUMAN,Homo sapiens,17434145,true positive,22,0,disordered
ELME000053,MOD_GSK3_1,GSK3 phosphorylation site,MOD,GSK3 phosphorylation recognition site,PF00069,Pkinase,Protein kinase domain,...([ST])...[ST],DSTSDARS,467,474,CCNE1_HUMAN,Homo sapiens,14536078,true positive,22,0,disordered
ELME000053,MOD_GSK3_1,GSK3 phosphorylation site,MOD,GSK3 phosphorylation recognition site,PF00069,Pkinase,Protein kinase domain,...([ST])...[ST],DSTSDARS,467,474,CTNB1_HUMAN,Homo sapiens,11955436 19061640 10074433,true positive,22,0,disordered
ELME000053,MOD_GSK3_1,GSK3 phosphorylation site,MOD,GSK3 phosphorylation recognition site,PF00069,Pkinase,Protein kinase domain,...([ST])...[ST],DSTSDARS,467,474,CTNB1_MOUSE,Mus musculus,12417018,true positive,22,0,disordered
ELME000053,MOD_GSK3_1,GSK3 phosphorylation site,MOD,GSK3 phosphorylation recognition site,PF00069,Pkinase,Protein kinase domain,...([ST])...[ST],DSTSDARS,467,474,ESR2_HUMAN,Homo sapiens,22586270,true positive,22,0,disordered
ELME000053,MOD_GSK3_1,GSK3 phosphorylation site,MOD,GSK3 phosphorylation recognition site,PF00069,Pkinase,Protein kinase domain,...([ST])...[ST],DSTSDARS,467,474,FGD1_HUMAN,Homo sapiens,15743413,true positive,22,0,disordered
ELME000053,MOD_GSK3_1,GSK3 phosphorylation site,MOD,GSK3 phosphorylation recognition site,PF00069,Pkinase,Protein kinase domain,...([ST])...[ST],DSTSDARS,467,474,FGD3_HUMAN,Homo sapiens,18363964,true positive,22,0,disordered
ELME000053,MOD_GSK3_1,GSK3 phosphorylation site,MOD,GSK3 phosphorylation recognition site,PF00069,Pkinase,Protein kinase domain,...([ST])...[ST],DSTSDARS,467,474,HSF1_HUMAN,Homo sapiens,8940068,true positive,22,0,disordered
ELME000053,MOD_GSK3_1,GSK3 phosphorylation site,MOD,GSK3 phosphorylation recognition site,PF00069,Pkinase,Protein kinase domain,...([ST])...[ST],DSTSDARS,467,474,JUN_HUMAN,Homo sapiens,1846781,true positive,22,0,disordered
ELME000053,MOD_GSK3_1,GSK3 phosphorylation site,MOD,GSK3 phosphorylation recognition site,PF00069,Pkinase,Protein kinase domain,...([ST])...[ST],DSTSDARS,467,474,MK67I_HUMAN,Homo sapiens,16244663,true positive,22,0,disordered
ELME000053,MOD_GSK3_1,GSK3 phosphorylation site,MOD,GSK3 phosphorylation recognition site,PF00069,Pkinase,Protein kinase domain,...([ST])...[ST],DSTSDARS,467,474,MYC_HUMAN,Homo sapiens,14563837,true positive,22,0,disordered
ELME000053,MOD_GSK3_1,GSK3 phosphorylation site,MOD,GSK3 phosphorylation recognition site,PF00069,Pkinase,Protein kinase domain,...([ST])...[ST],DSTSDARS,467,474,NFAC1_HUMAN,Homo sapiens,12351631,true positive,22,0,disordered
ELME000053,MOD_GSK3_1,GSK3 phosphorylation site,MOD,GSK3 phosphorylation recognition site,PF00069,Pkinase,Protein kinase domain,...([ST])...[ST],DSTSDARS,467,474,P53_HUMAN,Homo sapiens,11483158,true positive,22,0,disordered
ELME000053,MOD_GSK3_1,GSK3 phosphorylation site,MOD,GSK3 phosphorylation recognition site,PF00069,Pkinase,Protein kinase domain,...([ST])...[ST],DSTSDARS,467,474,SMAD1_HUMAN,Homo sapiens,17289590,true positive,22,0,disordered
ELME000053,MOD_GSK3_1,GSK3 phosphorylation site,MOD,GSK3 phosphorylation recognition site,PF00069,Pkinase,Protein kinase domain,...([ST])...[ST],DSTSDARS,467,474,SMAD1_HUMAN,Homo sapiens,18045539,true positive,22,0,disordered
ELME000053,MOD_GSK3_1,GSK3 phosphorylation site,MOD,GSK3 phosphorylation recognition site,PF00069,Pkinase,Protein kinase domain,...([ST])...[ST],DSTSDARS,467,474,SMAD3_HUMAN,Homo sapiens,19218245,true positive,22,0,disordered
ELME000053,MOD_GSK3_1,GSK3 phosphorylation site,MOD,GSK3 phosphorylation recognition site,PF00069,Pkinase,Protein kinase domain,...([ST])...[ST],DSTSDARS,467,474,SNAI1_HUMAN,Homo sapiens,15448698,true positive,22,0,disordered
ELME000053,MOD_GSK3_1,GSK3 phosphorylation site,MOD,GSK3 phosphorylation recognition site,PF00069,Pkinase,Protein kinase domain,...([ST])...[ST],APRTKFRT,498,505,ATX3_HUMAN,Homo sapiens,17434145,true positive,22,0,disordered
ELME000053,MOD_GSK3_1,GSK3 phosphorylation site,MOD,GSK3 phosphorylation recognition site,PF00069,Pkinase,Protein kinase domain,...([ST])...[ST],APRTKFRT,498,505,CCNE1_HUMAN,Homo sapiens,14536078,true positive,22,0,disordered
ELME000053,MOD_GSK3_1,GSK3 phosphorylation site,MOD,GSK3 phosphorylation recognition site,PF00069,Pkinase,Protein kinase domain,...([ST])...[ST],APRTKFRT,498,505,CTNB1_HUMAN,Homo sapiens,11955436 19061640 10074433,true positive,22,0,disordered
ELME000053,MOD_GSK3_1,GSK3 phosphorylation site,MOD,GSK3 phosphorylation recognition site,PF00069,Pkinase,Protein kinase domain,...([ST])...[ST],APRTKFRT,498,505,CTNB1_MOUSE,Mus musculus,12417018,true positive,22,0,disordered
ELME000053,MOD_GSK3_1,GSK3 phosphorylation site,MOD,GSK3 phosphorylation recognition site,PF00069,Pkinase,Protein kinase domain,...([ST])...[ST],APRTKFRT,498,505,ESR2_HUMAN,Homo sapiens,22586270,true positive,22,0,disordered
ELME000053,MOD_GSK3_1,GSK3 phosphorylation site,MOD,GSK3 phosphorylation recognition site,PF00069,Pkinase,Protein kinase domain,...([ST])...[ST],APRTKFRT,498,505,FGD1_HUMAN,Homo sapiens,15743413,true positive,22,0,disordered
ELME000053,MOD_GSK3_1,GSK3 phosphorylation site,MOD,GSK3 phosphorylation recognition site,PF00069,Pkinase,Protein kinase domain,...([ST])...[ST],APRTKFRT,498,505,FGD3_HUMAN,Homo sapiens,18363964,true positive,22,0,disordered
ELME000053,MOD_GSK3_1,GSK3 phosphorylation site,MOD,GSK3 phosphorylation recognition site,PF00069,Pkinase,Protein kinase domain,...([ST])...[ST],APRTKFRT,498,505,HSF1_HUMAN,Homo sapiens,8940068,true positive,22,0,disordered
ELME000053,MOD_GSK3_1,GSK3 phosphorylation site,MOD,GSK3 phosphorylation recognition site,PF00069,Pkinase,Protein kinase domain,...([ST])...[ST],APRTKFRT,498,505,JUN_HUMAN,Homo sapiens,1846781,true positive,22,0,disordered
ELME000053,MOD_GSK3_1,GSK3 phosphorylation site,MOD,GSK3 phosphorylation recognition site,PF00069,Pkinase,Protein kinase domain,...([ST])...[ST],APRTKFRT,498,505,MK67I_HUMAN,Homo sapiens,16244663,true positive,22,0,disordered
ELME000053,MOD_GSK3_1,GSK3 phosphorylation site,MOD,GSK3 phosphorylation recognition site,PF00069,Pkinase,Protein kinase domain,...([ST])...[ST],APRTKFRT,498,505,MYC_HUMAN,Homo sapiens,14563837,true positive,22,0,disordered
ELME000053,MOD_GSK3_1,GSK3 phosphorylation site,MOD,GSK3 phosphorylation recognition site,PF00069,Pkinase,Protein kinase domain,...([ST])...[ST],APRTKFRT,498,505,NFAC1_HUMAN,Homo sapiens,12351631,true positive,22,0,disordered
ELME000053,MOD_GSK3_1,GSK3 phosphorylation site,MOD,GSK3 phosphorylation recognition site,PF00069,Pkinase,Protein kinase domain,...([ST])...[ST],APRTKFRT,498,505,P53_HUMAN,Homo sapiens,11483158,true positive,22,0,disordered
ELME000053,MOD_GSK3_1,GSK3 phosphorylation site,MOD,GSK3 phosphorylation recognition site,PF00069,Pkinase,Protein kinase domain,...([ST])...[ST],APRTKFRT,498,505,SMAD1_HUMAN,Homo sapiens,17289590,true positive,22,0,disordered
ELME000053,MOD_GSK3_1,GSK3 phosphorylation site,MOD,GSK3 phosphorylation recognition site,PF00069,Pkinase,Protein kinase domain,...([ST])...[ST],APRTKFRT,498,505,SMAD1_HUMAN,Homo sapiens,18045539,true positive,22,0,disordered
ELME000053,MOD_GSK3_1,GSK3 phosphorylation site,MOD,GSK3 phosphorylation recognition site,PF00069,Pkinase,Protein kinase domain,...([ST])...[ST],APRTKFRT,498,505,SMAD3_HUMAN,Homo sapiens,19218245,true positive,22,0,disordered
ELME000053,MOD_GSK3_1,GSK3 phosphorylation site,MOD,GSK3 phosphorylation recognition site,PF00069,Pkinase,Protein kinase domain,...([ST])...[ST],APRTKFRT,498,505,SNAI1_HUMAN,Homo sapiens,15448698,true positive,22,0,disordered
ELME000053,MOD_GSK3_1,GSK3 phosphorylation site,MOD,GSK3 phosphorylation recognition site,PF00069,Pkinase,Protein kinase domain,...([ST])...[ST],HPLSSRSS,518,525,ATX3_HUMAN,Homo sapiens,17434145,true positive,22,0,disordered
ELME000053,MOD_GSK3_1,GSK3 phosphorylation site,MOD,GSK3 phosphorylation recognition site,PF00069,Pkinase,Protein kinase domain,...([ST])...[ST],HPLSSRSS,518,525,CCNE1_HUMAN,Homo sapiens,14536078,true positive,22,0,disordered
ELME000053,MOD_GSK3_1,GSK3 phosphorylation site,MOD,GSK3 phosphorylation recognition site,PF00069,Pkinase,Protein kinase domain,...([ST])...[ST],HPLSSRSS,518,525,CTNB1_HUMAN,Homo sapiens,11955436 19061640 10074433,true positive,22,0,disordered
ELME000053,MOD_GSK3_1,GSK3 phosphorylation site,MOD,GSK3 phosphorylation recognition site,PF00069,Pkinase,Protein kinase domain,...([ST])...[ST],HPLSSRSS,518,525,CTNB1_MOUSE,Mus musculus,12417018,true positive,22,0,disordered
ELME000053,MOD_GSK3_1,GSK3 phosphorylation site,MOD,GSK3 phosphorylation recognition site,PF00069,Pkinase,Protein kinase domain,...([ST])...[ST],HPLSSRSS,518,525,ESR2_HUMAN,Homo sapiens,22586270,true positive,22,0,disordered
ELME000053,MOD_GSK3_1,GSK3 phosphorylation site,MOD,GSK3 phosphorylation recognition site,PF00069,Pkinase,Protein kinase domain,...([ST])...[ST],HPLSSRSS,518,525,FGD1_HUMAN,Homo sapiens,15743413,true positive,22,0,disordered
ELME000053,MOD_GSK3_1,GSK3 phosphorylation site,MOD,GSK3 phosphorylation recognition site,PF00069,Pkinase,Protein kinase domain,...([ST])...[ST],HPLSSRSS,518,525,FGD3_HUMAN,Homo sapiens,18363964,true positive,22,0,disordered
ELME000053,MOD_GSK3_1,GSK3 phosphorylation site,MOD,GSK3 phosphorylation recognition site,PF00069,Pkinase,Protein kinase domain,...([ST])...[ST],HPLSSRSS,518,525,HSF1_HUMAN,Homo sapiens,8940068,true positive,22,0,disordered
ELME000053,MOD_GSK3_1,GSK3 phosphorylation site,MOD,GSK3 phosphorylation recognition site,PF00069,Pkinase,Protein kinase domain,...([ST])...[ST],HPLSSRSS,518,525,JUN_HUMAN,Homo sapiens,1846781,true positive,22,0,disordered
ELME000053,MOD_GSK3_1,GSK3 phosphorylation site,MOD,GSK3 phosphorylation recognition site,PF00069,Pkinase,Protein kinase domain,...([ST])...[ST],HPLSSRSS,518,525,MK67I_HUMAN,Homo sapiens,16244663,true positive,22,0,disordered
ELME000053,MOD_GSK3_1,GSK3 phosphorylation site,MOD,GSK3 phosphorylation recognition site,PF00069,Pkinase,Protein kinase domain,...([ST])...[ST],HPLSSRSS,518,525,MYC_HUMAN,Homo sapiens,14563837,true positive,22,0,disordered
ELME000053,MOD_GSK3_1,GSK3 phosphorylation site,MOD,GSK3 phosphorylation recognition site,PF00069,Pkinase,Protein kinase domain,...([ST])...[ST],HPLSSRSS,518,525,NFAC1_HUMAN,Homo sapiens,12351631,true positive,22,0,disordered
ELME000053,MOD_GSK3_1,GSK3 phosphorylation site,MOD,GSK3 phosphorylation recognition site,PF00069,Pkinase,Protein kinase domain,...([ST])...[ST],HPLSSRSS,518,525,P53_HUMAN,Homo sapiens,11483158,true positive,22,0,disordered
ELME000053,MOD_GSK3_1,GSK3 phosphorylation site,MOD,GSK3 phosphorylation recognition site,PF00069,Pkinase,Protein kinase domain,...([ST])...[ST],HPLSSRSS,518,525,SMAD1_HUMAN,Homo sapiens,17289590,true positive,22,0,disordered
ELME000053,MOD_GSK3_1,GSK3 phosphorylation site,MOD,GSK3 phosphorylation recognition site,PF00069,Pkinase,Protein kinase domain,...([ST])...[ST],HPLSSRSS,518,525,SMAD1_HUMAN,Homo sapiens,18045539,true positive,22,0,disordered
ELME000053,MOD_GSK3_1,GSK3 phosphorylation site,MOD,GSK3 phosphorylation recognition site,PF00069,Pkinase,Protein kinase domain,...([ST])...[ST],HPLSSRSS,518,525,SMAD3_HUMAN,Homo sapiens,19218245,true positive,22,0,disordered
ELME000053,MOD_GSK3_1,GSK3 phosphorylation site,MOD,GSK3 phosphorylation recognition site,PF00069,Pkinase,Protein kinase domain,...([ST])...[ST],HPLSSRSS,518,525,SNAI1_HUMAN,Homo sapiens,15448698,true positive,22,0,disordered
ELME000053,MOD_GSK3_1,GSK3 phosphorylation site,MOD,GSK3 phosphorylation recognition site,PF00069,Pkinase,Protein kinase domain,...([ST])...[ST],PLSSRSSS,519,526,ATX3_HUMAN,Homo sapiens,17434145,true positive,22,0,disordered
ELME000053,MOD_GSK3_1,GSK3 phosphorylation site,MOD,GSK3 phosphorylation recognition site,PF00069,Pkinase,Protein kinase domain,...([ST])...[ST],PLSSRSSS,519,526,CCNE1_HUMAN,Homo sapiens,14536078,true positive,22,0,disordered
ELME000053,MOD_GSK3_1,GSK3 phosphorylation site,MOD,GSK3 phosphorylation recognition site,PF00069,Pkinase,Protein kinase domain,...([ST])...[ST],PLSSRSSS,519,526,CTNB1_HUMAN,Homo sapiens,11955436 19061640 10074433,true positive,22,0,disordered
ELME000053,MOD_GSK3_1,GSK3 phosphorylation site,MOD,GSK3 phosphorylation recognition site,PF00069,Pkinase,Protein kinase domain,...([ST])...[ST],PLSSRSSS,519,526,CTNB1_MOUSE,Mus musculus,12417018,true positive,22,0,disordered
ELME000053,MOD_GSK3_1,GSK3 phosphorylation site,MOD,GSK3 phosphorylation recognition site,PF00069,Pkinase,Protein kinase domain,...([ST])...[ST],PLSSRSSS,519,526,ESR2_HUMAN,Homo sapiens,22586270,true positive,22,0,disordered
ELME000053,MOD_GSK3_1,GSK3 phosphorylation site,MOD,GSK3 phosphorylation recognition site,PF00069,Pkinase,Protein kinase domain,...([ST])...[ST],PLSSRSSS,519,526,FGD1_HUMAN,Homo sapiens,15743413,true positive,22,0,disordered
ELME000053,MOD_GSK3_1,GSK3 phosphorylation site,MOD,GSK3 phosphorylation recognition site,PF00069,Pkinase,Protein kinase domain,...([ST])...[ST],PLSSRSSS,519,526,FGD3_HUMAN,Homo sapiens,18363964,true positive,22,0,disordered
ELME000053,MOD_GSK3_1,GSK3 phosphorylation site,MOD,GSK3 phosphorylation recognition site,PF00069,Pkinase,Protein kinase domain,...([ST])...[ST],PLSSRSSS,519,526,HSF1_HUMAN,Homo sapiens,8940068,true positive,22,0,disordered
ELME000053,MOD_GSK3_1,GSK3 phosphorylation site,MOD,GSK3 phosphorylation recognition site,PF00069,Pkinase,Protein kinase domain,...([ST])...[ST],PLSSRSSS,519,526,JUN_HUMAN,Homo sapiens,1846781,true positive,22,0,disordered
ELME000053,MOD_GSK3_1,GSK3 phosphorylation site,MOD,GSK3 phosphorylation recognition site,PF00069,Pkinase,Protein kinase domain,...([ST])...[ST],PLSSRSSS,519,526,MK67I_HUMAN,Homo sapiens,16244663,true positive,22,0,disordered
ELME000053,MOD_GSK3_1,GSK3 phosphorylation site,MOD,GSK3 phosphorylation recognition site,PF00069,Pkinase,Protein kinase domain,...([ST])...[ST],PLSSRSSS,519,526,MYC_HUMAN,Homo sapiens,14563837,true positive,22,0,disordered
ELME000053,MOD_GSK3_1,GSK3 phosphorylation site,MOD,GSK3 phosphorylation recognition site,PF00069,Pkinase,Protein kinase domain,...([ST])...[ST],PLSSRSSS,519,526,NFAC1_HUMAN,Homo sapiens,12351631,true positive,22,0,disordered
ELME000053,MOD_GSK3_1,GSK3 phosphorylation site,MOD,GSK3 phosphorylation recognition site,PF00069,Pkinase,Protein kinase domain,...([ST])...[ST],PLSSRSSS,519,526,P53_HUMAN,Homo sapiens,11483158,true positive,22,0,disordered
ELME000053,MOD_GSK3_1,GSK3 phosphorylation site,MOD,GSK3 phosphorylation recognition site,PF00069,Pkinase,Protein kinase domain,...([ST])...[ST],PLSSRSSS,519,526,SMAD1_HUMAN,Homo sapiens,17289590,true positive,22,0,disordered
ELME000053,MOD_GSK3_1,GSK3 phosphorylation site,MOD,GSK3 phosphorylation recognition site,PF00069,Pkinase,Protein kinase domain,...([ST])...[ST],PLSSRSSS,519,526,SMAD1_HUMAN,Homo sapiens,18045539,true positive,22,0,disordered
ELME000053,MOD_GSK3_1,GSK3 phosphorylation site,MOD,GSK3 phosphorylation recognition site,PF00069,Pkinase,Protein kinase domain,...([ST])...[ST],PLSSRSSS,519,526,SMAD3_HUMAN,Homo sapiens,19218245,true positive,22,0,disordered
ELME000053,MOD_GSK3_1,GSK3 phosphorylation site,MOD,GSK3 phosphorylation recognition site,PF00069,Pkinase,Protein kinase domain,...([ST])...[ST],PLSSRSSS,519,526,SNAI1_HUMAN,Homo sapiens,15448698,true positive,22,0,disordered
ELME000053,MOD_GSK3_1,GSK3 phosphorylation site,MOD,GSK3 phosphorylation recognition site,PF00069,Pkinase,Protein kinase domain,...([ST])...[ST],SSRSSSRS,521,528,ATX3_HUMAN,Homo sapiens,17434145,true positive,22,0,disordered
ELME000053,MOD_GSK3_1,GSK3 phosphorylation site,MOD,GSK3 phosphorylation recognition site,PF00069,Pkinase,Protein kinase domain,...([ST])...[ST],SSRSSSRS,521,528,CCNE1_HUMAN,Homo sapiens,14536078,true positive,22,0,disordered
ELME000053,MOD_GSK3_1,GSK3 phosphorylation site,MOD,GSK3 phosphorylation recognition site,PF00069,Pkinase,Protein kinase domain,...([ST])...[ST],SSRSSSRS,521,528,CTNB1_HUMAN,Homo sapiens,11955436 19061640 10074433,true positive,22,0,disordered
ELME000053,MOD_GSK3_1,GSK3 phosphorylation site,MOD,GSK3 phosphorylation recognition site,PF00069,Pkinase,Protein kinase domain,...([ST])...[ST],SSRSSSRS,521,528,CTNB1_MOUSE,Mus musculus,12417018,true positive,22,0,disordered
ELME000053,MOD_GSK3_1,GSK3 phosphorylation site,MOD,GSK3 phosphorylation recognition site,PF00069,Pkinase,Protein kinase domain,...([ST])...[ST],SSRSSSRS,521,528,ESR2_HUMAN,Homo sapiens,22586270,true positive,22,0,disordered
ELME000053,MOD_GSK3_1,GSK3 phosphorylation site,MOD,GSK3 phosphorylation recognition site,PF00069,Pkinase,Protein kinase domain,...([ST])...[ST],SSRSSSRS,521,528,FGD1_HUMAN,Homo sapiens,15743413,true positive,22,0,disordered
ELME000053,MOD_GSK3_1,GSK3 phosphorylation site,MOD,GSK3 phosphorylation recognition site,PF00069,Pkinase,Protein kinase domain,...([ST])...[ST],SSRSSSRS,521,528,FGD3_HUMAN,Homo sapiens,18363964,true positive,22,0,disordered
ELME000053,MOD_GSK3_1,GSK3 phosphorylation site,MOD,GSK3 phosphorylation recognition site,PF00069,Pkinase,Protein kinase domain,...([ST])...[ST],SSRSSSRS,521,528,HSF1_HUMAN,Homo sapiens,8940068,true positive,22,0,disordered
ELME000053,MOD_GSK3_1,GSK3 phosphorylation site,MOD,GSK3 phosphorylation recognition site,PF00069,Pkinase,Protein kinase domain,...([ST])...[ST],SSRSSSRS,521,528,JUN_HUMAN,Homo sapiens,1846781,true positive,22,0,disordered
ELME000053,MOD_GSK3_1,GSK3 phosphorylation site,MOD,GSK3 phosphorylation recognition site,PF00069,Pkinase,Protein kinase domain,...([ST])...[ST],SSRSSSRS,521,528,MK67I_HUMAN,Homo sapiens,16244663,true positive,22,0,disordered
ELME000053,MOD_GSK3_1,GSK3 phosphorylation site,MOD,GSK3 phosphorylation recognition site,PF00069,Pkinase,Protein kinase domain,...([ST])...[ST],SSRSSSRS,521,528,MYC_HUMAN,Homo sapiens,14563837,true positive,22,0,disordered
ELME000053,MOD_GSK3_1,GSK3 phosphorylation site,MOD,GSK3 phosphorylation recognition site,PF00069,Pkinase,Protein kinase domain,...([ST])...[ST],SSRSSSRS,521,528,NFAC1_HUMAN,Homo sapiens,12351631,true positive,22,0,disordered
ELME000053,MOD_GSK3_1,GSK3 phosphorylation site,MOD,GSK3 phosphorylation recognition site,PF00069,Pkinase,Protein kinase domain,...([ST])...[ST],SSRSSSRS,521,528,P53_HUMAN,Homo sapiens,11483158,true positive,22,0,disordered
ELME000053,MOD_GSK3_1,GSK3 phosphorylation site,MOD,GSK3 phosphorylation recognition site,PF00069,Pkinase,Protein kinase domain,...([ST])...[ST],SSRSSSRS,521,528,SMAD1_HUMAN,Homo sapiens,17289590,true positive,22,0,disordered
ELME000053,MOD_GSK3_1,GSK3 phosphorylation site,MOD,GSK3 phosphorylation recognition site,PF00069,Pkinase,Protein kinase domain,...([ST])...[ST],SSRSSSRS,521,528,SMAD1_HUMAN,Homo sapiens,18045539,true positive,22,0,disordered
ELME000053,MOD_GSK3_1,GSK3 phosphorylation site,MOD,GSK3 phosphorylation recognition site,PF00069,Pkinase,Protein kinase domain,...([ST])...[ST],SSRSSSRS,521,528,SMAD3_HUMAN,Homo sapiens,19218245,true positive,22,0,disordered
ELME000053,MOD_GSK3_1,GSK3 phosphorylation site,MOD,GSK3 phosphorylation recognition site,PF00069,Pkinase,Protein kinase domain,...([ST])...[ST],SSRSSSRS,521,528,SNAI1_HUMAN,Homo sapiens,15448698,true positive,22,0,disordered
ELME000053,MOD_GSK3_1,GSK3 phosphorylation site,MOD,GSK3 phosphorylation recognition site,PF00069,Pkinase,Protein kinase domain,...([ST])...[ST],SRSSSRSS,522,529,ATX3_HUMAN,Homo sapiens,17434145,true positive,22,0,disordered
ELME000053,MOD_GSK3_1,GSK3 phosphorylation site,MOD,GSK3 phosphorylation recognition site,PF00069,Pkinase,Protein kinase domain,...([ST])...[ST],SRSSSRSS,522,529,CCNE1_HUMAN,Homo sapiens,14536078,true positive,22,0,disordered
ELME000053,MOD_GSK3_1,GSK3 phosphorylation site,MOD,GSK3 phosphorylation recognition site,PF00069,Pkinase,Protein kinase domain,...([ST])...[ST],SRSSSRSS,522,529,CTNB1_HUMAN,Homo sapiens,11955436 19061640 10074433,true positive,22,0,disordered
ELME000053,MOD_GSK3_1,GSK3 phosphorylation site,MOD,GSK3 phosphorylation recognition site,PF00069,Pkinase,Protein kinase domain,...([ST])...[ST],SRSSSRSS,522,529,CTNB1_MOUSE,Mus musculus,12417018,true positive,22,0,disordered
ELME000053,MOD_GSK3_1,GSK3 phosphorylation site,MOD,GSK3 phosphorylation recognition site,PF00069,Pkinase,Protein kinase domain,...([ST])...[ST],SRSSSRSS,522,529,ESR2_HUMAN,Homo sapiens,22586270,true positive,22,0,disordered
ELME000053,MOD_GSK3_1,GSK3 phosphorylation site,MOD,GSK3 phosphorylation recognition site,PF00069,Pkinase,Protein kinase domain,...([ST])...[ST],SRSSSRSS,522,529,FGD1_HUMAN,Homo sapiens,15743413,true positive,22,0,disordered
ELME000053,MOD_GSK3_1,GSK3 phosphorylation site,MOD,GSK3 phosphorylation recognition site,PF00069,Pkinase,Protein kinase domain,...([ST])...[ST],SRSSSRSS,522,529,FGD3_HUMAN,Homo sapiens,18363964,true positive,22,0,disordered
ELME000053,MOD_GSK3_1,GSK3 phosphorylation site,MOD,GSK3 phosphorylation recognition site,PF00069,Pkinase,Protein kinase domain,...([ST])...[ST],SRSSSRSS,522,529,HSF1_HUMAN,Homo sapiens,8940068,true positive,22,0,disordered
ELME000053,MOD_GSK3_1,GSK3 phosphorylation site,MOD,GSK3 phosphorylation recognition site,PF00069,Pkinase,Protein kinase domain,...([ST])...[ST],SRSSSRSS,522,529,JUN_HUMAN,Homo sapiens,1846781,true positive,22,0,disordered
ELME000053,MOD_GSK3_1,GSK3 phosphorylation site,MOD,GSK3 phosphorylation recognition site,PF00069,Pkinase,Protein kinase domain,...([ST])...[ST],SRSSSRSS,522,529,MK67I_HUMAN,Homo sapiens,16244663,true positive,22,0,disordered
ELME000053,MOD_GSK3_1,GSK3 phosphorylation site,MOD,GSK3 phosphorylation recognition site,PF00069,Pkinase,Protein kinase domain,...([ST])...[ST],SRSSSRSS,522,529,MYC_HUMAN,Homo sapiens,14563837,true positive,22,0,disordered
ELME000053,MOD_GSK3_1,GSK3 phosphorylation site,MOD,GSK3 phosphorylation recognition site,PF00069,Pkinase,Protein kinase domain,...([ST])...[ST],SRSSSRSS,522,529,NFAC1_HUMAN,Homo sapiens,12351631,true positive,22,0,disordered
ELME000053,MOD_GSK3_1,GSK3 phosphorylation site,MOD,GSK3 phosphorylation recognition site,PF00069,Pkinase,Protein kinase domain,...([ST])...[ST],SRSSSRSS,522,529,P53_HUMAN,Homo sapiens,11483158,true positive,22,0,disordered
ELME000053,MOD_GSK3_1,GSK3 phosphorylation site,MOD,GSK3 phosphorylation recognition site,PF00069,Pkinase,Protein kinase domain,...([ST])...[ST],SRSSSRSS,522,529,SMAD1_HUMAN,Homo sapiens,17289590,true positive,22,0,disordered
ELME000053,MOD_GSK3_1,GSK3 phosphorylation site,MOD,GSK3 phosphorylation recognition site,PF00069,Pkinase,Protein kinase domain,...([ST])...[ST],SRSSSRSS,522,529,SMAD1_HUMAN,Homo sapiens,18045539,true positive,22,0,disordered
ELME000053,MOD_GSK3_1,GSK3 phosphorylation site,MOD,GSK3 phosphorylation recognition site,PF00069,Pkinase,Protein kinase domain,...([ST])...[ST],SRSSSRSS,522,529,SMAD3_HUMAN,Homo sapiens,19218245,true positive,22,0,disordered
ELME000053,MOD_GSK3_1,GSK3 phosphorylation site,MOD,GSK3 phosphorylation recognition site,PF00069,Pkinase,Protein kinase domain,...([ST])...[ST],SRSSSRSS,522,529,SNAI1_HUMAN,Homo sapiens,15448698,true positive,22,0,disordered
ELME000053,MOD_GSK3_1,GSK3 phosphorylation site,MOD,GSK3 phosphorylation recognition site,PF00069,Pkinase,Protein kinase domain,...([ST])...[ST],SSRSSLAS,525,532,ATX3_HUMAN,Homo sapiens,17434145,true positive,22,0,disordered
ELME000053,MOD_GSK3_1,GSK3 phosphorylation site,MOD,GSK3 phosphorylation recognition site,PF00069,Pkinase,Protein kinase domain,...([ST])...[ST],SSRSSLAS,525,532,CCNE1_HUMAN,Homo sapiens,14536078,true positive,22,0,disordered
ELME000053,MOD_GSK3_1,GSK3 phosphorylation site,MOD,GSK3 phosphorylation recognition site,PF00069,Pkinase,Protein kinase domain,...([ST])...[ST],SSRSSLAS,525,532,CTNB1_HUMAN,Homo sapiens,11955436 19061640 10074433,true positive,22,0,disordered
ELME000053,MOD_GSK3_1,GSK3 phosphorylation site,MOD,GSK3 phosphorylation recognition site,PF00069,Pkinase,Protein kinase domain,...([ST])...[ST],SSRSSLAS,525,532,CTNB1_MOUSE,Mus musculus,12417018,true positive,22,0,disordered
ELME000053,MOD_GSK3_1,GSK3 phosphorylation site,MOD,GSK3 phosphorylation recognition site,PF00069,Pkinase,Protein kinase domain,...([ST])...[ST],SSRSSLAS,525,532,ESR2_HUMAN,Homo sapiens,22586270,true positive,22,0,disordered
ELME000053,MOD_GSK3_1,GSK3 phosphorylation site,MOD,GSK3 phosphorylation recognition site,PF00069,Pkinase,Protein kinase domain,...([ST])...[ST],SSRSSLAS,525,532,FGD1_HUMAN,Homo sapiens,15743413,true positive,22,0,disordered
ELME000053,MOD_GSK3_1,GSK3 phosphorylation site,MOD,GSK3 phosphorylation recognition site,PF00069,Pkinase,Protein kinase domain,...([ST])...[ST],SSRSSLAS,525,532,FGD3_HUMAN,Homo sapiens,18363964,true positive,22,0,disordered
ELME000053,MOD_GSK3_1,GSK3 phosphorylation site,MOD,GSK3 phosphorylation recognition site,PF00069,Pkinase,Protein kinase domain,...([ST])...[ST],SSRSSLAS,525,532,HSF1_HUMAN,Homo sapiens,8940068,true positive,22,0,disordered
ELME000053,MOD_GSK3_1,GSK3 phosphorylation site,MOD,GSK3 phosphorylation recognition site,PF00069,Pkinase,Protein kinase domain,...([ST])...[ST],SSRSSLAS,525,532,JUN_HUMAN,Homo sapiens,1846781,true positive,22,0,disordered
ELME000053,MOD_GSK3_1,GSK3 phosphorylation site,MOD,GSK3 phosphorylation recognition site,PF00069,Pkinase,Protein kinase domain,...([ST])...[ST],SSRSSLAS,525,532,MK67I_HUMAN,Homo sapiens,16244663,true positive,22,0,disordered
ELME000053,MOD_GSK3_1,GSK3 phosphorylation site,MOD,GSK3 phosphorylation recognition site,PF00069,Pkinase,Protein kinase domain,...([ST])...[ST],SSRSSLAS,525,532,MYC_HUMAN,Homo sapiens,14563837,true positive,22,0,disordered
ELME000053,MOD_GSK3_1,GSK3 phosphorylation site,MOD,GSK3 phosphorylation recognition site,PF00069,Pkinase,Protein kinase domain,...([ST])...[ST],SSRSSLAS,525,532,NFAC1_HUMAN,Homo sapiens,12351631,true positive,22,0,disordered
ELME000053,MOD_GSK3_1,GSK3 phosphorylation site,MOD,GSK3 phosphorylation recognition site,PF00069,Pkinase,Protein kinase domain,...([ST])...[ST],SSRSSLAS,525,532,P53_HUMAN,Homo sapiens,11483158,true positive,22,0,disordered
ELME000053,MOD_GSK3_1,GSK3 phosphorylation site,MOD,GSK3 phosphorylation recognition site,PF00069,Pkinase,Protein kinase domain,...([ST])...[ST],SSRSSLAS,525,532,SMAD1_HUMAN,Homo sapiens,17289590,true positive,22,0,disordered
ELME000053,MOD_GSK3_1,GSK3 phosphorylation site,MOD,GSK3 phosphorylation recognition site,PF00069,Pkinase,Protein kinase domain,...([ST])...[ST],SSRSSLAS,525,532,SMAD1_HUMAN,Homo sapiens,18045539,true positive,22,0,disordered
ELME000053,MOD_GSK3_1,GSK3 phosphorylation site,MOD,GSK3 phosphorylation recognition site,PF00069,Pkinase,Protein kinase domain,...([ST])...[ST],SSRSSLAS,525,532,SMAD3_HUMAN,Homo sapiens,19218245,true positive,22,0,disordered
ELME000053,MOD_GSK3_1,GSK3 phosphorylation site,MOD,GSK3 phosphorylation recognition site,PF00069,Pkinase,Protein kinase domain,...([ST])...[ST],SSRSSLAS,525,532,SNAI1_HUMAN,Homo sapiens,15448698,true positive,22,0,disordered
ELME000062,MOD_PKA_2,PKA Phosphorylation site,MOD,Secondary preference for PKA-type AGC kinase phosphorylation.,PF00069,Pkinase,Protein kinase domain,.R.([ST])[^P]..,SRSSSRS,522,528,AKT2_ARATH,Arabidopsis thaliana,16297070,true positive,28,0,disordered
ELME000062,MOD_PKA_2,PKA Phosphorylation site,MOD,Secondary preference for PKA-type AGC kinase phosphorylation.,PF00069,Pkinase,Protein kinase domain,.R.([ST])[^P]..,SRSSSRS,522,528,B9EIS4_HUMAN,Homo sapiens,15946941,true positive,28,0,disordered
ELME000062,MOD_PKA_2,PKA Phosphorylation site,MOD,Secondary preference for PKA-type AGC kinase phosphorylation.,PF00069,Pkinase,Protein kinase domain,.R.([ST])[^P]..,SRSSSRS,522,528,BIRC5_HUMAN,Homo sapiens,17612487,true positive,28,0,disordered
ELME000062,MOD_PKA_2,PKA Phosphorylation site,MOD,Secondary preference for PKA-type AGC kinase phosphorylation.,PF00069,Pkinase,Protein kinase domain,.R.([ST])[^P]..,SRSSSRS,522,528,C2TA_HUMAN,Homo sapiens,11416140,true positive,28,0,disordered
ELME000062,MOD_PKA_2,PKA Phosphorylation site,MOD,Secondary preference for PKA-type AGC kinase phosphorylation.,PF00069,Pkinase,Protein kinase domain,.R.([ST])[^P]..,SRSSSRS,522,528,CCG2_MOUSE,Mus musculus,11805122,true positive,28,0,disordered
ELME000062,MOD_PKA_2,PKA Phosphorylation site,MOD,Secondary preference for PKA-type AGC kinase phosphorylation.,PF00069,Pkinase,Protein kinase domain,.R.([ST])[^P]..,SRSSSRS,522,528,CSKP_RAT,Rattus norvegicus,20067577,true positive,28,0,disordered
ELME000062,MOD_PKA_2,PKA Phosphorylation site,MOD,Secondary preference for PKA-type AGC kinase phosphorylation.,PF00069,Pkinase,Protein kinase domain,.R.([ST])[^P]..,SRSSSRS,522,528,EF2K_RAT,Rattus norvegicus,11171050,true positive,28,0,disordered
ELME000062,MOD_PKA_2,PKA Phosphorylation site,MOD,Secondary preference for PKA-type AGC kinase phosphorylation.,PF00069,Pkinase,Protein kinase domain,.R.([ST])[^P]..,SRSSSRS,522,528,GDIR1_HUMAN,Homo sapiens,18768928,true positive,28,0,disordered
ELME000062,MOD_PKA_2,PKA Phosphorylation site,MOD,Secondary preference for PKA-type AGC kinase phosphorylation.,PF00069,Pkinase,Protein kinase domain,.R.([ST])[^P]..,SRSSSRS,522,528,HSPB8_HUMAN,Homo sapiens,18298377,true positive,28,0,disordered
ELME000062,MOD_PKA_2,PKA Phosphorylation site,MOD,Secondary preference for PKA-type AGC kinase phosphorylation.,PF00069,Pkinase,Protein kinase domain,.R.([ST])[^P]..,SRSSSRS,522,528,IRK1_HUMAN,Homo sapiens,8621594,true positive,28,0,disordered
ELME000062,MOD_PKA_2,PKA Phosphorylation site,MOD,Secondary preference for PKA-type AGC kinase phosphorylation.,PF00069,Pkinase,Protein kinase domain,.R.([ST])[^P]..,SRSSSRS,522,528,MEF2D_MOUSE,Mus musculus,18299387,true positive,28,0,disordered
ELME000062,MOD_PKA_2,PKA Phosphorylation site,MOD,Secondary preference for PKA-type AGC kinase phosphorylation.,PF00069,Pkinase,Protein kinase domain,.R.([ST])[^P]..,SRSSSRS,522,528,NEB2_RAT,Rattus norvegicus,12417592,true positive,28,0,disordered
ELME000062,MOD_PKA_2,PKA Phosphorylation site,MOD,Secondary preference for PKA-type AGC kinase phosphorylation.,PF00069,Pkinase,Protein kinase domain,.R.([ST])[^P]..,SRSSSRS,522,528,NFAC1_HUMAN,Homo sapiens,12351631,true positive,28,0,disordered
ELME000062,MOD_PKA_2,PKA Phosphorylation site,MOD,Secondary preference for PKA-type AGC kinase phosphorylation.,PF00069,Pkinase,Protein kinase domain,.R.([ST])[^P]..,SRSSSRS,522,528,NOXA1_HUMAN,Homo sapiens,17913709,true positive,28,0,disordered
ELME000062,MOD_PKA_2,PKA Phosphorylation site,MOD,Secondary preference for PKA-type AGC kinase phosphorylation.,PF00069,Pkinase,Protein kinase domain,.R.([ST])[^P]..,SRSSSRS,522,528,PELP1_HUMAN,Homo sapiens,18505929,true positive,28,0,disordered
ELME000062,MOD_PKA_2,PKA Phosphorylation site,MOD,Secondary preference for PKA-type AGC kinase phosphorylation.,PF00069,Pkinase,Protein kinase domain,.R.([ST])[^P]..,SRSSSRS,522,528,PKD1_MOUSE,Mus musculus,10364454,true positive,28,0,disordered
ELME000062,MOD_PKA_2,PKA Phosphorylation site,MOD,Secondary preference for PKA-type AGC kinase phosphorylation.,PF00069,Pkinase,Protein kinase domain,.R.([ST])[^P]..,SRSSSRS,522,528,PLSL_HUMAN,Homo sapiens,16636079 10446213,true positive,28,0,disordered
ELME000062,MOD_PKA_2,PKA Phosphorylation site,MOD,Secondary preference for PKA-type AGC kinase phosphorylation.,PF00069,Pkinase,Protein kinase domain,.R.([ST])[^P]..,SRSSSRS,522,528,Q26658_STRPU,Strongylocentrotus purpuratus,10207092,true positive,28,0,disordered
ELME000062,MOD_PKA_2,PKA Phosphorylation site,MOD,Secondary preference for PKA-type AGC kinase phosphorylation.,PF00069,Pkinase,Protein kinase domain,.R.([ST])[^P]..,SRSSSRS,522,528,RXRA_HUMAN,Homo sapiens,11162439,true positive,28,0,disordered
ELME000062,MOD_PKA_2,PKA Phosphorylation site,MOD,Secondary preference for PKA-type AGC kinase phosphorylation.,PF00069,Pkinase,Protein kinase domain,.R.([ST])[^P]..,SRSSSRS,522,528,SCN5A_RAT,Rattus norvegicus,8910529,true positive,28,0,disordered
ELME000062,MOD_PKA_2,PKA Phosphorylation site,MOD,Secondary preference for PKA-type AGC kinase phosphorylation.,PF00069,Pkinase,Protein kinase domain,.R.([ST])[^P]..,SRSSSRS,522,528,SNAPN_RAT,Rattus norvegicus,12887314 11283605,true positive,28,0,disordered
ELME000062,MOD_PKA_2,PKA Phosphorylation site,MOD,Secondary preference for PKA-type AGC kinase phosphorylation.,PF00069,Pkinase,Protein kinase domain,.R.([ST])[^P]..,SRSSSRS,522,528,THOP1_RAT,Rattus norvegicus,10969067,true positive,28,0,disordered
ELME000062,MOD_PKA_2,PKA Phosphorylation site,MOD,Secondary preference for PKA-type AGC kinase phosphorylation.,PF00069,Pkinase,Protein kinase domain,.R.([ST])[^P]..,SRSSLAS,526,532,AKT2_ARATH,Arabidopsis thaliana,16297070,true positive,28,0,disordered
ELME000062,MOD_PKA_2,PKA Phosphorylation site,MOD,Secondary preference for PKA-type AGC kinase phosphorylation.,PF00069,Pkinase,Protein kinase domain,.R.([ST])[^P]..,SRSSLAS,526,532,B9EIS4_HUMAN,Homo sapiens,15946941,true positive,28,0,disordered
ELME000062,MOD_PKA_2,PKA Phosphorylation site,MOD,Secondary preference for PKA-type AGC kinase phosphorylation.,PF00069,Pkinase,Protein kinase domain,.R.([ST])[^P]..,SRSSLAS,526,532,BIRC5_HUMAN,Homo sapiens,17612487,true positive,28,0,disordered
ELME000062,MOD_PKA_2,PKA Phosphorylation site,MOD,Secondary preference for PKA-type AGC kinase phosphorylation.,PF00069,Pkinase,Protein kinase domain,.R.([ST])[^P]..,SRSSLAS,526,532,C2TA_HUMAN,Homo sapiens,11416140,true positive,28,0,disordered
ELME000062,MOD_PKA_2,PKA Phosphorylation site,MOD,Secondary preference for PKA-type AGC kinase phosphorylation.,PF00069,Pkinase,Protein kinase domain,.R.([ST])[^P]..,SRSSLAS,526,532,CCG2_MOUSE,Mus musculus,11805122,true positive,28,0,disordered
ELME000062,MOD_PKA_2,PKA Phosphorylation site,MOD,Secondary preference for PKA-type AGC kinase phosphorylation.,PF00069,Pkinase,Protein kinase domain,.R.([ST])[^P]..,SRSSLAS,526,532,CSKP_RAT,Rattus norvegicus,20067577,true positive,28,0,disordered
ELME000062,MOD_PKA_2,PKA Phosphorylation site,MOD,Secondary preference for PKA-type AGC kinase phosphorylation.,PF00069,Pkinase,Protein kinase domain,.R.([ST])[^P]..,SRSSLAS,526,532,EF2K_RAT,Rattus norvegicus,11171050,true positive,28,0,disordered
ELME000062,MOD_PKA_2,PKA Phosphorylation site,MOD,Secondary preference for PKA-type AGC kinase phosphorylation.,PF00069,Pkinase,Protein kinase domain,.R.([ST])[^P]..,SRSSLAS,526,532,GDIR1_HUMAN,Homo sapiens,18768928,true positive,28,0,disordered
ELME000062,MOD_PKA_2,PKA Phosphorylation site,MOD,Secondary preference for PKA-type AGC kinase phosphorylation.,PF00069,Pkinase,Protein kinase domain,.R.([ST])[^P]..,SRSSLAS,526,532,HSPB8_HUMAN,Homo sapiens,18298377,true positive,28,0,disordered
ELME000062,MOD_PKA_2,PKA Phosphorylation site,MOD,Secondary preference for PKA-type AGC kinase phosphorylation.,PF00069,Pkinase,Protein kinase domain,.R.([ST])[^P]..,SRSSLAS,526,532,IRK1_HUMAN,Homo sapiens,8621594,true positive,28,0,disordered
ELME000062,MOD_PKA_2,PKA Phosphorylation site,MOD,Secondary preference for PKA-type AGC kinase phosphorylation.,PF00069,Pkinase,Protein kinase domain,.R.([ST])[^P]..,SRSSLAS,526,532,MEF2D_MOUSE,Mus musculus,18299387,true positive,28,0,disordered
ELME000062,MOD_PKA_2,PKA Phosphorylation site,MOD,Secondary preference for PKA-type AGC kinase phosphorylation.,PF00069,Pkinase,Protein kinase domain,.R.([ST])[^P]..,SRSSLAS,526,532,NEB2_RAT,Rattus norvegicus,12417592,true positive,28,0,disordered
ELME000062,MOD_PKA_2,PKA Phosphorylation site,MOD,Secondary preference for PKA-type AGC kinase phosphorylation.,PF00069,Pkinase,Protein kinase domain,.R.([ST])[^P]..,SRSSLAS,526,532,NFAC1_HUMAN,Homo sapiens,12351631,true positive,28,0,disordered
ELME000062,MOD_PKA_2,PKA Phosphorylation site,MOD,Secondary preference for PKA-type AGC kinase phosphorylation.,PF00069,Pkinase,Protein kinase domain,.R.([ST])[^P]..,SRSSLAS,526,532,NOXA1_HUMAN,Homo sapiens,17913709,true positive,28,0,disordered
ELME000062,MOD_PKA_2,PKA Phosphorylation site,MOD,Secondary preference for PKA-type AGC kinase phosphorylation.,PF00069,Pkinase,Protein kinase domain,.R.([ST])[^P]..,SRSSLAS,526,532,PELP1_HUMAN,Homo sapiens,18505929,true positive,28,0,disordered
ELME000062,MOD_PKA_2,PKA Phosphorylation site,MOD,Secondary preference for PKA-type AGC kinase phosphorylation.,PF00069,Pkinase,Protein kinase domain,.R.([ST])[^P]..,SRSSLAS,526,532,PKD1_MOUSE,Mus musculus,10364454,true positive,28,0,disordered
ELME000062,MOD_PKA_2,PKA Phosphorylation site,MOD,Secondary preference for PKA-type AGC kinase phosphorylation.,PF00069,Pkinase,Protein kinase domain,.R.([ST])[^P]..,SRSSLAS,526,532,PLSL_HUMAN,Homo sapiens,16636079 10446213,true positive,28,0,disordered
ELME000062,MOD_PKA_2,PKA Phosphorylation site,MOD,Secondary preference for PKA-type AGC kinase phosphorylation.,PF00069,Pkinase,Protein kinase domain,.R.([ST])[^P]..,SRSSLAS,526,532,Q26658_STRPU,Strongylocentrotus purpuratus,10207092,true positive,28,0,disordered
ELME000062,MOD_PKA_2,PKA Phosphorylation site,MOD,Secondary preference for PKA-type AGC kinase phosphorylation.,PF00069,Pkinase,Protein kinase domain,.R.([ST])[^P]..,SRSSLAS,526,532,RXRA_HUMAN,Homo sapiens,11162439,true positive,28,0,disordered
ELME000062,MOD_PKA_2,PKA Phosphorylation site,MOD,Secondary preference for PKA-type AGC kinase phosphorylation.,PF00069,Pkinase,Protein kinase domain,.R.([ST])[^P]..,SRSSLAS,526,532,SCN5A_RAT,Rattus norvegicus,8910529,true positive,28,0,disordered
ELME000062,MOD_PKA_2,PKA Phosphorylation site,MOD,Secondary preference for PKA-type AGC kinase phosphorylation.,PF00069,Pkinase,Protein kinase domain,.R.([ST])[^P]..,SRSSLAS,526,532,SNAPN_RAT,Rattus norvegicus,12887314 11283605,true positive,28,0,disordered
ELME000062,MOD_PKA_2,PKA Phosphorylation site,MOD,Secondary preference for PKA-type AGC kinase phosphorylation.,PF00069,Pkinase,Protein kinase domain,.R.([ST])[^P]..,SRSSLAS,526,532,THOP1_RAT,Rattus norvegicus,10969067,true positive,28,0,disordered
ELME000061,MOD_PKB_1,PKB Phosphorylation site,MOD,PKB Phosphorylation site,PF00069,Pkinase,Protein kinase domain,R.R..([ST])[^P]..,RPRVQSTST,447,455,BAD_MOUSE,Mus musculus,9346240,true positive,20,1,disordered
ELME000061,MOD_PKB_1,PKB Phosphorylation site,MOD,PKB Phosphorylation site,PF00069,Pkinase,Protein kinase domain,R.R..([ST])[^P]..,RPRVQSTST,447,455,BRCA1_HUMAN,Homo sapiens,17428466,true positive,20,1,disordered
ELME000061,MOD_PKB_1,PKB Phosphorylation site,MOD,PKB Phosphorylation site,PF00069,Pkinase,Protein kinase domain,R.R..([ST])[^P]..,RPRVQSTST,447,455,CASP9_HUMAN,Homo sapiens,9812896,true positive,20,1,disordered
ELME000061,MOD_PKB_1,PKB Phosphorylation site,MOD,PKB Phosphorylation site,PF00069,Pkinase,Protein kinase domain,R.R..([ST])[^P]..,RPRVQSTST,447,455,CDN1A_HUMAN,Homo sapiens,11463845,true positive,20,1,disordered
ELME000061,MOD_PKB_1,PKB Phosphorylation site,MOD,PKB Phosphorylation site,PF00069,Pkinase,Protein kinase domain,R.R..([ST])[^P]..,RPRVQSTST,447,455,CDN1B_HUMAN,Homo sapiens,12244301,true positive,20,1,disordered
ELME000061,MOD_PKB_1,PKB Phosphorylation site,MOD,PKB Phosphorylation site,PF00069,Pkinase,Protein kinase domain,R.R..([ST])[^P]..,RPRVQSTST,447,455,F262_BOVIN,Bos taurus,,true positive,20,1,disordered
ELME000061,MOD_PKB_1,PKB Phosphorylation site,MOD,PKB Phosphorylation site,PF00069,Pkinase,Protein kinase domain,R.R..([ST])[^P]..,RPRVQSTST,447,455,FOXO4_HUMAN,Homo sapiens,14690436,true positive,20,1,disordered
ELME000061,MOD_PKB_1,PKB Phosphorylation site,MOD,PKB Phosphorylation site,PF00069,Pkinase,Protein kinase domain,R.R..([ST])[^P]..,RPRVQSTST,447,455,GSK3B_MOUSE,Mus musculus,12434148,true positive,20,1,disordered
ELME000061,MOD_PKB_1,PKB Phosphorylation site,MOD,PKB Phosphorylation site,PF00069,Pkinase,Protein kinase domain,R.R..([ST])[^P]..,RPRVQSTST,447,455,IKKA_HUMAN,Homo sapiens,10485710,true positive,20,1,disordered
ELME000061,MOD_PKB_1,PKB Phosphorylation site,MOD,PKB Phosphorylation site,PF00069,Pkinase,Protein kinase domain,R.R..([ST])[^P]..,RPRVQSTST,447,455,MDM2_HUMAN,Homo sapiens,11715018,true positive,20,1,disordered
ELME000061,MOD_PKB_1,PKB Phosphorylation site,MOD,PKB Phosphorylation site,PF00069,Pkinase,Protein kinase domain,R.R..([ST])[^P]..,RPRVQSTST,447,455,NR4A1_HUMAN,Homo sapiens,11274386,true positive,20,1,disordered
ELME000061,MOD_PKB_1,PKB Phosphorylation site,MOD,PKB Phosphorylation site,PF00069,Pkinase,Protein kinase domain,R.R..([ST])[^P]..,RPRVQSTST,447,455,NR4A1_MOUSE,Mus musculus,,true positive,20,1,disordered
ELME000061,MOD_PKB_1,PKB Phosphorylation site,MOD,PKB Phosphorylation site,PF00069,Pkinase,Protein kinase domain,R.R..([ST])[^P]..,RPRVQSTST,447,455,RAF1_HUMAN,Homo sapiens,19058874,true positive,20,1,disordered
ELME000061,MOD_PKB_1,PKB Phosphorylation site,MOD,PKB Phosphorylation site,PF00069,Pkinase,Protein kinase domain,R.R..([ST])[^P]..,RPRVQSTST,447,455,TERT_HUMAN,Homo sapiens,,true positive,20,1,disordered
ELME000061,MOD_PKB_1,PKB Phosphorylation site,MOD,PKB Phosphorylation site,PF00069,Pkinase,Protein kinase domain,R.R..([ST])[^P]..,RPRVQSTST,447,455,TSC2_HUMAN,Homo sapiens,18466115,true positive,20,1,disordered
ELME000442,MOD_Plk_1,Polo-like kinase phosphosites,MOD,Ser/Thr residue phosphorylated by the Plk1 kinase,PF00069,Pkinase,Protein kinase domain,.[DNE][^PG][ST](([FYILMVW]..)|([^PEDGKN][FWYLIVM]).),AESTSVD,341,347,BRCA2_HUMAN,Homo sapiens,12815053,true positive,44,0,disordered
ELME000442,MOD_Plk_1,Polo-like kinase phosphosites,MOD,Ser/Thr residue phosphorylated by the Plk1 kinase,PF00069,Pkinase,Protein kinase domain,.[DNE][^PG][ST](([FYILMVW]..)|([^PEDGKN][FWYLIVM]).),AESTSVD,341,347,CDH1_YEAST,Saccharomyces cerevisiae S288c,1850033,true positive,44,0,disordered
ELME000442,MOD_Plk_1,Polo-like kinase phosphosites,MOD,Ser/Thr residue phosphorylated by the Plk1 kinase,PF00069,Pkinase,Protein kinase domain,.[DNE][^PG][ST](([FYILMVW]..)|([^PEDGKN][FWYLIVM]).),AESTSVD,341,347,CND1_YEAST,Saccharomyces cerevisiae S288c,19481522,true positive,44,0,disordered
ELME000442,MOD_Plk_1,Polo-like kinase phosphosites,MOD,Ser/Thr residue phosphorylated by the Plk1 kinase,PF00069,Pkinase,Protein kinase domain,.[DNE][^PG][ST](([FYILMVW]..)|([^PEDGKN][FWYLIVM]).),AESTSVD,341,347,CND2_YEAST,Saccharomyces cerevisiae S288c,19481522,true positive,44,0,disordered
ELME000442,MOD_Plk_1,Polo-like kinase phosphosites,MOD,Ser/Thr residue phosphorylated by the Plk1 kinase,PF00069,Pkinase,Protein kinase domain,.[DNE][^PG][ST](([FYILMVW]..)|([^PEDGKN][FWYLIVM]).),AESTSVD,341,347,CND3_YEAST,Saccharomyces cerevisiae S288c,19481522,true positive,44,0,disordered
ELME000442,MOD_Plk_1,Polo-like kinase phosphosites,MOD,Ser/Thr residue phosphorylated by the Plk1 kinase,PF00069,Pkinase,Protein kinase domain,.[DNE][^PG][ST](([FYILMVW]..)|([^PEDGKN][FWYLIVM]).),AESTSVD,341,347,CNDD3_HUMAN,Homo sapiens,21498573,true positive,44,0,disordered
ELME000442,MOD_Plk_1,Polo-like kinase phosphosites,MOD,Ser/Thr residue phosphorylated by the Plk1 kinase,PF00069,Pkinase,Protein kinase domain,.[DNE][^PG][ST](([FYILMVW]..)|([^PEDGKN][FWYLIVM]).),AESTSVD,341,347,CYK2_YEAST,Saccharomyces cerevisiae S288c,21498574,true positive,44,0,disordered
ELME000442,MOD_Plk_1,Polo-like kinase phosphosites,MOD,Ser/Thr residue phosphorylated by the Plk1 kinase,PF00069,Pkinase,Protein kinase domain,.[DNE][^PG][ST](([FYILMVW]..)|([^PEDGKN][FWYLIVM]).),AESTSVD,341,347,DAM1_SCHPO,Schizosaccharomyces pombe 972h-,22375062,true positive,44,0,disordered
ELME000442,MOD_Plk_1,Polo-like kinase phosphosites,MOD,Ser/Thr residue phosphorylated by the Plk1 kinase,PF00069,Pkinase,Protein kinase domain,.[DNE][^PG][ST](([FYILMVW]..)|([^PEDGKN][FWYLIVM]).),AESTSVD,341,347,FOXM1_HUMAN,Homo sapiens,19160488,true positive,44,0,disordered
ELME000442,MOD_Plk_1,Polo-like kinase phosphosites,MOD,Ser/Thr residue phosphorylated by the Plk1 kinase,PF00069,Pkinase,Protein kinase domain,.[DNE][^PG][ST](([FYILMVW]..)|([^PEDGKN][FWYLIVM]).),AESTSVD,341,347,IKKB_HUMAN,Homo sapiens,18957422,true positive,44,0,disordered
ELME000442,MOD_Plk_1,Polo-like kinase phosphosites,MOD,Ser/Thr residue phosphorylated by the Plk1 kinase,PF00069,Pkinase,Protein kinase domain,.[DNE][^PG][ST](([FYILMVW]..)|([^PEDGKN][FWYLIVM]).),AESTSVD,341,347,KIZ_HUMAN,Homo sapiens,16980960,true positive,44,0,disordered
ELME000442,MOD_Plk_1,Polo-like kinase phosphosites,MOD,Ser/Thr residue phosphorylated by the Plk1 kinase,PF00069,Pkinase,Protein kinase domain,.[DNE][^PG][ST](([FYILMVW]..)|([^PEDGKN][FWYLIVM]).),AESTSVD,341,347,MAD3_YEAST,Saccharomyces cerevisiae,15970700,true positive,44,0,disordered
ELME000442,MOD_Plk_1,Polo-like kinase phosphosites,MOD,Ser/Thr residue phosphorylated by the Plk1 kinase,PF00069,Pkinase,Protein kinase domain,.[DNE][^PG][ST](([FYILMVW]..)|([^PEDGKN][FWYLIVM]).),AESTSVD,341,347,MID1_SCHPO,Schizosaccharomyces pombe 972h-,21376600,true positive,44,0,disordered
ELME000442,MOD_Plk_1,Polo-like kinase phosphosites,MOD,Ser/Thr residue phosphorylated by the Plk1 kinase,PF00069,Pkinase,Protein kinase domain,.[DNE][^PG][ST](([FYILMVW]..)|([^PEDGKN][FWYLIVM]).),AESTSVD,341,347,MPIP3_HUMAN,Homo sapiens,12738781 11897663,true positive,44,0,disordered
ELME000442,MOD_Plk_1,Polo-like kinase phosphosites,MOD,Ser/Thr residue phosphorylated by the Plk1 kinase,PF00069,Pkinase,Protein kinase domain,.[DNE][^PG][ST](([FYILMVW]..)|([^PEDGKN][FWYLIVM]).),AESTSVD,341,347,NDD1_YEAST,Saccharomyces cerevisiae S288c,17122856,true positive,44,0,disordered
ELME000442,MOD_Plk_1,Polo-like kinase phosphosites,MOD,Ser/Thr residue phosphorylated by the Plk1 kinase,PF00069,Pkinase,Protein kinase domain,.[DNE][^PG][ST](([FYILMVW]..)|([^PEDGKN][FWYLIVM]).),AESTSVD,341,347,NEDD1_HUMAN,Homo sapiens,19509060,true positive,44,0,disordered
ELME000442,MOD_Plk_1,Polo-like kinase phosphosites,MOD,Ser/Thr residue phosphorylated by the Plk1 kinase,PF00069,Pkinase,Protein kinase domain,.[DNE][^PG][ST](([FYILMVW]..)|([^PEDGKN][FWYLIVM]).),AESTSVD,341,347,O96561_DROME,Drosophila melanogaster,27238966,true positive,44,0,disordered
ELME000442,MOD_Plk_1,Polo-like kinase phosphosites,MOD,Ser/Thr residue phosphorylated by the Plk1 kinase,PF00069,Pkinase,Protein kinase domain,.[DNE][^PG][ST](([FYILMVW]..)|([^PEDGKN][FWYLIVM]).),AESTSVD,341,347,PINX1_HUMAN,Homo sapiens,20573420,true positive,44,0,disordered
ELME000442,MOD_Plk_1,Polo-like kinase phosphosites,MOD,Ser/Thr residue phosphorylated by the Plk1 kinase,PF00069,Pkinase,Protein kinase domain,.[DNE][^PG][ST](([FYILMVW]..)|([^PEDGKN][FWYLIVM]).),AESTSVD,341,347,PMYT1_HUMAN,Homo sapiens,12738781 21498573,true positive,44,0,disordered
ELME000442,MOD_Plk_1,Polo-like kinase phosphosites,MOD,Ser/Thr residue phosphorylated by the Plk1 kinase,PF00069,Pkinase,Protein kinase domain,.[DNE][^PG][ST](([FYILMVW]..)|([^PEDGKN][FWYLIVM]).),AESTSVD,341,347,PMYT1_HUMAN,Homo sapiens,21498573,true positive,44,0,disordered
ELME000442,MOD_Plk_1,Polo-like kinase phosphosites,MOD,Ser/Thr residue phosphorylated by the Plk1 kinase,PF00069,Pkinase,Protein kinase domain,.[DNE][^PG][ST](([FYILMVW]..)|([^PEDGKN][FWYLIVM]).),AESTSVD,341,347,RGAP1_HUMAN,Homo sapiens,19468300,true positive,44,0,disordered
ELME000442,MOD_Plk_1,Polo-like kinase phosphosites,MOD,Ser/Thr residue phosphorylated by the Plk1 kinase,PF00069,Pkinase,Protein kinase domain,.[DNE][^PG][ST](([FYILMVW]..)|([^PEDGKN][FWYLIVM]).),AESTSVD,341,347,RGAP1_HUMAN,Homo sapiens,19468302 19468300,true positive,44,0,disordered
ELME000442,MOD_Plk_1,Polo-like kinase phosphosites,MOD,Ser/Thr residue phosphorylated by the Plk1 kinase,PF00069,Pkinase,Protein kinase domain,.[DNE][^PG][ST](([FYILMVW]..)|([^PEDGKN][FWYLIVM]).),AESTSVD,341,347,SCC1_YEAST,Saccharomyces cerevisiae S288c,11371343,true positive,44,0,disordered
ELME000442,MOD_Plk_1,Polo-like kinase phosphosites,MOD,Ser/Thr residue phosphorylated by the Plk1 kinase,PF00069,Pkinase,Protein kinase domain,.[DNE][^PG][ST](([FYILMVW]..)|([^PEDGKN][FWYLIVM]).),AESTSVD,341,347,SFI1_YEAST,Saccharomyces cerevisiae S288c,24954044,true positive,44,0,disordered
ELME000442,MOD_Plk_1,Polo-like kinase phosphosites,MOD,Ser/Thr residue phosphorylated by the Plk1 kinase,PF00069,Pkinase,Protein kinase domain,.[DNE][^PG][ST](([FYILMVW]..)|([^PEDGKN][FWYLIVM]).),AESTSVD,341,347,SLD2_YEAST,Saccharomyces cerevisiae S288c,27705801,true positive,44,0,disordered
ELME000442,MOD_Plk_1,Polo-like kinase phosphosites,MOD,Ser/Thr residue phosphorylated by the Plk1 kinase,PF00069,Pkinase,Protein kinase domain,.[DNE][^PG][ST](([FYILMVW]..)|([^PEDGKN][FWYLIVM]).),AESTSVD,341,347,SPC7_SCHPO,Schizosaccharomyces pombe 972h-,28497540,true positive,44,0,disordered
ELME000442,MOD_Plk_1,Polo-like kinase phosphosites,MOD,Ser/Thr residue phosphorylated by the Plk1 kinase,PF00069,Pkinase,Protein kinase domain,.[DNE][^PG][ST](([FYILMVW]..)|([^PEDGKN][FWYLIVM]).),AESTSVD,341,347,SRBP1_HUMAN,Homo sapiens,27579997,true positive,44,0,disordered
ELME000442,MOD_Plk_1,Polo-like kinase phosphosites,MOD,Ser/Thr residue phosphorylated by the Plk1 kinase,PF00069,Pkinase,Protein kinase domain,.[DNE][^PG][ST](([FYILMVW]..)|([^PEDGKN][FWYLIVM]).),AESTSVD,341,347,SRBP1_HUMAN,Homo sapiens,27579998,true positive,44,0,disordered
ELME000442,MOD_Plk_1,Polo-like kinase phosphosites,MOD,Ser/Thr residue phosphorylated by the Plk1 kinase,PF00069,Pkinase,Protein kinase domain,.[DNE][^PG][ST](([FYILMVW]..)|([^PEDGKN][FWYLIVM]).),AESTSVD,341,347,TOPRS_HUMAN,Homo sapiens,19473992,true positive,44,0,disordered
ELME000442,MOD_Plk_1,Polo-like kinase phosphosites,MOD,Ser/Thr residue phosphorylated by the Plk1 kinase,PF00069,Pkinase,Protein kinase domain,.[DNE][^PG][ST](([FYILMVW]..)|([^PEDGKN][FWYLIVM]).),AESTSVD,341,347,VIME_MOUSE,Mus musculus,16260496,true positive,44,0,disordered
ELME000442,MOD_Plk_1,Polo-like kinase phosphosites,MOD,Ser/Thr residue phosphorylated by the Plk1 kinase,PF00069,Pkinase,Protein kinase domain,.[DNE][^PG][ST](([FYILMVW]..)|([^PEDGKN][FWYLIVM]).),AESTSVD,341,347,WEE1_HUMAN,Homo sapiens,15070733,true positive,44,0,disordered
ELME000442,MOD_Plk_1,Polo-like kinase phosphosites,MOD,Ser/Thr residue phosphorylated by the Plk1 kinase,PF00069,Pkinase,Protein kinase domain,.[DNE][^PG][ST](([FYILMVW]..)|([^PEDGKN][FWYLIVM]).),EEDSISV,365,371,BRCA2_HUMAN,Homo sapiens,12815053,true positive,44,0,disordered
ELME000442,MOD_Plk_1,Polo-like kinase phosphosites,MOD,Ser/Thr residue phosphorylated by the Plk1 kinase,PF00069,Pkinase,Protein kinase domain,.[DNE][^PG][ST](([FYILMVW]..)|([^PEDGKN][FWYLIVM]).),EEDSISV,365,371,CDH1_YEAST,Saccharomyces cerevisiae S288c,1850033,true positive,44,0,disordered
ELME000442,MOD_Plk_1,Polo-like kinase phosphosites,MOD,Ser/Thr residue phosphorylated by the Plk1 kinase,PF00069,Pkinase,Protein kinase domain,.[DNE][^PG][ST](([FYILMVW]..)|([^PEDGKN][FWYLIVM]).),EEDSISV,365,371,CND1_YEAST,Saccharomyces cerevisiae S288c,19481522,true positive,44,0,disordered
ELME000442,MOD_Plk_1,Polo-like kinase phosphosites,MOD,Ser/Thr residue phosphorylated by the Plk1 kinase,PF00069,Pkinase,Protein kinase domain,.[DNE][^PG][ST](([FYILMVW]..)|([^PEDGKN][FWYLIVM]).),EEDSISV,365,371,CND2_YEAST,Saccharomyces cerevisiae S288c,19481522,true positive,44,0,disordered
ELME000442,MOD_Plk_1,Polo-like kinase phosphosites,MOD,Ser/Thr residue phosphorylated by the Plk1 kinase,PF00069,Pkinase,Protein kinase domain,.[DNE][^PG][ST](([FYILMVW]..)|([^PEDGKN][FWYLIVM]).),EEDSISV,365,371,CND3_YEAST,Saccharomyces cerevisiae S288c,19481522,true positive,44,0,disordered
ELME000442,MOD_Plk_1,Polo-like kinase phosphosites,MOD,Ser/Thr residue phosphorylated by the Plk1 kinase,PF00069,Pkinase,Protein kinase domain,.[DNE][^PG][ST](([FYILMVW]..)|([^PEDGKN][FWYLIVM]).),EEDSISV,365,371,CNDD3_HUMAN,Homo sapiens,21498573,true positive,44,0,disordered
ELME000442,MOD_Plk_1,Polo-like kinase phosphosites,MOD,Ser/Thr residue phosphorylated by the Plk1 kinase,PF00069,Pkinase,Protein kinase domain,.[DNE][^PG][ST](([FYILMVW]..)|([^PEDGKN][FWYLIVM]).),EEDSISV,365,371,CYK2_YEAST,Saccharomyces cerevisiae S288c,21498574,true positive,44,0,disordered
ELME000442,MOD_Plk_1,Polo-like kinase phosphosites,MOD,Ser/Thr residue phosphorylated by the Plk1 kinase,PF00069,Pkinase,Protein kinase domain,.[DNE][^PG][ST](([FYILMVW]..)|([^PEDGKN][FWYLIVM]).),EEDSISV,365,371,DAM1_SCHPO,Schizosaccharomyces pombe 972h-,22375062,true positive,44,0,disordered
ELME000442,MOD_Plk_1,Polo-like kinase phosphosites,MOD,Ser/Thr residue phosphorylated by the Plk1 kinase,PF00069,Pkinase,Protein kinase domain,.[DNE][^PG][ST](([FYILMVW]..)|([^PEDGKN][FWYLIVM]).),EEDSISV,365,371,FOXM1_HUMAN,Homo sapiens,19160488,true positive,44,0,disordered
ELME000442,MOD_Plk_1,Polo-like kinase phosphosites,MOD,Ser/Thr residue phosphorylated by the Plk1 kinase,PF00069,Pkinase,Protein kinase domain,.[DNE][^PG][ST](([FYILMVW]..)|([^PEDGKN][FWYLIVM]).),EEDSISV,365,371,IKKB_HUMAN,Homo sapiens,18957422,true positive,44,0,disordered
ELME000442,MOD_Plk_1,Polo-like kinase phosphosites,MOD,Ser/Thr residue phosphorylated by the Plk1 kinase,PF00069,Pkinase,Protein kinase domain,.[DNE][^PG][ST](([FYILMVW]..)|([^PEDGKN][FWYLIVM]).),EEDSISV,365,371,KIZ_HUMAN,Homo sapiens,16980960,true positive,44,0,disordered
ELME000442,MOD_Plk_1,Polo-like kinase phosphosites,MOD,Ser/Thr residue phosphorylated by the Plk1 kinase,PF00069,Pkinase,Protein kinase domain,.[DNE][^PG][ST](([FYILMVW]..)|([^PEDGKN][FWYLIVM]).),EEDSISV,365,371,MAD3_YEAST,Saccharomyces cerevisiae,15970700,true positive,44,0,disordered
ELME000442,MOD_Plk_1,Polo-like kinase phosphosites,MOD,Ser/Thr residue phosphorylated by the Plk1 kinase,PF00069,Pkinase,Protein kinase domain,.[DNE][^PG][ST](([FYILMVW]..)|([^PEDGKN][FWYLIVM]).),EEDSISV,365,371,MID1_SCHPO,Schizosaccharomyces pombe 972h-,21376600,true positive,44,0,disordered
ELME000442,MOD_Plk_1,Polo-like kinase phosphosites,MOD,Ser/Thr residue phosphorylated by the Plk1 kinase,PF00069,Pkinase,Protein kinase domain,.[DNE][^PG][ST](([FYILMVW]..)|([^PEDGKN][FWYLIVM]).),EEDSISV,365,371,MPIP3_HUMAN,Homo sapiens,12738781 11897663,true positive,44,0,disordered
ELME000442,MOD_Plk_1,Polo-like kinase phosphosites,MOD,Ser/Thr residue phosphorylated by the Plk1 kinase,PF00069,Pkinase,Protein kinase domain,.[DNE][^PG][ST](([FYILMVW]..)|([^PEDGKN][FWYLIVM]).),EEDSISV,365,371,NDD1_YEAST,Saccharomyces cerevisiae S288c,17122856,true positive,44,0,disordered
ELME000442,MOD_Plk_1,Polo-like kinase phosphosites,MOD,Ser/Thr residue phosphorylated by the Plk1 kinase,PF00069,Pkinase,Protein kinase domain,.[DNE][^PG][ST](([FYILMVW]..)|([^PEDGKN][FWYLIVM]).),EEDSISV,365,371,NEDD1_HUMAN,Homo sapiens,19509060,true positive,44,0,disordered
ELME000442,MOD_Plk_1,Polo-like kinase phosphosites,MOD,Ser/Thr residue phosphorylated by the Plk1 kinase,PF00069,Pkinase,Protein kinase domain,.[DNE][^PG][ST](([FYILMVW]..)|([^PEDGKN][FWYLIVM]).),EEDSISV,365,371,O96561_DROME,Drosophila melanogaster,27238966,true positive,44,0,disordered
ELME000442,MOD_Plk_1,Polo-like kinase phosphosites,MOD,Ser/Thr residue phosphorylated by the Plk1 kinase,PF00069,Pkinase,Protein kinase domain,.[DNE][^PG][ST](([FYILMVW]..)|([^PEDGKN][FWYLIVM]).),EEDSISV,365,371,PINX1_HUMAN,Homo sapiens,20573420,true positive,44,0,disordered
ELME000442,MOD_Plk_1,Polo-like kinase phosphosites,MOD,Ser/Thr residue phosphorylated by the Plk1 kinase,PF00069,Pkinase,Protein kinase domain,.[DNE][^PG][ST](([FYILMVW]..)|([^PEDGKN][FWYLIVM]).),EEDSISV,365,371,PMYT1_HUMAN,Homo sapiens,12738781 21498573,true positive,44,0,disordered
ELME000442,MOD_Plk_1,Polo-like kinase phosphosites,MOD,Ser/Thr residue phosphorylated by the Plk1 kinase,PF00069,Pkinase,Protein kinase domain,.[DNE][^PG][ST](([FYILMVW]..)|([^PEDGKN][FWYLIVM]).),EEDSISV,365,371,PMYT1_HUMAN,Homo sapiens,21498573,true positive,44,0,disordered
ELME000442,MOD_Plk_1,Polo-like kinase phosphosites,MOD,Ser/Thr residue phosphorylated by the Plk1 kinase,PF00069,Pkinase,Protein kinase domain,.[DNE][^PG][ST](([FYILMVW]..)|([^PEDGKN][FWYLIVM]).),EEDSISV,365,371,RGAP1_HUMAN,Homo sapiens,19468300,true positive,44,0,disordered
ELME000442,MOD_Plk_1,Polo-like kinase phosphosites,MOD,Ser/Thr residue phosphorylated by the Plk1 kinase,PF00069,Pkinase,Protein kinase domain,.[DNE][^PG][ST](([FYILMVW]..)|([^PEDGKN][FWYLIVM]).),EEDSISV,365,371,RGAP1_HUMAN,Homo sapiens,19468302 19468300,true positive,44,0,disordered
ELME000442,MOD_Plk_1,Polo-like kinase phosphosites,MOD,Ser/Thr residue phosphorylated by the Plk1 kinase,PF00069,Pkinase,Protein kinase domain,.[DNE][^PG][ST](([FYILMVW]..)|([^PEDGKN][FWYLIVM]).),EEDSISV,365,371,SCC1_YEAST,Saccharomyces cerevisiae S288c,11371343,true positive,44,0,disordered
ELME000442,MOD_Plk_1,Polo-like kinase phosphosites,MOD,Ser/Thr residue phosphorylated by the Plk1 kinase,PF00069,Pkinase,Protein kinase domain,.[DNE][^PG][ST](([FYILMVW]..)|([^PEDGKN][FWYLIVM]).),EEDSISV,365,371,SFI1_YEAST,Saccharomyces cerevisiae S288c,24954044,true positive,44,0,disordered
ELME000442,MOD_Plk_1,Polo-like kinase phosphosites,MOD,Ser/Thr residue phosphorylated by the Plk1 kinase,PF00069,Pkinase,Protein kinase domain,.[DNE][^PG][ST](([FYILMVW]..)|([^PEDGKN][FWYLIVM]).),EEDSISV,365,371,SLD2_YEAST,Saccharomyces cerevisiae S288c,27705801,true positive,44,0,disordered
ELME000442,MOD_Plk_1,Polo-like kinase phosphosites,MOD,Ser/Thr residue phosphorylated by the Plk1 kinase,PF00069,Pkinase,Protein kinase domain,.[DNE][^PG][ST](([FYILMVW]..)|([^PEDGKN][FWYLIVM]).),EEDSISV,365,371,SPC7_SCHPO,Schizosaccharomyces pombe 972h-,28497540,true positive,44,0,disordered
ELME000442,MOD_Plk_1,Polo-like kinase phosphosites,MOD,Ser/Thr residue phosphorylated by the Plk1 kinase,PF00069,Pkinase,Protein kinase domain,.[DNE][^PG][ST](([FYILMVW]..)|([^PEDGKN][FWYLIVM]).),EEDSISV,365,371,SRBP1_HUMAN,Homo sapiens,27579997,true positive,44,0,disordered
ELME000442,MOD_Plk_1,Polo-like kinase phosphosites,MOD,Ser/Thr residue phosphorylated by the Plk1 kinase,PF00069,Pkinase,Protein kinase domain,.[DNE][^PG][ST](([FYILMVW]..)|([^PEDGKN][FWYLIVM]).),EEDSISV,365,371,SRBP1_HUMAN,Homo sapiens,27579998,true positive,44,0,disordered
ELME000442,MOD_Plk_1,Polo-like kinase phosphosites,MOD,Ser/Thr residue phosphorylated by the Plk1 kinase,PF00069,Pkinase,Protein kinase domain,.[DNE][^PG][ST](([FYILMVW]..)|([^PEDGKN][FWYLIVM]).),EEDSISV,365,371,TOPRS_HUMAN,Homo sapiens,19473992,true positive,44,0,disordered
ELME000442,MOD_Plk_1,Polo-like kinase phosphosites,MOD,Ser/Thr residue phosphorylated by the Plk1 kinase,PF00069,Pkinase,Protein kinase domain,.[DNE][^PG][ST](([FYILMVW]..)|([^PEDGKN][FWYLIVM]).),EEDSISV,365,371,VIME_MOUSE,Mus musculus,16260496,true positive,44,0,disordered
ELME000442,MOD_Plk_1,Polo-like kinase phosphosites,MOD,Ser/Thr residue phosphorylated by the Plk1 kinase,PF00069,Pkinase,Protein kinase domain,.[DNE][^PG][ST](([FYILMVW]..)|([^PEDGKN][FWYLIVM]).),EEDSISV,365,371,WEE1_HUMAN,Homo sapiens,15070733,true positive,44,0,disordered
ELME000443,MOD_Plk_2-3,Polo-like kinase phosphosites,MOD,Ser/Thr residue phosphorylated by Plk2 and Plk3,PF00069,Pkinase,Protein kinase domain,[DE]..([ST])[EDILMVFWY](([DE].)|(.[DE])),ESTSVDV,342,348,MPIP3_HUMAN,Homo sapiens,14968113,true positive,3,0,disordered
ELME000443,MOD_Plk_2-3,Polo-like kinase phosphosites,MOD,Ser/Thr residue phosphorylated by Plk2 and Plk3,PF00069,Pkinase,Protein kinase domain,[DE]..([ST])[EDILMVFWY](([DE].)|(.[DE])),ESTSVDV,342,348,SYUA_HUMAN,Homo sapiens,19004816,true positive,3,0,disordered
ELME000443,MOD_Plk_2-3,Polo-like kinase phosphosites,MOD,Ser/Thr residue phosphorylated by Plk2 and Plk3,PF00069,Pkinase,Protein kinase domain,[DE]..([ST])[EDILMVFWY](([DE].)|(.[DE])),ESTSVDV,342,348,TOP2A_HUMAN,Homo sapiens,18062778,true positive,3,0,disordered
ELME000443,MOD_Plk_2-3,Polo-like kinase phosphosites,MOD,Ser/Thr residue phosphorylated by Plk2 and Plk3,PF00069,Pkinase,Protein kinase domain,[DE]..([ST])[EDILMVFWY](([DE].)|(.[DE])),DARSIDS,471,477,MPIP3_HUMAN,Homo sapiens,14968113,true positive,3,0,disordered
ELME000443,MOD_Plk_2-3,Polo-like kinase phosphosites,MOD,Ser/Thr residue phosphorylated by Plk2 and Plk3,PF00069,Pkinase,Protein kinase domain,[DE]..([ST])[EDILMVFWY](([DE].)|(.[DE])),DARSIDS,471,477,SYUA_HUMAN,Homo sapiens,19004816,true positive,3,0,disordered
ELME000443,MOD_Plk_2-3,Polo-like kinase phosphosites,MOD,Ser/Thr residue phosphorylated by Plk2 and Plk3,PF00069,Pkinase,Protein kinase domain,[DE]..([ST])[EDILMVFWY](([DE].)|(.[DE])),DARSIDS,471,477,TOP2A_HUMAN,Homo sapiens,18062778,true positive,3,0,disordered
ELME000159,MOD_ProDKin_1,MAPK Phosphorylation Site,MOD,Proline-Directed Kinase (e.g. MAPK) phosphorylation site in higher eukaryotes.,PF00069,Pkinase,Protein kinase domain,...([ST])P..,LEESPEN,352,358,A6P3E3_MOUSE,Mus musculus,16410316,true positive,38,0,disordered
ELME000159,MOD_ProDKin_1,MAPK Phosphorylation Site,MOD,Proline-Directed Kinase (e.g. MAPK) phosphorylation site in higher eukaryotes.,PF00069,Pkinase,Protein kinase domain,...([ST])P..,LEESPEN,352,358,BAZ1B_HUMAN,Homo sapiens,19776015,true positive,38,0,disordered
ELME000159,MOD_ProDKin_1,MAPK Phosphorylation Site,MOD,Proline-Directed Kinase (e.g. MAPK) phosphorylation site in higher eukaryotes.,PF00069,Pkinase,Protein kinase domain,...([ST])P..,LEESPEN,352,358,ELK4_HUMAN,Homo sapiens,9130707,true positive,38,0,disordered
ELME000159,MOD_ProDKin_1,MAPK Phosphorylation Site,MOD,Proline-Directed Kinase (e.g. MAPK) phosphorylation site in higher eukaryotes.,PF00069,Pkinase,Protein kinase domain,...([ST])P..,LEESPEN,352,358,ETV6_HUMAN,Homo sapiens,12435397,true positive,38,0,disordered
ELME000159,MOD_ProDKin_1,MAPK Phosphorylation Site,MOD,Proline-Directed Kinase (e.g. MAPK) phosphorylation site in higher eukaryotes.,PF00069,Pkinase,Protein kinase domain,...([ST])P..,LEESPEN,352,358,FAK1_HUMAN,Homo sapiens,12692126,true positive,38,0,disordered
ELME000159,MOD_ProDKin_1,MAPK Phosphorylation Site,MOD,Proline-Directed Kinase (e.g. MAPK) phosphorylation site in higher eukaryotes.,PF00069,Pkinase,Protein kinase domain,...([ST])P..,LEESPEN,352,358,FAK1_MOUSE,Mus musculus,19595712,true positive,38,0,disordered
ELME000159,MOD_ProDKin_1,MAPK Phosphorylation Site,MOD,Proline-Directed Kinase (e.g. MAPK) phosphorylation site in higher eukaryotes.,PF00069,Pkinase,Protein kinase domain,...([ST])P..,LEESPEN,352,358,GRB10_HUMAN,Homo sapiens,15952796,true positive,38,0,disordered
ELME000159,MOD_ProDKin_1,MAPK Phosphorylation Site,MOD,Proline-Directed Kinase (e.g. MAPK) phosphorylation site in higher eukaryotes.,PF00069,Pkinase,Protein kinase domain,...([ST])P..,LEESPEN,352,358,HIF1A_HUMAN,Homo sapiens,16954218,true positive,38,0,disordered
ELME000159,MOD_ProDKin_1,MAPK Phosphorylation Site,MOD,Proline-Directed Kinase (e.g. MAPK) phosphorylation site in higher eukaryotes.,PF00069,Pkinase,Protein kinase domain,...([ST])P..,LEESPEN,352,358,HSF1_HUMAN,Homo sapiens,8940068,true positive,38,0,disordered
ELME000159,MOD_ProDKin_1,MAPK Phosphorylation Site,MOD,Proline-Directed Kinase (e.g. MAPK) phosphorylation site in higher eukaryotes.,PF00069,Pkinase,Protein kinase domain,...([ST])P..,LEESPEN,352,358,INCA_CHLCV,Chlamydophila caviae GPIC,15230981,true positive,38,0,disordered
ELME000159,MOD_ProDKin_1,MAPK Phosphorylation Site,MOD,Proline-Directed Kinase (e.g. MAPK) phosphorylation site in higher eukaryotes.,PF00069,Pkinase,Protein kinase domain,...([ST])P..,LEESPEN,352,358,JDP2_MOUSE,Mus musculus,11602244,true positive,38,0,disordered
ELME000159,MOD_ProDKin_1,MAPK Phosphorylation Site,MOD,Proline-Directed Kinase (e.g. MAPK) phosphorylation site in higher eukaryotes.,PF00069,Pkinase,Protein kinase domain,...([ST])P..,LEESPEN,352,358,K2C8_HUMAN,Homo sapiens,11781324,true positive,38,0,disordered
ELME000159,MOD_ProDKin_1,MAPK Phosphorylation Site,MOD,Proline-Directed Kinase (e.g. MAPK) phosphorylation site in higher eukaryotes.,PF00069,Pkinase,Protein kinase domain,...([ST])P..,LEESPEN,352,358,LCK_MOUSE,Mus musculus,8226850 11847223,true positive,38,0,disordered
ELME000159,MOD_ProDKin_1,MAPK Phosphorylation Site,MOD,Proline-Directed Kinase (e.g. MAPK) phosphorylation site in higher eukaryotes.,PF00069,Pkinase,Protein kinase domain,...([ST])P..,LEESPEN,352,358,LIMA1_MOUSE,Mus musculus,17875928,true positive,38,0,disordered
ELME000159,MOD_ProDKin_1,MAPK Phosphorylation Site,MOD,Proline-Directed Kinase (e.g. MAPK) phosphorylation site in higher eukaryotes.,PF00069,Pkinase,Protein kinase domain,...([ST])P..,LEESPEN,352,358,MED1_MOUSE,Mus musculus,12356758,true positive,38,0,disordered
ELME000159,MOD_ProDKin_1,MAPK Phosphorylation Site,MOD,Proline-Directed Kinase (e.g. MAPK) phosphorylation site in higher eukaryotes.,PF00069,Pkinase,Protein kinase domain,...([ST])P..,LEESPEN,352,358,MYC_HUMAN,Homo sapiens,8035827 1651323,true positive,38,0,disordered
ELME000159,MOD_ProDKin_1,MAPK Phosphorylation Site,MOD,Proline-Directed Kinase (e.g. MAPK) phosphorylation site in higher eukaryotes.,PF00069,Pkinase,Protein kinase domain,...([ST])P..,LEESPEN,352,358,MYC_HUMAN,Homo sapiens,10551811,true positive,38,0,disordered
ELME000159,MOD_ProDKin_1,MAPK Phosphorylation Site,MOD,Proline-Directed Kinase (e.g. MAPK) phosphorylation site in higher eukaryotes.,PF00069,Pkinase,Protein kinase domain,...([ST])P..,LEESPEN,352,358,NFAC4_HUMAN,Homo sapiens,11997522,true positive,38,0,disordered
ELME000159,MOD_ProDKin_1,MAPK Phosphorylation Site,MOD,Proline-Directed Kinase (e.g. MAPK) phosphorylation site in higher eukaryotes.,PF00069,Pkinase,Protein kinase domain,...([ST])P..,LEESPEN,352,358,PAPOA_MOUSE,Mus musculus,18084034,true positive,38,0,disordered
ELME000159,MOD_ProDKin_1,MAPK Phosphorylation Site,MOD,Proline-Directed Kinase (e.g. MAPK) phosphorylation site in higher eukaryotes.,PF00069,Pkinase,Protein kinase domain,...([ST])P..,LEESPEN,352,358,PAX6_DANRE,Danio rerio,10329718,true positive,38,0,disordered
ELME000159,MOD_ProDKin_1,MAPK Phosphorylation Site,MOD,Proline-Directed Kinase (e.g. MAPK) phosphorylation site in higher eukaryotes.,PF00069,Pkinase,Protein kinase domain,...([ST])P..,LEESPEN,352,358,Q8K4N4_MOUSE,Mus musculus,15963504,true positive,38,0,disordered
ELME000159,MOD_ProDKin_1,MAPK Phosphorylation Site,MOD,Proline-Directed Kinase (e.g. MAPK) phosphorylation site in higher eukaryotes.,PF00069,Pkinase,Protein kinase domain,...([ST])P..,LEESPEN,352,358,RARA_HUMAN,Homo sapiens,15657432,true positive,38,0,disordered
ELME000159,MOD_ProDKin_1,MAPK Phosphorylation Site,MOD,Proline-Directed Kinase (e.g. MAPK) phosphorylation site in higher eukaryotes.,PF00069,Pkinase,Protein kinase domain,...([ST])P..,LEESPEN,352,358,SOS1_HUMAN,Homo sapiens,8816480,true positive,38,0,disordered
ELME000159,MOD_ProDKin_1,MAPK Phosphorylation Site,MOD,Proline-Directed Kinase (e.g. MAPK) phosphorylation site in higher eukaryotes.,PF00069,Pkinase,Protein kinase domain,...([ST])P..,LEESPEN,352,358,SP1_HUMAN,Homo sapiens,11904305,true positive,38,0,disordered
ELME000159,MOD_ProDKin_1,MAPK Phosphorylation Site,MOD,Proline-Directed Kinase (e.g. MAPK) phosphorylation site in higher eukaryotes.,PF00069,Pkinase,Protein kinase domain,...([ST])P..,LEESPEN,352,358,TACY_LISMO,Listeria monocytogenes EGD-e,14638761 11062133 16441444,true positive,38,0,disordered
ELME000159,MOD_ProDKin_1,MAPK Phosphorylation Site,MOD,Proline-Directed Kinase (e.g. MAPK) phosphorylation site in higher eukaryotes.,PF00069,Pkinase,Protein kinase domain,...([ST])P..,LEESPEN,352,358,TAL1_HUMAN,Homo sapiens,8423803,true positive,38,0,disordered
ELME000159,MOD_ProDKin_1,MAPK Phosphorylation Site,MOD,Proline-Directed Kinase (e.g. MAPK) phosphorylation site in higher eukaryotes.,PF00069,Pkinase,Protein kinase domain,...([ST])P..,LEESPEN,352,358,TOB1_HUMAN,Homo sapiens,12151396,true positive,38,0,disordered
ELME000159,MOD_ProDKin_1,MAPK Phosphorylation Site,MOD,Proline-Directed Kinase (e.g. MAPK) phosphorylation site in higher eukaryotes.,PF00069,Pkinase,Protein kinase domain,...([ST])P..,LSDTPHQ,372,378,A6P3E3_MOUSE,Mus musculus,16410316,true positive,38,0,disordered
ELME000159,MOD_ProDKin_1,MAPK Phosphorylation Site,MOD,Proline-Directed Kinase (e.g. MAPK) phosphorylation site in higher eukaryotes.,PF00069,Pkinase,Protein kinase domain,...([ST])P..,LSDTPHQ,372,378,BAZ1B_HUMAN,Homo sapiens,19776015,true positive,38,0,disordered
ELME000159,MOD_ProDKin_1,MAPK Phosphorylation Site,MOD,Proline-Directed Kinase (e.g. MAPK) phosphorylation site in higher eukaryotes.,PF00069,Pkinase,Protein kinase domain,...([ST])P..,LSDTPHQ,372,378,ELK4_HUMAN,Homo sapiens,9130707,true positive,38,0,disordered
ELME000159,MOD_ProDKin_1,MAPK Phosphorylation Site,MOD,Proline-Directed Kinase (e.g. MAPK) phosphorylation site in higher eukaryotes.,PF00069,Pkinase,Protein kinase domain,...([ST])P..,LSDTPHQ,372,378,ETV6_HUMAN,Homo sapiens,12435397,true positive,38,0,disordered
ELME000159,MOD_ProDKin_1,MAPK Phosphorylation Site,MOD,Proline-Directed Kinase (e.g. MAPK) phosphorylation site in higher eukaryotes.,PF00069,Pkinase,Protein kinase domain,...([ST])P..,LSDTPHQ,372,378,FAK1_HUMAN,Homo sapiens,12692126,true positive,38,0,disordered
ELME000159,MOD_ProDKin_1,MAPK Phosphorylation Site,MOD,Proline-Directed Kinase (e.g. MAPK) phosphorylation site in higher eukaryotes.,PF00069,Pkinase,Protein kinase domain,...([ST])P..,LSDTPHQ,372,378,FAK1_MOUSE,Mus musculus,19595712,true positive,38,0,disordered
ELME000159,MOD_ProDKin_1,MAPK Phosphorylation Site,MOD,Proline-Directed Kinase (e.g. MAPK) phosphorylation site in higher eukaryotes.,PF00069,Pkinase,Protein kinase domain,...([ST])P..,LSDTPHQ,372,378,GRB10_HUMAN,Homo sapiens,15952796,true positive,38,0,disordered
ELME000159,MOD_ProDKin_1,MAPK Phosphorylation Site,MOD,Proline-Directed Kinase (e.g. MAPK) phosphorylation site in higher eukaryotes.,PF00069,Pkinase,Protein kinase domain,...([ST])P..,LSDTPHQ,372,378,HIF1A_HUMAN,Homo sapiens,16954218,true positive,38,0,disordered
ELME000159,MOD_ProDKin_1,MAPK Phosphorylation Site,MOD,Proline-Directed Kinase (e.g. MAPK) phosphorylation site in higher eukaryotes.,PF00069,Pkinase,Protein kinase domain,...([ST])P..,LSDTPHQ,372,378,HSF1_HUMAN,Homo sapiens,8940068,true positive,38,0,disordered
ELME000159,MOD_ProDKin_1,MAPK Phosphorylation Site,MOD,Proline-Directed Kinase (e.g. MAPK) phosphorylation site in higher eukaryotes.,PF00069,Pkinase,Protein kinase domain,...([ST])P..,LSDTPHQ,372,378,INCA_CHLCV,Chlamydophila caviae GPIC,15230981,true positive,38,0,disordered
ELME000159,MOD_ProDKin_1,MAPK Phosphorylation Site,MOD,Proline-Directed Kinase (e.g. MAPK) phosphorylation site in higher eukaryotes.,PF00069,Pkinase,Protein kinase domain,...([ST])P..,LSDTPHQ,372,378,JDP2_MOUSE,Mus musculus,11602244,true positive,38,0,disordered
ELME000159,MOD_ProDKin_1,MAPK Phosphorylation Site,MOD,Proline-Directed Kinase (e.g. MAPK) phosphorylation site in higher eukaryotes.,PF00069,Pkinase,Protein kinase domain,...([ST])P..,LSDTPHQ,372,378,K2C8_HUMAN,Homo sapiens,11781324,true positive,38,0,disordered
ELME000159,MOD_ProDKin_1,MAPK Phosphorylation Site,MOD,Proline-Directed Kinase (e.g. MAPK) phosphorylation site in higher eukaryotes.,PF00069,Pkinase,Protein kinase domain,...([ST])P..,LSDTPHQ,372,378,LCK_MOUSE,Mus musculus,8226850 11847223,true positive,38,0,disordered
ELME000159,MOD_ProDKin_1,MAPK Phosphorylation Site,MOD,Proline-Directed Kinase (e.g. MAPK) phosphorylation site in higher eukaryotes.,PF00069,Pkinase,Protein kinase domain,...([ST])P..,LSDTPHQ,372,378,LIMA1_MOUSE,Mus musculus,17875928,true positive,38,0,disordered
ELME000159,MOD_ProDKin_1,MAPK Phosphorylation Site,MOD,Proline-Directed Kinase (e.g. MAPK) phosphorylation site in higher eukaryotes.,PF00069,Pkinase,Protein kinase domain,...([ST])P..,LSDTPHQ,372,378,MED1_MOUSE,Mus musculus,12356758,true positive,38,0,disordered
ELME000159,MOD_ProDKin_1,MAPK Phosphorylation Site,MOD,Proline-Directed Kinase (e.g. MAPK) phosphorylation site in higher eukaryotes.,PF00069,Pkinase,Protein kinase domain,...([ST])P..,LSDTPHQ,372,378,MYC_HUMAN,Homo sapiens,8035827 1651323,true positive,38,0,disordered
ELME000159,MOD_ProDKin_1,MAPK Phosphorylation Site,MOD,Proline-Directed Kinase (e.g. MAPK) phosphorylation site in higher eukaryotes.,PF00069,Pkinase,Protein kinase domain,...([ST])P..,LSDTPHQ,372,378,MYC_HUMAN,Homo sapiens,10551811,true positive,38,0,disordered
ELME000159,MOD_ProDKin_1,MAPK Phosphorylation Site,MOD,Proline-Directed Kinase (e.g. MAPK) phosphorylation site in higher eukaryotes.,PF00069,Pkinase,Protein kinase domain,...([ST])P..,LSDTPHQ,372,378,NFAC4_HUMAN,Homo sapiens,11997522,true positive,38,0,disordered
ELME000159,MOD_ProDKin_1,MAPK Phosphorylation Site,MOD,Proline-Directed Kinase (e.g. MAPK) phosphorylation site in higher eukaryotes.,PF00069,Pkinase,Protein kinase domain,...([ST])P..,LSDTPHQ,372,378,PAPOA_MOUSE,Mus musculus,18084034,true positive,38,0,disordered
ELME000159,MOD_ProDKin_1,MAPK Phosphorylation Site,MOD,Proline-Directed Kinase (e.g. MAPK) phosphorylation site in higher eukaryotes.,PF00069,Pkinase,Protein kinase domain,...([ST])P..,LSDTPHQ,372,378,PAX6_DANRE,Danio rerio,10329718,true positive,38,0,disordered
ELME000159,MOD_ProDKin_1,MAPK Phosphorylation Site,MOD,Proline-Directed Kinase (e.g. MAPK) phosphorylation site in higher eukaryotes.,PF00069,Pkinase,Protein kinase domain,...([ST])P..,LSDTPHQ,372,378,Q8K4N4_MOUSE,Mus musculus,15963504,true positive,38,0,disordered
ELME000159,MOD_ProDKin_1,MAPK Phosphorylation Site,MOD,Proline-Directed Kinase (e.g. MAPK) phosphorylation site in higher eukaryotes.,PF00069,Pkinase,Protein kinase domain,...([ST])P..,LSDTPHQ,372,378,RARA_HUMAN,Homo sapiens,15657432,true positive,38,0,disordered
ELME000159,MOD_ProDKin_1,MAPK Phosphorylation Site,MOD,Proline-Directed Kinase (e.g. MAPK) phosphorylation site in higher eukaryotes.,PF00069,Pkinase,Protein kinase domain,...([ST])P..,LSDTPHQ,372,378,SOS1_HUMAN,Homo sapiens,8816480,true positive,38,0,disordered
ELME000159,MOD_ProDKin_1,MAPK Phosphorylation Site,MOD,Proline-Directed Kinase (e.g. MAPK) phosphorylation site in higher eukaryotes.,PF00069,Pkinase,Protein kinase domain,...([ST])P..,LSDTPHQ,372,378,SP1_HUMAN,Homo sapiens,11904305,true positive,38,0,disordered
ELME000159,MOD_ProDKin_1,MAPK Phosphorylation Site,MOD,Proline-Directed Kinase (e.g. MAPK) phosphorylation site in higher eukaryotes.,PF00069,Pkinase,Protein kinase domain,...([ST])P..,LSDTPHQ,372,378,TACY_LISMO,Listeria monocytogenes EGD-e,14638761 11062133 16441444,true positive,38,0,disordered
ELME000159,MOD_ProDKin_1,MAPK Phosphorylation Site,MOD,Proline-Directed Kinase (e.g. MAPK) phosphorylation site in higher eukaryotes.,PF00069,Pkinase,Protein kinase domain,...([ST])P..,LSDTPHQ,372,378,TAL1_HUMAN,Homo sapiens,8423803,true positive,38,0,disordered
ELME000159,MOD_ProDKin_1,MAPK Phosphorylation Site,MOD,Proline-Directed Kinase (e.g. MAPK) phosphorylation site in higher eukaryotes.,PF00069,Pkinase,Protein kinase domain,...([ST])P..,LSDTPHQ,372,378,TOB1_HUMAN,Homo sapiens,12151396,true positive,38,0,disordered
ELME000159,MOD_ProDKin_1,MAPK Phosphorylation Site,MOD,Proline-Directed Kinase (e.g. MAPK) phosphorylation site in higher eukaryotes.,PF00069,Pkinase,Protein kinase domain,...([ST])P..,IFRTPPI,439,445,A6P3E3_MOUSE,Mus musculus,16410316,true positive,38,0,disordered
ELME000159,MOD_ProDKin_1,MAPK Phosphorylation Site,MOD,Proline-Directed Kinase (e.g. MAPK) phosphorylation site in higher eukaryotes.,PF00069,Pkinase,Protein kinase domain,...([ST])P..,IFRTPPI,439,445,BAZ1B_HUMAN,Homo sapiens,19776015,true positive,38,0,disordered
ELME000159,MOD_ProDKin_1,MAPK Phosphorylation Site,MOD,Proline-Directed Kinase (e.g. MAPK) phosphorylation site in higher eukaryotes.,PF00069,Pkinase,Protein kinase domain,...([ST])P..,IFRTPPI,439,445,ELK4_HUMAN,Homo sapiens,9130707,true positive,38,0,disordered
ELME000159,MOD_ProDKin_1,MAPK Phosphorylation Site,MOD,Proline-Directed Kinase (e.g. MAPK) phosphorylation site in higher eukaryotes.,PF00069,Pkinase,Protein kinase domain,...([ST])P..,IFRTPPI,439,445,ETV6_HUMAN,Homo sapiens,12435397,true positive,38,0,disordered
ELME000159,MOD_ProDKin_1,MAPK Phosphorylation Site,MOD,Proline-Directed Kinase (e.g. MAPK) phosphorylation site in higher eukaryotes.,PF00069,Pkinase,Protein kinase domain,...([ST])P..,IFRTPPI,439,445,FAK1_HUMAN,Homo sapiens,12692126,true positive,38,0,disordered
ELME000159,MOD_ProDKin_1,MAPK Phosphorylation Site,MOD,Proline-Directed Kinase (e.g. MAPK) phosphorylation site in higher eukaryotes.,PF00069,Pkinase,Protein kinase domain,...([ST])P..,IFRTPPI,439,445,FAK1_MOUSE,Mus musculus,19595712,true positive,38,0,disordered
ELME000159,MOD_ProDKin_1,MAPK Phosphorylation Site,MOD,Proline-Directed Kinase (e.g. MAPK) phosphorylation site in higher eukaryotes.,PF00069,Pkinase,Protein kinase domain,...([ST])P..,IFRTPPI,439,445,GRB10_HUMAN,Homo sapiens,15952796,true positive,38,0,disordered
ELME000159,MOD_ProDKin_1,MAPK Phosphorylation Site,MOD,Proline-Directed Kinase (e.g. MAPK) phosphorylation site in higher eukaryotes.,PF00069,Pkinase,Protein kinase domain,...([ST])P..,IFRTPPI,439,445,HIF1A_HUMAN,Homo sapiens,16954218,true positive,38,0,disordered
ELME000159,MOD_ProDKin_1,MAPK Phosphorylation Site,MOD,Proline-Directed Kinase (e.g. MAPK) phosphorylation site in higher eukaryotes.,PF00069,Pkinase,Protein kinase domain,...([ST])P..,IFRTPPI,439,445,HSF1_HUMAN,Homo sapiens,8940068,true positive,38,0,disordered
ELME000159,MOD_ProDKin_1,MAPK Phosphorylation Site,MOD,Proline-Directed Kinase (e.g. MAPK) phosphorylation site in higher eukaryotes.,PF00069,Pkinase,Protein kinase domain,...([ST])P..,IFRTPPI,439,445,INCA_CHLCV,Chlamydophila caviae GPIC,15230981,true positive,38,0,disordered
ELME000159,MOD_ProDKin_1,MAPK Phosphorylation Site,MOD,Proline-Directed Kinase (e.g. MAPK) phosphorylation site in higher eukaryotes.,PF00069,Pkinase,Protein kinase domain,...([ST])P..,IFRTPPI,439,445,JDP2_MOUSE,Mus musculus,11602244,true positive,38,0,disordered
ELME000159,MOD_ProDKin_1,MAPK Phosphorylation Site,MOD,Proline-Directed Kinase (e.g. MAPK) phosphorylation site in higher eukaryotes.,PF00069,Pkinase,Protein kinase domain,...([ST])P..,IFRTPPI,439,445,K2C8_HUMAN,Homo sapiens,11781324,true positive,38,0,disordered
ELME000159,MOD_ProDKin_1,MAPK Phosphorylation Site,MOD,Proline-Directed Kinase (e.g. MAPK) phosphorylation site in higher eukaryotes.,PF00069,Pkinase,Protein kinase domain,...([ST])P..,IFRTPPI,439,445,LCK_MOUSE,Mus musculus,8226850 11847223,true positive,38,0,disordered
ELME000159,MOD_ProDKin_1,MAPK Phosphorylation Site,MOD,Proline-Directed Kinase (e.g. MAPK) phosphorylation site in higher eukaryotes.,PF00069,Pkinase,Protein kinase domain,...([ST])P..,IFRTPPI,439,445,LIMA1_MOUSE,Mus musculus,17875928,true positive,38,0,disordered
ELME000159,MOD_ProDKin_1,MAPK Phosphorylation Site,MOD,Proline-Directed Kinase (e.g. MAPK) phosphorylation site in higher eukaryotes.,PF00069,Pkinase,Protein kinase domain,...([ST])P..,IFRTPPI,439,445,MED1_MOUSE,Mus musculus,12356758,true positive,38,0,disordered
ELME000159,MOD_ProDKin_1,MAPK Phosphorylation Site,MOD,Proline-Directed Kinase (e.g. MAPK) phosphorylation site in higher eukaryotes.,PF00069,Pkinase,Protein kinase domain,...([ST])P..,IFRTPPI,439,445,MYC_HUMAN,Homo sapiens,8035827 1651323,true positive,38,0,disordered
ELME000159,MOD_ProDKin_1,MAPK Phosphorylation Site,MOD,Proline-Directed Kinase (e.g. MAPK) phosphorylation site in higher eukaryotes.,PF00069,Pkinase,Protein kinase domain,...([ST])P..,IFRTPPI,439,445,MYC_HUMAN,Homo sapiens,10551811,true positive,38,0,disordered
ELME000159,MOD_ProDKin_1,MAPK Phosphorylation Site,MOD,Proline-Directed Kinase (e.g. MAPK) phosphorylation site in higher eukaryotes.,PF00069,Pkinase,Protein kinase domain,...([ST])P..,IFRTPPI,439,445,NFAC4_HUMAN,Homo sapiens,11997522,true positive,38,0,disordered
ELME000159,MOD_ProDKin_1,MAPK Phosphorylation Site,MOD,Proline-Directed Kinase (e.g. MAPK) phosphorylation site in higher eukaryotes.,PF00069,Pkinase,Protein kinase domain,...([ST])P..,IFRTPPI,439,445,PAPOA_MOUSE,Mus musculus,18084034,true positive,38,0,disordered
ELME000159,MOD_ProDKin_1,MAPK Phosphorylation Site,MOD,Proline-Directed Kinase (e.g. MAPK) phosphorylation site in higher eukaryotes.,PF00069,Pkinase,Protein kinase domain,...([ST])P..,IFRTPPI,439,445,PAX6_DANRE,Danio rerio,10329718,true positive,38,0,disordered
ELME000159,MOD_ProDKin_1,MAPK Phosphorylation Site,MOD,Proline-Directed Kinase (e.g. MAPK) phosphorylation site in higher eukaryotes.,PF00069,Pkinase,Protein kinase domain,...([ST])P..,IFRTPPI,439,445,Q8K4N4_MOUSE,Mus musculus,15963504,true positive,38,0,disordered
ELME000159,MOD_ProDKin_1,MAPK Phosphorylation Site,MOD,Proline-Directed Kinase (e.g. MAPK) phosphorylation site in higher eukaryotes.,PF00069,Pkinase,Protein kinase domain,...([ST])P..,IFRTPPI,439,445,RARA_HUMAN,Homo sapiens,15657432,true positive,38,0,disordered
ELME000159,MOD_ProDKin_1,MAPK Phosphorylation Site,MOD,Proline-Directed Kinase (e.g. MAPK) phosphorylation site in higher eukaryotes.,PF00069,Pkinase,Protein kinase domain,...([ST])P..,IFRTPPI,439,445,SOS1_HUMAN,Homo sapiens,8816480,true positive,38,0,disordered
ELME000159,MOD_ProDKin_1,MAPK Phosphorylation Site,MOD,Proline-Directed Kinase (e.g. MAPK) phosphorylation site in higher eukaryotes.,PF00069,Pkinase,Protein kinase domain,...([ST])P..,IFRTPPI,439,445,SP1_HUMAN,Homo sapiens,11904305,true positive,38,0,disordered
ELME000159,MOD_ProDKin_1,MAPK Phosphorylation Site,MOD,Proline-Directed Kinase (e.g. MAPK) phosphorylation site in higher eukaryotes.,PF00069,Pkinase,Protein kinase domain,...([ST])P..,IFRTPPI,439,445,TACY_LISMO,Listeria monocytogenes EGD-e,14638761 11062133 16441444,true positive,38,0,disordered
ELME000159,MOD_ProDKin_1,MAPK Phosphorylation Site,MOD,Proline-Directed Kinase (e.g. MAPK) phosphorylation site in higher eukaryotes.,PF00069,Pkinase,Protein kinase domain,...([ST])P..,IFRTPPI,439,445,TAL1_HUMAN,Homo sapiens,8423803,true positive,38,0,disordered
ELME000159,MOD_ProDKin_1,MAPK Phosphorylation Site,MOD,Proline-Directed Kinase (e.g. MAPK) phosphorylation site in higher eukaryotes.,PF00069,Pkinase,Protein kinase domain,...([ST])P..,IFRTPPI,439,445,TOB1_HUMAN,Homo sapiens,12151396,true positive,38,0,disordered
ELME000159,MOD_ProDKin_1,MAPK Phosphorylation Site,MOD,Proline-Directed Kinase (e.g. MAPK) phosphorylation site in higher eukaryotes.,PF00069,Pkinase,Protein kinase domain,...([ST])P..,KFRTPPV,502,508,A6P3E3_MOUSE,Mus musculus,16410316,true positive,38,0,disordered
ELME000159,MOD_ProDKin_1,MAPK Phosphorylation Site,MOD,Proline-Directed Kinase (e.g. MAPK) phosphorylation site in higher eukaryotes.,PF00069,Pkinase,Protein kinase domain,...([ST])P..,KFRTPPV,502,508,BAZ1B_HUMAN,Homo sapiens,19776015,true positive,38,0,disordered
ELME000159,MOD_ProDKin_1,MAPK Phosphorylation Site,MOD,Proline-Directed Kinase (e.g. MAPK) phosphorylation site in higher eukaryotes.,PF00069,Pkinase,Protein kinase domain,...([ST])P..,KFRTPPV,502,508,ELK4_HUMAN,Homo sapiens,9130707,true positive,38,0,disordered
ELME000159,MOD_ProDKin_1,MAPK Phosphorylation Site,MOD,Proline-Directed Kinase (e.g. MAPK) phosphorylation site in higher eukaryotes.,PF00069,Pkinase,Protein kinase domain,...([ST])P..,KFRTPPV,502,508,ETV6_HUMAN,Homo sapiens,12435397,true positive,38,0,disordered
ELME000159,MOD_ProDKin_1,MAPK Phosphorylation Site,MOD,Proline-Directed Kinase (e.g. MAPK) phosphorylation site in higher eukaryotes.,PF00069,Pkinase,Protein kinase domain,...([ST])P..,KFRTPPV,502,508,FAK1_HUMAN,Homo sapiens,12692126,true positive,38,0,disordered
ELME000159,MOD_ProDKin_1,MAPK Phosphorylation Site,MOD,Proline-Directed Kinase (e.g. MAPK) phosphorylation site in higher eukaryotes.,PF00069,Pkinase,Protein kinase domain,...([ST])P..,KFRTPPV,502,508,FAK1_MOUSE,Mus musculus,19595712,true positive,38,0,disordered
ELME000159,MOD_ProDKin_1,MAPK Phosphorylation Site,MOD,Proline-Directed Kinase (e.g. MAPK) phosphorylation site in higher eukaryotes.,PF00069,Pkinase,Protein kinase domain,...([ST])P..,KFRTPPV,502,508,GRB10_HUMAN,Homo sapiens,15952796,true positive,38,0,disordered
ELME000159,MOD_ProDKin_1,MAPK Phosphorylation Site,MOD,Proline-Directed Kinase (e.g. MAPK) phosphorylation site in higher eukaryotes.,PF00069,Pkinase,Protein kinase domain,...([ST])P..,KFRTPPV,502,508,HIF1A_HUMAN,Homo sapiens,16954218,true positive,38,0,disordered
ELME000159,MOD_ProDKin_1,MAPK Phosphorylation Site,MOD,Proline-Directed Kinase (e.g. MAPK) phosphorylation site in higher eukaryotes.,PF00069,Pkinase,Protein kinase domain,...([ST])P..,KFRTPPV,502,508,HSF1_HUMAN,Homo sapiens,8940068,true positive,38,0,disordered
ELME000159,MOD_ProDKin_1,MAPK Phosphorylation Site,MOD,Proline-Directed Kinase (e.g. MAPK) phosphorylation site in higher eukaryotes.,PF00069,Pkinase,Protein kinase domain,...([ST])P..,KFRTPPV,502,508,INCA_CHLCV,Chlamydophila caviae GPIC,15230981,true positive,38,0,disordered
ELME000159,MOD_ProDKin_1,MAPK Phosphorylation Site,MOD,Proline-Directed Kinase (e.g. MAPK) phosphorylation site in higher eukaryotes.,PF00069,Pkinase,Protein kinase domain,...([ST])P..,KFRTPPV,502,508,JDP2_MOUSE,Mus musculus,11602244,true positive,38,0,disordered
ELME000159,MOD_ProDKin_1,MAPK Phosphorylation Site,MOD,Proline-Directed Kinase (e.g. MAPK) phosphorylation site in higher eukaryotes.,PF00069,Pkinase,Protein kinase domain,...([ST])P..,KFRTPPV,502,508,K2C8_HUMAN,Homo sapiens,11781324,true positive,38,0,disordered
ELME000159,MOD_ProDKin_1,MAPK Phosphorylation Site,MOD,Proline-Directed Kinase (e.g. MAPK) phosphorylation site in higher eukaryotes.,PF00069,Pkinase,Protein kinase domain,...([ST])P..,KFRTPPV,502,508,LCK_MOUSE,Mus musculus,8226850 11847223,true positive,38,0,disordered
ELME000159,MOD_ProDKin_1,MAPK Phosphorylation Site,MOD,Proline-Directed Kinase (e.g. MAPK) phosphorylation site in higher eukaryotes.,PF00069,Pkinase,Protein kinase domain,...([ST])P..,KFRTPPV,502,508,LIMA1_MOUSE,Mus musculus,17875928,true positive,38,0,disordered
ELME000159,MOD_ProDKin_1,MAPK Phosphorylation Site,MOD,Proline-Directed Kinase (e.g. MAPK) phosphorylation site in higher eukaryotes.,PF00069,Pkinase,Protein kinase domain,...([ST])P..,KFRTPPV,502,508,MED1_MOUSE,Mus musculus,12356758,true positive,38,0,disordered
ELME000159,MOD_ProDKin_1,MAPK Phosphorylation Site,MOD,Proline-Directed Kinase (e.g. MAPK) phosphorylation site in higher eukaryotes.,PF00069,Pkinase,Protein kinase domain,...([ST])P..,KFRTPPV,502,508,MYC_HUMAN,Homo sapiens,8035827 1651323,true positive,38,0,disordered
ELME000159,MOD_ProDKin_1,MAPK Phosphorylation Site,MOD,Proline-Directed Kinase (e.g. MAPK) phosphorylation site in higher eukaryotes.,PF00069,Pkinase,Protein kinase domain,...([ST])P..,KFRTPPV,502,508,MYC_HUMAN,Homo sapiens,10551811,true positive,38,0,disordered
ELME000159,MOD_ProDKin_1,MAPK Phosphorylation Site,MOD,Proline-Directed Kinase (e.g. MAPK) phosphorylation site in higher eukaryotes.,PF00069,Pkinase,Protein kinase domain,...([ST])P..,KFRTPPV,502,508,NFAC4_HUMAN,Homo sapiens,11997522,true positive,38,0,disordered
ELME000159,MOD_ProDKin_1,MAPK Phosphorylation Site,MOD,Proline-Directed Kinase (e.g. MAPK) phosphorylation site in higher eukaryotes.,PF00069,Pkinase,Protein kinase domain,...([ST])P..,KFRTPPV,502,508,PAPOA_MOUSE,Mus musculus,18084034,true positive,38,0,disordered
ELME000159,MOD_ProDKin_1,MAPK Phosphorylation Site,MOD,Proline-Directed Kinase (e.g. MAPK) phosphorylation site in higher eukaryotes.,PF00069,Pkinase,Protein kinase domain,...([ST])P..,KFRTPPV,502,508,PAX6_DANRE,Danio rerio,10329718,true positive,38,0,disordered
ELME000159,MOD_ProDKin_1,MAPK Phosphorylation Site,MOD,Proline-Directed Kinase (e.g. MAPK) phosphorylation site in higher eukaryotes.,PF00069,Pkinase,Protein kinase domain,...([ST])P..,KFRTPPV,502,508,Q8K4N4_MOUSE,Mus musculus,15963504,true positive,38,0,disordered
ELME000159,MOD_ProDKin_1,MAPK Phosphorylation Site,MOD,Proline-Directed Kinase (e.g. MAPK) phosphorylation site in higher eukaryotes.,PF00069,Pkinase,Protein kinase domain,...([ST])P..,KFRTPPV,502,508,RARA_HUMAN,Homo sapiens,15657432,true positive,38,0,disordered
ELME000159,MOD_ProDKin_1,MAPK Phosphorylation Site,MOD,Proline-Directed Kinase (e.g. MAPK) phosphorylation site in higher eukaryotes.,PF00069,Pkinase,Protein kinase domain,...([ST])P..,KFRTPPV,502,508,SOS1_HUMAN,Homo sapiens,8816480,true positive,38,0,disordered
ELME000159,MOD_ProDKin_1,MAPK Phosphorylation Site,MOD,Proline-Directed Kinase (e.g. MAPK) phosphorylation site in higher eukaryotes.,PF00069,Pkinase,Protein kinase domain,...([ST])P..,KFRTPPV,502,508,SP1_HUMAN,Homo sapiens,11904305,true positive,38,0,disordered
ELME000159,MOD_ProDKin_1,MAPK Phosphorylation Site,MOD,Proline-Directed Kinase (e.g. MAPK) phosphorylation site in higher eukaryotes.,PF00069,Pkinase,Protein kinase domain,...([ST])P..,KFRTPPV,502,508,TACY_LISMO,Listeria monocytogenes EGD-e,14638761 11062133 16441444,true positive,38,0,disordered
ELME000159,MOD_ProDKin_1,MAPK Phosphorylation Site,MOD,Proline-Directed Kinase (e.g. MAPK) phosphorylation site in higher eukaryotes.,PF00069,Pkinase,Protein kinase domain,...([ST])P..,KFRTPPV,502,508,TAL1_HUMAN,Homo sapiens,8423803,true positive,38,0,disordered
ELME000159,MOD_ProDKin_1,MAPK Phosphorylation Site,MOD,Proline-Directed Kinase (e.g. MAPK) phosphorylation site in higher eukaryotes.,PF00069,Pkinase,Protein kinase domain,...([ST])P..,KFRTPPV,502,508,TOB1_HUMAN,Homo sapiens,12151396,true positive,38,0,disordered
ELME000012,TRG_ER_diArg_1,di Arginine retention/retrieving signal,TRG,The di-Arg ER retention motif is defined by two consecutive arginine residues (RR) or with a single residue insertion (RXR). The motif is completed by an adjacent hydrophobic/arginine residue which may be on either side of the Arg pair.,PF00400,WD40,"WD domain, G-beta repeat","([LIVMFYWPR]R[^YFWDE]{0,1}R)|(R[^YFWDE]{0,1}R[LIVMFYWPR])",PRPR,446,449,ABCC8_HUMAN,Homo sapiens,10197533,true positive,27,0,disordered
ELME000012,TRG_ER_diArg_1,di Arginine retention/retrieving signal,TRG,The di-Arg ER retention motif is defined by two consecutive arginine residues (RR) or with a single residue insertion (RXR). The motif is completed by an adjacent hydrophobic/arginine residue which may be on either side of the Arg pair.,PF00400,WD40,"WD domain, G-beta repeat","([LIVMFYWPR]R[^YFWDE]{0,1}R)|(R[^YFWDE]{0,1}R[LIVMFYWPR])",PRPR,446,449,ADA10_HUMAN,Homo sapiens,20100836,true positive,27,0,disordered
ELME000012,TRG_ER_diArg_1,di Arginine retention/retrieving signal,TRG,The di-Arg ER retention motif is defined by two consecutive arginine residues (RR) or with a single residue insertion (RXR). The motif is completed by an adjacent hydrophobic/arginine residue which may be on either side of the Arg pair.,PF00400,WD40,"WD domain, G-beta repeat","([LIVMFYWPR]R[^YFWDE]{0,1}R)|(R[^YFWDE]{0,1}R[LIVMFYWPR])",PRPR,446,449,ADA22_HUMAN,Homo sapiens,16868027,true positive,27,0,disordered
ELME000012,TRG_ER_diArg_1,di Arginine retention/retrieving signal,TRG,The di-Arg ER retention motif is defined by two consecutive arginine residues (RR) or with a single residue insertion (RXR). The motif is completed by an adjacent hydrophobic/arginine residue which may be on either side of the Arg pair.,PF00400,WD40,"WD domain, G-beta repeat","([LIVMFYWPR]R[^YFWDE]{0,1}R)|(R[^YFWDE]{0,1}R[LIVMFYWPR])",PRPR,446,449,C8ZIX9_YEAS8,Saccharomyces cerevisiae EC1118,18083825,true positive,27,0,disordered
ELME000012,TRG_ER_diArg_1,di Arginine retention/retrieving signal,TRG,The di-Arg ER retention motif is defined by two consecutive arginine residues (RR) or with a single residue insertion (RXR). The motif is completed by an adjacent hydrophobic/arginine residue which may be on either side of the Arg pair.,PF00400,WD40,"WD domain, G-beta repeat","([LIVMFYWPR]R[^YFWDE]{0,1}R)|(R[^YFWDE]{0,1}R[LIVMFYWPR])",PRPR,446,449,GABR1_HUMAN,Homo sapiens,10939334,true positive,27,0,disordered
ELME000012,TRG_ER_diArg_1,di Arginine retention/retrieving signal,TRG,The di-Arg ER retention motif is defined by two consecutive arginine residues (RR) or with a single residue insertion (RXR). The motif is completed by an adjacent hydrophobic/arginine residue which may be on either side of the Arg pair.,PF00400,WD40,"WD domain, G-beta repeat","([LIVMFYWPR]R[^YFWDE]{0,1}R)|(R[^YFWDE]{0,1}R[LIVMFYWPR])",PRPR,446,449,GPR15_HUMAN,Homo sapiens,21189250,true positive,27,0,disordered
ELME000012,TRG_ER_diArg_1,di Arginine retention/retrieving signal,TRG,The di-Arg ER retention motif is defined by two consecutive arginine residues (RR) or with a single residue insertion (RXR). The motif is completed by an adjacent hydrophobic/arginine residue which may be on either side of the Arg pair.,PF00400,WD40,"WD domain, G-beta repeat","([LIVMFYWPR]R[^YFWDE]{0,1}R)|(R[^YFWDE]{0,1}R[LIVMFYWPR])",PRPR,446,449,GRIK5_HUMAN,Homo sapiens,12878702,true positive,27,0,disordered
ELME000012,TRG_ER_diArg_1,di Arginine retention/retrieving signal,TRG,The di-Arg ER retention motif is defined by two consecutive arginine residues (RR) or with a single residue insertion (RXR). The motif is completed by an adjacent hydrophobic/arginine residue which may be on either side of the Arg pair.,PF00400,WD40,"WD domain, G-beta repeat","([LIVMFYWPR]R[^YFWDE]{0,1}R)|(R[^YFWDE]{0,1}R[LIVMFYWPR])",PRPR,446,449,HG2A_HUMAN,Homo sapiens,8157008,true positive,27,0,disordered
ELME000012,TRG_ER_diArg_1,di Arginine retention/retrieving signal,TRG,The di-Arg ER retention motif is defined by two consecutive arginine residues (RR) or with a single residue insertion (RXR). The motif is completed by an adjacent hydrophobic/arginine residue which may be on either side of the Arg pair.,PF00400,WD40,"WD domain, G-beta repeat","([LIVMFYWPR]R[^YFWDE]{0,1}R)|(R[^YFWDE]{0,1}R[LIVMFYWPR])",PRPR,446,449,HMDH_NICSY,Nicotiana sylvestris,8970721,true positive,27,0,disordered
ELME000012,TRG_ER_diArg_1,di Arginine retention/retrieving signal,TRG,The di-Arg ER retention motif is defined by two consecutive arginine residues (RR) or with a single residue insertion (RXR). The motif is completed by an adjacent hydrophobic/arginine residue which may be on either side of the Arg pair.,PF00400,WD40,"WD domain, G-beta repeat","([LIVMFYWPR]R[^YFWDE]{0,1}R)|(R[^YFWDE]{0,1}R[LIVMFYWPR])",PRPR,446,449,IRK11_HUMAN,Homo sapiens,10197533 12699619,true positive,27,0,disordered
ELME000012,TRG_ER_diArg_1,di Arginine retention/retrieving signal,TRG,The di-Arg ER retention motif is defined by two consecutive arginine residues (RR) or with a single residue insertion (RXR). The motif is completed by an adjacent hydrophobic/arginine residue which may be on either side of the Arg pair.,PF00400,WD40,"WD domain, G-beta repeat","([LIVMFYWPR]R[^YFWDE]{0,1}R)|(R[^YFWDE]{0,1}R[LIVMFYWPR])",PRPR,446,449,IRK8_HUMAN,Homo sapiens,10197533,true positive,27,0,disordered
ELME000012,TRG_ER_diArg_1,di Arginine retention/retrieving signal,TRG,The di-Arg ER retention motif is defined by two consecutive arginine residues (RR) or with a single residue insertion (RXR). The motif is completed by an adjacent hydrophobic/arginine residue which may be on either side of the Arg pair.,PF00400,WD40,"WD domain, G-beta repeat","([LIVMFYWPR]R[^YFWDE]{0,1}R)|(R[^YFWDE]{0,1}R[LIVMFYWPR])",PRPR,446,449,MSHR_HUMAN,Homo sapiens,19452503,true positive,27,0,disordered
ELME000012,TRG_ER_diArg_1,di Arginine retention/retrieving signal,TRG,The di-Arg ER retention motif is defined by two consecutive arginine residues (RR) or with a single residue insertion (RXR). The motif is completed by an adjacent hydrophobic/arginine residue which may be on either side of the Arg pair.,PF00400,WD40,"WD domain, G-beta repeat","([LIVMFYWPR]R[^YFWDE]{0,1}R)|(R[^YFWDE]{0,1}R[LIVMFYWPR])",PRPR,446,449,NMDZ1_HUMAN,Homo sapiens,11163274,true positive,27,0,disordered
ELME000012,TRG_ER_diArg_1,di Arginine retention/retrieving signal,TRG,The di-Arg ER retention motif is defined by two consecutive arginine residues (RR) or with a single residue insertion (RXR). The motif is completed by an adjacent hydrophobic/arginine residue which may be on either side of the Arg pair.,PF00400,WD40,"WD domain, G-beta repeat","([LIVMFYWPR]R[^YFWDE]{0,1}R)|(R[^YFWDE]{0,1}R[LIVMFYWPR])",PRPR,446,449,NMDZ1_HUMAN,Homo sapiens,11312291,true positive,27,0,disordered
ELME000012,TRG_ER_diArg_1,di Arginine retention/retrieving signal,TRG,The di-Arg ER retention motif is defined by two consecutive arginine residues (RR) or with a single residue insertion (RXR). The motif is completed by an adjacent hydrophobic/arginine residue which may be on either side of the Arg pair.,PF00400,WD40,"WD domain, G-beta repeat","([LIVMFYWPR]R[^YFWDE]{0,1}R)|(R[^YFWDE]{0,1}R[LIVMFYWPR])",PRPR,446,449,P2RX7_HUMAN,Homo sapiens,19263245,true positive,27,0,disordered
ELME000012,TRG_ER_diArg_1,di Arginine retention/retrieving signal,TRG,The di-Arg ER retention motif is defined by two consecutive arginine residues (RR) or with a single residue insertion (RXR). The motif is completed by an adjacent hydrophobic/arginine residue which may be on either side of the Arg pair.,PF00400,WD40,"WD domain, G-beta repeat","([LIVMFYWPR]R[^YFWDE]{0,1}R)|(R[^YFWDE]{0,1}R[LIVMFYWPR])",PRPR,446,449,PAR4_HUMAN,Homo sapiens,22411985,true positive,27,0,disordered
ELME000012,TRG_ER_diArg_1,di Arginine retention/retrieving signal,TRG,The di-Arg ER retention motif is defined by two consecutive arginine residues (RR) or with a single residue insertion (RXR). The motif is completed by an adjacent hydrophobic/arginine residue which may be on either side of the Arg pair.,PF00400,WD40,"WD domain, G-beta repeat","([LIVMFYWPR]R[^YFWDE]{0,1}R)|(R[^YFWDE]{0,1}R[LIVMFYWPR])",PRPR,446,449,PPLA_HUMAN,Homo sapiens,20634894,true positive,27,0,disordered
ELME000012,TRG_ER_diArg_1,di Arginine retention/retrieving signal,TRG,The di-Arg ER retention motif is defined by two consecutive arginine residues (RR) or with a single residue insertion (RXR). The motif is completed by an adjacent hydrophobic/arginine residue which may be on either side of the Arg pair.,PF00400,WD40,"WD domain, G-beta repeat","([LIVMFYWPR]R[^YFWDE]{0,1}R)|(R[^YFWDE]{0,1}R[LIVMFYWPR])",PRPR,446,449,Q58F09_HUMAN,Homo sapiens,12626409,true positive,27,0,disordered
ELME000012,TRG_ER_diArg_1,di Arginine retention/retrieving signal,TRG,The di-Arg ER retention motif is defined by two consecutive arginine residues (RR) or with a single residue insertion (RXR). The motif is completed by an adjacent hydrophobic/arginine residue which may be on either side of the Arg pair.,PF00400,WD40,"WD domain, G-beta repeat","([LIVMFYWPR]R[^YFWDE]{0,1}R)|(R[^YFWDE]{0,1}R[LIVMFYWPR])",PRPR,446,449,S12A5_RAT,Rattus norvegicus,19679663,true positive,27,0,disordered
ELME000012,TRG_ER_diArg_1,di Arginine retention/retrieving signal,TRG,The di-Arg ER retention motif is defined by two consecutive arginine residues (RR) or with a single residue insertion (RXR). The motif is completed by an adjacent hydrophobic/arginine residue which may be on either side of the Arg pair.,PF00400,WD40,"WD domain, G-beta repeat","([LIVMFYWPR]R[^YFWDE]{0,1}R)|(R[^YFWDE]{0,1}R[LIVMFYWPR])",PRPR,446,449,SCNAA_RAT,Rattus norvegicus,18782866,true positive,27,0,disordered
ELME000012,TRG_ER_diArg_1,di Arginine retention/retrieving signal,TRG,The di-Arg ER retention motif is defined by two consecutive arginine residues (RR) or with a single residue insertion (RXR). The motif is completed by an adjacent hydrophobic/arginine residue which may be on either side of the Arg pair.,PF00400,WD40,"WD domain, G-beta repeat","([LIVMFYWPR]R[^YFWDE]{0,1}R)|(R[^YFWDE]{0,1}R[LIVMFYWPR])",PRPR,446,449,SGMR1_HUMAN,Homo sapiens,20634894,true positive,27,0,disordered
ELME000012,TRG_ER_diArg_1,di Arginine retention/retrieving signal,TRG,The di-Arg ER retention motif is defined by two consecutive arginine residues (RR) or with a single residue insertion (RXR). The motif is completed by an adjacent hydrophobic/arginine residue which may be on either side of the Arg pair.,PF00400,WD40,"WD domain, G-beta repeat","([LIVMFYWPR]R[^YFWDE]{0,1}R)|(R[^YFWDE]{0,1}R[LIVMFYWPR])",PRPR,446,449,SIAT9_MOUSE,Mus musculus,19420140,true positive,27,0,disordered
ELME000012,TRG_ER_diArg_1,di Arginine retention/retrieving signal,TRG,The di-Arg ER retention motif is defined by two consecutive arginine residues (RR) or with a single residue insertion (RXR). The motif is completed by an adjacent hydrophobic/arginine residue which may be on either side of the Arg pair.,PF00400,WD40,"WD domain, G-beta repeat","([LIVMFYWPR]R[^YFWDE]{0,1}R)|(R[^YFWDE]{0,1}R[LIVMFYWPR])",PRPR,446,449,SOAT1_HUMAN,Homo sapiens,20634894,true positive,27,0,disordered
ELME000012,TRG_ER_diArg_1,di Arginine retention/retrieving signal,TRG,The di-Arg ER retention motif is defined by two consecutive arginine residues (RR) or with a single residue insertion (RXR). The motif is completed by an adjacent hydrophobic/arginine residue which may be on either side of the Arg pair.,PF00400,WD40,"WD domain, G-beta repeat","([LIVMFYWPR]R[^YFWDE]{0,1}R)|(R[^YFWDE]{0,1}R[LIVMFYWPR])",PRPR,446,449,SRPRB_HUMAN,Homo sapiens,20634894,true positive,27,0,disordered
ELME000012,TRG_ER_diArg_1,di Arginine retention/retrieving signal,TRG,The di-Arg ER retention motif is defined by two consecutive arginine residues (RR) or with a single residue insertion (RXR). The motif is completed by an adjacent hydrophobic/arginine residue which may be on either side of the Arg pair.,PF00400,WD40,"WD domain, G-beta repeat","([LIVMFYWPR]R[^YFWDE]{0,1}R)|(R[^YFWDE]{0,1}R[LIVMFYWPR])",PRPR,446,449,V2R_HUMAN,Homo sapiens,11641431,true positive,27,0,disordered
ELME000012,TRG_ER_diArg_1,di Arginine retention/retrieving signal,TRG,The di-Arg ER retention motif is defined by two consecutive arginine residues (RR) or with a single residue insertion (RXR). The motif is completed by an adjacent hydrophobic/arginine residue which may be on either side of the Arg pair.,PF00400,WD40,"WD domain, G-beta repeat","([LIVMFYWPR]R[^YFWDE]{0,1}R)|(R[^YFWDE]{0,1}R[LIVMFYWPR])",RPRV,447,450,ABCC8_HUMAN,Homo sapiens,10197533,true positive,27,0,disordered
ELME000012,TRG_ER_diArg_1,di Arginine retention/retrieving signal,TRG,The di-Arg ER retention motif is defined by two consecutive arginine residues (RR) or with a single residue insertion (RXR). The motif is completed by an adjacent hydrophobic/arginine residue which may be on either side of the Arg pair.,PF00400,WD40,"WD domain, G-beta repeat","([LIVMFYWPR]R[^YFWDE]{0,1}R)|(R[^YFWDE]{0,1}R[LIVMFYWPR])",RPRV,447,450,ADA10_HUMAN,Homo sapiens,20100836,true positive,27,0,disordered
ELME000012,TRG_ER_diArg_1,di Arginine retention/retrieving signal,TRG,The di-Arg ER retention motif is defined by two consecutive arginine residues (RR) or with a single residue insertion (RXR). The motif is completed by an adjacent hydrophobic/arginine residue which may be on either side of the Arg pair.,PF00400,WD40,"WD domain, G-beta repeat","([LIVMFYWPR]R[^YFWDE]{0,1}R)|(R[^YFWDE]{0,1}R[LIVMFYWPR])",RPRV,447,450,ADA22_HUMAN,Homo sapiens,16868027,true positive,27,0,disordered
ELME000012,TRG_ER_diArg_1,di Arginine retention/retrieving signal,TRG,The di-Arg ER retention motif is defined by two consecutive arginine residues (RR) or with a single residue insertion (RXR). The motif is completed by an adjacent hydrophobic/arginine residue which may be on either side of the Arg pair.,PF00400,WD40,"WD domain, G-beta repeat","([LIVMFYWPR]R[^YFWDE]{0,1}R)|(R[^YFWDE]{0,1}R[LIVMFYWPR])",RPRV,447,450,C8ZIX9_YEAS8,Saccharomyces cerevisiae EC1118,18083825,true positive,27,0,disordered
ELME000012,TRG_ER_diArg_1,di Arginine retention/retrieving signal,TRG,The di-Arg ER retention motif is defined by two consecutive arginine residues (RR) or with a single residue insertion (RXR). The motif is completed by an adjacent hydrophobic/arginine residue which may be on either side of the Arg pair.,PF00400,WD40,"WD domain, G-beta repeat","([LIVMFYWPR]R[^YFWDE]{0,1}R)|(R[^YFWDE]{0,1}R[LIVMFYWPR])",RPRV,447,450,GABR1_HUMAN,Homo sapiens,10939334,true positive,27,0,disordered
ELME000012,TRG_ER_diArg_1,di Arginine retention/retrieving signal,TRG,The di-Arg ER retention motif is defined by two consecutive arginine residues (RR) or with a single residue insertion (RXR). The motif is completed by an adjacent hydrophobic/arginine residue which may be on either side of the Arg pair.,PF00400,WD40,"WD domain, G-beta repeat","([LIVMFYWPR]R[^YFWDE]{0,1}R)|(R[^YFWDE]{0,1}R[LIVMFYWPR])",RPRV,447,450,GPR15_HUMAN,Homo sapiens,21189250,true positive,27,0,disordered
ELME000012,TRG_ER_diArg_1,di Arginine retention/retrieving signal,TRG,The di-Arg ER retention motif is defined by two consecutive arginine residues (RR) or with a single residue insertion (RXR). The motif is completed by an adjacent hydrophobic/arginine residue which may be on either side of the Arg pair.,PF00400,WD40,"WD domain, G-beta repeat","([LIVMFYWPR]R[^YFWDE]{0,1}R)|(R[^YFWDE]{0,1}R[LIVMFYWPR])",RPRV,447,450,GRIK5_HUMAN,Homo sapiens,12878702,true positive,27,0,disordered
ELME000012,TRG_ER_diArg_1,di Arginine retention/retrieving signal,TRG,The di-Arg ER retention motif is defined by two consecutive arginine residues (RR) or with a single residue insertion (RXR). The motif is completed by an adjacent hydrophobic/arginine residue which may be on either side of the Arg pair.,PF00400,WD40,"WD domain, G-beta repeat","([LIVMFYWPR]R[^YFWDE]{0,1}R)|(R[^YFWDE]{0,1}R[LIVMFYWPR])",RPRV,447,450,HG2A_HUMAN,Homo sapiens,8157008,true positive,27,0,disordered
ELME000012,TRG_ER_diArg_1,di Arginine retention/retrieving signal,TRG,The di-Arg ER retention motif is defined by two consecutive arginine residues (RR) or with a single residue insertion (RXR). The motif is completed by an adjacent hydrophobic/arginine residue which may be on either side of the Arg pair.,PF00400,WD40,"WD domain, G-beta repeat","([LIVMFYWPR]R[^YFWDE]{0,1}R)|(R[^YFWDE]{0,1}R[LIVMFYWPR])",RPRV,447,450,HMDH_NICSY,Nicotiana sylvestris,8970721,true positive,27,0,disordered
ELME000012,TRG_ER_diArg_1,di Arginine retention/retrieving signal,TRG,The di-Arg ER retention motif is defined by two consecutive arginine residues (RR) or with a single residue insertion (RXR). The motif is completed by an adjacent hydrophobic/arginine residue which may be on either side of the Arg pair.,PF00400,WD40,"WD domain, G-beta repeat","([LIVMFYWPR]R[^YFWDE]{0,1}R)|(R[^YFWDE]{0,1}R[LIVMFYWPR])",RPRV,447,450,IRK11_HUMAN,Homo sapiens,10197533 12699619,true positive,27,0,disordered
ELME000012,TRG_ER_diArg_1,di Arginine retention/retrieving signal,TRG,The di-Arg ER retention motif is defined by two consecutive arginine residues (RR) or with a single residue insertion (RXR). The motif is completed by an adjacent hydrophobic/arginine residue which may be on either side of the Arg pair.,PF00400,WD40,"WD domain, G-beta repeat","([LIVMFYWPR]R[^YFWDE]{0,1}R)|(R[^YFWDE]{0,1}R[LIVMFYWPR])",RPRV,447,450,IRK8_HUMAN,Homo sapiens,10197533,true positive,27,0,disordered
ELME000012,TRG_ER_diArg_1,di Arginine retention/retrieving signal,TRG,The di-Arg ER retention motif is defined by two consecutive arginine residues (RR) or with a single residue insertion (RXR). The motif is completed by an adjacent hydrophobic/arginine residue which may be on either side of the Arg pair.,PF00400,WD40,"WD domain, G-beta repeat","([LIVMFYWPR]R[^YFWDE]{0,1}R)|(R[^YFWDE]{0,1}R[LIVMFYWPR])",RPRV,447,450,MSHR_HUMAN,Homo sapiens,19452503,true positive,27,0,disordered
ELME000012,TRG_ER_diArg_1,di Arginine retention/retrieving signal,TRG,The di-Arg ER retention motif is defined by two consecutive arginine residues (RR) or with a single residue insertion (RXR). The motif is completed by an adjacent hydrophobic/arginine residue which may be on either side of the Arg pair.,PF00400,WD40,"WD domain, G-beta repeat","([LIVMFYWPR]R[^YFWDE]{0,1}R)|(R[^YFWDE]{0,1}R[LIVMFYWPR])",RPRV,447,450,NMDZ1_HUMAN,Homo sapiens,11163274,true positive,27,0,disordered
ELME000012,TRG_ER_diArg_1,di Arginine retention/retrieving signal,TRG,The di-Arg ER retention motif is defined by two consecutive arginine residues (RR) or with a single residue insertion (RXR). The motif is completed by an adjacent hydrophobic/arginine residue which may be on either side of the Arg pair.,PF00400,WD40,"WD domain, G-beta repeat","([LIVMFYWPR]R[^YFWDE]{0,1}R)|(R[^YFWDE]{0,1}R[LIVMFYWPR])",RPRV,447,450,NMDZ1_HUMAN,Homo sapiens,11312291,true positive,27,0,disordered
ELME000012,TRG_ER_diArg_1,di Arginine retention/retrieving signal,TRG,The di-Arg ER retention motif is defined by two consecutive arginine residues (RR) or with a single residue insertion (RXR). The motif is completed by an adjacent hydrophobic/arginine residue which may be on either side of the Arg pair.,PF00400,WD40,"WD domain, G-beta repeat","([LIVMFYWPR]R[^YFWDE]{0,1}R)|(R[^YFWDE]{0,1}R[LIVMFYWPR])",RPRV,447,450,P2RX7_HUMAN,Homo sapiens,19263245,true positive,27,0,disordered
ELME000012,TRG_ER_diArg_1,di Arginine retention/retrieving signal,TRG,The di-Arg ER retention motif is defined by two consecutive arginine residues (RR) or with a single residue insertion (RXR). The motif is completed by an adjacent hydrophobic/arginine residue which may be on either side of the Arg pair.,PF00400,WD40,"WD domain, G-beta repeat","([LIVMFYWPR]R[^YFWDE]{0,1}R)|(R[^YFWDE]{0,1}R[LIVMFYWPR])",RPRV,447,450,PAR4_HUMAN,Homo sapiens,22411985,true positive,27,0,disordered
ELME000012,TRG_ER_diArg_1,di Arginine retention/retrieving signal,TRG,The di-Arg ER retention motif is defined by two consecutive arginine residues (RR) or with a single residue insertion (RXR). The motif is completed by an adjacent hydrophobic/arginine residue which may be on either side of the Arg pair.,PF00400,WD40,"WD domain, G-beta repeat","([LIVMFYWPR]R[^YFWDE]{0,1}R)|(R[^YFWDE]{0,1}R[LIVMFYWPR])",RPRV,447,450,PPLA_HUMAN,Homo sapiens,20634894,true positive,27,0,disordered
ELME000012,TRG_ER_diArg_1,di Arginine retention/retrieving signal,TRG,The di-Arg ER retention motif is defined by two consecutive arginine residues (RR) or with a single residue insertion (RXR). The motif is completed by an adjacent hydrophobic/arginine residue which may be on either side of the Arg pair.,PF00400,WD40,"WD domain, G-beta repeat","([LIVMFYWPR]R[^YFWDE]{0,1}R)|(R[^YFWDE]{0,1}R[LIVMFYWPR])",RPRV,447,450,Q58F09_HUMAN,Homo sapiens,12626409,true positive,27,0,disordered
ELME000012,TRG_ER_diArg_1,di Arginine retention/retrieving signal,TRG,The di-Arg ER retention motif is defined by two consecutive arginine residues (RR) or with a single residue insertion (RXR). The motif is completed by an adjacent hydrophobic/arginine residue which may be on either side of the Arg pair.,PF00400,WD40,"WD domain, G-beta repeat","([LIVMFYWPR]R[^YFWDE]{0,1}R)|(R[^YFWDE]{0,1}R[LIVMFYWPR])",RPRV,447,450,S12A5_RAT,Rattus norvegicus,19679663,true positive,27,0,disordered
ELME000012,TRG_ER_diArg_1,di Arginine retention/retrieving signal,TRG,The di-Arg ER retention motif is defined by two consecutive arginine residues (RR) or with a single residue insertion (RXR). The motif is completed by an adjacent hydrophobic/arginine residue which may be on either side of the Arg pair.,PF00400,WD40,"WD domain, G-beta repeat","([LIVMFYWPR]R[^YFWDE]{0,1}R)|(R[^YFWDE]{0,1}R[LIVMFYWPR])",RPRV,447,450,SCNAA_RAT,Rattus norvegicus,18782866,true positive,27,0,disordered
ELME000012,TRG_ER_diArg_1,di Arginine retention/retrieving signal,TRG,The di-Arg ER retention motif is defined by two consecutive arginine residues (RR) or with a single residue insertion (RXR). The motif is completed by an adjacent hydrophobic/arginine residue which may be on either side of the Arg pair.,PF00400,WD40,"WD domain, G-beta repeat","([LIVMFYWPR]R[^YFWDE]{0,1}R)|(R[^YFWDE]{0,1}R[LIVMFYWPR])",RPRV,447,450,SGMR1_HUMAN,Homo sapiens,20634894,true positive,27,0,disordered
ELME000012,TRG_ER_diArg_1,di Arginine retention/retrieving signal,TRG,The di-Arg ER retention motif is defined by two consecutive arginine residues (RR) or with a single residue insertion (RXR). The motif is completed by an adjacent hydrophobic/arginine residue which may be on either side of the Arg pair.,PF00400,WD40,"WD domain, G-beta repeat","([LIVMFYWPR]R[^YFWDE]{0,1}R)|(R[^YFWDE]{0,1}R[LIVMFYWPR])",RPRV,447,450,SIAT9_MOUSE,Mus musculus,19420140,true positive,27,0,disordered
ELME000012,TRG_ER_diArg_1,di Arginine retention/retrieving signal,TRG,The di-Arg ER retention motif is defined by two consecutive arginine residues (RR) or with a single residue insertion (RXR). The motif is completed by an adjacent hydrophobic/arginine residue which may be on either side of the Arg pair.,PF00400,WD40,"WD domain, G-beta repeat","([LIVMFYWPR]R[^YFWDE]{0,1}R)|(R[^YFWDE]{0,1}R[LIVMFYWPR])",RPRV,447,450,SOAT1_HUMAN,Homo sapiens,20634894,true positive,27,0,disordered
ELME000012,TRG_ER_diArg_1,di Arginine retention/retrieving signal,TRG,The di-Arg ER retention motif is defined by two consecutive arginine residues (RR) or with a single residue insertion (RXR). The motif is completed by an adjacent hydrophobic/arginine residue which may be on either side of the Arg pair.,PF00400,WD40,"WD domain, G-beta repeat","([LIVMFYWPR]R[^YFWDE]{0,1}R)|(R[^YFWDE]{0,1}R[LIVMFYWPR])",RPRV,447,450,SRPRB_HUMAN,Homo sapiens,20634894,true positive,27,0,disordered
ELME000012,TRG_ER_diArg_1,di Arginine retention/retrieving signal,TRG,The di-Arg ER retention motif is defined by two consecutive arginine residues (RR) or with a single residue insertion (RXR). The motif is completed by an adjacent hydrophobic/arginine residue which may be on either side of the Arg pair.,PF00400,WD40,"WD domain, G-beta repeat","([LIVMFYWPR]R[^YFWDE]{0,1}R)|(R[^YFWDE]{0,1}R[LIVMFYWPR])",RPRV,447,450,V2R_HUMAN,Homo sapiens,11641431,true positive,27,0,disordered
ELME000012,TRG_ER_diArg_1,di Arginine retention/retrieving signal,TRG,The di-Arg ER retention motif is defined by two consecutive arginine residues (RR) or with a single residue insertion (RXR). The motif is completed by an adjacent hydrophobic/arginine residue which may be on either side of the Arg pair.,PF00400,WD40,"WD domain, G-beta repeat","([LIVMFYWPR]R[^YFWDE]{0,1}R)|(R[^YFWDE]{0,1}R[LIVMFYWPR])",PRAR,511,514,ABCC8_HUMAN,Homo sapiens,10197533,true positive,27,0,disordered
ELME000012,TRG_ER_diArg_1,di Arginine retention/retrieving signal,TRG,The di-Arg ER retention motif is defined by two consecutive arginine residues (RR) or with a single residue insertion (RXR). The motif is completed by an adjacent hydrophobic/arginine residue which may be on either side of the Arg pair.,PF00400,WD40,"WD domain, G-beta repeat","([LIVMFYWPR]R[^YFWDE]{0,1}R)|(R[^YFWDE]{0,1}R[LIVMFYWPR])",PRAR,511,514,ADA10_HUMAN,Homo sapiens,20100836,true positive,27,0,disordered
ELME000012,TRG_ER_diArg_1,di Arginine retention/retrieving signal,TRG,The di-Arg ER retention motif is defined by two consecutive arginine residues (RR) or with a single residue insertion (RXR). The motif is completed by an adjacent hydrophobic/arginine residue which may be on either side of the Arg pair.,PF00400,WD40,"WD domain, G-beta repeat","([LIVMFYWPR]R[^YFWDE]{0,1}R)|(R[^YFWDE]{0,1}R[LIVMFYWPR])",PRAR,511,514,ADA22_HUMAN,Homo sapiens,16868027,true positive,27,0,disordered
ELME000012,TRG_ER_diArg_1,di Arginine retention/retrieving signal,TRG,The di-Arg ER retention motif is defined by two consecutive arginine residues (RR) or with a single residue insertion (RXR). The motif is completed by an adjacent hydrophobic/arginine residue which may be on either side of the Arg pair.,PF00400,WD40,"WD domain, G-beta repeat","([LIVMFYWPR]R[^YFWDE]{0,1}R)|(R[^YFWDE]{0,1}R[LIVMFYWPR])",PRAR,511,514,C8ZIX9_YEAS8,Saccharomyces cerevisiae EC1118,18083825,true positive,27,0,disordered
ELME000012,TRG_ER_diArg_1,di Arginine retention/retrieving signal,TRG,The di-Arg ER retention motif is defined by two consecutive arginine residues (RR) or with a single residue insertion (RXR). The motif is completed by an adjacent hydrophobic/arginine residue which may be on either side of the Arg pair.,PF00400,WD40,"WD domain, G-beta repeat","([LIVMFYWPR]R[^YFWDE]{0,1}R)|(R[^YFWDE]{0,1}R[LIVMFYWPR])",PRAR,511,514,GABR1_HUMAN,Homo sapiens,10939334,true positive,27,0,disordered
ELME000012,TRG_ER_diArg_1,di Arginine retention/retrieving signal,TRG,The di-Arg ER retention motif is defined by two consecutive arginine residues (RR) or with a single residue insertion (RXR). The motif is completed by an adjacent hydrophobic/arginine residue which may be on either side of the Arg pair.,PF00400,WD40,"WD domain, G-beta repeat","([LIVMFYWPR]R[^YFWDE]{0,1}R)|(R[^YFWDE]{0,1}R[LIVMFYWPR])",PRAR,511,514,GPR15_HUMAN,Homo sapiens,21189250,true positive,27,0,disordered
ELME000012,TRG_ER_diArg_1,di Arginine retention/retrieving signal,TRG,The di-Arg ER retention motif is defined by two consecutive arginine residues (RR) or with a single residue insertion (RXR). The motif is completed by an adjacent hydrophobic/arginine residue which may be on either side of the Arg pair.,PF00400,WD40,"WD domain, G-beta repeat","([LIVMFYWPR]R[^YFWDE]{0,1}R)|(R[^YFWDE]{0,1}R[LIVMFYWPR])",PRAR,511,514,GRIK5_HUMAN,Homo sapiens,12878702,true positive,27,0,disordered
ELME000012,TRG_ER_diArg_1,di Arginine retention/retrieving signal,TRG,The di-Arg ER retention motif is defined by two consecutive arginine residues (RR) or with a single residue insertion (RXR). The motif is completed by an adjacent hydrophobic/arginine residue which may be on either side of the Arg pair.,PF00400,WD40,"WD domain, G-beta repeat","([LIVMFYWPR]R[^YFWDE]{0,1}R)|(R[^YFWDE]{0,1}R[LIVMFYWPR])",PRAR,511,514,HG2A_HUMAN,Homo sapiens,8157008,true positive,27,0,disordered
ELME000012,TRG_ER_diArg_1,di Arginine retention/retrieving signal,TRG,The di-Arg ER retention motif is defined by two consecutive arginine residues (RR) or with a single residue insertion (RXR). The motif is completed by an adjacent hydrophobic/arginine residue which may be on either side of the Arg pair.,PF00400,WD40,"WD domain, G-beta repeat","([LIVMFYWPR]R[^YFWDE]{0,1}R)|(R[^YFWDE]{0,1}R[LIVMFYWPR])",PRAR,511,514,HMDH_NICSY,Nicotiana sylvestris,8970721,true positive,27,0,disordered
ELME000012,TRG_ER_diArg_1,di Arginine retention/retrieving signal,TRG,The di-Arg ER retention motif is defined by two consecutive arginine residues (RR) or with a single residue insertion (RXR). The motif is completed by an adjacent hydrophobic/arginine residue which may be on either side of the Arg pair.,PF00400,WD40,"WD domain, G-beta repeat","([LIVMFYWPR]R[^YFWDE]{0,1}R)|(R[^YFWDE]{0,1}R[LIVMFYWPR])",PRAR,511,514,IRK11_HUMAN,Homo sapiens,10197533 12699619,true positive,27,0,disordered
ELME000012,TRG_ER_diArg_1,di Arginine retention/retrieving signal,TRG,The di-Arg ER retention motif is defined by two consecutive arginine residues (RR) or with a single residue insertion (RXR). The motif is completed by an adjacent hydrophobic/arginine residue which may be on either side of the Arg pair.,PF00400,WD40,"WD domain, G-beta repeat","([LIVMFYWPR]R[^YFWDE]{0,1}R)|(R[^YFWDE]{0,1}R[LIVMFYWPR])",PRAR,511,514,IRK8_HUMAN,Homo sapiens,10197533,true positive,27,0,disordered
ELME000012,TRG_ER_diArg_1,di Arginine retention/retrieving signal,TRG,The di-Arg ER retention motif is defined by two consecutive arginine residues (RR) or with a single residue insertion (RXR). The motif is completed by an adjacent hydrophobic/arginine residue which may be on either side of the Arg pair.,PF00400,WD40,"WD domain, G-beta repeat","([LIVMFYWPR]R[^YFWDE]{0,1}R)|(R[^YFWDE]{0,1}R[LIVMFYWPR])",PRAR,511,514,MSHR_HUMAN,Homo sapiens,19452503,true positive,27,0,disordered
ELME000012,TRG_ER_diArg_1,di Arginine retention/retrieving signal,TRG,The di-Arg ER retention motif is defined by two consecutive arginine residues (RR) or with a single residue insertion (RXR). The motif is completed by an adjacent hydrophobic/arginine residue which may be on either side of the Arg pair.,PF00400,WD40,"WD domain, G-beta repeat","([LIVMFYWPR]R[^YFWDE]{0,1}R)|(R[^YFWDE]{0,1}R[LIVMFYWPR])",PRAR,511,514,NMDZ1_HUMAN,Homo sapiens,11163274,true positive,27,0,disordered
ELME000012,TRG_ER_diArg_1,di Arginine retention/retrieving signal,TRG,The di-Arg ER retention motif is defined by two consecutive arginine residues (RR) or with a single residue insertion (RXR). The motif is completed by an adjacent hydrophobic/arginine residue which may be on either side of the Arg pair.,PF00400,WD40,"WD domain, G-beta repeat","([LIVMFYWPR]R[^YFWDE]{0,1}R)|(R[^YFWDE]{0,1}R[LIVMFYWPR])",PRAR,511,514,NMDZ1_HUMAN,Homo sapiens,11312291,true positive,27,0,disordered
ELME000012,TRG_ER_diArg_1,di Arginine retention/retrieving signal,TRG,The di-Arg ER retention motif is defined by two consecutive arginine residues (RR) or with a single residue insertion (RXR). The motif is completed by an adjacent hydrophobic/arginine residue which may be on either side of the Arg pair.,PF00400,WD40,"WD domain, G-beta repeat","([LIVMFYWPR]R[^YFWDE]{0,1}R)|(R[^YFWDE]{0,1}R[LIVMFYWPR])",PRAR,511,514,P2RX7_HUMAN,Homo sapiens,19263245,true positive,27,0,disordered
ELME000012,TRG_ER_diArg_1,di Arginine retention/retrieving signal,TRG,The di-Arg ER retention motif is defined by two consecutive arginine residues (RR) or with a single residue insertion (RXR). The motif is completed by an adjacent hydrophobic/arginine residue which may be on either side of the Arg pair.,PF00400,WD40,"WD domain, G-beta repeat","([LIVMFYWPR]R[^YFWDE]{0,1}R)|(R[^YFWDE]{0,1}R[LIVMFYWPR])",PRAR,511,514,PAR4_HUMAN,Homo sapiens,22411985,true positive,27,0,disordered
ELME000012,TRG_ER_diArg_1,di Arginine retention/retrieving signal,TRG,The di-Arg ER retention motif is defined by two consecutive arginine residues (RR) or with a single residue insertion (RXR). The motif is completed by an adjacent hydrophobic/arginine residue which may be on either side of the Arg pair.,PF00400,WD40,"WD domain, G-beta repeat","([LIVMFYWPR]R[^YFWDE]{0,1}R)|(R[^YFWDE]{0,1}R[LIVMFYWPR])",PRAR,511,514,PPLA_HUMAN,Homo sapiens,20634894,true positive,27,0,disordered
ELME000012,TRG_ER_diArg_1,di Arginine retention/retrieving signal,TRG,The di-Arg ER retention motif is defined by two consecutive arginine residues (RR) or with a single residue insertion (RXR). The motif is completed by an adjacent hydrophobic/arginine residue which may be on either side of the Arg pair.,PF00400,WD40,"WD domain, G-beta repeat","([LIVMFYWPR]R[^YFWDE]{0,1}R)|(R[^YFWDE]{0,1}R[LIVMFYWPR])",PRAR,511,514,Q58F09_HUMAN,Homo sapiens,12626409,true positive,27,0,disordered
ELME000012,TRG_ER_diArg_1,di Arginine retention/retrieving signal,TRG,The di-Arg ER retention motif is defined by two consecutive arginine residues (RR) or with a single residue insertion (RXR). The motif is completed by an adjacent hydrophobic/arginine residue which may be on either side of the Arg pair.,PF00400,WD40,"WD domain, G-beta repeat","([LIVMFYWPR]R[^YFWDE]{0,1}R)|(R[^YFWDE]{0,1}R[LIVMFYWPR])",PRAR,511,514,S12A5_RAT,Rattus norvegicus,19679663,true positive,27,0,disordered
ELME000012,TRG_ER_diArg_1,di Arginine retention/retrieving signal,TRG,The di-Arg ER retention motif is defined by two consecutive arginine residues (RR) or with a single residue insertion (RXR). The motif is completed by an adjacent hydrophobic/arginine residue which may be on either side of the Arg pair.,PF00400,WD40,"WD domain, G-beta repeat","([LIVMFYWPR]R[^YFWDE]{0,1}R)|(R[^YFWDE]{0,1}R[LIVMFYWPR])",PRAR,511,514,SCNAA_RAT,Rattus norvegicus,18782866,true positive,27,0,disordered
ELME000012,TRG_ER_diArg_1,di Arginine retention/retrieving signal,TRG,The di-Arg ER retention motif is defined by two consecutive arginine residues (RR) or with a single residue insertion (RXR). The motif is completed by an adjacent hydrophobic/arginine residue which may be on either side of the Arg pair.,PF00400,WD40,"WD domain, G-beta repeat","([LIVMFYWPR]R[^YFWDE]{0,1}R)|(R[^YFWDE]{0,1}R[LIVMFYWPR])",PRAR,511,514,SGMR1_HUMAN,Homo sapiens,20634894,true positive,27,0,disordered
ELME000012,TRG_ER_diArg_1,di Arginine retention/retrieving signal,TRG,The di-Arg ER retention motif is defined by two consecutive arginine residues (RR) or with a single residue insertion (RXR). The motif is completed by an adjacent hydrophobic/arginine residue which may be on either side of the Arg pair.,PF00400,WD40,"WD domain, G-beta repeat","([LIVMFYWPR]R[^YFWDE]{0,1}R)|(R[^YFWDE]{0,1}R[LIVMFYWPR])",PRAR,511,514,SIAT9_MOUSE,Mus musculus,19420140,true positive,27,0,disordered
ELME000012,TRG_ER_diArg_1,di Arginine retention/retrieving signal,TRG,The di-Arg ER retention motif is defined by two consecutive arginine residues (RR) or with a single residue insertion (RXR). The motif is completed by an adjacent hydrophobic/arginine residue which may be on either side of the Arg pair.,PF00400,WD40,"WD domain, G-beta repeat","([LIVMFYWPR]R[^YFWDE]{0,1}R)|(R[^YFWDE]{0,1}R[LIVMFYWPR])",PRAR,511,514,SOAT1_HUMAN,Homo sapiens,20634894,true positive,27,0,disordered
ELME000012,TRG_ER_diArg_1,di Arginine retention/retrieving signal,TRG,The di-Arg ER retention motif is defined by two consecutive arginine residues (RR) or with a single residue insertion (RXR). The motif is completed by an adjacent hydrophobic/arginine residue which may be on either side of the Arg pair.,PF00400,WD40,"WD domain, G-beta repeat","([LIVMFYWPR]R[^YFWDE]{0,1}R)|(R[^YFWDE]{0,1}R[LIVMFYWPR])",PRAR,511,514,SRPRB_HUMAN,Homo sapiens,20634894,true positive,27,0,disordered
ELME000012,TRG_ER_diArg_1,di Arginine retention/retrieving signal,TRG,The di-Arg ER retention motif is defined by two consecutive arginine residues (RR) or with a single residue insertion (RXR). The motif is completed by an adjacent hydrophobic/arginine residue which may be on either side of the Arg pair.,PF00400,WD40,"WD domain, G-beta repeat","([LIVMFYWPR]R[^YFWDE]{0,1}R)|(R[^YFWDE]{0,1}R[LIVMFYWPR])",PRAR,511,514,V2R_HUMAN,Homo sapiens,11641431,true positive,27,0,disordered
ELME000012,TRG_ER_diArg_1,di Arginine retention/retrieving signal,TRG,The di-Arg ER retention motif is defined by two consecutive arginine residues (RR) or with a single residue insertion (RXR). The motif is completed by an adjacent hydrophobic/arginine residue which may be on either side of the Arg pair.,PF00400,WD40,"WD domain, G-beta repeat","([LIVMFYWPR]R[^YFWDE]{0,1}R)|(R[^YFWDE]{0,1}R[LIVMFYWPR])",RARR,512,515,ABCC8_HUMAN,Homo sapiens,10197533,true positive,27,0,disordered
ELME000012,TRG_ER_diArg_1,di Arginine retention/retrieving signal,TRG,The di-Arg ER retention motif is defined by two consecutive arginine residues (RR) or with a single residue insertion (RXR). The motif is completed by an adjacent hydrophobic/arginine residue which may be on either side of the Arg pair.,PF00400,WD40,"WD domain, G-beta repeat","([LIVMFYWPR]R[^YFWDE]{0,1}R)|(R[^YFWDE]{0,1}R[LIVMFYWPR])",RARR,512,515,ADA10_HUMAN,Homo sapiens,20100836,true positive,27,0,disordered
ELME000012,TRG_ER_diArg_1,di Arginine retention/retrieving signal,TRG,The di-Arg ER retention motif is defined by two consecutive arginine residues (RR) or with a single residue insertion (RXR). The motif is completed by an adjacent hydrophobic/arginine residue which may be on either side of the Arg pair.,PF00400,WD40,"WD domain, G-beta repeat","([LIVMFYWPR]R[^YFWDE]{0,1}R)|(R[^YFWDE]{0,1}R[LIVMFYWPR])",RARR,512,515,ADA22_HUMAN,Homo sapiens,16868027,true positive,27,0,disordered
ELME000012,TRG_ER_diArg_1,di Arginine retention/retrieving signal,TRG,The di-Arg ER retention motif is defined by two consecutive arginine residues (RR) or with a single residue insertion (RXR). The motif is completed by an adjacent hydrophobic/arginine residue which may be on either side of the Arg pair.,PF00400,WD40,"WD domain, G-beta repeat","([LIVMFYWPR]R[^YFWDE]{0,1}R)|(R[^YFWDE]{0,1}R[LIVMFYWPR])",RARR,512,515,C8ZIX9_YEAS8,Saccharomyces cerevisiae EC1118,18083825,true positive,27,0,disordered
ELME000012,TRG_ER_diArg_1,di Arginine retention/retrieving signal,TRG,The di-Arg ER retention motif is defined by two consecutive arginine residues (RR) or with a single residue insertion (RXR). The motif is completed by an adjacent hydrophobic/arginine residue which may be on either side of the Arg pair.,PF00400,WD40,"WD domain, G-beta repeat","([LIVMFYWPR]R[^YFWDE]{0,1}R)|(R[^YFWDE]{0,1}R[LIVMFYWPR])",RARR,512,515,GABR1_HUMAN,Homo sapiens,10939334,true positive,27,0,disordered
ELME000012,TRG_ER_diArg_1,di Arginine retention/retrieving signal,TRG,The di-Arg ER retention motif is defined by two consecutive arginine residues (RR) or with a single residue insertion (RXR). The motif is completed by an adjacent hydrophobic/arginine residue which may be on either side of the Arg pair.,PF00400,WD40,"WD domain, G-beta repeat","([LIVMFYWPR]R[^YFWDE]{0,1}R)|(R[^YFWDE]{0,1}R[LIVMFYWPR])",RARR,512,515,GPR15_HUMAN,Homo sapiens,21189250,true positive,27,0,disordered
ELME000012,TRG_ER_diArg_1,di Arginine retention/retrieving signal,TRG,The di-Arg ER retention motif is defined by two consecutive arginine residues (RR) or with a single residue insertion (RXR). The motif is completed by an adjacent hydrophobic/arginine residue which may be on either side of the Arg pair.,PF00400,WD40,"WD domain, G-beta repeat","([LIVMFYWPR]R[^YFWDE]{0,1}R)|(R[^YFWDE]{0,1}R[LIVMFYWPR])",RARR,512,515,GRIK5_HUMAN,Homo sapiens,12878702,true positive,27,0,disordered
ELME000012,TRG_ER_diArg_1,di Arginine retention/retrieving signal,TRG,The di-Arg ER retention motif is defined by two consecutive arginine residues (RR) or with a single residue insertion (RXR). The motif is completed by an adjacent hydrophobic/arginine residue which may be on either side of the Arg pair.,PF00400,WD40,"WD domain, G-beta repeat","([LIVMFYWPR]R[^YFWDE]{0,1}R)|(R[^YFWDE]{0,1}R[LIVMFYWPR])",RARR,512,515,HG2A_HUMAN,Homo sapiens,8157008,true positive,27,0,disordered
ELME000012,TRG_ER_diArg_1,di Arginine retention/retrieving signal,TRG,The di-Arg ER retention motif is defined by two consecutive arginine residues (RR) or with a single residue insertion (RXR). The motif is completed by an adjacent hydrophobic/arginine residue which may be on either side of the Arg pair.,PF00400,WD40,"WD domain, G-beta repeat","([LIVMFYWPR]R[^YFWDE]{0,1}R)|(R[^YFWDE]{0,1}R[LIVMFYWPR])",RARR,512,515,HMDH_NICSY,Nicotiana sylvestris,8970721,true positive,27,0,disordered
ELME000012,TRG_ER_diArg_1,di Arginine retention/retrieving signal,TRG,The di-Arg ER retention motif is defined by two consecutive arginine residues (RR) or with a single residue insertion (RXR). The motif is completed by an adjacent hydrophobic/arginine residue which may be on either side of the Arg pair.,PF00400,WD40,"WD domain, G-beta repeat","([LIVMFYWPR]R[^YFWDE]{0,1}R)|(R[^YFWDE]{0,1}R[LIVMFYWPR])",RARR,512,515,IRK11_HUMAN,Homo sapiens,10197533 12699619,true positive,27,0,disordered
ELME000012,TRG_ER_diArg_1,di Arginine retention/retrieving signal,TRG,The di-Arg ER retention motif is defined by two consecutive arginine residues (RR) or with a single residue insertion (RXR). The motif is completed by an adjacent hydrophobic/arginine residue which may be on either side of the Arg pair.,PF00400,WD40,"WD domain, G-beta repeat","([LIVMFYWPR]R[^YFWDE]{0,1}R)|(R[^YFWDE]{0,1}R[LIVMFYWPR])",RARR,512,515,IRK8_HUMAN,Homo sapiens,10197533,true positive,27,0,disordered
ELME000012,TRG_ER_diArg_1,di Arginine retention/retrieving signal,TRG,The di-Arg ER retention motif is defined by two consecutive arginine residues (RR) or with a single residue insertion (RXR). The motif is completed by an adjacent hydrophobic/arginine residue which may be on either side of the Arg pair.,PF00400,WD40,"WD domain, G-beta repeat","([LIVMFYWPR]R[^YFWDE]{0,1}R)|(R[^YFWDE]{0,1}R[LIVMFYWPR])",RARR,512,515,MSHR_HUMAN,Homo sapiens,19452503,true positive,27,0,disordered
ELME000012,TRG_ER_diArg_1,di Arginine retention/retrieving signal,TRG,The di-Arg ER retention motif is defined by two consecutive arginine residues (RR) or with a single residue insertion (RXR). The motif is completed by an adjacent hydrophobic/arginine residue which may be on either side of the Arg pair.,PF00400,WD40,"WD domain, G-beta repeat","([LIVMFYWPR]R[^YFWDE]{0,1}R)|(R[^YFWDE]{0,1}R[LIVMFYWPR])",RARR,512,515,NMDZ1_HUMAN,Homo sapiens,11163274,true positive,27,0,disordered
ELME000012,TRG_ER_diArg_1,di Arginine retention/retrieving signal,TRG,The di-Arg ER retention motif is defined by two consecutive arginine residues (RR) or with a single residue insertion (RXR). The motif is completed by an adjacent hydrophobic/arginine residue which may be on either side of the Arg pair.,PF00400,WD40,"WD domain, G-beta repeat","([LIVMFYWPR]R[^YFWDE]{0,1}R)|(R[^YFWDE]{0,1}R[LIVMFYWPR])",RARR,512,515,NMDZ1_HUMAN,Homo sapiens,11312291,true positive,27,0,disordered
ELME000012,TRG_ER_diArg_1,di Arginine retention/retrieving signal,TRG,The di-Arg ER retention motif is defined by two consecutive arginine residues (RR) or with a single residue insertion (RXR). The motif is completed by an adjacent hydrophobic/arginine residue which may be on either side of the Arg pair.,PF00400,WD40,"WD domain, G-beta repeat","([LIVMFYWPR]R[^YFWDE]{0,1}R)|(R[^YFWDE]{0,1}R[LIVMFYWPR])",RARR,512,515,P2RX7_HUMAN,Homo sapiens,19263245,true positive,27,0,disordered
ELME000012,TRG_ER_diArg_1,di Arginine retention/retrieving signal,TRG,The di-Arg ER retention motif is defined by two consecutive arginine residues (RR) or with a single residue insertion (RXR). The motif is completed by an adjacent hydrophobic/arginine residue which may be on either side of the Arg pair.,PF00400,WD40,"WD domain, G-beta repeat","([LIVMFYWPR]R[^YFWDE]{0,1}R)|(R[^YFWDE]{0,1}R[LIVMFYWPR])",RARR,512,515,PAR4_HUMAN,Homo sapiens,22411985,true positive,27,0,disordered
ELME000012,TRG_ER_diArg_1,di Arginine retention/retrieving signal,TRG,The di-Arg ER retention motif is defined by two consecutive arginine residues (RR) or with a single residue insertion (RXR). The motif is completed by an adjacent hydrophobic/arginine residue which may be on either side of the Arg pair.,PF00400,WD40,"WD domain, G-beta repeat","([LIVMFYWPR]R[^YFWDE]{0,1}R)|(R[^YFWDE]{0,1}R[LIVMFYWPR])",RARR,512,515,PPLA_HUMAN,Homo sapiens,20634894,true positive,27,0,disordered
ELME000012,TRG_ER_diArg_1,di Arginine retention/retrieving signal,TRG,The di-Arg ER retention motif is defined by two consecutive arginine residues (RR) or with a single residue insertion (RXR). The motif is completed by an adjacent hydrophobic/arginine residue which may be on either side of the Arg pair.,PF00400,WD40,"WD domain, G-beta repeat","([LIVMFYWPR]R[^YFWDE]{0,1}R)|(R[^YFWDE]{0,1}R[LIVMFYWPR])",RARR,512,515,Q58F09_HUMAN,Homo sapiens,12626409,true positive,27,0,disordered
ELME000012,TRG_ER_diArg_1,di Arginine retention/retrieving signal,TRG,The di-Arg ER retention motif is defined by two consecutive arginine residues (RR) or with a single residue insertion (RXR). The motif is completed by an adjacent hydrophobic/arginine residue which may be on either side of the Arg pair.,PF00400,WD40,"WD domain, G-beta repeat","([LIVMFYWPR]R[^YFWDE]{0,1}R)|(R[^YFWDE]{0,1}R[LIVMFYWPR])",RARR,512,515,S12A5_RAT,Rattus norvegicus,19679663,true positive,27,0,disordered
ELME000012,TRG_ER_diArg_1,di Arginine retention/retrieving signal,TRG,The di-Arg ER retention motif is defined by two consecutive arginine residues (RR) or with a single residue insertion (RXR). The motif is completed by an adjacent hydrophobic/arginine residue which may be on either side of the Arg pair.,PF00400,WD40,"WD domain, G-beta repeat","([LIVMFYWPR]R[^YFWDE]{0,1}R)|(R[^YFWDE]{0,1}R[LIVMFYWPR])",RARR,512,515,SCNAA_RAT,Rattus norvegicus,18782866,true positive,27,0,disordered
ELME000012,TRG_ER_diArg_1,di Arginine retention/retrieving signal,TRG,The di-Arg ER retention motif is defined by two consecutive arginine residues (RR) or with a single residue insertion (RXR). The motif is completed by an adjacent hydrophobic/arginine residue which may be on either side of the Arg pair.,PF00400,WD40,"WD domain, G-beta repeat","([LIVMFYWPR]R[^YFWDE]{0,1}R)|(R[^YFWDE]{0,1}R[LIVMFYWPR])",RARR,512,515,SGMR1_HUMAN,Homo sapiens,20634894,true positive,27,0,disordered
ELME000012,TRG_ER_diArg_1,di Arginine retention/retrieving signal,TRG,The di-Arg ER retention motif is defined by two consecutive arginine residues (RR) or with a single residue insertion (RXR). The motif is completed by an adjacent hydrophobic/arginine residue which may be on either side of the Arg pair.,PF00400,WD40,"WD domain, G-beta repeat","([LIVMFYWPR]R[^YFWDE]{0,1}R)|(R[^YFWDE]{0,1}R[LIVMFYWPR])",RARR,512,515,SIAT9_MOUSE,Mus musculus,19420140,true positive,27,0,disordered
ELME000012,TRG_ER_diArg_1,di Arginine retention/retrieving signal,TRG,The di-Arg ER retention motif is defined by two consecutive arginine residues (RR) or with a single residue insertion (RXR). The motif is completed by an adjacent hydrophobic/arginine residue which may be on either side of the Arg pair.,PF00400,WD40,"WD domain, G-beta repeat","([LIVMFYWPR]R[^YFWDE]{0,1}R)|(R[^YFWDE]{0,1}R[LIVMFYWPR])",RARR,512,515,SOAT1_HUMAN,Homo sapiens,20634894,true positive,27,0,disordered
ELME000012,TRG_ER_diArg_1,di Arginine retention/retrieving signal,TRG,The di-Arg ER retention motif is defined by two consecutive arginine residues (RR) or with a single residue insertion (RXR). The motif is completed by an adjacent hydrophobic/arginine residue which may be on either side of the Arg pair.,PF00400,WD40,"WD domain, G-beta repeat","([LIVMFYWPR]R[^YFWDE]{0,1}R)|(R[^YFWDE]{0,1}R[LIVMFYWPR])",RARR,512,515,SRPRB_HUMAN,Homo sapiens,20634894,true positive,27,0,disordered
ELME000012,TRG_ER_diArg_1,di Arginine retention/retrieving signal,TRG,The di-Arg ER retention motif is defined by two consecutive arginine residues (RR) or with a single residue insertion (RXR). The motif is completed by an adjacent hydrophobic/arginine residue which may be on either side of the Arg pair.,PF00400,WD40,"WD domain, G-beta repeat","([LIVMFYWPR]R[^YFWDE]{0,1}R)|(R[^YFWDE]{0,1}R[LIVMFYWPR])",RARR,512,515,V2R_HUMAN,Homo sapiens,11641431,true positive,27,0,disordered
ELME000012,TRG_ER_diArg_1,di Arginine retention/retrieving signal,TRG,The di-Arg ER retention motif is defined by two consecutive arginine residues (RR) or with a single residue insertion (RXR). The motif is completed by an adjacent hydrophobic/arginine residue which may be on either side of the Arg pair.,PF00400,WD40,"WD domain, G-beta repeat","([LIVMFYWPR]R[^YFWDE]{0,1}R)|(R[^YFWDE]{0,1}R[LIVMFYWPR])",RRP,514,516,ABCC8_HUMAN,Homo sapiens,10197533,true positive,27,0,disordered
ELME000012,TRG_ER_diArg_1,di Arginine retention/retrieving signal,TRG,The di-Arg ER retention motif is defined by two consecutive arginine residues (RR) or with a single residue insertion (RXR). The motif is completed by an adjacent hydrophobic/arginine residue which may be on either side of the Arg pair.,PF00400,WD40,"WD domain, G-beta repeat","([LIVMFYWPR]R[^YFWDE]{0,1}R)|(R[^YFWDE]{0,1}R[LIVMFYWPR])",RRP,514,516,ADA10_HUMAN,Homo sapiens,20100836,true positive,27,0,disordered
ELME000012,TRG_ER_diArg_1,di Arginine retention/retrieving signal,TRG,The di-Arg ER retention motif is defined by two consecutive arginine residues (RR) or with a single residue insertion (RXR). The motif is completed by an adjacent hydrophobic/arginine residue which may be on either side of the Arg pair.,PF00400,WD40,"WD domain, G-beta repeat","([LIVMFYWPR]R[^YFWDE]{0,1}R)|(R[^YFWDE]{0,1}R[LIVMFYWPR])",RRP,514,516,ADA22_HUMAN,Homo sapiens,16868027,true positive,27,0,disordered
ELME000012,TRG_ER_diArg_1,di Arginine retention/retrieving signal,TRG,The di-Arg ER retention motif is defined by two consecutive arginine residues (RR) or with a single residue insertion (RXR). The motif is completed by an adjacent hydrophobic/arginine residue which may be on either side of the Arg pair.,PF00400,WD40,"WD domain, G-beta repeat","([LIVMFYWPR]R[^YFWDE]{0,1}R)|(R[^YFWDE]{0,1}R[LIVMFYWPR])",RRP,514,516,C8ZIX9_YEAS8,Saccharomyces cerevisiae EC1118,18083825,true positive,27,0,disordered
ELME000012,TRG_ER_diArg_1,di Arginine retention/retrieving signal,TRG,The di-Arg ER retention motif is defined by two consecutive arginine residues (RR) or with a single residue insertion (RXR). The motif is completed by an adjacent hydrophobic/arginine residue which may be on either side of the Arg pair.,PF00400,WD40,"WD domain, G-beta repeat","([LIVMFYWPR]R[^YFWDE]{0,1}R)|(R[^YFWDE]{0,1}R[LIVMFYWPR])",RRP,514,516,GABR1_HUMAN,Homo sapiens,10939334,true positive,27,0,disordered
ELME000012,TRG_ER_diArg_1,di Arginine retention/retrieving signal,TRG,The di-Arg ER retention motif is defined by two consecutive arginine residues (RR) or with a single residue insertion (RXR). The motif is completed by an adjacent hydrophobic/arginine residue which may be on either side of the Arg pair.,PF00400,WD40,"WD domain, G-beta repeat","([LIVMFYWPR]R[^YFWDE]{0,1}R)|(R[^YFWDE]{0,1}R[LIVMFYWPR])",RRP,514,516,GPR15_HUMAN,Homo sapiens,21189250,true positive,27,0,disordered
ELME000012,TRG_ER_diArg_1,di Arginine retention/retrieving signal,TRG,The di-Arg ER retention motif is defined by two consecutive arginine residues (RR) or with a single residue insertion (RXR). The motif is completed by an adjacent hydrophobic/arginine residue which may be on either side of the Arg pair.,PF00400,WD40,"WD domain, G-beta repeat","([LIVMFYWPR]R[^YFWDE]{0,1}R)|(R[^YFWDE]{0,1}R[LIVMFYWPR])",RRP,514,516,GRIK5_HUMAN,Homo sapiens,12878702,true positive,27,0,disordered
ELME000012,TRG_ER_diArg_1,di Arginine retention/retrieving signal,TRG,The di-Arg ER retention motif is defined by two consecutive arginine residues (RR) or with a single residue insertion (RXR). The motif is completed by an adjacent hydrophobic/arginine residue which may be on either side of the Arg pair.,PF00400,WD40,"WD domain, G-beta repeat","([LIVMFYWPR]R[^YFWDE]{0,1}R)|(R[^YFWDE]{0,1}R[LIVMFYWPR])",RRP,514,516,HG2A_HUMAN,Homo sapiens,8157008,true positive,27,0,disordered
ELME000012,TRG_ER_diArg_1,di Arginine retention/retrieving signal,TRG,The di-Arg ER retention motif is defined by two consecutive arginine residues (RR) or with a single residue insertion (RXR). The motif is completed by an adjacent hydrophobic/arginine residue which may be on either side of the Arg pair.,PF00400,WD40,"WD domain, G-beta repeat","([LIVMFYWPR]R[^YFWDE]{0,1}R)|(R[^YFWDE]{0,1}R[LIVMFYWPR])",RRP,514,516,HMDH_NICSY,Nicotiana sylvestris,8970721,true positive,27,0,disordered
ELME000012,TRG_ER_diArg_1,di Arginine retention/retrieving signal,TRG,The di-Arg ER retention motif is defined by two consecutive arginine residues (RR) or with a single residue insertion (RXR). The motif is completed by an adjacent hydrophobic/arginine residue which may be on either side of the Arg pair.,PF00400,WD40,"WD domain, G-beta repeat","([LIVMFYWPR]R[^YFWDE]{0,1}R)|(R[^YFWDE]{0,1}R[LIVMFYWPR])",RRP,514,516,IRK11_HUMAN,Homo sapiens,10197533 12699619,true positive,27,0,disordered
ELME000012,TRG_ER_diArg_1,di Arginine retention/retrieving signal,TRG,The di-Arg ER retention motif is defined by two consecutive arginine residues (RR) or with a single residue insertion (RXR). The motif is completed by an adjacent hydrophobic/arginine residue which may be on either side of the Arg pair.,PF00400,WD40,"WD domain, G-beta repeat","([LIVMFYWPR]R[^YFWDE]{0,1}R)|(R[^YFWDE]{0,1}R[LIVMFYWPR])",RRP,514,516,IRK8_HUMAN,Homo sapiens,10197533,true positive,27,0,disordered
ELME000012,TRG_ER_diArg_1,di Arginine retention/retrieving signal,TRG,The di-Arg ER retention motif is defined by two consecutive arginine residues (RR) or with a single residue insertion (RXR). The motif is completed by an adjacent hydrophobic/arginine residue which may be on either side of the Arg pair.,PF00400,WD40,"WD domain, G-beta repeat","([LIVMFYWPR]R[^YFWDE]{0,1}R)|(R[^YFWDE]{0,1}R[LIVMFYWPR])",RRP,514,516,MSHR_HUMAN,Homo sapiens,19452503,true positive,27,0,disordered
ELME000012,TRG_ER_diArg_1,di Arginine retention/retrieving signal,TRG,The di-Arg ER retention motif is defined by two consecutive arginine residues (RR) or with a single residue insertion (RXR). The motif is completed by an adjacent hydrophobic/arginine residue which may be on either side of the Arg pair.,PF00400,WD40,"WD domain, G-beta repeat","([LIVMFYWPR]R[^YFWDE]{0,1}R)|(R[^YFWDE]{0,1}R[LIVMFYWPR])",RRP,514,516,NMDZ1_HUMAN,Homo sapiens,11163274,true positive,27,0,disordered
ELME000012,TRG_ER_diArg_1,di Arginine retention/retrieving signal,TRG,The di-Arg ER retention motif is defined by two consecutive arginine residues (RR) or with a single residue insertion (RXR). The motif is completed by an adjacent hydrophobic/arginine residue which may be on either side of the Arg pair.,PF00400,WD40,"WD domain, G-beta repeat","([LIVMFYWPR]R[^YFWDE]{0,1}R)|(R[^YFWDE]{0,1}R[LIVMFYWPR])",RRP,514,516,NMDZ1_HUMAN,Homo sapiens,11312291,true positive,27,0,disordered
ELME000012,TRG_ER_diArg_1,di Arginine retention/retrieving signal,TRG,The di-Arg ER retention motif is defined by two consecutive arginine residues (RR) or with a single residue insertion (RXR). The motif is completed by an adjacent hydrophobic/arginine residue which may be on either side of the Arg pair.,PF00400,WD40,"WD domain, G-beta repeat","([LIVMFYWPR]R[^YFWDE]{0,1}R)|(R[^YFWDE]{0,1}R[LIVMFYWPR])",RRP,514,516,P2RX7_HUMAN,Homo sapiens,19263245,true positive,27,0,disordered
ELME000012,TRG_ER_diArg_1,di Arginine retention/retrieving signal,TRG,The di-Arg ER retention motif is defined by two consecutive arginine residues (RR) or with a single residue insertion (RXR). The motif is completed by an adjacent hydrophobic/arginine residue which may be on either side of the Arg pair.,PF00400,WD40,"WD domain, G-beta repeat","([LIVMFYWPR]R[^YFWDE]{0,1}R)|(R[^YFWDE]{0,1}R[LIVMFYWPR])",RRP,514,516,PAR4_HUMAN,Homo sapiens,22411985,true positive,27,0,disordered
ELME000012,TRG_ER_diArg_1,di Arginine retention/retrieving signal,TRG,The di-Arg ER retention motif is defined by two consecutive arginine residues (RR) or with a single residue insertion (RXR). The motif is completed by an adjacent hydrophobic/arginine residue which may be on either side of the Arg pair.,PF00400,WD40,"WD domain, G-beta repeat","([LIVMFYWPR]R[^YFWDE]{0,1}R)|(R[^YFWDE]{0,1}R[LIVMFYWPR])",RRP,514,516,PPLA_HUMAN,Homo sapiens,20634894,true positive,27,0,disordered
ELME000012,TRG_ER_diArg_1,di Arginine retention/retrieving signal,TRG,The di-Arg ER retention motif is defined by two consecutive arginine residues (RR) or with a single residue insertion (RXR). The motif is completed by an adjacent hydrophobic/arginine residue which may be on either side of the Arg pair.,PF00400,WD40,"WD domain, G-beta repeat","([LIVMFYWPR]R[^YFWDE]{0,1}R)|(R[^YFWDE]{0,1}R[LIVMFYWPR])",RRP,514,516,Q58F09_HUMAN,Homo sapiens,12626409,true positive,27,0,disordered
ELME000012,TRG_ER_diArg_1,di Arginine retention/retrieving signal,TRG,The di-Arg ER retention motif is defined by two consecutive arginine residues (RR) or with a single residue insertion (RXR). The motif is completed by an adjacent hydrophobic/arginine residue which may be on either side of the Arg pair.,PF00400,WD40,"WD domain, G-beta repeat","([LIVMFYWPR]R[^YFWDE]{0,1}R)|(R[^YFWDE]{0,1}R[LIVMFYWPR])",RRP,514,516,S12A5_RAT,Rattus norvegicus,19679663,true positive,27,0,disordered
ELME000012,TRG_ER_diArg_1,di Arginine retention/retrieving signal,TRG,The di-Arg ER retention motif is defined by two consecutive arginine residues (RR) or with a single residue insertion (RXR). The motif is completed by an adjacent hydrophobic/arginine residue which may be on either side of the Arg pair.,PF00400,WD40,"WD domain, G-beta repeat","([LIVMFYWPR]R[^YFWDE]{0,1}R)|(R[^YFWDE]{0,1}R[LIVMFYWPR])",RRP,514,516,SCNAA_RAT,Rattus norvegicus,18782866,true positive,27,0,disordered
ELME000012,TRG_ER_diArg_1,di Arginine retention/retrieving signal,TRG,The di-Arg ER retention motif is defined by two consecutive arginine residues (RR) or with a single residue insertion (RXR). The motif is completed by an adjacent hydrophobic/arginine residue which may be on either side of the Arg pair.,PF00400,WD40,"WD domain, G-beta repeat","([LIVMFYWPR]R[^YFWDE]{0,1}R)|(R[^YFWDE]{0,1}R[LIVMFYWPR])",RRP,514,516,SGMR1_HUMAN,Homo sapiens,20634894,true positive,27,0,disordered
ELME000012,TRG_ER_diArg_1,di Arginine retention/retrieving signal,TRG,The di-Arg ER retention motif is defined by two consecutive arginine residues (RR) or with a single residue insertion (RXR). The motif is completed by an adjacent hydrophobic/arginine residue which may be on either side of the Arg pair.,PF00400,WD40,"WD domain, G-beta repeat","([LIVMFYWPR]R[^YFWDE]{0,1}R)|(R[^YFWDE]{0,1}R[LIVMFYWPR])",RRP,514,516,SIAT9_MOUSE,Mus musculus,19420140,true positive,27,0,disordered
ELME000012,TRG_ER_diArg_1,di Arginine retention/retrieving signal,TRG,The di-Arg ER retention motif is defined by two consecutive arginine residues (RR) or with a single residue insertion (RXR). The motif is completed by an adjacent hydrophobic/arginine residue which may be on either side of the Arg pair.,PF00400,WD40,"WD domain, G-beta repeat","([LIVMFYWPR]R[^YFWDE]{0,1}R)|(R[^YFWDE]{0,1}R[LIVMFYWPR])",RRP,514,516,SOAT1_HUMAN,Homo sapiens,20634894,true positive,27,0,disordered
ELME000012,TRG_ER_diArg_1,di Arginine retention/retrieving signal,TRG,The di-Arg ER retention motif is defined by two consecutive arginine residues (RR) or with a single residue insertion (RXR). The motif is completed by an adjacent hydrophobic/arginine residue which may be on either side of the Arg pair.,PF00400,WD40,"WD domain, G-beta repeat","([LIVMFYWPR]R[^YFWDE]{0,1}R)|(R[^YFWDE]{0,1}R[LIVMFYWPR])",RRP,514,516,SRPRB_HUMAN,Homo sapiens,20634894,true positive,27,0,disordered
ELME000012,TRG_ER_diArg_1,di Arginine retention/retrieving signal,TRG,The di-Arg ER retention motif is defined by two consecutive arginine residues (RR) or with a single residue insertion (RXR). The motif is completed by an adjacent hydrophobic/arginine residue which may be on either side of the Arg pair.,PF00400,WD40,"WD domain, G-beta repeat","([LIVMFYWPR]R[^YFWDE]{0,1}R)|(R[^YFWDE]{0,1}R[LIVMFYWPR])",RRP,514,516,V2R_HUMAN,Homo sapiens,11641431,true positive,27,0,disordered
